dataset,repeat,fold,partition_seed,fold_seed,condition,n_train,n_test,positive_rate_train,positive_rate_test,classifier,macro_f1,minority_f1,minority_precision,minority_recall,balanced_accuracy,auprc,auroc,brier,calibration_intercept,calibration_slope
COVID-19,0,0,42,42,Real only,267,67,0.250936329588015,0.23880597014925373,LogisticRegression,0.5013709361535448,0.17391304347826086,0.2857142857142857,0.125,0.5134803921568627,0.339273879426239,0.5894607843137255,0.20056195716233355,-0.8200207862224291,0.19972738979825755
COVID-19,0,0,42,42,Real only,267,67,0.250936329588015,0.23880597014925373,RandomForest,0.4322033898305085,0.0,0.0,0.0,0.5,0.3328630311583956,0.633578431372549,0.17815784975655027,-0.2309184709216995,0.7056268994759853
COVID-19,0,0,42,42,Real only,267,67,0.250936329588015,0.23880597014925373,CatBoost,0.5298245614035088,0.2,0.5,0.125,0.5428921568627452,0.37987529598319564,0.6875,0.1752762190992218,-0.12660630558663735,0.6827936306859154
COVID-19,0,0,42,42,Class weighting,267,67,0.250936329588015,0.23880597014925373,LogisticRegression,0.5275641025641026,0.26666666666666666,0.2857142857142857,0.25,0.5269607843137255,0.35381659036758994,0.6066176470588236,0.2302077060908092,-1.0347978940762732,0.1863752867508181
COVID-19,0,0,42,42,Class weighting,267,67,0.250936329588015,0.23880597014925373,RandomForest,0.5593631014191762,0.2962962962962963,0.36363636363636365,0.25,0.5563725490196079,0.36035632741863727,0.6715686274509804,0.1869214978624665,-0.6211549667314559,1.0009927986545006
COVID-19,0,0,42,42,Class weighting,267,67,0.250936329588015,0.23880597014925373,CatBoost,0.6013153773880363,0.3870967741935484,0.4,0.375,0.5992647058823529,0.40362328510733103,0.7034313725490196,0.18004542230059117,-0.6356994315546167,0.6335214172515156
COVID-19,0,0,42,42,Random oversampling,400,67,0.5,0.23880597014925373,LogisticRegression,0.5778577857785778,0.36363636363636365,0.35294117647058826,0.375,0.579656862745098,0.3730034967990907,0.6299019607843138,0.22761000142410098,-1.0247079273914448,0.19917614604868195
COVID-19,0,0,42,42,Random oversampling,400,67,0.5,0.23880597014925373,RandomForest,0.6134615384615385,0.4,0.42857142857142855,0.375,0.6090686274509804,0.4200787562556193,0.6727941176470589,0.1897822105951863,-0.7399728286510994,0.8193067260794636
COVID-19,0,0,42,42,Random oversampling,400,67,0.5,0.23880597014925373,CatBoost,0.6699507389162561,0.4827586206896552,0.5384615384615384,0.4375,0.6599264705882353,0.40632144858714103,0.6727941176470589,0.17573370368863225,-0.5855540202232176,0.5118890884009706
COVID-19,0,0,42,42,Random undersampling,134,67,0.5,0.23880597014925373,LogisticRegression,0.571939688218758,0.4186046511627907,0.3333333333333333,0.5625,0.6047794117647058,0.2935271807969867,0.5931372549019608,0.26596038302289643,-1.1270114816736712,0.17580810669537772
COVID-19,0,0,42,42,Random undersampling,134,67,0.5,0.23880597014925373,RandomForest,0.5144927536231884,0.3333333333333333,0.2692307692307692,0.4375,0.5324754901960784,0.2861214989788313,0.5906862745098039,0.23374950726420493,-1.0919195905936294,0.5928068954734793
COVID-19,0,0,42,42,Random undersampling,134,67,0.5,0.23880597014925373,CatBoost,0.5840755735492578,0.41025641025641024,0.34782608695652173,0.5,0.6029411764705883,0.3616095124655545,0.7095588235294117,0.22737318894196293,-1.1017875911344337,0.36123970057380506
COVID-19,0,0,42,42,SMOTE,400,67,0.5,0.23880597014925373,LogisticRegression,0.48366972477064224,0.16,0.2222222222222222,0.125,0.49387254901960786,0.3781449460474116,0.5514705882352942,0.20803045535770426,-1.0174739162746793,0.08918666994498736
COVID-19,0,0,42,42,SMOTE,400,67,0.5,0.23880597014925373,RandomForest,0.5593631014191762,0.2962962962962963,0.36363636363636365,0.25,0.5563725490196079,0.3594867450593527,0.6041666666666666,0.19600967369574326,-0.8268790916952792,0.5435495229619058
COVID-19,0,0,42,42,SMOTE,400,67,0.5,0.23880597014925373,CatBoost,0.5593631014191762,0.2962962962962963,0.36363636363636365,0.25,0.5563725490196079,0.39124443587243507,0.6838235294117647,0.17983431949791548,-0.655439461780364,0.4771527899673428
COVID-19,0,0,42,42,Standard CTGAN,400,67,0.5,0.23880597014925373,LogisticRegression,0.49744974497449745,0.24242424242424243,0.23529411764705882,0.25,0.49754901960784315,0.37026867099462746,0.5759803921568627,0.23430210399952886,-1.0003903932893556,0.20237047174476824
COVID-19,0,0,42,42,Standard CTGAN,400,67,0.5,0.23880597014925373,RandomForest,0.49744974497449745,0.24242424242424243,0.23529411764705882,0.25,0.49754901960784315,0.3044320680638092,0.5882352941176471,0.215000235410905,-0.9698869755335447,0.3541012562269355
COVID-19,0,0,42,42,Standard CTGAN,400,67,0.5,0.23880597014925373,CatBoost,0.5778577857785778,0.36363636363636365,0.35294117647058826,0.375,0.579656862745098,0.3375060412054897,0.6568627450980393,0.20755377044520795,-0.8585733976344604,0.4193899186617494
COVID-19,0,0,42,42,SepAware CTGAN,400,67,0.5,0.23880597014925373,LogisticRegression,0.5275641025641026,0.26666666666666666,0.2857142857142857,0.25,0.5269607843137255,0.33066150280412626,0.5588235294117647,0.23646878693939277,-0.9991068540719097,0.1126557665996231
COVID-19,0,0,42,42,SepAware CTGAN,400,67,0.5,0.23880597014925373,RandomForest,0.5705128205128205,0.3333333333333333,0.35714285714285715,0.3125,0.5680147058823529,0.35373244997871056,0.6213235294117647,0.2005866655691108,-0.8669110255722378,0.4514296052465966
COVID-19,0,0,42,42,SepAware CTGAN,400,67,0.5,0.23880597014925373,CatBoost,0.5129802699896158,0.2222222222222222,0.2727272727272727,0.1875,0.5153186274509804,0.3252484155994419,0.6629901960784313,0.20170522093010915,-0.7797455781431331,0.35475539579079224
COVID-19,0,0,42,42,Standard TVAE,400,67,0.5,0.23880597014925373,LogisticRegression,0.48366972477064224,0.16,0.2222222222222222,0.125,0.49387254901960786,0.3926124619574647,0.5698529411764706,0.2049546818625801,-1.042796987524987,0.06545550608639143
COVID-19,0,0,42,42,Standard TVAE,400,67,0.5,0.23880597014925373,RandomForest,0.47105263157894733,0.1,0.25,0.0625,0.5018382352941176,0.3140639955940641,0.5612745098039216,0.19198027713309104,-0.7560807834950607,0.41740978303430365
COVID-19,0,0,42,42,Standard TVAE,400,67,0.5,0.23880597014925373,CatBoost,0.49242424242424243,0.16666666666666666,0.25,0.125,0.5036764705882353,0.35052882772284916,0.6691176470588235,0.18860961481154984,-0.5558157547672987,0.441474027424723
COVID-19,0,0,42,42,SepAware TVAE,400,67,0.5,0.23880597014925373,LogisticRegression,0.49242424242424243,0.16666666666666666,0.25,0.125,0.5036764705882353,0.36186511585567266,0.5649509803921569,0.20869098671985947,-1.0649645927514175,0.05323326896346168
COVID-19,0,0,42,42,SepAware TVAE,400,67,0.5,0.23880597014925373,RandomForest,0.47871853546910753,0.10526315789473684,0.3333333333333333,0.0625,0.5116421568627452,0.2882340987400354,0.5735294117647058,0.1918493475438926,-0.7745764698680131,0.38421423912680214
COVID-19,0,0,42,42,SepAware TVAE,400,67,0.5,0.23880597014925373,CatBoost,0.45616883116883117,0.09090909090909091,0.16666666666666666,0.0625,0.48223039215686275,0.3451463602105029,0.6678921568627452,0.19165727096688465,-0.5865264075522705,0.40441648739873887
COVID-19,0,1,42,79,Real only,267,67,0.24719101123595505,0.2537313432835821,LogisticRegression,0.510551948051948,0.18181818181818182,0.4,0.11764705882352941,0.5288235294117647,0.34780488774603235,0.6458823529411765,0.19339621635734763,-0.4086846419144842,0.506938993879389
COVID-19,0,1,42,79,Real only,267,67,0.24719101123595505,0.2537313432835821,RandomForest,0.4224137931034483,0.0,0.0,0.0,0.49,0.3418259934112917,0.6564705882352941,0.1833179953037602,0.12700329962404644,1.0214349770468545
COVID-19,0,1,42,79,Real only,267,67,0.24719101123595505,0.2537313432835821,CatBoost,0.4416666666666667,0.08333333333333333,0.14285714285714285,0.058823529411764705,0.46941176470588236,0.40413404419989973,0.7188235294117646,0.19060181533975268,-0.3601797336482888,0.515692565782002
COVID-19,0,1,42,79,Class weighting,267,67,0.24719101123595505,0.2537313432835821,LogisticRegression,0.524822695035461,0.3829787234042553,0.3,0.5294117647058824,0.5547058823529412,0.41395180281914895,0.651764705882353,0.226532592759469,-0.9601835421273814,0.5489641785189141
COVID-19,0,1,42,79,Class weighting,267,67,0.24719101123595505,0.2537313432835821,RandomForest,0.5705128205128205,0.3076923076923077,0.4444444444444444,0.23529411764705882,0.5676470588235294,0.36699669975606963,0.6647058823529411,0.2003794965565353,-0.646142071614283,1.0481015498980701
COVID-19,0,1,42,79,Class weighting,267,67,0.24719101123595505,0.2537313432835821,CatBoost,0.6847058823529412,0.5294117647058824,0.5294117647058824,0.5294117647058824,0.6847058823529412,0.3972880294212903,0.6776470588235293,0.20058177704989405,-0.7517484406264551,0.40175782443080793
COVID-19,0,1,42,79,Random oversampling,402,67,0.5,0.2537313432835821,LogisticRegression,0.5034500383337592,0.32558139534883723,0.2692307692307692,0.4117647058823529,0.5158823529411765,0.4244751641672591,0.6764705882352942,0.21300331262954084,-0.9123815462870268,0.6020805394405193
COVID-19,0,1,42,79,Random oversampling,402,67,0.5,0.2537313432835821,RandomForest,0.5173817726276229,0.25806451612903225,0.2857142857142857,0.23529411764705882,0.5176470588235295,0.3635748565308397,0.6423529411764706,0.20004211113785617,-0.7200389366820722,0.7661666086713893
COVID-19,0,1,42,79,Random oversampling,402,67,0.5,0.2537313432835821,CatBoost,0.7126225490196079,0.5625,0.6,0.5294117647058824,0.7047058823529412,0.40008472953381047,0.6835294117647059,0.19033378177302723,-0.6777672691474903,0.43701881195536535
COVID-19,0,1,42,79,Random undersampling,132,67,0.5,0.2537313432835821,LogisticRegression,0.5130813953488372,0.375,0.2903225806451613,0.5294117647058824,0.5447058823529412,0.3608317213084991,0.6211764705882352,0.2719241077994272,-1.0866098209256019,0.3395065338964825
COVID-19,0,1,42,79,Random undersampling,132,67,0.5,0.2537313432835821,RandomForest,0.544010889292196,0.4827586206896552,0.34146341463414637,0.8235294117647058,0.6417647058823529,0.32092724729084227,0.6411764705882352,0.23998654389152352,-1.1210683402006245,1.0517796069356344
COVID-19,0,1,42,79,Random undersampling,132,67,0.5,0.2537313432835821,CatBoost,0.6228893058161351,0.5384615384615384,0.4,0.8235294117647058,0.7017647058823528,0.46168568248562786,0.7352941176470589,0.23941728530030723,-1.1491842008947077,0.5486292364039803
COVID-19,0,1,42,79,SMOTE,402,67,0.5,0.2537313432835821,LogisticRegression,0.48366972477064224,0.16,0.25,0.11764705882352941,0.4988235294117647,0.3459085094686901,0.6211764705882352,0.19861028938210604,-0.571227121474226,0.44350354145959164
COVID-19,0,1,42,79,SMOTE,402,67,0.5,0.2537313432835821,RandomForest,0.44888366627497067,0.08695652173913043,0.16666666666666666,0.058823529411764705,0.47941176470588237,0.27224906643244023,0.4929411764705882,0.20891535849858475,-0.9589677901928245,0.18845627155002576
COVID-19,0,1,42,79,SMOTE,402,67,0.5,0.2537313432835821,CatBoost,0.47507122507122507,0.15384615384615385,0.2222222222222222,0.11764705882352941,0.4888235294117647,0.3363510997751138,0.6070588235294118,0.19973424887892563,-0.6918931620522251,0.3033079373350279
COVID-19,0,1,42,79,Standard CTGAN,402,67,0.5,0.2537313432835821,LogisticRegression,0.3543083900226757,0.05555555555555555,0.05263157894736842,0.058823529411764705,0.34941176470588237,0.2287070017636889,0.37647058823529417,0.2695517232784818,-1.2887296227450478,-0.5631149277924314
COVID-19,0,1,42,79,Standard CTGAN,402,67,0.5,0.2537313432835821,RandomForest,0.44166666666666665,0.13333333333333333,0.15384615384615385,0.11764705882352941,0.44882352941176473,0.2560916029425883,0.46941176470588236,0.22852485584090823,-1.0904181733462004,-0.03274899427504031
COVID-19,0,1,42,79,Standard CTGAN,402,67,0.5,0.2537313432835821,CatBoost,0.5073529411764706,0.25,0.26666666666666666,0.23529411764705882,0.5076470588235295,0.3612563315721748,0.6211764705882352,0.21616272364633451,-0.8719870575898634,0.40242982419266665
COVID-19,0,1,42,79,SepAware CTGAN,402,67,0.5,0.2537313432835821,LogisticRegression,0.5073529411764706,0.25,0.26666666666666666,0.23529411764705882,0.5076470588235295,0.3059126779536363,0.568235294117647,0.2252548434825059,-0.922845558793532,0.26054694263751776
COVID-19,0,1,42,79,SepAware CTGAN,402,67,0.5,0.2537313432835821,RandomForest,0.5593485750078296,0.3225806451612903,0.35714285714285715,0.29411764705882354,0.5570588235294117,0.31130613026866444,0.5705882352941176,0.21534500669023185,-0.8739253092939266,0.501231860538015
COVID-19,0,1,42,79,SepAware CTGAN,402,67,0.5,0.2537313432835821,CatBoost,0.6013153773880363,0.3870967741935484,0.42857142857142855,0.35294117647058826,0.5964705882352941,0.4429504249692353,0.6458823529411765,0.20244580930374084,-0.7530963862038735,0.5165572726156182
COVID-19,0,1,42,79,Standard TVAE,402,67,0.5,0.2537313432835821,LogisticRegression,0.5013709361535448,0.17391304347826086,0.3333333333333333,0.11764705882352941,0.5188235294117647,0.3635813741959343,0.6152941176470588,0.1989887790652707,-0.5420115908555163,0.4096359803002287
COVID-19,0,1,42,79,Standard TVAE,402,67,0.5,0.2537313432835821,RandomForest,0.4017857142857143,0.0,0.0,0.0,0.45,0.2933737953593901,0.6070588235294118,0.20848302315551942,-0.853117365835929,0.2554351427909698
COVID-19,0,1,42,79,Standard TVAE,402,67,0.5,0.2537313432835821,CatBoost,0.46659743856005537,0.14814814814814814,0.2,0.11764705882352941,0.4788235294117647,0.31437856866042324,0.6105882352941177,0.223648808899247,-0.8325674795236391,0.1815805430401546
COVID-19,0,1,42,79,SepAware TVAE,402,67,0.5,0.2537313432835821,LogisticRegression,0.49242424242424243,0.16666666666666666,0.2857142857142857,0.11764705882352941,0.5088235294117647,0.3308964284455599,0.6023529411764705,0.19960408783291778,-0.5703056954200406,0.39114085508031754
COVID-19,0,1,42,79,SepAware TVAE,402,67,0.5,0.2537313432835821,RandomForest,0.4017857142857143,0.0,0.0,0.0,0.45,0.28820039123915825,0.5847058823529412,0.2173521377212129,-0.9912386198812652,0.09755979032426987
COVID-19,0,1,42,79,SepAware TVAE,402,67,0.5,0.2537313432835821,CatBoost,0.4344954128440367,0.08,0.125,0.058823529411764705,0.45941176470588235,0.3113951274216495,0.6129411764705882,0.2269977481103703,-0.8369172593420942,0.16418115501464536
COVID-19,0,2,42,116,Real only,267,67,0.24719101123595505,0.2537313432835821,LogisticRegression,0.5431818181818182,0.25,0.42857142857142855,0.17647058823529413,0.548235294117647,0.34977039786411884,0.48823529411764705,0.2289493414219003,-0.9230201539740556,0.0973823070666907
COVID-19,0,2,42,116,Real only,267,67,0.24719101123595505,0.2537313432835821,RandomForest,0.42735042735042733,0.0,0.0,0.0,0.5,0.2856129250139312,0.508235294117647,0.19814342557684325,-0.8340267333147039,0.21072543397438412
COVID-19,0,2,42,116,Real only,267,67,0.24719101123595505,0.2537313432835821,CatBoost,0.46659743856005537,0.14814814814814814,0.2,0.11764705882352941,0.4788235294117647,0.3026965386738668,0.5258823529411765,0.22790524139330232,-0.8800057161577847,0.14158046101160462
COVID-19,0,2,42,116,Class weighting,267,67,0.24719101123595505,0.2537313432835821,LogisticRegression,0.4585858585858586,0.2727272727272727,0.2222222222222222,0.35294117647058826,0.4664705882352941,0.3152707862931404,0.47411764705882353,0.2933636064878304,-1.0321211148430594,0.07896485856211534
COVID-19,0,2,42,116,Class weighting,267,67,0.24719101123595505,0.2537313432835821,RandomForest,0.4654255319148936,0.25,0.21739130434782608,0.29411764705882354,0.46705882352941175,0.27496171740463726,0.5129411764705882,0.22671866485541514,-0.9855349121858068,0.21254892521320995
COVID-19,0,2,42,116,Class weighting,267,67,0.24719101123595505,0.2537313432835821,CatBoost,0.4920518464172169,0.3404255319148936,0.26666666666666666,0.47058823529411764,0.5152941176470589,0.3028386743728162,0.5105882352941176,0.2841738328484372,-1.0048328457561913,0.10289915480778393
COVID-19,0,2,42,116,Random oversampling,402,67,0.5,0.2537313432835821,LogisticRegression,0.5010638297872341,0.3,0.2608695652173913,0.35294117647058826,0.5064705882352941,0.37259977681053924,0.5435294117647058,0.2695029784563769,-0.9841543574540793,0.11950841686916851
COVID-19,0,2,42,116,Random oversampling,402,67,0.5,0.2537313432835821,RandomForest,0.4959598774031764,0.2702702702702703,0.25,0.29411764705882354,0.4970588235294118,0.299260371910111,0.5376470588235294,0.22651318005490662,-0.9579916167898975,0.3128600613067568
COVID-19,0,2,42,116,Random oversampling,402,67,0.5,0.2537313432835821,CatBoost,0.45928099779897286,0.2978723404255319,0.23333333333333334,0.4117647058823529,0.4758823529411765,0.29730777248894313,0.5023529411764706,0.2717846917137516,-0.9901324351932649,0.09786794870669281
COVID-19,0,2,42,116,Random undersampling,132,67,0.5,0.2537313432835821,LogisticRegression,0.4481589147286822,0.2916666666666667,0.22580645161290322,0.4117647058823529,0.46588235294117647,0.28866725851343034,0.5070588235294118,0.3417534629354822,-1.0656383657234274,0.05727889015634801
COVID-19,0,2,42,116,Random undersampling,132,67,0.5,0.2537313432835821,RandomForest,0.46029919447640966,0.36363636363636365,0.2631578947368421,0.5882352941176471,0.5141176470588236,0.25670053913210794,0.4988235294117648,0.2630567797069536,-1.0724840114162562,0.1598243762136785
COVID-19,0,2,42,116,Random undersampling,132,67,0.5,0.2537313432835821,CatBoost,0.4171245421245421,0.32142857142857145,0.23076923076923078,0.5294117647058824,0.4647058823529412,0.2328954578289706,0.4447058823529412,0.3818187185260894,-1.0797666830956687,-0.015639559909449034
COVID-19,0,2,42,116,SMOTE,402,67,0.5,0.2537313432835821,LogisticRegression,0.5379310344827586,0.27586206896551724,0.3333333333333333,0.23529411764705882,0.5376470588235294,0.37606824126197663,0.5376470588235294,0.22912284071910435,-0.8828990728988958,0.14196609727782608
COVID-19,0,2,42,116,SMOTE,402,67,0.5,0.2537313432835821,RandomForest,0.44991789819376027,0.13793103448275862,0.16666666666666666,0.11764705882352941,0.45882352941176474,0.2626483161278492,0.5247058823529411,0.2110375137103949,-0.8970932064501514,0.3094936772315234
COVID-19,0,2,42,116,SMOTE,402,67,0.5,0.2537313432835821,CatBoost,0.417041704170417,0.12121212121212122,0.125,0.11764705882352941,0.4188235294117647,0.2690124722456979,0.5258823529411764,0.24449266560075453,-0.9488259526399587,0.11698746244326907
COVID-19,0,2,42,116,Standard CTGAN,402,67,0.5,0.2537313432835821,LogisticRegression,0.5073529411764706,0.25,0.26666666666666666,0.23529411764705882,0.5076470588235295,0.32242290097812165,0.5282352941176471,0.24208476612393828,-1.0318334590124667,0.2714803655589883
COVID-19,0,2,42,116,Standard CTGAN,402,67,0.5,0.2537313432835821,RandomForest,0.45724572457245727,0.18181818181818182,0.1875,0.17647058823529413,0.4582352941176471,0.34552505647582576,0.536470588235294,0.22635569244855447,-0.9582778170256999,0.6080605747494746
COVID-19,0,2,42,116,Standard CTGAN,402,67,0.5,0.2537313432835821,CatBoost,0.5270588235294118,0.29411764705882354,0.29411764705882354,0.29411764705882354,0.5270588235294118,0.39213347201506377,0.6011764705882353,0.2217370827150452,-0.9143021026377184,0.4008314728350444
COVID-19,0,2,42,116,SepAware CTGAN,402,67,0.5,0.2537313432835821,LogisticRegression,0.5262626262626262,0.36363636363636365,0.2962962962962963,0.47058823529411764,0.5452941176470588,0.3592913769673049,0.5376470588235294,0.2688058936015365,-1.0186956959581788,0.08790030992515806
COVID-19,0,2,42,116,SepAware CTGAN,402,67,0.5,0.2537313432835821,RandomForest,0.49242424242424243,0.3181818181818182,0.25925925925925924,0.4117647058823529,0.5058823529411764,0.2849962684436398,0.5411764705882353,0.23941143242297114,-1.0113760301631955,0.2807623922478258
COVID-19,0,2,42,116,SepAware CTGAN,402,67,0.5,0.2537313432835821,CatBoost,0.514856429463171,0.35555555555555557,0.2857142857142857,0.47058823529411764,0.5352941176470588,0.29691768052681855,0.5411764705882354,0.26430517314466156,-0.9910546564851671,0.14548313622684028
COVID-19,0,2,42,116,Standard TVAE,402,67,0.5,0.2537313432835821,LogisticRegression,0.5379310344827586,0.27586206896551724,0.3333333333333333,0.23529411764705882,0.5376470588235294,0.3727477622608727,0.5294117647058822,0.22967757635421382,-0.8600176993916695,0.14413571616957313
COVID-19,0,2,42,116,Standard TVAE,402,67,0.5,0.2537313432835821,RandomForest,0.45616883116883117,0.09090909090909091,0.2,0.058823529411764705,0.4894117647058824,0.27134038793945486,0.5058823529411764,0.2098440010660617,-0.9183151484273065,0.19066640732556592
COVID-19,0,2,42,116,Standard TVAE,402,67,0.5,0.2537313432835821,CatBoost,0.5062358276643991,0.2777777777777778,0.2631578947368421,0.29411764705882354,0.5070588235294118,0.29428647024891474,0.5658823529411765,0.2577925181360784,-0.9289131415942062,0.1232245789418138
COVID-19,0,2,42,116,SepAware TVAE,402,67,0.5,0.2537313432835821,LogisticRegression,0.5379310344827586,0.27586206896551724,0.3333333333333333,0.23529411764705882,0.5376470588235294,0.3869284290021812,0.5294117647058824,0.22983743519484706,-0.86146128825434,0.1410958094024657
COVID-19,0,2,42,116,SepAware TVAE,402,67,0.5,0.2537313432835821,RandomForest,0.41739130434782606,0.0,0.0,0.0,0.48,0.26570786276926905,0.5364705882352941,0.20497318056547026,-0.8701518419558455,0.21377169500486248
COVID-19,0,2,42,116,SepAware TVAE,402,67,0.5,0.2537313432835821,CatBoost,0.5062358276643991,0.2777777777777778,0.2631578947368421,0.29411764705882354,0.5070588235294118,0.3612868464466203,0.5529411764705883,0.25213892790411446,-0.9236106818984484,0.12855761144105488
COVID-19,0,3,42,153,Real only,267,67,0.24719101123595505,0.2537313432835821,LogisticRegression,0.5936657681940701,0.35714285714285715,0.45454545454545453,0.29411764705882354,0.5870588235294117,0.42125992502493015,0.6188235294117648,0.19893709754140548,-0.8405132011827715,0.27230734752043884
COVID-19,0,3,42,153,Real only,267,67,0.24719101123595505,0.2537313432835821,RandomForest,0.42735042735042733,0.0,0.0,0.0,0.5,0.29615491788664616,0.5517647058823529,0.19457911675226555,-0.6810589057576188,0.3612894050629243
COVID-19,0,3,42,153,Real only,267,67,0.24719101123595505,0.2537313432835821,CatBoost,0.6134615384615385,0.4,0.46153846153846156,0.35294117647058826,0.6064705882352941,0.4207271689261945,0.6388235294117647,0.19255047970680064,-0.6258745411303238,0.34674452031983916
COVID-19,0,3,42,153,Class weighting,267,67,0.24719101123595505,0.2537313432835821,LogisticRegression,0.5575935436537051,0.425531914893617,0.3333333333333333,0.5882352941176471,0.5941176470588235,0.4211799458942006,0.6129411764705883,0.2718969488443523,-1.1320504567792111,0.25301029429803806
COVID-19,0,3,42,153,Class weighting,267,67,0.24719101123595505,0.2537313432835821,RandomForest,0.5224780701754386,0.3157894736842105,0.2857142857142857,0.35294117647058826,0.5264705882352941,0.296456859226654,0.5529411764705883,0.22778816771248275,-0.9681155547241602,0.3203335136448028
COVID-19,0,3,42,153,Class weighting,267,67,0.24719101123595505,0.2537313432835821,CatBoost,0.5958562811434566,0.43902439024390244,0.375,0.5294117647058824,0.6147058823529412,0.3884133037330781,0.6294117647058823,0.2323589361786255,-0.9033685380352703,0.3173613877597151
COVID-19,0,3,42,153,Random oversampling,402,67,0.5,0.2537313432835821,LogisticRegression,0.540987479329081,0.43137254901960786,0.3235294117647059,0.6470588235294118,0.5935294117647059,0.39498751273047994,0.64,0.26084506147029235,-1.1391386000479313,0.27928667467729873
COVID-19,0,3,42,153,Random oversampling,402,67,0.5,0.2537313432835821,RandomForest,0.514856429463171,0.35555555555555557,0.2857142857142857,0.47058823529411764,0.5352941176470588,0.3362657950289553,0.5670588235294118,0.23313195836395975,-0.9777121057321292,0.3203290999515157
COVID-19,0,3,42,153,Random oversampling,402,67,0.5,0.2537313432835821,CatBoost,0.6079787234042553,0.45,0.391304347826087,0.5294117647058824,0.6247058823529412,0.41488114445182145,0.648235294117647,0.22931075918107943,-0.89323900947481,0.2929556463098896
COVID-19,0,3,42,153,Random undersampling,132,67,0.5,0.2537313432835821,LogisticRegression,0.46914765906362543,0.32653061224489793,0.25,0.47058823529411764,0.49529411764705883,0.43887428663312894,0.6211764705882353,0.2861748489352756,-1.2595368882646143,0.28838173952366053
COVID-19,0,3,42,153,Random undersampling,132,67,0.5,0.2537313432835821,RandomForest,0.4481589147286822,0.2916666666666667,0.22580645161290322,0.4117647058823529,0.46588235294117647,0.34819791211376994,0.5070588235294118,0.25968996158855034,-1.076360792822909,0.12170769106206628
COVID-19,0,3,42,153,Random undersampling,132,67,0.5,0.2537313432835821,CatBoost,0.5013205282112845,0.3673469387755102,0.28125,0.5294117647058824,0.5347058823529411,0.35009011730326867,0.5741176470588235,0.3054828319854372,-1.0909217087114125,0.16734871348752667
COVID-19,0,3,42,153,SMOTE,402,67,0.5,0.2537313432835821,LogisticRegression,0.5270588235294118,0.29411764705882354,0.29411764705882354,0.29411764705882354,0.5270588235294118,0.33283631671805913,0.5705882352941176,0.23530545968408678,-0.9581864659533874,0.18211992727572057
COVID-19,0,3,42,153,SMOTE,402,67,0.5,0.2537313432835821,RandomForest,0.5073529411764706,0.25,0.26666666666666666,0.23529411764705882,0.5076470588235295,0.30037290663472277,0.591764705882353,0.2157895851834896,-0.8952979650030367,0.37538981931189663
COVID-19,0,3,42,153,SMOTE,402,67,0.5,0.2537313432835821,CatBoost,0.5376537653765376,0.30303030303030304,0.3125,0.29411764705882354,0.5370588235294118,0.28580926017269637,0.5458823529411765,0.2511946168394375,-0.9512966579093458,0.11030336669092887
COVID-19,0,3,42,153,Standard CTGAN,402,67,0.5,0.2537313432835821,LogisticRegression,0.514856429463171,0.35555555555555557,0.2857142857142857,0.47058823529411764,0.5352941176470588,0.38243679036786293,0.588235294117647,0.25859482252674093,-1.0729196397970655,0.24657167792475299
COVID-19,0,3,42,153,Standard CTGAN,402,67,0.5,0.2537313432835821,RandomForest,0.4798136645962733,0.2857142857142857,0.24,0.35294117647058826,0.4864705882352941,0.37491016636554164,0.6176470588235293,0.2265782576268327,-0.972873710833769,0.662719121975022
COVID-19,0,3,42,153,Standard CTGAN,402,67,0.5,0.2537313432835821,CatBoost,0.5442176870748299,0.3333333333333333,0.3157894736842105,0.35294117647058826,0.5464705882352942,0.3888090837042077,0.6258823529411764,0.22154727855609693,-0.882257972109615,0.4067398739180791
COVID-19,0,3,42,153,SepAware CTGAN,402,67,0.5,0.2537313432835821,LogisticRegression,0.6079787234042553,0.45,0.391304347826087,0.5294117647058824,0.6247058823529412,0.39099788266178626,0.6258823529411764,0.24757403486405213,-1.0250602513495728,0.21379609434593588
COVID-19,0,3,42,153,SepAware CTGAN,402,67,0.5,0.2537313432835821,RandomForest,0.5117408906882591,0.3076923076923077,0.2727272727272727,0.35294117647058826,0.5164705882352941,0.3544956551353408,0.6094117647058823,0.22734159641738705,-0.9551122336512762,0.4513440757551592
COVID-19,0,3,42,153,SepAware CTGAN,402,67,0.5,0.2537313432835821,CatBoost,0.6277777777777778,0.5,0.4074074074074074,0.6470588235294118,0.6635294117647059,0.43026798017419604,0.6823529411764706,0.22996834233613822,-0.920544163936649,0.3496499934239955
COVID-19,0,3,42,153,Standard TVAE,402,67,0.5,0.2537313432835821,LogisticRegression,0.5270588235294118,0.29411764705882354,0.29411764705882354,0.29411764705882354,0.5270588235294118,0.33159672943288854,0.5705882352941176,0.244660238528,-0.9582407284041646,0.15595426877747867
COVID-19,0,3,42,153,Standard TVAE,402,67,0.5,0.2537313432835821,RandomForest,0.40707964601769914,0.0,0.0,0.0,0.46,0.26918739201646813,0.5294117647058824,0.21534632295484263,-1.0790558589397283,-0.0002566751819142628
COVID-19,0,3,42,153,Standard TVAE,402,67,0.5,0.2537313432835821,CatBoost,0.6013153773880363,0.3870967741935484,0.42857142857142855,0.35294117647058826,0.5964705882352941,0.33802413433706047,0.6352941176470588,0.2261117409231045,-0.8239814545008141,0.1837247927214996
COVID-19,0,3,42,153,SepAware TVAE,402,67,0.5,0.2537313432835821,LogisticRegression,0.5165945165945166,0.2857142857142857,0.2777777777777778,0.29411764705882354,0.5170588235294118,0.32061894338847763,0.568235294117647,0.24590431325342196,-0.9640152297628709,0.149620571772248
COVID-19,0,3,42,153,SepAware TVAE,402,67,0.5,0.2537313432835821,RandomForest,0.40707964601769914,0.0,0.0,0.0,0.46,0.27078603563112497,0.5341176470588236,0.20767492706927948,-1.0089459953001898,0.07292902652508888
COVID-19,0,3,42,153,SepAware TVAE,402,67,0.5,0.2537313432835821,CatBoost,0.5129802699896158,0.2222222222222222,0.3,0.17647058823529413,0.518235294117647,0.3298215303405927,0.611764705882353,0.2220793971110121,-0.8296531221300952,0.15485814951040588
COVID-19,0,4,42,190,Real only,268,66,0.25,0.24242424242424243,LogisticRegression,0.6051057040287195,0.34782608695652173,0.5714285714285714,0.25,0.595,0.45182792796665705,0.6675000000000001,0.17271453007365412,-0.40047192396415476,0.6559657196362774
COVID-19,0,4,42,190,Real only,268,66,0.25,0.24242424242424243,RandomForest,0.43103448275862066,0.0,0.0,0.0,0.5,0.2759326915652873,0.55375,0.18436911280324444,-0.49799205728188656,0.5910293319971766
COVID-19,0,4,42,190,Real only,268,66,0.25,0.24242424242424243,CatBoost,0.4818691588785047,0.16,0.2222222222222222,0.125,0.4925,0.32724135189136194,0.56375,0.20427890345676866,-0.901685326630634,0.17094019202016003
COVID-19,0,4,42,190,Class weighting,268,66,0.25,0.24242424242424243,LogisticRegression,0.5448275862068965,0.4,0.3103448275862069,0.5625,0.58125,0.4677731074717336,0.66625,0.229535458086426,-1.1152600518150475,0.6121869762495326
COVID-19,0,4,42,190,Class weighting,268,66,0.25,0.24242424242424243,RandomForest,0.4545454545454546,0.18181818181818182,0.17647058823529413,0.1875,0.45375,0.2664539663508624,0.54125,0.21338532581920105,-0.9416658527583739,0.5107884015224
COVID-19,0,4,42,190,Class weighting,268,66,0.25,0.24242424242424243,CatBoost,0.49782608695652175,0.3,0.25,0.375,0.5075000000000001,0.27376178395175466,0.51875,0.24460160653005714,-1.1232437754339002,0.022184011246229075
COVID-19,0,4,42,190,Random oversampling,402,66,0.5,0.24242424242424243,LogisticRegression,0.5568181818181819,0.4090909090909091,0.32142857142857145,0.5625,0.59125,0.5188077842779855,0.72375,0.21677459486745135,-1.082187793743632,0.6788936892602085
COVID-19,0,4,42,190,Random oversampling,402,66,0.5,0.24242424242424243,RandomForest,0.494949494949495,0.24242424242424243,0.23529411764705882,0.25,0.495,0.2857712010368422,0.5675,0.21415860512698082,-0.9358991490256755,0.5568141829653068
COVID-19,0,4,42,190,Random oversampling,402,66,0.5,0.24242424242424243,CatBoost,0.4849939975990396,0.23529411764705882,0.2222222222222222,0.25,0.485,0.2810204286960624,0.5650000000000001,0.2268446957704861,-0.9651277516845705,0.1727849599322519
COVID-19,0,4,42,190,Random undersampling,134,66,0.5,0.24242424242424243,LogisticRegression,0.5416666666666666,0.4166666666666667,0.3125,0.625,0.5925,0.3640337765310883,0.6175,0.3228887026745329,-1.2340291087762953,0.18231969175235854
COVID-19,0,4,42,190,Random undersampling,134,66,0.5,0.24242424242424243,RandomForest,0.4288461538461539,0.3076923076923077,0.2222222222222222,0.5,0.47,0.2832427367680226,0.55125,0.2613459250581243,-1.1806275223643359,0.49549316769021146
COVID-19,0,4,42,190,Random undersampling,134,66,0.5,0.24242424242424243,CatBoost,0.5113446381657512,0.41509433962264153,0.2972972972972973,0.6875,0.58375,0.3532848884180686,0.59625,0.32524261899273066,-1.2323073534706082,0.22895962509188855
COVID-19,0,4,42,190,SMOTE,402,66,0.5,0.24242424242424243,LogisticRegression,0.6647314949201741,0.46153846153846156,0.6,0.375,0.6475,0.4239887879394838,0.6275,0.1831556932513967,-0.7309425706641346,0.4039846420416626
COVID-19,0,4,42,190,SMOTE,402,66,0.5,0.24242424242424243,RandomForest,0.4731494920174166,0.15384615384615385,0.2,0.125,0.4825,0.2639143648060098,0.5225,0.21416748116938952,-1.0217503790696372,0.2404086706601894
COVID-19,0,4,42,190,SMOTE,402,66,0.5,0.24242424242424243,CatBoost,0.49179779042517574,0.20689655172413793,0.23076923076923078,0.1875,0.49375,0.25504265826103834,0.51625,0.23584262338436743,-1.1805550585099847,-0.039922805967055525
COVID-19,0,4,42,190,Standard CTGAN,402,66,0.5,0.24242424242424243,LogisticRegression,0.4849939975990396,0.23529411764705882,0.2222222222222222,0.25,0.485,0.273007225223688,0.4625,0.2617215811925875,-1.1380144725288102,0.00458902174146209
COVID-19,0,4,42,190,Standard CTGAN,402,66,0.5,0.24242424242424243,RandomForest,0.4652777777777778,0.2222222222222222,0.2,0.25,0.465,0.30831086652462386,0.43124999999999997,0.242383588643724,-1.152705739534246,-0.05610736108449274
COVID-19,0,4,42,190,Standard CTGAN,402,66,0.5,0.24242424242424243,CatBoost,0.49782608695652175,0.3,0.25,0.375,0.5075000000000001,0.2789811749591517,0.4575,0.25961329044135056,-1.1865439050186397,-0.10713539959719993
COVID-19,0,4,42,190,SepAware CTGAN,402,66,0.5,0.24242424242424243,LogisticRegression,0.6178660049627791,0.46153846153846156,0.391304347826087,0.5625,0.64125,0.5095546172772362,0.7062499999999999,0.19734202220496835,-0.9358308346870676,0.6222736542734935
COVID-19,0,4,42,190,SepAware CTGAN,402,66,0.5,0.24242424242424243,RandomForest,0.5688528873791482,0.4186046511627907,0.3333333333333333,0.5625,0.6012500000000001,0.3969799045271786,0.5975,0.22840431817945056,-1.0689748671187231,0.7462250121986665
COVID-19,0,4,42,190,SepAware CTGAN,402,66,0.5,0.24242424242424243,CatBoost,0.5227272727272727,0.36363636363636365,0.2857142857142857,0.5,0.55,0.3708429044894919,0.57875,0.2664463313406366,-1.0952732240027814,0.2554838487877001
COVID-19,0,4,42,190,Standard TVAE,402,66,0.5,0.24242424242424243,LogisticRegression,0.6792523364485981,0.48,0.6666666666666666,0.375,0.6575,0.5315427203730222,0.71,0.16513240211966887,-0.5396674604874071,0.5854838797588038
COVID-19,0,4,42,190,Standard TVAE,402,66,0.5,0.24242424242424243,RandomForest,0.6299065420560748,0.4,0.5555555555555556,0.3125,0.61625,0.5544947768282908,0.72375,0.16821851735796758,-0.3699430811620115,1.2820438235708542
COVID-19,0,4,42,190,Standard TVAE,402,66,0.5,0.24242424242424243,CatBoost,0.641648035771319,0.45161290322580644,0.4666666666666667,0.4375,0.6387499999999999,0.474445001722815,0.6425000000000001,0.19663630164664941,-0.7977818739379539,0.3482044131751474
COVID-19,0,4,42,190,SepAware TVAE,402,66,0.5,0.24242424242424243,LogisticRegression,0.6507936507936507,0.4444444444444444,0.5454545454545454,0.375,0.6375,0.5260727225672878,0.70875,0.16502756947523586,-0.5335207709213159,0.5938589885325009
COVID-19,0,4,42,190,SepAware TVAE,402,66,0.5,0.24242424242424243,RandomForest,0.5636363636363636,0.2727272727272727,0.5,0.1875,0.56375,0.46247417048248096,0.6900000000000001,0.17212307438172936,-0.24109623748979436,1.2692707829061314
COVID-19,0,4,42,190,SepAware TVAE,402,66,0.5,0.24242424242424243,CatBoost,0.521044992743106,0.23076923076923078,0.3,0.1875,0.5237499999999999,0.34011759525526736,0.595,0.20725676069268104,-0.9625540350309993,0.1584217796879718
COVID-19,1,0,43,1042,Real only,267,67,0.250936329588015,0.23880597014925373,LogisticRegression,0.510551948051948,0.18181818181818182,0.3333333333333333,0.125,0.5232843137254901,0.34309727103565024,0.5980392156862745,0.19599135263476486,-0.7180488940249049,0.3204514303696625
COVID-19,1,0,43,1042,Real only,267,67,0.250936329588015,0.23880597014925373,RandomForest,0.4322033898305085,0.0,0.0,0.0,0.5,0.24528850242025235,0.5183823529411765,0.19142320000096769,-0.8874306025758776,0.23442290849619563
COVID-19,1,0,43,1042,Real only,267,67,0.250936329588015,0.23880597014925373,CatBoost,0.5033692722371967,0.21428571428571427,0.25,0.1875,0.5055147058823529,0.2782413037066778,0.5625,0.21586669845516065,-0.9187227119638458,0.1848647646419516
COVID-19,1,0,43,1042,Class weighting,267,67,0.250936329588015,0.23880597014925373,LogisticRegression,0.49242424242424243,0.3181818181818182,0.25,0.4375,0.5128676470588236,0.347599004263749,0.6029411764705883,0.242344375204089,-1.0686296442652028,0.3558907696756806
COVID-19,1,0,43,1042,Class weighting,267,67,0.250936329588015,0.23880597014925373,RandomForest,0.48574561403508776,0.2631578947368421,0.22727272727272727,0.3125,0.4895833333333333,0.23481951052922115,0.49877450980392163,0.2247319959968026,-1.0661059303064457,0.22366246088010036
COVID-19,1,0,43,1042,Class weighting,267,67,0.250936329588015,0.23880597014925373,CatBoost,0.5479082321187584,0.358974358974359,0.30434782608695654,0.4375,0.5618872549019608,0.27012727861204877,0.5625,0.25606360796528704,-1.048987253099413,0.16826415536511835
COVID-19,1,0,43,1042,Random oversampling,400,67,0.5,0.23880597014925373,LogisticRegression,0.48062015503875966,0.3333333333333333,0.25,0.5,0.5147058823529411,0.3217468580597138,0.5526960784313726,0.2618295783718246,-1.098093915881144,0.2533329492155511
COVID-19,1,0,43,1042,Random oversampling,400,67,0.5,0.23880597014925373,RandomForest,0.4451345755693582,0.23809523809523808,0.19230769230769232,0.3125,0.45036764705882354,0.24272882576779686,0.5147058823529411,0.23413080037766829,-1.0771758306943848,0.24542887378153816
COVID-19,1,0,43,1042,Random oversampling,400,67,0.5,0.23880597014925373,CatBoost,0.5224780701754386,0.3157894736842105,0.2727272727272727,0.375,0.5306372549019608,0.2888794288467005,0.5698529411764706,0.2511807514348054,-1.0396474322723652,0.15702158421009363
COVID-19,1,0,43,1042,Random undersampling,134,67,0.5,0.23880597014925373,LogisticRegression,0.48062015503875966,0.3333333333333333,0.25,0.5,0.5147058823529411,0.3905989328972286,0.5980392156862745,0.2891802418557515,-1.1895439287976508,0.2714383489535577
COVID-19,1,0,43,1042,Random undersampling,134,67,0.5,0.23880597014925373,RandomForest,0.3827072997873848,0.23529411764705882,0.17142857142857143,0.375,0.40318627450980393,0.21517077910923094,0.4387254901960784,0.26889648391734733,-1.1648990044394738,-0.06701382804028543
COVID-19,1,0,43,1042,Random undersampling,134,67,0.5,0.23880597014925373,CatBoost,0.4481589147286822,0.2916666666666667,0.21875,0.4375,0.4736519607843137,0.25078057593477354,0.5110294117647058,0.3303522996128976,-1.1517302859666072,0.05656423901912837
COVID-19,1,0,43,1042,SMOTE,400,67,0.5,0.23880597014925373,LogisticRegression,0.5227920227920227,0.23076923076923078,0.3,0.1875,0.5251225490196079,0.33218067987096483,0.5808823529411765,0.20942110384542348,-1.020070325220128,0.11890892769552767
COVID-19,1,0,43,1042,SMOTE,400,67,0.5,0.23880597014925373,RandomForest,0.48461538461538467,0.2,0.21428571428571427,0.1875,0.48590686274509803,0.26723224051961947,0.5147058823529412,0.21884563526157108,-1.0793627855894008,0.14920926950940278
COVID-19,1,0,43,1042,SMOTE,400,67,0.5,0.23880597014925373,CatBoost,0.5270588235294118,0.29411764705882354,0.2777777777777778,0.3125,0.5287990196078431,0.237379569231358,0.4963235294117647,0.2468122838943814,-1.1461986014908776,0.011996949544978158
COVID-19,1,0,43,1042,Standard CTGAN,400,67,0.5,0.23880597014925373,LogisticRegression,0.49744974497449745,0.24242424242424243,0.23529411764705882,0.25,0.49754901960784315,0.2854760973341876,0.4693627450980392,0.24570446812062915,-1.2096672343854904,-0.09225555550545564
COVID-19,1,0,43,1042,Standard CTGAN,400,67,0.5,0.23880597014925373,RandomForest,0.44991789819376027,0.13793103448275862,0.15384615384615385,0.125,0.45465686274509803,0.24875742743096868,0.5049019607843137,0.22417231723072062,-1.1435657363538634,0.04134558074254087
COVID-19,1,0,43,1042,Standard CTGAN,400,67,0.5,0.23880597014925373,CatBoost,0.48764705882352943,0.23529411764705882,0.2222222222222222,0.25,0.4877450980392157,0.269752187302289,0.5661764705882353,0.23097283144287328,-1.0586423378778076,0.1783304089077364
COVID-19,1,0,43,1042,SepAware CTGAN,400,67,0.5,0.23880597014925373,LogisticRegression,0.6436170212765957,0.5,0.4166666666666667,0.625,0.6752450980392157,0.42301844356299423,0.6495098039215685,0.214077569190338,-0.9890787703600774,0.47842843780232625
COVID-19,1,0,43,1042,SepAware CTGAN,400,67,0.5,0.23880597014925373,RandomForest,0.6326754385964912,0.47368421052631576,0.4090909090909091,0.5625,0.6537990196078431,0.4107242542600326,0.6617647058823529,0.21708291751296924,-1.0022758356132906,0.9486061370817696
COVID-19,1,0,43,1042,SepAware CTGAN,400,67,0.5,0.23880597014925373,CatBoost,0.5959429824561404,0.42105263157894735,0.36363636363636365,0.5,0.6127450980392157,0.3574997653994299,0.6433823529411765,0.21625401841047104,-0.9774893918983381,0.41708040557080933
COVID-19,1,0,43,1042,Standard TVAE,400,67,0.5,0.23880597014925373,LogisticRegression,0.5593631014191762,0.2962962962962963,0.36363636363636365,0.25,0.5563725490196079,0.32363577845457697,0.5477941176470589,0.21990630657369348,-1.0945211670915067,0.044455823416160854
COVID-19,1,0,43,1042,Standard TVAE,400,67,0.5,0.23880597014925373,RandomForest,0.48366972477064224,0.16,0.2222222222222222,0.125,0.49387254901960786,0.24445896236759498,0.49754901960784315,0.22068888708045795,-1.1355571841435346,0.028406423241581942
COVID-19,1,0,43,1042,Standard TVAE,400,67,0.5,0.23880597014925373,CatBoost,0.48461538461538467,0.2,0.21428571428571427,0.1875,0.48590686274509803,0.25478035225798085,0.5318627450980393,0.24540267046906342,-1.0665309335364557,0.08009991754167131
COVID-19,1,0,43,1042,SepAware TVAE,400,67,0.5,0.23880597014925373,LogisticRegression,0.5227920227920227,0.23076923076923078,0.3,0.1875,0.5251225490196079,0.3117077242351414,0.5490196078431373,0.22031838861570346,-1.0821348450378068,0.05285735697709311
COVID-19,1,0,43,1042,SepAware TVAE,400,67,0.5,0.23880597014925373,RandomForest,0.39090909090909093,0.0,0.0,0.0,0.4215686274509804,0.24022187860806862,0.5134803921568628,0.21435453146640263,-1.1220325287084423,0.04230788057690355
COVID-19,1,0,43,1042,SepAware TVAE,400,67,0.5,0.23880597014925373,CatBoost,0.41307277628032346,0.07142857142857142,0.08333333333333333,0.0625,0.42340686274509803,0.26238944059290364,0.553921568627451,0.25386590894712086,-1.080485591084824,0.0636002317518244
COVID-19,1,1,43,1079,Real only,267,67,0.24719101123595505,0.2537313432835821,LogisticRegression,0.5593631014191762,0.2962962962962963,0.4,0.23529411764705882,0.5576470588235294,0.3822791094757382,0.5788235294117647,0.20299125686738892,-1.024267977583376,0.039081097402263176
COVID-19,1,1,43,1079,Real only,267,67,0.24719101123595505,0.2537313432835821,RandomForest,0.48659003831417624,0.1111111111111111,1.0,0.058823529411764705,0.5294117647058824,0.4094975901830913,0.623529411764706,0.181202191867659,-0.0896526137728123,0.8397967223927819
COVID-19,1,1,43,1079,Real only,267,67,0.24719101123595505,0.2537313432835821,CatBoost,0.5538582060321191,0.2608695652173913,0.5,0.17647058823529413,0.558235294117647,0.36137942357913955,0.5458823529411765,0.2026582754762381,-0.7955401391068566,0.1630041032729854
COVID-19,1,1,43,1079,Class weighting,267,67,0.24719101123595505,0.2537313432835821,LogisticRegression,0.5696640316205533,0.43478260869565216,0.3448275862068966,0.5882352941176471,0.6041176470588235,0.4129718482959343,0.5894117647058824,0.26295850936549625,-1.0626584531616723,0.03922888981624718
COVID-19,1,1,43,1079,Class weighting,267,67,0.24719101123595505,0.2537313432835821,RandomForest,0.5705128205128205,0.3333333333333333,0.38461538461538464,0.29411764705882354,0.5670588235294117,0.4562667064114277,0.611764705882353,0.20413091392611502,-0.777536475937164,0.6519819548544485
COVID-19,1,1,43,1079,Class weighting,267,67,0.24719101123595505,0.2537313432835821,CatBoost,0.6058823529411765,0.4117647058823529,0.4117647058823529,0.4117647058823529,0.6058823529411765,0.4738964741736956,0.5470588235294118,0.21905113691852085,-0.8947379950753167,0.18731931691941434
COVID-19,1,1,43,1079,Random oversampling,402,67,0.5,0.2537313432835821,LogisticRegression,0.5696640316205533,0.43478260869565216,0.3448275862068966,0.5882352941176471,0.6041176470588235,0.43566558511624576,0.6105882352941177,0.2500010628215692,-1.053840510300418,0.044263728092719
COVID-19,1,1,43,1079,Random oversampling,402,67,0.5,0.2537313432835821,RandomForest,0.5705128205128205,0.3333333333333333,0.38461538461538464,0.29411764705882354,0.5670588235294117,0.39715121318488833,0.6247058823529412,0.2017476655814381,-0.7500269762460621,0.6651295027445502
COVID-19,1,1,43,1079,Random oversampling,402,67,0.5,0.2537313432835821,CatBoost,0.665954415954416,0.46153846153846156,0.6666666666666666,0.35294117647058826,0.6464705882352941,0.45648532730043334,0.5552941176470588,0.20285775839925335,-0.8428691007881282,0.1868496641426543
COVID-19,1,1,43,1079,Random undersampling,132,67,0.5,0.2537313432835821,LogisticRegression,0.5696640316205533,0.43478260869565216,0.3448275862068966,0.5882352941176471,0.6041176470588235,0.43561482247618855,0.6258823529411764,0.26592878680839604,-1.041288408577996,0.13385350623148984
COVID-19,1,1,43,1079,Random undersampling,132,67,0.5,0.2537313432835821,RandomForest,0.5483146067415731,0.4,0.32142857142857145,0.5294117647058824,0.5747058823529412,0.38130700765154546,0.6423529411764706,0.23011478989618592,-1.0433108753303328,1.097743187309862
COVID-19,1,1,43,1079,Random undersampling,132,67,0.5,0.2537313432835821,CatBoost,0.4576190476190476,0.32,0.24242424242424243,0.47058823529411764,0.4852941176470588,0.3460651474337827,0.5141176470588236,0.34138751715623583,-1.0830795322831142,0.05725292808111956
COVID-19,1,1,43,1079,SMOTE,402,67,0.5,0.2537313432835821,LogisticRegression,0.5705128205128205,0.3333333333333333,0.38461538461538464,0.29411764705882354,0.5670588235294117,0.4603254778815522,0.5917647058823529,0.19406511185673067,-0.9941446957578186,0.06744866652338768
COVID-19,1,1,43,1079,SMOTE,402,67,0.5,0.2537313432835821,RandomForest,0.6521287642782969,0.4444444444444444,0.6,0.35294117647058826,0.6364705882352941,0.38941370180579776,0.6117647058823529,0.19888625323485581,-0.6973843264284879,0.7594010369587767
COVID-19,1,1,43,1079,SMOTE,402,67,0.5,0.2537313432835821,CatBoost,0.5593485750078296,0.3225806451612903,0.35714285714285715,0.29411764705882354,0.5570588235294117,0.3329628005334381,0.5164705882352941,0.2231910038959416,-1.0452188763089172,0.028408964310544065
COVID-19,1,1,43,1079,Standard CTGAN,402,67,0.5,0.2537313432835821,LogisticRegression,0.6404293381037567,0.5116279069767442,0.4230769230769231,0.6470588235294118,0.6735294117647059,0.4340762494063991,0.7,0.21158714212084842,-0.968016169928811,0.4632204883385431
COVID-19,1,1,43,1079,Standard CTGAN,402,67,0.5,0.2537313432835821,RandomForest,0.669407894736842,0.5263157894736842,0.47619047619047616,0.5882352941176471,0.6841176470588235,0.38797297973710354,0.6964705882352941,0.19824713956418008,-0.7614878727214413,1.0065868933751276
COVID-19,1,1,43,1079,Standard CTGAN,402,67,0.5,0.2537313432835821,CatBoost,0.548406862745098,0.3125,0.3333333333333333,0.29411764705882354,0.5470588235294118,0.3775043730441475,0.6399999999999999,0.2040886639869553,-0.7692264302534794,0.449511512069523
COVID-19,1,1,43,1079,SepAware CTGAN,402,67,0.5,0.2537313432835821,LogisticRegression,0.6079687935358038,0.43243243243243246,0.4,0.47058823529411764,0.6152941176470588,0.4445108909421645,0.6376470588235295,0.21805272044660248,-0.9979056059779494,0.09927279636082917
COVID-19,1,1,43,1079,SepAware CTGAN,402,67,0.5,0.2537313432835821,RandomForest,0.5706324881582614,0.3783783783783784,0.35,0.4117647058823529,0.5758823529411765,0.5061787424271653,0.6694117647058824,0.19896131098348976,-0.775424701892972,0.710657292186575
COVID-19,1,1,43,1079,SepAware CTGAN,402,67,0.5,0.2537313432835821,CatBoost,0.5821995464852607,0.3888888888888889,0.3684210526315789,0.4117647058823529,0.5858823529411765,0.4531782960734665,0.6129411764705882,0.21545155431527738,-0.8312047722342926,0.2717652819376276
COVID-19,1,1,43,1079,Standard TVAE,402,67,0.5,0.2537313432835821,LogisticRegression,0.5939393939393939,0.3333333333333333,0.5714285714285714,0.23529411764705882,0.5876470588235294,0.47750336616662403,0.6176470588235293,0.18363276004579232,-0.9181783800591464,0.11218699157777523
COVID-19,1,1,43,1079,Standard TVAE,402,67,0.5,0.2537313432835821,RandomForest,0.47871853546910753,0.10526315789473684,0.5,0.058823529411764705,0.5194117647058824,0.408482204637451,0.5988235294117648,0.18339140346019772,-0.17470588193565306,0.9040378400402295
COVID-19,1,1,43,1079,Standard TVAE,402,67,0.5,0.2537313432835821,CatBoost,0.5013709361535448,0.17391304347826086,0.3333333333333333,0.11764705882352941,0.5188235294117647,0.3299944216683054,0.5376470588235294,0.20990044110928727,-0.9402844646855306,0.081724339865431
COVID-19,1,1,43,1079,SepAware TVAE,402,67,0.5,0.2537313432835821,LogisticRegression,0.5538582060321191,0.2608695652173913,0.5,0.17647058823529413,0.558235294117647,0.47076221385219,0.6070588235294118,0.18607557674648914,-0.9436930926815116,0.09214800956582059
COVID-19,1,1,43,1079,SepAware TVAE,402,67,0.5,0.2537313432835821,RandomForest,0.42735042735042733,0.0,0.0,0.0,0.5,0.3595318366322765,0.5682352941176471,0.1856458137334546,-0.2705385095166381,0.7938326801842883
COVID-19,1,1,43,1079,SepAware TVAE,402,67,0.5,0.2537313432835821,CatBoost,0.5538582060321191,0.2608695652173913,0.5,0.17647058823529413,0.558235294117647,0.36064009240509165,0.4870588235294118,0.21198174485864693,-1.0376123800924204,0.023659200581975494
COVID-19,1,2,43,1116,Real only,267,67,0.24719101123595505,0.2537313432835821,LogisticRegression,0.46659743856005537,0.14814814814814814,0.2,0.11764705882352941,0.4788235294117647,0.2955114913415514,0.5905882352941176,0.22271998531163437,-0.9020110819771958,0.13478009814552802
COVID-19,1,2,43,1116,Real only,267,67,0.24719101123595505,0.2537313432835821,RandomForest,0.42735042735042733,0.0,0.0,0.0,0.5,0.3161513933686905,0.6,0.1863402535420844,-0.296211385059326,0.6864215050175879
COVID-19,1,2,43,1116,Real only,267,67,0.24719101123595505,0.2537313432835821,CatBoost,0.4635482511588706,0.09523809523809523,0.25,0.058823529411764705,0.49941176470588233,0.3298402888167584,0.5964705882352941,0.20656833530446966,-0.6865230562190668,0.25410249407339647
COVID-19,1,2,43,1116,Class weighting,267,67,0.24719101123595505,0.2537313432835821,LogisticRegression,0.5601010101010101,0.4090909090909091,0.3333333333333333,0.5294117647058824,0.5847058823529412,0.2952421851609432,0.5976470588235294,0.2622669118559788,-1.0437396268981778,0.13170401192903142
COVID-19,1,2,43,1116,Class weighting,267,67,0.24719101123595505,0.2537313432835821,RandomForest,0.6079787234042553,0.45,0.391304347826087,0.5294117647058824,0.6247058823529412,0.3093465735433187,0.6011764705882353,0.20854899978315147,-0.79990255872019,0.727975135475878
COVID-19,1,2,43,1116,Class weighting,267,67,0.24719101123595505,0.2537313432835821,CatBoost,0.5165945165945166,0.2857142857142857,0.2777777777777778,0.29411764705882354,0.5170588235294118,0.33905487093547926,0.5776470588235294,0.2289857775984387,-0.8789796461721617,0.21712147947752491
COVID-19,1,2,43,1116,Random oversampling,402,67,0.5,0.2537313432835821,LogisticRegression,0.5575935436537051,0.425531914893617,0.3333333333333333,0.5882352941176471,0.5941176470588235,0.288200497435476,0.5941176470588234,0.2622109261431111,-1.0389201649943907,0.1351011990749548
COVID-19,1,2,43,1116,Random oversampling,402,67,0.5,0.2537313432835821,RandomForest,0.4959598774031764,0.2702702702702703,0.25,0.29411764705882354,0.4970588235294118,0.2738542236296546,0.5423529411764706,0.2222903111284557,-0.9314376052299477,0.36409944167123653
COVID-19,1,2,43,1116,Random oversampling,402,67,0.5,0.2537313432835821,CatBoost,0.4302721088435374,0.16666666666666666,0.15789473684210525,0.17647058823529413,0.4282352941176471,0.27690062709902064,0.5611764705882353,0.23963022012642868,-0.8871448789043103,0.16460353926173094
COVID-19,1,2,43,1116,Random undersampling,132,67,0.5,0.2537313432835821,LogisticRegression,0.514856429463171,0.35555555555555557,0.2857142857142857,0.47058823529411764,0.5352941176470588,0.2726614809956319,0.54,0.29450537643242736,-1.0698103651611786,0.0487441897936429
COVID-19,1,2,43,1116,Random undersampling,132,67,0.5,0.2537313432835821,RandomForest,0.540987479329081,0.43137254901960786,0.3235294117647059,0.6470588235294118,0.5935294117647059,0.3277893761806571,0.6047058823529412,0.2418159601320303,-1.0557639229130447,0.6895897116979277
COVID-19,1,2,43,1116,Random undersampling,132,67,0.5,0.2537313432835821,CatBoost,0.49718574108818014,0.38461538461538464,0.2857142857142857,0.5882352941176471,0.5441176470588236,0.30961415263920844,0.5470588235294118,0.29028034277238063,-1.0565445556223585,0.12337044741624574
COVID-19,1,2,43,1116,SMOTE,402,67,0.5,0.2537313432835821,LogisticRegression,0.5379310344827586,0.27586206896551724,0.3333333333333333,0.23529411764705882,0.5376470588235294,0.3286713108405673,0.6258823529411764,0.21337306076691068,-0.8800907460070267,0.20114331808793312
COVID-19,1,2,43,1116,SMOTE,402,67,0.5,0.2537313432835821,RandomForest,0.48764705882352943,0.23529411764705882,0.23529411764705882,0.23529411764705882,0.48764705882352943,0.287189827702044,0.5352941176470588,0.21720558491158284,-0.9571252525441128,0.21316327627815052
COVID-19,1,2,43,1116,SMOTE,402,67,0.5,0.2537313432835821,CatBoost,0.45724572457245727,0.18181818181818182,0.1875,0.17647058823529413,0.4582352941176471,0.28668470551825964,0.5635294117647058,0.22433357253405534,-0.8888091646345194,0.14733639945971885
COVID-19,1,2,43,1116,Standard CTGAN,402,67,0.5,0.2537313432835821,LogisticRegression,0.5117408906882591,0.3076923076923077,0.2727272727272727,0.35294117647058826,0.5164705882352941,0.282461236199137,0.5164705882352941,0.26385850591355076,-1.087008464568882,-0.015552552122876085
COVID-19,1,2,43,1116,Standard CTGAN,402,67,0.5,0.2537313432835821,RandomForest,0.5332961827807189,0.32432432432432434,0.3,0.35294117647058826,0.5364705882352941,0.3432129842020243,0.5152941176470589,0.23665563994385103,-1.0289413438869701,0.14480019183332174
COVID-19,1,2,43,1116,Standard CTGAN,402,67,0.5,0.2537313432835821,CatBoost,0.49042748492001054,0.2926829268292683,0.25,0.35294117647058826,0.4964705882352941,0.26498697818542133,0.4623529411764706,0.2775558031747214,-1.1230524811478535,-0.0576310380647315
COVID-19,1,2,43,1116,SepAware CTGAN,402,67,0.5,0.2537313432835821,LogisticRegression,0.5592105263157895,0.3684210526315789,0.3333333333333333,0.4117647058823529,0.5658823529411765,0.3031416764828717,0.6035294117647059,0.2521171386660982,-0.9679166799432783,0.12673880064903484
COVID-19,1,2,43,1116,SepAware CTGAN,402,67,0.5,0.2537313432835821,RandomForest,0.5062358276643991,0.2777777777777778,0.2631578947368421,0.29411764705882354,0.5070588235294118,0.29529300608505116,0.571764705882353,0.22858353717772817,-0.969722801250851,0.25217000012838703
COVID-19,1,2,43,1116,SepAware CTGAN,402,67,0.5,0.2537313432835821,CatBoost,0.5442176870748299,0.3333333333333333,0.3157894736842105,0.35294117647058826,0.5464705882352942,0.2737644181880355,0.548235294117647,0.27201212268392516,-1.0141716525590112,0.06568748584944795
COVID-19,1,2,43,1116,Standard TVAE,402,67,0.5,0.2537313432835821,LogisticRegression,0.548406862745098,0.3125,0.3333333333333333,0.29411764705882354,0.5470588235294118,0.3350312338165709,0.628235294117647,0.2233913208249983,-0.864827825455093,0.1998358966074149
COVID-19,1,2,43,1116,Standard TVAE,402,67,0.5,0.2537313432835821,RandomForest,0.5593631014191762,0.2962962962962963,0.4,0.23529411764705882,0.5576470588235294,0.3341783928319337,0.5705882352941176,0.19916472722982137,-0.756074177023092,0.40545985179802346
COVID-19,1,2,43,1116,Standard TVAE,402,67,0.5,0.2537313432835821,CatBoost,0.5894607843137255,0.375,0.4,0.35294117647058826,0.5864705882352941,0.37245915105225835,0.6435294117647059,0.2097262440260088,-0.7758642265755965,0.2235763197520224
COVID-19,1,2,43,1116,SepAware TVAE,402,67,0.5,0.2537313432835821,LogisticRegression,0.49744974497449745,0.24242424242424243,0.25,0.23529411764705882,0.49764705882352944,0.32589204833352714,0.6223529411764706,0.23167558396689394,-0.8896330611116232,0.1717740740482514
COVID-19,1,2,43,1116,SepAware TVAE,402,67,0.5,0.2537313432835821,RandomForest,0.5328440366972478,0.24,0.375,0.17647058823529413,0.538235294117647,0.31180532163488683,0.548235294117647,0.20500334990707228,-0.8382521767305148,0.2942877322294469
COVID-19,1,2,43,1116,SepAware TVAE,402,67,0.5,0.2537313432835821,CatBoost,0.5275641025641026,0.26666666666666666,0.3076923076923077,0.23529411764705882,0.5276470588235294,0.32193060425557285,0.6141176470588234,0.22392878492844592,-0.8517590815708254,0.15817272564234952
COVID-19,1,3,43,1153,Real only,267,67,0.24719101123595505,0.2537313432835821,LogisticRegression,0.6063454759106933,0.34782608695652173,0.6666666666666666,0.23529411764705882,0.5976470588235294,0.559335707922654,0.7011764705882353,0.16765704525574807,-0.09810484033314433,0.8082439488111507
COVID-19,1,3,43,1153,Real only,267,67,0.24719101123595505,0.2537313432835821,RandomForest,0.42735042735042733,0.0,0.0,0.0,0.5,0.3027968855250802,0.5988235294117648,0.18407737024850965,-0.05924052512719127,0.8953388402017762
COVID-19,1,3,43,1153,Real only,267,67,0.24719101123595505,0.2537313432835821,CatBoost,0.5431818181818182,0.25,0.42857142857142855,0.17647058823529413,0.548235294117647,0.3707236109629034,0.6164705882352941,0.1981055894357814,-0.5533443208528891,0.3758357063647377
COVID-19,1,3,43,1153,Class weighting,267,67,0.24719101123595505,0.2537313432835821,LogisticRegression,0.5455426356589147,0.4166666666666667,0.3225806451612903,0.5882352941176471,0.5841176470588235,0.5333574989339759,0.7105882352941175,0.21831280932851943,-1.0119531503647945,0.7234337026438574
COVID-19,1,3,43,1153,Class weighting,267,67,0.24719101123595505,0.2537313432835821,RandomForest,0.48461538461538467,0.2,0.23076923076923078,0.17647058823529413,0.4882352941176471,0.27047312515504696,0.5552941176470587,0.21500229153771416,-0.8713249012798485,0.5016695815599723
COVID-19,1,3,43,1153,Class weighting,267,67,0.24719101123595505,0.2537313432835821,CatBoost,0.45724572457245727,0.18181818181818182,0.1875,0.17647058823529413,0.4582352941176471,0.25922314907267757,0.5341176470588235,0.24162856046921596,-0.9713404778002301,0.12191831542236382
COVID-19,1,3,43,1153,Random oversampling,402,67,0.5,0.2537313432835821,LogisticRegression,0.5575935436537051,0.425531914893617,0.3333333333333333,0.5882352941176471,0.5941176470588235,0.5444900510677853,0.7117647058823529,0.21661323635336416,-0.9559251570733294,0.6247650083449293
COVID-19,1,3,43,1153,Random oversampling,402,67,0.5,0.2537313432835821,RandomForest,0.49744974497449745,0.24242424242424243,0.25,0.23529411764705882,0.49764705882352944,0.30644902610269154,0.6047058823529412,0.2099962385969193,-0.8156219429165041,0.6057913351183439
COVID-19,1,3,43,1153,Random oversampling,402,67,0.5,0.2537313432835821,CatBoost,0.4252450980392157,0.125,0.13333333333333333,0.11764705882352941,0.4288235294117647,0.26715444912652414,0.54,0.24427210934767465,-0.9393851633341405,0.13432323806093752
COVID-19,1,3,43,1153,Random undersampling,132,67,0.5,0.2537313432835821,LogisticRegression,0.5093314434207418,0.39215686274509803,0.29411764705882354,0.5882352941176471,0.5541176470588236,0.3975187201757458,0.6694117647058824,0.2595405218261285,-1.1470409039128995,0.41682043835798344
COVID-19,1,3,43,1153,Random undersampling,132,67,0.5,0.2537313432835821,RandomForest,0.4657097288676236,0.38596491228070173,0.275,0.6470588235294118,0.5335294117647059,0.3054084782011109,0.5929411764705883,0.2456949385355898,-1.124700599628677,0.9602658962819888
COVID-19,1,3,43,1153,Random undersampling,132,67,0.5,0.2537313432835821,CatBoost,0.5852380952380952,0.48,0.36363636363636365,0.7058823529411765,0.6429411764705882,0.44135296434058047,0.6882352941176471,0.24394002768761455,-1.1455519216986552,0.5449508590733543
COVID-19,1,3,43,1153,SMOTE,402,67,0.5,0.2537313432835821,LogisticRegression,0.6182336182336182,0.38461538461538464,0.5555555555555556,0.29411764705882354,0.6070588235294118,0.4470751125637211,0.6529411764705882,0.18260557136578626,-0.5355626065246281,0.5086940696449513
COVID-19,1,3,43,1153,SMOTE,402,67,0.5,0.2537313432835821,RandomForest,0.37962962962962965,0.0,0.0,0.0,0.41,0.2629371939989631,0.556470588235294,0.21946087429254935,-1.0546372939176487,0.035879375640545434
COVID-19,1,3,43,1153,SMOTE,402,67,0.5,0.2537313432835821,CatBoost,0.44166666666666665,0.13333333333333333,0.15384615384615385,0.11764705882352941,0.44882352941176473,0.25055726588466365,0.5141176470588236,0.26396743554883656,-1.1110810458499891,-0.023964318159090888
COVID-19,1,3,43,1153,Standard CTGAN,402,67,0.5,0.2537313432835821,LogisticRegression,0.6309992132179386,0.4878048780487805,0.4166666666666667,0.5882352941176471,0.6541176470588235,0.4638779992761156,0.6705882352941177,0.21063030210422354,-0.9110326163915052,0.690265448913663
COVID-19,1,3,43,1153,Standard CTGAN,402,67,0.5,0.2537313432835821,RandomForest,0.5062358276643991,0.2777777777777778,0.2631578947368421,0.29411764705882354,0.5070588235294118,0.36619470448129066,0.6576470588235294,0.20531919016410688,-0.7415605454547618,1.1381941118625731
COVID-19,1,3,43,1153,Standard CTGAN,402,67,0.5,0.2537313432835821,CatBoost,0.5664705882352942,0.35294117647058826,0.35294117647058826,0.35294117647058826,0.5664705882352942,0.4520943311737339,0.7235294117647059,0.1910405312322134,-0.7412895541743226,0.7747337426549161
COVID-19,1,3,43,1153,SepAware CTGAN,402,67,0.5,0.2537313432835821,LogisticRegression,0.5664705882352942,0.35294117647058826,0.35294117647058826,0.35294117647058826,0.5664705882352942,0.3120604671233551,0.5941176470588235,0.21350956044012745,-0.7471448349025568,0.3287423677745576
COVID-19,1,3,43,1153,SepAware CTGAN,402,67,0.5,0.2537313432835821,RandomForest,0.42021460713049497,0.07407407407407407,0.1,0.058823529411764705,0.43941176470588234,0.2905401828717731,0.6058823529411765,0.20694837436029376,-0.7946360321746913,0.5267589301203042
COVID-19,1,3,43,1153,SepAware CTGAN,402,67,0.5,0.2537313432835821,CatBoost,0.41307277628032346,0.07142857142857142,0.09090909090909091,0.058823529411764705,0.4294117647058824,0.2577106928874291,0.5329411764705883,0.2350873263382689,-0.914924229487852,0.1415844566823981
COVID-19,1,3,43,1153,Standard TVAE,402,67,0.5,0.2537313432835821,LogisticRegression,0.5538582060321191,0.2608695652173913,0.5,0.17647058823529413,0.558235294117647,0.39320284283083046,0.6388235294117647,0.18853000761015493,-0.5138639815128864,0.4136750412288004
COVID-19,1,3,43,1153,Standard TVAE,402,67,0.5,0.2537313432835821,RandomForest,0.41739130434782606,0.0,0.0,0.0,0.48,0.2400240644043714,0.4964705882352941,0.20833850129787695,-1.0329933621120881,0.04273007200547245
COVID-19,1,3,43,1153,Standard TVAE,402,67,0.5,0.2537313432835821,CatBoost,0.45616883116883117,0.09090909090909091,0.2,0.058823529411764705,0.4894117647058824,0.2871406911097652,0.5705882352941176,0.22528197556684154,-0.8200549919996296,0.1637765802771322
COVID-19,1,3,43,1153,SepAware TVAE,402,67,0.5,0.2537313432835821,LogisticRegression,0.510551948051948,0.18181818181818182,0.4,0.11764705882352941,0.5288235294117647,0.3812552368793645,0.6223529411764706,0.19281819523271443,-0.586583239272851,0.3574812735648508
COVID-19,1,3,43,1153,SepAware TVAE,402,67,0.5,0.2537313432835821,RandomForest,0.41228070175438597,0.0,0.0,0.0,0.47,0.23482651313073508,0.4682352941176471,0.21228936742335205,-1.1168226047403238,-0.03755535527434512
COVID-19,1,3,43,1153,SepAware TVAE,402,67,0.5,0.2537313432835821,CatBoost,0.4273504273504274,0.07692307692307693,0.1111111111111111,0.058823529411764705,0.44941176470588234,0.28471679888893964,0.5670588235294117,0.22657895505356773,-0.8173299542622782,0.17495732592174104
COVID-19,1,4,43,1190,Real only,268,66,0.25,0.24242424242424243,LogisticRegression,0.5805607476635514,0.32,0.4444444444444444,0.25,0.575,0.4273497875231487,0.6425,0.18477900983359666,-0.6593770395897469,0.4083784898105153
COVID-19,1,4,43,1190,Real only,268,66,0.25,0.24242424242424243,RandomForest,0.43103448275862066,0.0,0.0,0.0,0.5,0.3367451557185683,0.6287499999999999,0.17956751171634938,-0.24399107825692798,0.8463817680972268
COVID-19,1,4,43,1190,Real only,268,66,0.25,0.24242424242424243,CatBoost,0.531214953271028,0.24,0.3333333333333333,0.1875,0.53375,0.3737885688819237,0.57375,0.20789263196549143,-0.8506209819635413,0.2390965689737306
COVID-19,1,4,43,1190,Class weighting,268,66,0.25,0.24242424242424243,LogisticRegression,0.6033446563888163,0.46511627906976744,0.37037037037037035,0.625,0.6425000000000001,0.4396210452174515,0.6575,0.24083027863108938,-1.0990215869445665,0.38466676723297044
COVID-19,1,4,43,1190,Class weighting,268,66,0.25,0.24242424242424243,RandomForest,0.524609843937575,0.29411764705882354,0.2777777777777778,0.3125,0.52625,0.32282882482209657,0.6125,0.21060791299527404,-0.8975178166707881,0.6668525663849083
COVID-19,1,4,43,1190,Class weighting,268,66,0.25,0.24242424242424243,CatBoost,0.5034722222222222,0.2777777777777778,0.25,0.3125,0.50625,0.3686865077841817,0.5325,0.25606682936345193,-1.0730749444531407,0.09862493233219063
COVID-19,1,4,43,1190,Random oversampling,402,66,0.5,0.24242424242424243,LogisticRegression,0.5577593138568748,0.3902439024390244,0.32,0.5,0.5800000000000001,0.4374638527752119,0.655,0.23828662776221432,-1.0622016576123008,0.33653736111347243
COVID-19,1,4,43,1190,Random oversampling,402,66,0.5,0.24242424242424243,RandomForest,0.4930298719772404,0.2702702702702703,0.23809523809523808,0.3125,0.49625,0.4146215868202824,0.6187499999999999,0.2105807400987123,-0.8997066375093129,0.7147520330290841
COVID-19,1,4,43,1190,Random oversampling,402,66,0.5,0.24242424242424243,CatBoost,0.5139911634756995,0.2857142857142857,0.2631578947368421,0.3125,0.51625,0.31351462698740923,0.52625,0.2505648407843368,-1.0559802302859413,0.10999164990924043
COVID-19,1,4,43,1190,Random undersampling,134,66,0.5,0.24242424242424243,LogisticRegression,0.5113446381657512,0.41509433962264153,0.2972972972972973,0.6875,0.58375,0.47235764117997736,0.6425000000000001,0.28784988275401246,-1.302070456178744,0.40137530889721884
COVID-19,1,4,43,1190,Random undersampling,134,66,0.5,0.24242424242424243,RandomForest,0.5347744360902256,0.4642857142857143,0.325,0.8125,0.63625,0.3052553639131488,0.62625,0.24998254265443218,-1.254927371381513,0.9429418509412789
COVID-19,1,4,43,1190,Random undersampling,134,66,0.5,0.24242424242424243,CatBoost,0.45454545454545453,0.36363636363636365,0.2564102564102564,0.625,0.5225,0.2926209373745219,0.55625,0.32916415319191916,-1.1886898348669803,0.14624715593082138
COVID-19,1,4,43,1190,SMOTE,402,66,0.5,0.24242424242424243,LogisticRegression,0.5359892869099431,0.27586206896551724,0.3076923076923077,0.25,0.5349999999999999,0.4331128365075446,0.62625,0.19650713758365612,-0.806650083428328,0.39393979632611054
COVID-19,1,4,43,1190,SMOTE,402,66,0.5,0.24242424242424243,RandomForest,0.494949494949495,0.24242424242424243,0.23529411764705882,0.25,0.495,0.34178397411267813,0.5475,0.20913277605638,-0.8975239781516879,0.5143001986919803
COVID-19,1,4,43,1190,SMOTE,402,66,0.5,0.24242424242424243,CatBoost,0.46375,0.1875,0.1875,0.1875,0.46375,0.3068537467492264,0.52375,0.23585459672566264,-1.0517629906971235,0.07725281155816388
COVID-19,1,4,43,1190,Standard CTGAN,402,66,0.5,0.24242424242424243,LogisticRegression,0.5450785773366419,0.358974358974359,0.30434782608695654,0.4375,0.5587500000000001,0.3845074815289875,0.6012500000000001,0.23060939933991742,-1.0980338058756969,0.5597448826428766
COVID-19,1,4,43,1190,Standard CTGAN,402,66,0.5,0.24242424242424243,RandomForest,0.5343611183694801,0.37209302325581395,0.2962962962962963,0.5,0.56,0.48487869431406116,0.62375,0.22075194969590475,-1.021258138616902,0.9949540145875878
COVID-19,1,4,43,1190,Standard CTGAN,402,66,0.5,0.24242424242424243,CatBoost,0.5568181818181819,0.4090909090909091,0.32142857142857145,0.5625,0.59125,0.4888946389089695,0.6312500000000001,0.22950608270215758,-1.03256822985728,0.49646413309062715
COVID-19,1,4,43,1190,SepAware CTGAN,402,66,0.5,0.24242424242424243,LogisticRegression,0.5695652173913044,0.4,0.3333333333333333,0.5,0.5900000000000001,0.426803693865504,0.64125,0.23689070247637573,-1.013646393516695,0.35110984542760504
COVID-19,1,4,43,1190,SepAware CTGAN,402,66,0.5,0.24242424242424243,RandomForest,0.5695652173913044,0.4,0.3333333333333333,0.5,0.5900000000000001,0.3990816829304918,0.6799999999999999,0.2085677948832839,-0.9803173549261924,0.8492827299397018
COVID-19,1,4,43,1190,SepAware CTGAN,402,66,0.5,0.24242424242424243,CatBoost,0.6180555555555556,0.4444444444444444,0.4,0.5,0.63,0.4181666736200489,0.63625,0.22275896786555588,-0.9319374598665263,0.3648351208296633
COVID-19,1,4,43,1190,Standard TVAE,402,66,0.5,0.24242424242424243,LogisticRegression,0.54625,0.3125,0.3125,0.3125,0.54625,0.4046692783967012,0.63375,0.20543732696914807,-0.7783483367621825,0.36453367639318074
COVID-19,1,4,43,1190,Standard TVAE,402,66,0.5,0.24242424242424243,RandomForest,0.5416666666666667,0.25,0.375,0.1875,0.54375,0.3625298619240426,0.615,0.18986143674968706,-0.7075614975790392,0.6599484608258873
COVID-19,1,4,43,1190,Standard TVAE,402,66,0.5,0.24242424242424243,CatBoost,0.5994889811561801,0.3870967741935484,0.4,0.375,0.5974999999999999,0.3254754367475084,0.58125,0.2265704690093595,-0.9387219700628999,0.17177933136391535
COVID-19,1,4,43,1190,SepAware TVAE,402,66,0.5,0.24242424242424243,LogisticRegression,0.54625,0.3125,0.3125,0.3125,0.54625,0.4018890789167639,0.62875,0.2108901138654709,-0.8102110787603325,0.3274326393642233
COVID-19,1,4,43,1190,SepAware TVAE,402,66,0.5,0.24242424242424243,RandomForest,0.521044992743106,0.23076923076923078,0.3,0.1875,0.5237499999999999,0.36275974267028754,0.5875,0.19275173853317498,-0.74383566989207,0.5699689684489487
COVID-19,1,4,43,1190,SepAware TVAE,402,66,0.5,0.24242424242424243,CatBoost,0.611764705882353,0.4,0.42857142857142855,0.375,0.6074999999999999,0.3383144062998752,0.5825,0.22801964187687954,-0.9495129801987956,0.16762667200909045
COVID-19,2,0,44,2042,Real only,267,67,0.250936329588015,0.23880597014925373,LogisticRegression,0.4635482511588706,0.09523809523809523,0.2,0.0625,0.49203431372549017,0.32407573487853086,0.616421568627451,0.18765087503797684,-0.6796880279427555,0.3634810364248499
COVID-19,2,0,44,2042,Real only,267,67,0.250936329588015,0.23880597014925373,RandomForest,0.4322033898305085,0.0,0.0,0.0,0.5,0.28178559596151637,0.5600490196078431,0.18572895720596588,-0.6556481396936609,0.4484684646124102
COVID-19,2,0,44,2042,Real only,267,67,0.250936329588015,0.23880597014925373,CatBoost,0.5013709361535448,0.17391304347826086,0.2857142857142857,0.125,0.5134803921568627,0.31078314611689783,0.5637254901960784,0.2080575820305619,-0.9345843978332252,0.1511859713484092
COVID-19,2,0,44,2042,Class weighting,267,67,0.250936329588015,0.23880597014925373,LogisticRegression,0.6404293381037567,0.5116279069767442,0.4074074074074074,0.6875,0.6868872549019608,0.3579499341237091,0.6348039215686275,0.23067487912971935,-1.0571017638262823,0.40251913789137295
COVID-19,2,0,44,2042,Class weighting,267,67,0.250936329588015,0.23880597014925373,RandomForest,0.5224780701754386,0.3157894736842105,0.2727272727272727,0.375,0.5306372549019608,0.2900642664585717,0.5882352941176471,0.2140296772100896,-0.9633972504304572,0.5292649106657912
COVID-19,2,0,44,2042,Class weighting,267,67,0.250936329588015,0.23880597014925373,CatBoost,0.4779220779220779,0.22857142857142856,0.21052631578947367,0.25,0.47794117647058826,0.2870247099237016,0.5514705882352942,0.2389297259833431,-1.0379140012215224,0.13999970165383924
COVID-19,2,0,44,2042,Random oversampling,400,67,0.5,0.23880597014925373,LogisticRegression,0.6152309612983771,0.4888888888888889,0.3793103448275862,0.6875,0.6672794117647058,0.3321368231572907,0.6409313725490197,0.23138781099728328,-1.0621900580009065,0.3426862735316031
COVID-19,2,0,44,2042,Random oversampling,400,67,0.5,0.23880597014925373,RandomForest,0.5332961827807189,0.32432432432432434,0.2857142857142857,0.375,0.5404411764705883,0.27727932500392927,0.5649509803921569,0.22097025708344842,-1.0192596351937857,0.32594350759279334
COVID-19,2,0,44,2042,Random oversampling,400,67,0.5,0.23880597014925373,CatBoost,0.4939244663382594,0.20689655172413793,0.23076923076923078,0.1875,0.4957107843137255,0.276706763773296,0.5355392156862745,0.2343592851499902,-1.054052664095757,0.10299489093778691
COVID-19,2,0,44,2042,Random undersampling,134,67,0.5,0.23880597014925373,LogisticRegression,0.5483146067415731,0.4,0.3103448275862069,0.5625,0.585171568627451,0.3970936273156668,0.6948529411764706,0.21148620542643726,-1.0678666749515002,0.6715022347072749
COVID-19,2,0,44,2042,Random undersampling,134,67,0.5,0.23880597014925373,RandomForest,0.47767540751240256,0.35294117647058826,0.2571428571428571,0.5625,0.5263480392156863,0.3048022457470694,0.5796568627450981,0.24677130787244672,-1.1612891071765075,0.6245582284852051
COVID-19,2,0,44,2042,Random undersampling,134,67,0.5,0.23880597014925373,CatBoost,0.5575935436537051,0.425531914893617,0.3225806451612903,0.625,0.6066176470588236,0.28820261689675475,0.6176470588235294,0.2667039897321262,-1.1638872717690145,0.2979500929675625
COVID-19,2,0,44,2042,SMOTE,400,67,0.5,0.23880597014925373,LogisticRegression,0.4939244663382594,0.20689655172413793,0.23076923076923078,0.1875,0.4957107843137255,0.3095541014574084,0.5857843137254902,0.20901153625984786,-1.0857822422765098,0.0673773412572682
COVID-19,2,0,44,2042,SMOTE,400,67,0.5,0.23880597014925373,RandomForest,0.46825396825396826,0.2222222222222222,0.2,0.25,0.4681372549019608,0.27937934025550953,0.553921568627451,0.22272465460581733,-1.0503027010900488,0.26040388995892044
COVID-19,2,0,44,2042,SMOTE,400,67,0.5,0.23880597014925373,CatBoost,0.5552669552669552,0.34285714285714286,0.3157894736842105,0.375,0.5600490196078431,0.24367566369587992,0.5098039215686275,0.2562886550499158,-1.1724690320193873,-0.013634623394663656
COVID-19,2,0,44,2042,Standard CTGAN,400,67,0.5,0.23880597014925373,LogisticRegression,0.5117408906882591,0.3076923076923077,0.2608695652173913,0.375,0.5208333333333333,0.2524515215454819,0.5171568627450981,0.26855424710421705,-1.1488637758659492,0.025590081166259902
COVID-19,2,0,44,2042,Standard CTGAN,400,67,0.5,0.23880597014925373,RandomForest,0.4585858585858586,0.2727272727272727,0.21428571428571427,0.375,0.47181372549019607,0.24698782088013574,0.5024509803921569,0.24676884334882873,-1.1171000260237332,0.19676614333395684
COVID-19,2,0,44,2042,Standard CTGAN,400,67,0.5,0.23880597014925373,CatBoost,0.4451345755693582,0.23809523809523808,0.19230769230769232,0.3125,0.45036764705882354,0.22406234980046152,0.4742647058823529,0.29283865208671644,-1.194654784155403,-0.08113028959321794
COVID-19,2,0,44,2042,SepAware CTGAN,400,67,0.5,0.23880597014925373,LogisticRegression,0.5592105263157895,0.3684210526315789,0.3181818181818182,0.4375,0.5716911764705883,0.30848751793132984,0.6017156862745098,0.22810964165562836,-0.9691900792905856,0.25066272973174875
COVID-19,2,0,44,2042,SepAware CTGAN,400,67,0.5,0.23880597014925373,RandomForest,0.48574561403508776,0.2631578947368421,0.22727272727272727,0.3125,0.4895833333333333,0.33851292922573817,0.5698529411764706,0.22701043384535066,-1.0285118836309202,0.3651798377345928
COVID-19,2,0,44,2042,SepAware CTGAN,400,67,0.5,0.23880597014925373,CatBoost,0.5706324881582614,0.3783783783783784,0.3333333333333333,0.4375,0.5814950980392157,0.29410790376062035,0.616421568627451,0.2355313956867855,-0.9809158400947665,0.2501360068974265
COVID-19,2,0,44,2042,Standard TVAE,400,67,0.5,0.23880597014925373,LogisticRegression,0.5485175202156334,0.2857142857142857,0.3333333333333333,0.25,0.5465686274509804,0.3140302670715676,0.5906862745098039,0.2088955935764166,-1.1399329284982305,0.015491689916967193
COVID-19,2,0,44,2042,Standard TVAE,400,67,0.5,0.23880597014925373,RandomForest,0.47871853546910753,0.10526315789473684,0.3333333333333333,0.0625,0.5116421568627452,0.2779394959113882,0.5392156862745098,0.18975973859991915,-0.7173259627487102,0.5168931302971438
COVID-19,2,0,44,2042,Standard TVAE,400,67,0.5,0.23880597014925373,CatBoost,0.46629901960784315,0.1875,0.1875,0.1875,0.46629901960784315,0.2722137585450951,0.5674019607843137,0.23384626777001838,-0.9879707374496474,0.13893327847626172
COVID-19,2,0,44,2042,SepAware TVAE,400,67,0.5,0.23880597014925373,LogisticRegression,0.5379310344827586,0.27586206896551724,0.3076923076923077,0.25,0.5367647058823529,0.31916413754752465,0.5955882352941176,0.20885226939973658,-1.148543527081563,0.008507106285889104
COVID-19,2,0,44,2042,SepAware TVAE,400,67,0.5,0.23880597014925373,RandomForest,0.510551948051948,0.18181818181818182,0.3333333333333333,0.125,0.5232843137254901,0.27148242800391603,0.5281862745098039,0.1961872012699562,-0.913001998750614,0.2610302726119065
COVID-19,2,0,44,2042,SepAware TVAE,400,67,0.5,0.23880597014925373,CatBoost,0.4939244663382594,0.20689655172413793,0.23076923076923078,0.1875,0.4957107843137255,0.2927529257768092,0.5784313725490196,0.23323103529436723,-0.9367639261813824,0.1574947344671034
COVID-19,2,1,44,2079,Real only,267,67,0.24719101123595505,0.2537313432835821,LogisticRegression,0.5593631014191762,0.2962962962962963,0.4,0.23529411764705882,0.5576470588235294,0.43078341070141823,0.5329411764705883,0.20653387963333614,-0.9873109994301209,0.06368413584805495
COVID-19,2,1,44,2079,Real only,267,67,0.24719101123595505,0.2537313432835821,RandomForest,0.42735042735042733,0.0,0.0,0.0,0.5,0.38207129074944424,0.5811764705882353,0.1871108734794676,-0.4700781008299575,0.5339814107756737
COVID-19,2,1,44,2079,Real only,267,67,0.24719101123595505,0.2537313432835821,CatBoost,0.510551948051948,0.18181818181818182,0.4,0.11764705882352941,0.5288235294117647,0.426004015508996,0.5964705882352941,0.19419824191673268,-0.6088099444620899,0.3025878671217472
COVID-19,2,1,44,2079,Class weighting,267,67,0.24719101123595505,0.2537313432835821,LogisticRegression,0.48139825218476906,0.3111111111111111,0.25,0.4117647058823529,0.49588235294117644,0.4131395127794747,0.5305882352941177,0.27514246060509334,-1.065522857084382,0.03244368754571445
COVID-19,2,1,44,2079,Class weighting,267,67,0.24719101123595505,0.2537313432835821,RandomForest,0.548406862745098,0.3125,0.3333333333333333,0.29411764705882354,0.5470588235294118,0.3656523466517418,0.588235294117647,0.21297099360723895,-0.8701889123432842,0.5366125056912716
COVID-19,2,1,44,2079,Class weighting,267,67,0.24719101123595505,0.2537313432835821,CatBoost,0.5778577857785778,0.36363636363636365,0.375,0.35294117647058826,0.5764705882352942,0.4328760081772558,0.6023529411764705,0.2114286736331265,-0.8467779437125524,0.25281901218428265
COVID-19,2,1,44,2079,Random oversampling,402,67,0.5,0.2537313432835821,LogisticRegression,0.4798136645962733,0.2857142857142857,0.24,0.35294117647058826,0.4864705882352941,0.36600961488426054,0.5164705882352941,0.2798634506534188,-1.0818685025703747,-0.005998202392601773
COVID-19,2,1,44,2079,Random oversampling,402,67,0.5,0.2537313432835821,RandomForest,0.5376537653765376,0.30303030303030304,0.3125,0.29411764705882354,0.5370588235294118,0.37931087801770363,0.5682352941176471,0.2213253061540326,-0.9508132737834456,0.3265791953032801
COVID-19,2,1,44,2079,Random oversampling,402,67,0.5,0.2537313432835821,CatBoost,0.548406862745098,0.3125,0.3333333333333333,0.29411764705882354,0.5470588235294118,0.3541862458189231,0.5470588235294118,0.23201339887317954,-0.9446083087551863,0.1269711276474477
COVID-19,2,1,44,2079,Random undersampling,132,67,0.5,0.2537313432835821,LogisticRegression,0.47767540751240256,0.35294117647058826,0.2647058823529412,0.5294117647058824,0.5147058823529411,0.3694935132213112,0.5164705882352941,0.32943472098574955,-1.0880542851990112,0.051881161853671615
COVID-19,2,1,44,2079,Random undersampling,132,67,0.5,0.2537313432835821,RandomForest,0.5214285714285715,0.4,0.30303030303030304,0.5882352941176471,0.5641176470588236,0.30751217038343853,0.5388235294117647,0.2581639325586211,-1.0773345962739889,0.23436829055657876
COVID-19,2,1,44,2079,Random undersampling,132,67,0.5,0.2537313432835821,CatBoost,0.49718574108818014,0.38461538461538464,0.2857142857142857,0.5882352941176471,0.5441176470588236,0.3501859052379006,0.5741176470588235,0.3253453362255867,-1.1117349391246298,0.13684940590126576
COVID-19,2,1,44,2079,SMOTE,402,67,0.5,0.2537313432835821,LogisticRegression,0.6013153773880363,0.3870967741935484,0.42857142857142855,0.35294117647058826,0.5964705882352941,0.4395208605086036,0.568235294117647,0.21467286854320317,-0.9195929437958685,0.13851428472002403
COVID-19,2,1,44,2079,SMOTE,402,67,0.5,0.2537313432835821,RandomForest,0.5442176870748299,0.3333333333333333,0.3157894736842105,0.35294117647058826,0.5464705882352942,0.33093605178336294,0.5635294117647058,0.21403450794813533,-0.9049289210499988,0.39007548445894386
COVID-19,2,1,44,2079,SMOTE,402,67,0.5,0.2537313432835821,CatBoost,0.5275641025641026,0.26666666666666666,0.3076923076923077,0.23529411764705882,0.5276470588235294,0.31322983582629804,0.5894117647058823,0.21748112322453506,-0.8568744579858203,0.20111822370056345
COVID-19,2,1,44,2079,Standard CTGAN,402,67,0.5,0.2537313432835821,LogisticRegression,0.447940074906367,0.26666666666666666,0.21428571428571427,0.35294117647058826,0.4564705882352942,0.4716036972230493,0.5588235294117647,0.2368985662070133,-1.0326295734576558,0.5277021023837394
COVID-19,2,1,44,2079,Standard CTGAN,402,67,0.5,0.2537313432835821,RandomForest,0.5838509316770186,0.42857142857142855,0.36,0.5294117647058824,0.6047058823529412,0.4847311602462847,0.6388235294117647,0.22232545167570553,-0.9671181467526189,1.329283087121395
COVID-19,2,1,44,2079,Standard CTGAN,402,67,0.5,0.2537313432835821,CatBoost,0.5778577857785778,0.36363636363636365,0.375,0.35294117647058826,0.5764705882352942,0.5247095515868968,0.6399999999999999,0.1957424750387938,-0.8002061743736111,0.8483870277499844
COVID-19,2,1,44,2079,SepAware CTGAN,402,67,0.5,0.2537313432835821,LogisticRegression,0.5034500383337592,0.32558139534883723,0.2692307692307692,0.4117647058823529,0.5158823529411765,0.3922819409168258,0.5152941176470588,0.2757371020260862,-1.0602761017953772,0.030378881059307396
COVID-19,2,1,44,2079,SepAware CTGAN,402,67,0.5,0.2537313432835821,RandomForest,0.6061845131612573,0.46511627906976744,0.38461538461538464,0.5882352941176471,0.6341176470588236,0.3735680672602454,0.6047058823529412,0.2319544580354613,-1.0043447123844456,0.5018132938874806
COVID-19,2,1,44,2079,SepAware CTGAN,402,67,0.5,0.2537313432835821,CatBoost,0.5840755735492578,0.41025641025641024,0.36363636363636365,0.47058823529411764,0.5952941176470588,0.4583815612311056,0.611764705882353,0.2138368261525584,-0.9005736831748454,0.248854727480679
COVID-19,2,1,44,2079,Standard TVAE,402,67,0.5,0.2537313432835821,LogisticRegression,0.643282179768243,0.45161290322580644,0.5,0.4117647058823529,0.6358823529411765,0.5040453081196895,0.6152941176470588,0.2025868509089844,-0.7855951893647859,0.24058000059536686
COVID-19,2,1,44,2079,Standard TVAE,402,67,0.5,0.2537313432835821,RandomForest,0.5129802699896158,0.2222222222222222,0.3,0.17647058823529413,0.518235294117647,0.3670227189993981,0.6152941176470588,0.196899322396517,-0.7514350373571078,0.46210515477367153
COVID-19,2,1,44,2079,Standard TVAE,402,67,0.5,0.2537313432835821,CatBoost,0.643282179768243,0.45161290322580644,0.5,0.4117647058823529,0.6358823529411765,0.40964822173453264,0.6211764705882353,0.20103825365775202,-0.729632163485381,0.2796623539447398
COVID-19,2,1,44,2079,SepAware TVAE,402,67,0.5,0.2537313432835821,LogisticRegression,0.6305147058823529,0.4375,0.4666666666666667,0.4117647058823529,0.6258823529411764,0.4513099207062667,0.6000000000000001,0.20697366812780588,-0.806996942582419,0.2158362069351929
COVID-19,2,1,44,2079,SepAware TVAE,402,67,0.5,0.2537313432835821,RandomForest,0.41739130434782606,0.0,0.0,0.0,0.48,0.33517359196256746,0.611764705882353,0.1946889445357218,-0.738387456109014,0.3687646869250405
COVID-19,2,1,44,2079,SepAware TVAE,402,67,0.5,0.2537313432835821,CatBoost,0.5485175202156334,0.2857142857142857,0.36363636363636365,0.23529411764705882,0.5476470588235294,0.3723396499354431,0.5964705882352941,0.2064953293533732,-0.7189678210538805,0.22782399696838962
COVID-19,2,2,44,2116,Real only,267,67,0.24719101123595505,0.2537313432835821,LogisticRegression,0.5485175202156334,0.2857142857142857,0.36363636363636365,0.23529411764705882,0.5476470588235294,0.379685143000858,0.6141176470588235,0.21153148664663665,-0.7462463382589348,0.27090968137365995
COVID-19,2,2,44,2116,Real only,267,67,0.24719101123595505,0.2537313432835821,RandomForest,0.47871853546910753,0.10526315789473684,0.5,0.058823529411764705,0.5194117647058824,0.30879300669832666,0.5811764705882353,0.18798951431834537,-0.35001457251363594,0.6625792126692901
COVID-19,2,2,44,2116,Real only,267,67,0.24719101123595505,0.2537313432835821,CatBoost,0.5705128205128205,0.3076923076923077,0.4444444444444444,0.23529411764705882,0.5676470588235294,0.3769289455368017,0.5835294117647059,0.2068313484863886,-0.7132486292340207,0.2683903406273341
COVID-19,2,2,44,2116,Class weighting,267,67,0.24719101123595505,0.2537313432835821,LogisticRegression,0.5144927536231884,0.3333333333333333,0.28,0.4117647058823529,0.5258823529411765,0.3812732566373209,0.6070588235294118,0.2579400263883371,-1.0314065769790208,0.24194917664235224
COVID-19,2,2,44,2116,Class weighting,267,67,0.24719101123595505,0.2537313432835821,RandomForest,0.5442176870748299,0.3333333333333333,0.3157894736842105,0.35294117647058826,0.5464705882352942,0.3132194201291477,0.5882352941176471,0.214694646349425,-0.8653059203821709,0.5946522788919141
COVID-19,2,2,44,2116,Class weighting,267,67,0.24719101123595505,0.2537313432835821,CatBoost,0.5062358276643991,0.2777777777777778,0.2631578947368421,0.29411764705882354,0.5070588235294118,0.33637840961444215,0.5811764705882353,0.23878041792769297,-0.9103219842950857,0.23238117539333292
COVID-19,2,2,44,2116,Random oversampling,402,67,0.5,0.2537313432835821,LogisticRegression,0.5723404255319149,0.4,0.34782608695652173,0.47058823529411764,0.5852941176470587,0.41251636047069584,0.6752941176470588,0.2482154098540967,-1.0193512242827893,0.29198915180984614
COVID-19,2,2,44,2116,Random oversampling,402,67,0.5,0.2537313432835821,RandomForest,0.5552669552669552,0.34285714285714286,0.3333333333333333,0.35294117647058826,0.5564705882352942,0.3350251916897815,0.628235294117647,0.208571596101172,-0.8051055055986174,0.8204060969178435
COVID-19,2,2,44,2116,Random oversampling,402,67,0.5,0.2537313432835821,CatBoost,0.5332961827807189,0.32432432432432434,0.3,0.35294117647058826,0.5364705882352941,0.3779239042252774,0.6188235294117647,0.22543663646004755,-0.8309734234247103,0.28925383200593
COVID-19,2,2,44,2116,Random undersampling,132,67,0.5,0.2537313432835821,LogisticRegression,0.4920518464172169,0.3404255319148936,0.26666666666666666,0.47058823529411764,0.5152941176470589,0.3498622311218379,0.5682352941176471,0.28644471967326196,-1.072561108137285,0.1853582081478223
COVID-19,2,2,44,2116,Random undersampling,132,67,0.5,0.2537313432835821,RandomForest,0.5780038759689923,0.4583333333333333,0.3548387096774194,0.6470588235294118,0.6235294117647059,0.29933340663465324,0.5494117647058823,0.24865697075811383,-1.0629257648285158,0.3204380166136198
COVID-19,2,2,44,2116,Random undersampling,132,67,0.5,0.2537313432835821,CatBoost,0.5334933973589435,0.40816326530612246,0.3125,0.5882352941176471,0.5741176470588236,0.33542811593865907,0.5976470588235294,0.2749740105320289,-1.0988197030858708,0.24875896395925665
COVID-19,2,2,44,2116,SMOTE,402,67,0.5,0.2537313432835821,LogisticRegression,0.5379310344827586,0.27586206896551724,0.3333333333333333,0.23529411764705882,0.5376470588235294,0.36712498638818786,0.5752941176470588,0.2329035313726642,-0.9391550156047754,0.13628720800570618
COVID-19,2,2,44,2116,SMOTE,402,67,0.5,0.2537313432835821,RandomForest,0.44166666666666665,0.13333333333333333,0.15384615384615385,0.11764705882352941,0.44882352941176473,0.2687181596714734,0.516470588235294,0.21678334015755782,-1.025695830280551,0.08868267917848428
COVID-19,2,2,44,2116,SMOTE,402,67,0.5,0.2537313432835821,CatBoost,0.44823529411764707,0.17647058823529413,0.17647058823529413,0.17647058823529413,0.44823529411764707,0.32700560444975296,0.5435294117647058,0.23808118470429362,-0.9551223051588141,0.11736604088681599
COVID-19,2,2,44,2116,Standard CTGAN,402,67,0.5,0.2537313432835821,LogisticRegression,0.5117408906882591,0.3076923076923077,0.2727272727272727,0.35294117647058826,0.5164705882352941,0.283317911978725,0.4858823529411765,0.2580918875681077,-1.072898501460489,0.029407650672126202
COVID-19,2,2,44,2116,Standard CTGAN,402,67,0.5,0.2537313432835821,RandomForest,0.4302721088435374,0.16666666666666666,0.15789473684210525,0.17647058823529413,0.4282352941176471,0.2920110725484688,0.4694117647058823,0.2366976493678732,-1.0694867686363692,0.03374353894623792
COVID-19,2,2,44,2116,Standard CTGAN,402,67,0.5,0.2537313432835821,CatBoost,0.49744974497449745,0.24242424242424243,0.25,0.23529411764705882,0.49764705882352944,0.2990553062221089,0.48705882352941177,0.2389276255472077,-1.0555623502146907,0.037920826188867426
COVID-19,2,2,44,2116,SepAware CTGAN,402,67,0.5,0.2537313432835821,LogisticRegression,0.5010638297872341,0.3,0.2608695652173913,0.35294117647058826,0.5064705882352941,0.29163754823568794,0.5011764705882353,0.2668689758880529,-1.0321944842817847,0.05627779368326054
COVID-19,2,2,44,2116,SepAware CTGAN,402,67,0.5,0.2537313432835821,RandomForest,0.5073529411764706,0.25,0.26666666666666666,0.23529411764705882,0.5076470588235295,0.29959798528664394,0.4941176470588235,0.229707296156595,-1.0369168915895233,0.09667436727138656
COVID-19,2,2,44,2116,SepAware CTGAN,402,67,0.5,0.2537313432835821,CatBoost,0.45724572457245727,0.18181818181818182,0.1875,0.17647058823529413,0.4582352941176471,0.3203297078313057,0.536470588235294,0.24036631537095798,-0.9505151469710166,0.14285631885548394
COVID-19,2,2,44,2116,Standard TVAE,402,67,0.5,0.2537313432835821,LogisticRegression,0.5593485750078296,0.3225806451612903,0.35714285714285715,0.29411764705882354,0.5570588235294117,0.3429797745337544,0.5976470588235294,0.2280445565986596,-0.8786447617767267,0.17250018777152643
COVID-19,2,2,44,2116,Standard TVAE,402,67,0.5,0.2537313432835821,RandomForest,0.47105263157894733,0.1,0.3333333333333333,0.058823529411764705,0.5094117647058823,0.3062906309011986,0.5270588235294118,0.20096265520460224,-0.7623190261078424,0.3399295388579982
COVID-19,2,2,44,2116,Standard TVAE,402,67,0.5,0.2537313432835821,CatBoost,0.46659743856005537,0.14814814814814814,0.2,0.11764705882352941,0.4788235294117647,0.3066929731051067,0.5635294117647058,0.24666522734653792,-0.9082379284982158,0.1263793164266311
COVID-19,2,2,44,2116,SepAware TVAE,402,67,0.5,0.2537313432835821,LogisticRegression,0.5275641025641026,0.26666666666666666,0.3076923076923077,0.23529411764705882,0.5276470588235294,0.3433198032006353,0.5952941176470589,0.23237116065174018,-0.9087034422896315,0.14502070782431867
COVID-19,2,2,44,2116,SepAware TVAE,402,67,0.5,0.2537313432835821,RandomForest,0.47105263157894733,0.1,0.3333333333333333,0.058823529411764705,0.5094117647058823,0.3002149578000207,0.52,0.19761314999716764,-0.7058769855461452,0.3865805026023913
COVID-19,2,2,44,2116,SepAware TVAE,402,67,0.5,0.2537313432835821,CatBoost,0.46659743856005537,0.14814814814814814,0.2,0.11764705882352941,0.4788235294117647,0.3497367365651036,0.5458823529411765,0.2346140614581321,-0.8897312606396357,0.1279498049031964
COVID-19,2,3,44,2153,Real only,267,67,0.24719101123595505,0.2537313432835821,LogisticRegression,0.5705128205128205,0.3076923076923077,0.4444444444444444,0.23529411764705882,0.5676470588235294,0.44713929872761504,0.6388235294117647,0.19110481393009227,-0.49855483382330756,0.4015982269381071
COVID-19,2,3,44,2153,Real only,267,67,0.24719101123595505,0.2537313432835821,RandomForest,0.42735042735042733,0.0,0.0,0.0,0.5,0.32471286624290235,0.6364705882352941,0.18345408038651564,-0.14020288873062772,0.8507917316628452
COVID-19,2,3,44,2153,Real only,267,67,0.24719101123595505,0.2537313432835821,CatBoost,0.6057459328487366,0.37037037037037035,0.5,0.29411764705882354,0.5970588235294118,0.4360067513029344,0.6729411764705882,0.18798309024255444,-0.45606717128392127,0.49309606814928997
COVID-19,2,3,44,2153,Class weighting,267,67,0.24719101123595505,0.2537313432835821,LogisticRegression,0.5255704169944926,0.34146341463414637,0.2916666666666667,0.4117647058823529,0.5358823529411765,0.43434013163783164,0.6470588235294118,0.23476595608765916,-0.9307485445404887,0.3692917851529546
COVID-19,2,3,44,2153,Class weighting,267,67,0.24719101123595505,0.2537313432835821,RandomForest,0.5270588235294118,0.29411764705882354,0.29411764705882354,0.29411764705882354,0.5270588235294118,0.2991891607386653,0.6070588235294118,0.2124082791293066,-0.8359810419343248,0.6347270941351486
COVID-19,2,3,44,2153,Class weighting,267,67,0.24719101123595505,0.2537313432835821,CatBoost,0.5491718426501035,0.38095238095238093,0.32,0.47058823529411764,0.5652941176470588,0.3393685072170942,0.6011764705882353,0.24325887157479442,-0.8861036263744232,0.30921828118442385
COVID-19,2,3,44,2153,Random oversampling,402,67,0.5,0.2537313432835821,LogisticRegression,0.5144927536231884,0.3333333333333333,0.28,0.4117647058823529,0.5258823529411765,0.411348626550837,0.6223529411764707,0.23971733587630992,-0.9287016254423346,0.3306254012906689
COVID-19,2,3,44,2153,Random oversampling,402,67,0.5,0.2537313432835821,RandomForest,0.5607133490689746,0.3902439024390244,0.3333333333333333,0.47058823529411764,0.5752941176470588,0.32756119825453844,0.6435294117647059,0.21506792625687493,-0.8775534432372232,0.6198971619804451
COVID-19,2,3,44,2153,Random oversampling,402,67,0.5,0.2537313432835821,CatBoost,0.49042748492001054,0.2926829268292683,0.25,0.35294117647058826,0.4964705882352941,0.41840677379953467,0.66,0.22809861150204547,-0.8661477380251191,0.37505230516569776
COVID-19,2,3,44,2153,Random undersampling,132,67,0.5,0.2537313432835821,LogisticRegression,0.48062015503875966,0.3333333333333333,0.25806451612903225,0.47058823529411764,0.5052941176470589,0.4764197714327073,0.5788235294117647,0.29885785329832687,-1.0897676717789133,0.229290430908508
COVID-19,2,3,44,2153,Random undersampling,132,67,0.5,0.2537313432835821,RandomForest,0.5161891451199627,0.41509433962264153,0.3055555555555556,0.6470588235294118,0.5735294117647058,0.2716393261843322,0.548235294117647,0.2585810554184527,-1.0947522545379762,0.41180693066759777
COVID-19,2,3,44,2153,Random undersampling,132,67,0.5,0.2537313432835821,CatBoost,0.552819332566168,0.4727272727272727,0.34210526315789475,0.7647058823529411,0.6323529411764706,0.3397638181320533,0.6364705882352941,0.28785718696069823,-1.1252280956511396,0.2849806555391361
COVID-19,2,3,44,2153,SMOTE,402,67,0.5,0.2537313432835821,LogisticRegression,0.5129802699896158,0.2222222222222222,0.3,0.17647058823529413,0.518235294117647,0.39518170434042954,0.6023529411764705,0.20209048489057393,-0.685437626800712,0.30785158493036785
COVID-19,2,3,44,2153,SMOTE,402,67,0.5,0.2537313432835821,RandomForest,0.4754149702474162,0.1935483870967742,0.21428571428571427,0.17647058823529413,0.4782352941176471,0.3058670690045758,0.5341176470588236,0.22210526371208747,-0.9640120846178561,0.1729390390245069
COVID-19,2,3,44,2153,SMOTE,402,67,0.5,0.2537313432835821,CatBoost,0.48461538461538467,0.2,0.23076923076923078,0.17647058823529413,0.4882352941176471,0.26972529550798763,0.548235294117647,0.2352476788850228,-0.8926348260844037,0.15158115872795488
COVID-19,2,3,44,2153,Standard CTGAN,402,67,0.5,0.2537313432835821,LogisticRegression,0.5442176870748299,0.3333333333333333,0.3157894736842105,0.35294117647058826,0.5464705882352942,0.27469647816702125,0.49411764705882355,0.2599378386736987,-1.1107778765711385,-0.061305995561052366
COVID-19,2,3,44,2153,Standard CTGAN,402,67,0.5,0.2537313432835821,RandomForest,0.4939244663382594,0.20689655172413793,0.25,0.17647058823529413,0.49823529411764705,0.27074757279096223,0.46705882352941175,0.22938379775184564,-1.1395845979703414,-0.138876953766891
COVID-19,2,3,44,2153,Standard CTGAN,402,67,0.5,0.2537313432835821,CatBoost,0.4392496392496392,0.17142857142857143,0.16666666666666666,0.17647058823529413,0.43823529411764706,0.32149601851000476,0.536470588235294,0.2472446144013543,-0.9825560083975265,0.15460519883056445
COVID-19,2,3,44,2153,SepAware CTGAN,402,67,0.5,0.2537313432835821,LogisticRegression,0.5165945165945166,0.2857142857142857,0.2777777777777778,0.29411764705882354,0.5170588235294118,0.3393165253070112,0.6023529411764705,0.22914786374427595,-0.8091530045329588,0.26119360228017263
COVID-19,2,3,44,2153,SepAware CTGAN,402,67,0.5,0.2537313432835821,RandomForest,0.5073529411764706,0.25,0.26666666666666666,0.23529411764705882,0.5076470588235295,0.3448661529729327,0.5894117647058823,0.2217810497810688,-0.9034285242125705,0.4018390987726638
COVID-19,2,3,44,2153,SepAware CTGAN,402,67,0.5,0.2537313432835821,CatBoost,0.5010638297872341,0.3,0.2608695652173913,0.35294117647058826,0.5064705882352941,0.3536876287501548,0.6047058823529412,0.2326493432892768,-0.88093346387819,0.26898555212604897
COVID-19,2,3,44,2153,Standard TVAE,402,67,0.5,0.2537313432835821,LogisticRegression,0.5705128205128205,0.3076923076923077,0.4444444444444444,0.23529411764705882,0.5676470588235294,0.4018537218322351,0.591764705882353,0.21014178224653243,-0.6844702196434038,0.24743619554227217
COVID-19,2,3,44,2153,Standard TVAE,402,67,0.5,0.2537313432835821,RandomForest,0.49242424242424243,0.16666666666666666,0.2857142857142857,0.11764705882352941,0.5088235294117647,0.3394557184572588,0.5694117647058823,0.20459698325394798,-0.7435587362023085,0.3904045008804391
COVID-19,2,3,44,2153,Standard TVAE,402,67,0.5,0.2537313432835821,CatBoost,0.45724572457245727,0.18181818181818182,0.1875,0.17647058823529413,0.4582352941176471,0.3211846267047923,0.5435294117647058,0.253969900301584,-0.890818869639963,0.12629678989388055
COVID-19,2,3,44,2153,SepAware TVAE,402,67,0.5,0.2537313432835821,LogisticRegression,0.5593631014191762,0.2962962962962963,0.4,0.23529411764705882,0.5576470588235294,0.4011413886924561,0.5811764705882352,0.21140652487312378,-0.6916672145486582,0.24488358393029644
COVID-19,2,3,44,2153,SepAware TVAE,402,67,0.5,0.2537313432835821,RandomForest,0.44888366627497067,0.08695652173913043,0.16666666666666666,0.058823529411764705,0.47941176470588237,0.27558801608824174,0.5541176470588235,0.20949376825750723,-0.8554117070327836,0.22651430276980733
COVID-19,2,3,44,2153,SepAware TVAE,402,67,0.5,0.2537313432835821,CatBoost,0.48461538461538467,0.2,0.23076923076923078,0.17647058823529413,0.4882352941176471,0.30106679803489755,0.5800000000000001,0.23150958780915057,-0.8182871864823101,0.19675329419809204
COVID-19,2,4,44,2190,Real only,268,66,0.25,0.24242424242424243,LogisticRegression,0.5416666666666667,0.25,0.375,0.1875,0.54375,0.3257513886766692,0.58375,0.20519311680500943,-0.9575887441480258,0.15822537680320495
COVID-19,2,4,44,2190,Real only,268,66,0.25,0.24242424242424243,RandomForest,0.43103448275862066,0.0,0.0,0.0,0.5,0.32964064577638996,0.5587500000000001,0.1846358154494748,-0.5872852107112538,0.483319012909231
COVID-19,2,4,44,2190,Real only,268,66,0.25,0.24242424242424243,CatBoost,0.4,0.0,0.0,0.0,0.44,0.24014506008027986,0.495,0.22257953945110334,-1.1702867129395105,-0.018651803456182756
COVID-19,2,4,44,2190,Class weighting,268,66,0.25,0.24242424242424243,LogisticRegression,0.4848780487804878,0.36,0.2647058823529412,0.5625,0.53125,0.36328629803372414,0.6024999999999999,0.26769280668159445,-1.1312525436714136,0.19807144050069517
COVID-19,2,4,44,2190,Class weighting,268,66,0.25,0.24242424242424243,RandomForest,0.5353535353535354,0.30303030303030304,0.29411764705882354,0.3125,0.53625,0.3210459024654553,0.5475,0.21714727696902397,-0.9947403630491807,0.3401648817271622
COVID-19,2,4,44,2190,Class weighting,268,66,0.25,0.24242424242424243,CatBoost,0.4270833333333333,0.16666666666666666,0.15,0.1875,0.42375,0.24651279343664942,0.49125,0.2559823801558454,-1.1559641301945147,-0.016706016742519633
COVID-19,2,4,44,2190,Random oversampling,402,66,0.5,0.24242424242424243,LogisticRegression,0.49692648143594786,0.3673469387755102,0.2727272727272727,0.5625,0.54125,0.3444754290342401,0.5825,0.27237307447785314,-1.1259499337418746,0.17452585717319985
COVID-19,2,4,44,2190,Random oversampling,402,66,0.5,0.24242424242424243,RandomForest,0.5994889811561801,0.3870967741935484,0.4,0.375,0.5974999999999999,0.33310458538448906,0.5637500000000001,0.21605932933503452,-0.9880960004645546,0.3567397559460286
COVID-19,2,4,44,2190,Random oversampling,402,66,0.5,0.24242424242424243,CatBoost,0.5254901960784314,0.26666666666666666,0.2857142857142857,0.25,0.525,0.27243568153390574,0.49749999999999994,0.2429821856076456,-1.1592349122368772,-0.015341773773140345
COVID-19,2,4,44,2190,Random undersampling,134,66,0.5,0.24242424242424243,LogisticRegression,0.46057692307692305,0.34615384615384615,0.25,0.5625,0.51125,0.3621801963729918,0.60375,0.2939009533871144,-1.162671221401367,0.2107673476582636
COVID-19,2,4,44,2190,Random undersampling,134,66,0.5,0.24242424242424243,RandomForest,0.45454545454545453,0.2727272727272727,0.21428571428571427,0.375,0.4675,0.3156850574193472,0.52875,0.245769135296786,-1.111443742428524,0.44338230491139924
COVID-19,2,4,44,2190,Random undersampling,134,66,0.5,0.24242424242424243,CatBoost,0.46447012539955745,0.32653061224489793,0.24242424242424243,0.5,0.5,0.26238004879008764,0.46624999999999994,0.3466294017604877,-1.1429543610459558,-0.03147269993178591
COVID-19,2,4,44,2190,SMOTE,402,66,0.5,0.24242424242424243,LogisticRegression,0.505,0.25,0.25,0.25,0.505,0.33372944574504615,0.5862499999999999,0.21667921458194883,-0.9758164473674906,0.17198217218353284
COVID-19,2,4,44,2190,SMOTE,402,66,0.5,0.24242424242424243,RandomForest,0.49179779042517574,0.20689655172413793,0.23076923076923078,0.1875,0.49375,0.2907063446867679,0.46625,0.23008275504037218,-1.135779116613176,0.005565338268488491
COVID-19,2,4,44,2190,SMOTE,402,66,0.5,0.24242424242424243,CatBoost,0.4308527626956244,0.12903225806451613,0.13333333333333333,0.125,0.4325,0.2419572370841463,0.4775,0.24917831168587287,-1.2506527056279004,-0.07797067156112276
COVID-19,2,4,44,2190,Standard CTGAN,402,66,0.5,0.24242424242424243,LogisticRegression,0.5195968645016797,0.3157894736842105,0.2727272727272727,0.375,0.5275000000000001,0.29631583135916195,0.47000000000000003,0.26686753531562957,-1.1371947917093541,0.008403866376382563
COVID-19,2,4,44,2190,Standard CTGAN,402,66,0.5,0.24242424242424243,RandomForest,0.4652777777777778,0.2222222222222222,0.2,0.25,0.465,0.2847641854641024,0.44,0.24358876801270066,-1.205832848336285,-0.19148542400897006
COVID-19,2,4,44,2190,Standard CTGAN,402,66,0.5,0.24242424242424243,CatBoost,0.4308527626956244,0.12903225806451613,0.13333333333333333,0.125,0.4325,0.2679220598857942,0.41875000000000007,0.2618264375232375,-1.2502433651867546,-0.1595438950605119
COVID-19,2,4,44,2190,SepAware CTGAN,402,66,0.5,0.24242424242424243,LogisticRegression,0.5416666666666666,0.3333333333333333,0.3,0.375,0.5475,0.3095895978888772,0.5825,0.23991487608277273,-1.045606303617611,0.15719656613147934
COVID-19,2,4,44,2190,SepAware CTGAN,402,66,0.5,0.24242424242424243,RandomForest,0.47229114971050457,0.2564102564102564,0.21739130434782608,0.3125,0.47625,0.23902567694110866,0.45625000000000004,0.249495337151356,-1.2017259538310396,-0.13901019556055041
COVID-19,2,4,44,2190,SepAware CTGAN,402,66,0.5,0.24242424242424243,CatBoost,0.3737373737373737,0.06060606060606061,0.058823529411764705,0.0625,0.37125,0.23778179276665723,0.4362499999999999,0.2772855959468194,-1.2587575141868912,-0.11907789545413673
COVID-19,2,4,44,2190,Standard TVAE,402,66,0.5,0.24242424242424243,LogisticRegression,0.5573299265410412,0.3225806451612903,0.3333333333333333,0.3125,0.55625,0.29748154947239,0.59625,0.22388653685727394,-0.9693288771417685,0.1676342619859745
COVID-19,2,4,44,2190,Standard TVAE,402,66,0.5,0.24242424242424243,RandomForest,0.4560439560439561,0.14285714285714285,0.16666666666666666,0.125,0.4625,0.3183449642126894,0.49875,0.21236647959228094,-1.0405361195947687,0.12378126389814982
COVID-19,2,4,44,2190,Standard TVAE,402,66,0.5,0.24242424242424243,CatBoost,0.54625,0.3125,0.3125,0.3125,0.54625,0.2853999323582622,0.53125,0.2277576624459346,-1.1211466975318618,0.010850123007975825
COVID-19,2,4,44,2190,SepAware TVAE,402,66,0.5,0.24242424242424243,LogisticRegression,0.5359892869099431,0.27586206896551724,0.3076923076923077,0.25,0.5349999999999999,0.2872843540437509,0.57375,0.2293495469994401,-1.008485212365143,0.124102188931835
COVID-19,2,4,44,2190,SepAware TVAE,402,66,0.5,0.24242424242424243,RandomForest,0.3944954128440367,0.0,0.0,0.0,0.43,0.23506078333997188,0.49,0.21344848217055018,-1.2024637295214435,-0.07131659592976321
COVID-19,2,4,44,2190,SepAware TVAE,402,66,0.5,0.24242424242424243,CatBoost,0.4034147974556411,0.06896551724137931,0.07692307692307693,0.0625,0.41125,0.25212145663102364,0.48625,0.25058856765311305,-1.2209077721133776,-0.04590211540311355
Vigitel,0,0,42,42,Real only,4000,1000,0.17025,0.17,LogisticRegression,0.45325314379442316,0.0,0.0,0.0,0.49939759036144576,0.26365824637065427,0.6519525159461376,0.13546027058947713,-0.17871972200443934,0.9031947955438263
Vigitel,0,0,42,42,Real only,4000,1000,0.17025,0.17,RandomForest,0.46385017556582403,0.022598870056497175,0.2857142857142857,0.011764705882352941,0.5028703047484054,0.2777851445666994,0.6712650602409638,0.13449428054821272,-0.3011658105227975,0.8012308295582682
Vigitel,0,0,42,42,Real only,4000,1000,0.17025,0.17,CatBoost,0.4801677969994802,0.054945054945054944,0.4166666666666667,0.029411764705882353,0.5104890148830616,0.2944750764142525,0.6832778171509567,0.1332143102521306,-0.22335852125442532,0.8560853337897679
Vigitel,0,0,42,42,Class weighting,4000,1000,0.17025,0.17,LogisticRegression,0.5631666127989657,0.3639705882352941,0.2647058823529412,0.5823529411764706,0.6255138199858257,0.2682687993578906,0.6603295535081504,0.23446987646643833,-1.6136240968225541,0.906098093019875
Vigitel,0,0,42,42,Class weighting,4000,1000,0.17025,0.17,RandomForest,0.5709794928197568,0.271523178807947,0.3106060606060606,0.2411764705882353,0.5657689581856838,0.2690712918341366,0.6688483345145286,0.16183228415694745,-1.0376530400729442,0.7628107798266763
Vigitel,0,0,42,42,Class weighting,4000,1000,0.17025,0.17,CatBoost,0.5572747043747324,0.3717728055077453,0.26277372262773724,0.6352941176470588,0.6351169383416017,0.28844203905525334,0.6794790928419561,0.21492669605399575,-1.484100563582833,0.7744356064319017
Vigitel,0,0,42,42,Random oversampling,6638,1000,0.5,0.17,LogisticRegression,0.5611364789446982,0.3592592592592593,0.26216216216216215,0.5705882352941176,0.6208362863217576,0.27128171922267685,0.660797306874557,0.2344894185267116,-1.6153089063675805,0.9123876768923329
Vigitel,0,0,42,42,Random oversampling,6638,1000,0.5,0.17,RandomForest,0.5755480136890205,0.2949852507374631,0.2958579881656805,0.29411764705882354,0.5753720765414599,0.2712845664625009,0.660272856130404,0.1691988208762969,-1.1441562269747134,0.6555835818428833
Vigitel,0,0,42,42,Random oversampling,6638,1000,0.5,0.17,CatBoost,0.562330496586552,0.3675675675675676,0.2649350649350649,0.6,0.6295180722891567,0.2839316523063391,0.6701169383416017,0.21027857945897893,-1.4422394852669949,0.6730411471829195
Vigitel,0,0,42,42,Random undersampling,1362,1000,0.5,0.17,LogisticRegression,0.5570162196407624,0.36298932384341637,0.2602040816326531,0.6,0.6253012048192771,0.2571683791682684,0.6506839121190645,0.23598706231665004,-1.6032728200024078,0.8526307043748038
Vigitel,0,0,42,42,Random undersampling,1362,1000,0.5,0.17,RandomForest,0.5312016479532218,0.35962145110410093,0.24568965517241378,0.6705882352941176,0.6244507441530829,0.2614956837364523,0.6721155209071581,0.23566244518872367,-1.613583912648953,0.8233403563138711
Vigitel,0,0,42,42,Random undersampling,1362,1000,0.5,0.17,CatBoost,0.5333818181818182,0.3584,0.24615384615384617,0.6588235294117647,0.6227852586817859,0.2507782508897417,0.6594223954642098,0.2375736403728598,-1.5879768950708328,0.6276267675370903
Vigitel,0,0,42,42,SMOTE,6638,1000,0.5,0.17,LogisticRegression,0.4952342002778054,0.27768014059753954,0.19799498746867167,0.4647058823529412,0.5395818568391212,0.20359852272088938,0.5653543586109143,0.24278161557465763,-1.5330464059469007,0.23859853963822075
Vigitel,0,0,42,42,SMOTE,6638,1000,0.5,0.17,RandomForest,0.5000499950005,0.1095890410958904,0.24489795918367346,0.07058823529411765,0.5130049610205528,0.23141900803020907,0.6181892274982282,0.15162040458653184,-0.9914962683181283,0.5348190436772591
Vigitel,0,0,42,42,SMOTE,6638,1000,0.5,0.17,CatBoost,0.4873777039455469,0.07881773399014778,0.24242424242424243,0.047058823529411764,0.5084691708008504,0.24021387480470424,0.6482530120481927,0.1465408268234701,-0.8567354654358078,0.6360882799943807
Vigitel,0,0,42,42,Standard CTGAN,6638,1000,0.5,0.17,LogisticRegression,0.5037506007229571,0.26356589147286824,0.19653179190751446,0.4,0.5325301204819277,0.20062439788815184,0.568408929836995,0.23063067976413484,-1.5272045862944048,0.34772625877327124
Vigitel,0,0,42,42,Standard CTGAN,6638,1000,0.5,0.17,RandomForest,0.5108571428571428,0.144,0.225,0.10588235294117647,0.5155917788802268,0.235841677500672,0.5988979447200566,0.15787406617510905,-1.0990094870304659,0.4758888870781866
Vigitel,0,0,42,42,Standard CTGAN,6638,1000,0.5,0.17,CatBoost,0.49604578944849387,0.09137055837563451,0.3333333333333333,0.052941176470588235,0.5156272147413182,0.2459228487859355,0.6300070871722182,0.14266468873574614,-0.7598176562825922,0.6296328388438563
Vigitel,0,0,42,42,SepAware CTGAN,6638,1000,0.5,0.17,LogisticRegression,0.526379168745056,0.31135531135531136,0.22606382978723405,0.5,0.5746987951807229,0.23921074803706693,0.5930581148121898,0.24084661831590182,-1.5593030106675916,0.48660592009906345
Vigitel,0,0,42,42,SepAware CTGAN,6638,1000,0.5,0.17,RandomForest,0.5473421926910299,0.22142857142857142,0.2818181818181818,0.18235294117647058,0.5435861091424521,0.2361474692795592,0.6110595322466337,0.1627784681483501,-1.152786964321398,0.45326073683469015
Vigitel,0,0,42,42,SepAware CTGAN,6638,1000,0.5,0.17,CatBoost,0.5225045673476167,0.14814814814814814,0.34782608695652173,0.09411764705882353,0.5289865343727853,0.25698356452154847,0.6339652728561304,0.14422347108405925,-0.8203383857538753,0.6038827791079259
Vigitel,0,0,42,42,Standard TVAE,6638,1000,0.5,0.17,LogisticRegression,0.5331946646896087,0.23163841807909605,0.22282608695652173,0.2411764705882353,0.5344436569808646,0.21076164418470292,0.5580049610205529,0.19279907032541413,-1.3944997381489306,0.13513680127564326
Vigitel,0,0,42,42,Standard TVAE,6638,1000,0.5,0.17,RandomForest,0.45765191169953295,0.011299435028248588,0.14285714285714285,0.0058823529411764705,0.4993267186392629,0.25050175367154537,0.6504287739192062,0.13802894634883378,-0.5143010369407256,0.682604625171856
Vigitel,0,0,42,42,Standard TVAE,6638,1000,0.5,0.17,CatBoost,0.48193876458313434,0.06282722513089005,0.2857142857142857,0.03529411764705882,0.5086109142452162,0.26167856707552184,0.666169383416017,0.1376032200815044,-0.5007044297518775,0.6899750979306014
Vigitel,0,0,42,42,SepAware TVAE,6638,1000,0.5,0.17,LogisticRegression,0.5213123571332526,0.20298507462686566,0.20606060606060606,0.2,0.5210843373493976,0.19481749244737337,0.5441920623671155,0.18612967473072445,-1.4105961910458185,0.11472150706422725
Vigitel,0,0,42,42,SepAware TVAE,6638,1000,0.5,0.17,RandomForest,0.452354874041621,0.0,0.0,0.0,0.4975903614457831,0.2655137899523876,0.6691743444365698,0.13531468048130074,-0.3103013181473634,0.8022392935215742
Vigitel,0,0,42,42,SepAware TVAE,6638,1000,0.5,0.17,CatBoost,0.47659203256760685,0.05263157894736842,0.25,0.029411764705882353,0.5056697377746279,0.268931884603806,0.6718745570517364,0.13688289093875305,-0.48946117566915054,0.6854704575827959
Vigitel,0,1,42,79,Real only,4000,1000,0.17025,0.17,LogisticRegression,0.453551912568306,0.0,0.0,0.0,0.5,0.28072534230618695,0.6426222537207654,0.1354423642331397,-0.2237137690272163,0.8480085437530178
Vigitel,0,1,42,79,Real only,4000,1000,0.17025,0.17,RandomForest,0.4642145135566188,0.022727272727272728,0.3333333333333333,0.011764705882352941,0.5034727143869596,0.2881842967192638,0.6555846917080085,0.13545616446100925,-0.4696914977640248,0.6831991457959316
Vigitel,0,1,42,79,Real only,4000,1000,0.17025,0.17,CatBoost,0.4866950756137639,0.06629834254143646,0.5454545454545454,0.03529411764705882,0.5146350106307583,0.2925244470696245,0.674528703047484,0.13387520503516898,-0.3080761924519708,0.7782821582633445
Vigitel,0,1,42,79,Class weighting,4000,1000,0.17025,0.17,LogisticRegression,0.5638533229501436,0.34970530451866405,0.26253687315634217,0.5235294117647059,0.6111622962437988,0.27983449992512227,0.6431963146704465,0.22888507046575926,-1.563015951313644,0.8043609833342891
Vigitel,0,1,42,79,Class weighting,4000,1000,0.17025,0.17,RandomForest,0.5882811822830891,0.3132530120481928,0.32098765432098764,0.3058823529411765,0.5866761162296243,0.2887401177476501,0.6561304039688165,0.1624847419128253,-1.0692879325985405,0.6903978132272848
Vigitel,0,1,42,79,Class weighting,4000,1000,0.17025,0.17,CatBoost,0.5540963351202695,0.35611510791366907,0.25647668393782386,0.5823529411764706,0.6182849043231751,0.2970378193202494,0.6762154500354358,0.2117455356722407,-1.4622928581241588,0.7404537972592735
Vigitel,0,1,42,79,Random oversampling,6638,1000,0.5,0.17,LogisticRegression,0.5630757870944009,0.34592445328031807,0.26126126126126126,0.5117647058823529,0.6076895818568391,0.28534947038618924,0.6408858965272857,0.22834941956865612,-1.5598701510436175,0.7814155045701343
Vigitel,0,1,42,79,Random oversampling,6638,1000,0.5,0.17,RandomForest,0.5767081623414085,0.3129973474801061,0.28502415458937197,0.34705882352941175,0.5843727852586817,0.28743994558194186,0.6483557760453579,0.1723915578785838,-1.1875175336837556,0.5921623822644139
Vigitel,0,1,42,79,Random oversampling,6638,1000,0.5,0.17,CatBoost,0.5748629970084872,0.3716475095785441,0.2755681818181818,0.5705882352941176,0.6316796598157335,0.3087604765743399,0.6747058823529412,0.20640288366554657,-1.4291248659179585,0.7056831643048742
Vigitel,0,1,42,79,Random undersampling,1362,1000,0.5,0.17,LogisticRegression,0.551894288736394,0.3359073359073359,0.25,0.5117647058823529,0.5986534372785258,0.28369876047257186,0.6417505315379164,0.22873132403169702,-1.5633386616957763,0.8647713542573582
Vigitel,0,1,42,79,Random undersampling,1362,1000,0.5,0.17,RandomForest,0.5496567505720824,0.3582608695652174,0.254320987654321,0.6058823529411764,0.6210134656272147,0.2858790202021094,0.6686250885896527,0.22402453581912493,-1.5479755252627028,0.9120002725387902
Vigitel,0,1,42,79,Random undersampling,1362,1000,0.5,0.17,CatBoost,0.5589354349332829,0.3745704467353952,0.2645631067961165,0.6411764705882353,0.63805811481219,0.28617831753869827,0.6754429482636428,0.22329666322255362,-1.538565006045146,0.7385238808242243
Vigitel,0,1,42,79,SMOTE,6638,1000,0.5,0.17,LogisticRegression,0.5163654677445759,0.30018083182640143,0.21671018276762402,0.48823529411764705,0.5633947554925585,0.2044238426628048,0.5816867469879518,0.23555191824550278,-1.51692885327803,0.2510516307039653
Vigitel,0,1,42,79,SMOTE,6638,1000,0.5,0.17,RandomForest,0.4949223026415307,0.1004566210045662,0.22448979591836735,0.06470588235294118,0.5094613749114104,0.24742199918212843,0.6241247342310419,0.14951990524257974,-0.9569588163841074,0.5505013753519921
Vigitel,0,1,42,79,SMOTE,6638,1000,0.5,0.17,CatBoost,0.4923359098650596,0.08823529411764706,0.2647058823529412,0.052941176470588235,0.5114103472714386,0.25541086542863023,0.6651842664776754,0.1419333597627342,-0.7236144052900961,0.7151104765074872
Vigitel,0,1,42,79,Standard CTGAN,6638,1000,0.5,0.17,LogisticRegression,0.49239165774603905,0.2533081285444234,0.18662952646239556,0.3941176470588235,0.5211552090715804,0.1946000151361511,0.5355067328136073,0.2300872586123902,-1.528148488110735,0.2136838238592371
Vigitel,0,1,42,79,Standard CTGAN,6638,1000,0.5,0.17,RandomForest,0.4956215659340659,0.09615384615384616,0.2631578947368421,0.058823529411764705,0.5125442948263642,0.22409287857366425,0.6134514528703048,0.14952396048909525,-0.9836718481893075,0.49176629753144196
Vigitel,0,1,42,79,Standard CTGAN,6638,1000,0.5,0.17,CatBoost,0.4720246821087157,0.0427807486631016,0.23529411764705882,0.023529411764705882,0.5039333805811481,0.26613193331145196,0.6542097802976612,0.13821576819224948,-0.5518773424851509,0.7356411212789996
Vigitel,0,1,42,79,SepAware CTGAN,6638,1000,0.5,0.17,LogisticRegression,0.5341492301618634,0.3058823529411765,0.22941176470588234,0.4588235294117647,0.5715804394046775,0.2124508385138241,0.5943231750531538,0.22089527959770647,-1.4731291669452842,0.3446423361415069
Vigitel,0,1,42,79,SepAware CTGAN,6638,1000,0.5,0.17,RandomForest,0.5040174585854578,0.11764705882352941,0.2549019607843137,0.07647058823529412,0.5153437278525869,0.23950189328669558,0.6357051736357193,0.1466777981149089,-0.8857610133740356,0.5626452096638721
Vigitel,0,1,42,79,SepAware CTGAN,6638,1000,0.5,0.17,CatBoost,0.4888888888888889,0.08,0.26666666666666666,0.047058823529411764,0.5102763997165131,0.2663699471296277,0.6710524450744153,0.13794747781255554,-0.5528889975753158,0.7294803136135726
Vigitel,0,1,42,79,Standard TVAE,6638,1000,0.5,0.17,LogisticRegression,0.5628364597961212,0.27299703264094954,0.2754491017964072,0.27058823529411763,0.5624025513819986,0.2468218535675603,0.6118426647767541,0.172655434513596,-1.2570304696640686,0.22696914796526999
Vigitel,0,1,42,79,Standard TVAE,6638,1000,0.5,0.17,RandomForest,0.46385017556582403,0.022598870056497175,0.2857142857142857,0.011764705882352941,0.5028703047484054,0.28780727448698257,0.6612402551381998,0.1353591577277219,-0.46529446507121236,0.7111678407211791
Vigitel,0,1,42,79,Standard TVAE,6638,1000,0.5,0.17,CatBoost,0.49670422443744516,0.0970873786407767,0.2777777777777778,0.058823529411764705,0.5137491141034727,0.276498348125639,0.6702409638554216,0.1381175374688225,-0.5791636957206997,0.6233801535211962
Vigitel,0,1,42,79,SepAware TVAE,6638,1000,0.5,0.17,LogisticRegression,0.5580305842835676,0.25925925925925924,0.2727272727272727,0.24705882352941178,0.5560595322466336,0.24587170436426065,0.6233026222537208,0.16857154340193575,-1.1870632395448608,0.25971496324600124
Vigitel,0,1,42,79,SepAware TVAE,6638,1000,0.5,0.17,RandomForest,0.46348622947988993,0.02247191011235955,0.25,0.011764705882352941,0.5022678951098511,0.2811403583920343,0.6558752657689583,0.13567239158221822,-0.4686750945884854,0.6909137794341741
Vigitel,0,1,42,79,SepAware TVAE,6638,1000,0.5,0.17,CatBoost,0.506353021978022,0.11538461538461539,0.3157894736842105,0.07058823529411765,0.5196314670446492,0.26334027933659265,0.6664351523742027,0.14077329772248154,-0.6854505090207512,0.5455589837387894
Vigitel,0,2,42,116,Real only,4000,1000,0.17025,0.17,LogisticRegression,0.45325314379442316,0.0,0.0,0.0,0.49939759036144576,0.2371760383806199,0.6353012048192771,0.13897188034477073,-0.45855142462245096,0.6873273618338617
Vigitel,0,2,42,116,Real only,4000,1000,0.17025,0.17,RandomForest,0.457319404531383,0.011235955056179775,0.125,0.0058823529411764705,0.4987243090007087,0.25688912856684365,0.6701842664776754,0.13655378002533508,-0.41869891875770116,0.7035669385345804
Vigitel,0,2,42,116,Real only,4000,1000,0.17025,0.17,CatBoost,0.46348622947988993,0.02247191011235955,0.25,0.011764705882352941,0.5022678951098511,0.2741960883552337,0.6798688873139618,0.1346480526013918,-0.3451877485067558,0.7471203930708014
Vigitel,0,2,42,116,Class weighting,4000,1000,0.17025,0.17,LogisticRegression,0.5743451964650121,0.35343035343035345,0.2733118971061093,0.5,0.613855421686747,0.23697657971620936,0.6389581856839122,0.22984615521695365,-1.5475628070163827,0.6685802014886272
Vigitel,0,2,42,116,Class weighting,4000,1000,0.17025,0.17,RandomForest,0.5707679879140262,0.277602523659306,0.29931972789115646,0.25882352941176473,0.567363571934798,0.2585321042083063,0.6690432317505315,0.1617138070968445,-1.0604494315067277,0.6803253601425187
Vigitel,0,2,42,116,Class weighting,4000,1000,0.17025,0.17,CatBoost,0.5562592780746349,0.3623445825932504,0.2595419847328244,0.6,0.6246987951807228,0.2742151987959148,0.6768320340184266,0.21325756095682646,-1.4625482049121423,0.6885482377577123
Vigitel,0,2,42,116,Random oversampling,6638,1000,0.5,0.17,LogisticRegression,0.5757165675747626,0.3516949152542373,0.27483443708609273,0.48823529411764705,0.61218993621545,0.23533770891125683,0.6364776754075124,0.2296082676425989,-1.545935569801302,0.6488967507079835
Vigitel,0,2,42,116,Random oversampling,6638,1000,0.5,0.17,RandomForest,0.5550259056757213,0.2689075630252101,0.25668449197860965,0.2823529411764706,0.5574415308291991,0.25417030736941604,0.66074415308292,0.17137902046120673,-1.180559532163023,0.5721622724510901
Vigitel,0,2,42,116,Random oversampling,6638,1000,0.5,0.17,CatBoost,0.5590694070630454,0.35447761194029853,0.25956284153005466,0.5588235294117647,0.6161587526576896,0.26764853833249325,0.6643302622253721,0.2100440400275448,-1.4303118495853278,0.5994357270047674
Vigitel,0,2,42,116,Random undersampling,1362,1000,0.5,0.17,LogisticRegression,0.5574350255168432,0.33925049309664695,0.2551928783382789,0.5058823529411764,0.6017363571934797,0.23651613890056145,0.6388944011339475,0.23181661131590978,-1.55473816765281,0.6302557178879629
Vigitel,0,2,42,116,Random undersampling,1362,1000,0.5,0.17,RandomForest,0.5516992732309911,0.3741721854304636,0.26036866359447003,0.6647058823529411,0.638979447200567,0.27758246976884293,0.6750531537916371,0.22693734028694051,-1.5729644250312818,0.850547911337375
Vigitel,0,2,42,116,Random undersampling,1362,1000,0.5,0.17,CatBoost,0.554838548844895,0.3781094527363184,0.2632794457274827,0.6705882352941176,0.6431254429482636,0.2698387855452973,0.6805953224663358,0.22691205693195154,-1.5567776798523723,0.6898678218944699
Vigitel,0,2,42,116,SMOTE,6638,1000,0.5,0.17,LogisticRegression,0.5215463621575069,0.29906542056074764,0.2191780821917808,0.47058823529411764,0.5636073706591069,0.18934400580927574,0.5566619418851878,0.23638693000754707,-1.5294062803977475,0.16431098341986183
Vigitel,0,2,42,116,SMOTE,6638,1000,0.5,0.17,RandomForest,0.4877243098788456,0.08968609865470852,0.18867924528301888,0.058823529411764705,0.503508150248051,0.22581514120961854,0.6385683912119063,0.15037932813795782,-0.9259580116816185,0.5776981653661405
Vigitel,0,2,42,116,SMOTE,6638,1000,0.5,0.17,CatBoost,0.4737109257077519,0.05741626794258373,0.15384615384615385,0.03529411764705882,0.49776754075124025,0.23006256726393276,0.6341459957476967,0.14749225470168198,-0.9164938818829047,0.5351096016720451
Vigitel,0,2,42,116,Standard CTGAN,6638,1000,0.5,0.17,LogisticRegression,0.4956357048748353,0.25757575757575757,0.18994413407821228,0.4,0.5253012048192771,0.18421068976075072,0.5445570517363572,0.23554534900453733,-1.544989126530375,0.20190807519004914
Vigitel,0,2,42,116,Standard CTGAN,6638,1000,0.5,0.17,RandomForest,0.4874703587024116,0.10358565737051793,0.16049382716049382,0.07647058823529412,0.49727143869596035,0.21088444409178358,0.6150389794472005,0.15963061758449998,-1.0883129501243916,0.4921401074971521
Vigitel,0,2,42,116,Standard CTGAN,6638,1000,0.5,0.17,CatBoost,0.4887211894390249,0.07407407407407407,0.3684210526315789,0.041176470588235294,0.5133593196314671,0.2459822091975577,0.6366335931963146,0.14199565690119054,-0.7109921975952247,0.6614787811892056
Vigitel,0,2,42,116,SepAware CTGAN,6638,1000,0.5,0.17,LogisticRegression,0.5346386526827505,0.3163841807909605,0.23268698060941828,0.49411764705882355,0.5801913536498937,0.2215393724276671,0.5844153082919914,0.23418620057341885,-1.5270138433291198,0.31946931962786745
Vigitel,0,2,42,116,SepAware CTGAN,6638,1000,0.5,0.17,RandomForest,0.5256458682876695,0.17557251908396945,0.25,0.13529411764705881,0.5260807937632884,0.24387938599309716,0.6489440113394755,0.15482596393106454,-0.9999548396817842,0.5899494021787389
Vigitel,0,2,42,116,SepAware CTGAN,6638,1000,0.5,0.17,CatBoost,0.49092719127562334,0.08163265306122448,0.3076923076923077,0.047058823529411764,0.51268603827073,0.2527295520434483,0.6367221828490433,0.142389714141496,-0.7812790012415134,0.598753917022076
Vigitel,0,2,42,116,Standard TVAE,6638,1000,0.5,0.17,LogisticRegression,0.5371656021475516,0.23076923076923078,0.23214285714285715,0.22941176470588234,0.5369950389794472,0.21155513064944514,0.5589156626506024,0.18991046193460343,-1.4034542630384326,0.12005843283238536
Vigitel,0,2,42,116,Standard TVAE,6638,1000,0.5,0.17,RandomForest,0.4579844497607655,0.011363636363636364,0.16666666666666666,0.0058823529411764705,0.49992912827781716,0.25340124870698966,0.6678880226789512,0.13654136296601416,-0.41867881318494615,0.7227922408028251
Vigitel,0,2,42,116,Standard TVAE,6638,1000,0.5,0.17,CatBoost,0.47881766063584247,0.05405405405405406,0.3333333333333333,0.029411764705882353,0.508681785967399,0.2840856235861569,0.6703827072997873,0.135478950409846,-0.48486822529397083,0.6770910242623426
Vigitel,0,2,42,116,SepAware TVAE,6638,1000,0.5,0.17,LogisticRegression,0.5124382421773425,0.18674698795180722,0.19135802469135801,0.18235294117647058,0.5122608079376328,0.19563606711745807,0.5341176470588236,0.19183697636552455,-1.4676029648107867,0.07529709659900632
Vigitel,0,2,42,116,SepAware TVAE,6638,1000,0.5,0.17,RandomForest,0.45115257958287597,0.0,0.0,0.0,0.4951807228915663,0.24976981309066806,0.6633664068036853,0.13694939575385506,-0.43182134462049054,0.7063392328193571
Vigitel,0,2,42,116,SepAware TVAE,6638,1000,0.5,0.17,CatBoost,0.46131009385175253,0.021739130434782608,0.14285714285714285,0.011764705882352941,0.49865343727852585,0.2615619687681484,0.6686605244507442,0.13765084762604365,-0.547306329489291,0.6337039754848326
Vigitel,0,3,42,153,Real only,4000,1000,0.17025,0.17,LogisticRegression,0.4526546250684182,0.0,0.0,0.0,0.49819277108433735,0.2729850249157996,0.6688766832034018,0.13456477700686803,-0.08417538181406757,0.948188038094724
Vigitel,0,3,42,153,Real only,4000,1000,0.17025,0.17,RandomForest,0.4642145135566188,0.022727272727272728,0.3333333333333333,0.011764705882352941,0.5034727143869596,0.30679598120455776,0.6804004252303331,0.13264295980143515,-0.349117578114574,0.7841311544179016
Vigitel,0,3,42,153,Real only,4000,1000,0.17025,0.17,CatBoost,0.46348622947988993,0.02247191011235955,0.25,0.011764705882352941,0.5022678951098511,0.30223117178642245,0.6942558469170801,0.131993822611274,-0.23257518660945467,0.8606005825819499
Vigitel,0,3,42,153,Class weighting,4000,1000,0.17025,0.17,LogisticRegression,0.5835455394278923,0.376984126984127,0.2844311377245509,0.5588235294117647,0.6354358610914246,0.2723464780794062,0.6703437278525868,0.22857282957916186,-1.586197499124303,0.9156587642045484
Vigitel,0,3,42,153,Class weighting,4000,1000,0.17025,0.17,RandomForest,0.5981016418421623,0.3352601156069364,0.32954545454545453,0.3411764705882353,0.59950389794472,0.2945444206942727,0.6814847625797307,0.16284742047736683,-1.058552055509305,0.7821735005467076
Vigitel,0,3,42,153,Class weighting,4000,1000,0.17025,0.17,CatBoost,0.5534658292742974,0.36860068259385664,0.25961538461538464,0.6352941176470588,0.6321048901488306,0.29240746632065856,0.6880049610205529,0.21670280615105628,-1.5093488763946687,0.7798980777547264
Vigitel,0,3,42,153,Random oversampling,6638,1000,0.5,0.17,LogisticRegression,0.5816683067925115,0.37375745526838966,0.2822822822822823,0.5529411764705883,0.6324946846208364,0.2706707557767262,0.668012048192771,0.22803892914819973,-1.5794832966753685,0.8710804963025106
Vigitel,0,3,42,153,Random oversampling,6638,1000,0.5,0.17,RandomForest,0.6033861305716317,0.3622448979591837,0.31981981981981983,0.4176470588235294,0.617859673990078,0.2975770015450191,0.6758150248051027,0.1730741182426297,-1.186431696158576,0.6709875616759473
Vigitel,0,3,42,153,Random oversampling,6638,1000,0.5,0.17,CatBoost,0.5598591549295775,0.36971830985915494,0.2638190954773869,0.6176470588235294,0.6323175053153791,0.3052450779192773,0.6889121190644933,0.21329490741622664,-1.4885151059079766,0.7680254921240616
Vigitel,0,3,42,153,Random undersampling,1362,1000,0.5,0.17,LogisticRegression,0.574245103818694,0.38095238095238093,0.2765957446808511,0.611764705882353,0.6420269312544296,0.2736423852107563,0.6669560595322466,0.23067430211551204,-1.591546199514944,0.8579726258146496
Vigitel,0,3,42,153,Random undersampling,1362,1000,0.5,0.17,RandomForest,0.5339144727187344,0.3544715447154472,0.2449438202247191,0.6411764705882353,0.6181785967399008,0.2796839520206331,0.6661268603827074,0.23632640751713438,-1.6176691672279158,0.7731246221760208
Vigitel,0,3,42,153,Random undersampling,1362,1000,0.5,0.17,CatBoost,0.5388391524397964,0.3668261562998405,0.25164113785557984,0.6764705882352942,0.632211197732105,0.30490595536743065,0.6863678242381289,0.23140420839476222,-1.6143056983021455,0.7925144389695246
Vigitel,0,3,42,153,SMOTE,6638,1000,0.5,0.17,LogisticRegression,0.5070662182720794,0.286231884057971,0.20680628272251309,0.4647058823529412,0.5498228206945428,0.20896171325366067,0.5917257264351524,0.22847780119583885,-1.4948057072316239,0.35351875818551237
Vigitel,0,3,42,153,SMOTE,6638,1000,0.5,0.17,RandomForest,0.5179118977875338,0.1471861471861472,0.2786885245901639,0.1,0.5234939759036145,0.260234641999765,0.6643834160170092,0.14784166315937516,-0.8650104007344449,0.6691327917082203
Vigitel,0,3,42,153,SMOTE,6638,1000,0.5,0.17,CatBoost,0.5260947211940418,0.1592920353982301,0.32142857142857145,0.10588235294117647,0.530049610205528,0.250827687902609,0.6558221119773211,0.14494664114352973,-0.7874940630012072,0.6789678685393986
Vigitel,0,3,42,153,Standard CTGAN,6638,1000,0.5,0.17,LogisticRegression,0.5596252258818885,0.35793357933579334,0.260752688172043,0.5705882352941176,0.6196314670446492,0.2530552488981227,0.6515981573352232,0.2256423864513923,-1.5385096686157855,0.8056298266105344
Vigitel,0,3,42,153,Standard CTGAN,6638,1000,0.5,0.17,RandomForest,0.5044982937506464,0.1417910447761194,0.19387755102040816,0.11176470588235295,0.5082919914953933,0.23070744040605878,0.6411871013465626,0.15725071715616587,-1.037809518305257,0.5468538512910285
Vigitel,0,3,42,153,Standard CTGAN,6638,1000,0.5,0.17,CatBoost,0.4713598167380698,0.04950495049504951,0.15625,0.029411764705882353,0.4984408221119773,0.22670905607156522,0.6388412473423105,0.1468043313321374,-0.8519399748510975,0.5590081910233368
Vigitel,0,3,42,153,SepAware CTGAN,6638,1000,0.5,0.17,LogisticRegression,0.5478383193498146,0.33396584440227706,0.24649859943977592,0.5176470588235295,0.5967753366406804,0.24057894759390433,0.617041105598866,0.2256276497414976,-1.4935698767821708,0.42214465229262627
Vigitel,0,3,42,153,SepAware CTGAN,6638,1000,0.5,0.17,RandomForest,0.5356298547787909,0.21428571428571427,0.2391304347826087,0.19411764705882353,0.533805811481219,0.22861336405324173,0.6386073706591069,0.1643933433964119,-1.1331657745249946,0.4563536580431553
Vigitel,0,3,42,153,SepAware CTGAN,6638,1000,0.5,0.17,CatBoost,0.49923215597249115,0.11764705882352941,0.20588235294117646,0.08235294117647059,0.5086463501063075,0.2208084625142542,0.631343019135365,0.15212674910811308,-0.9732863315926229,0.4691619320816587
Vigitel,0,3,42,153,Standard TVAE,6638,1000,0.5,0.17,LogisticRegression,0.49612076570569325,0.18925831202046037,0.167420814479638,0.21764705882352942,0.4979801559177888,0.18309249859560006,0.5324415308291992,0.21026420062601836,-1.4776492173001894,0.06973438319468023
Vigitel,0,3,42,153,Standard TVAE,6638,1000,0.5,0.17,RandomForest,0.4609485518576428,0.021621621621621623,0.13333333333333333,0.011764705882352941,0.4980510276399716,0.2643247051139453,0.6628951098511694,0.13775637564907964,-0.559464389299353,0.6634358518893503
Vigitel,0,3,42,153,Standard TVAE,6638,1000,0.5,0.17,CatBoost,0.4730882633213377,0.050505050505050504,0.17857142857142858,0.029411764705882353,0.5008504606661942,0.2546472325703335,0.6777852586817859,0.1395620375754126,-0.5913825228900799,0.6592323505245402
Vigitel,0,3,42,153,SepAware TVAE,6638,1000,0.5,0.17,LogisticRegression,0.49860018450085736,0.1661721068249258,0.16766467065868262,0.16470588235294117,0.49861800141743445,0.18053287654795216,0.530698086463501,0.19455770498595898,-1.4550560820607445,0.07827672413539215
Vigitel,0,3,42,153,SepAware TVAE,6638,1000,0.5,0.17,RandomForest,0.457319404531383,0.011235955056179775,0.125,0.0058823529411764705,0.4987243090007087,0.27491270059756157,0.6701169383416017,0.135450353867614,-0.44797195263625156,0.7295911555593213
Vigitel,0,3,42,153,SepAware TVAE,6638,1000,0.5,0.17,CatBoost,0.4755078470004756,0.05853658536585366,0.17142857142857143,0.03529411764705882,0.5001771793054571,0.25853833063453757,0.6741070163004961,0.14101517063802413,-0.7012720535636005,0.5761972112669663
Vigitel,0,4,42,190,Real only,4000,1000,0.17,0.171,LogisticRegression,0.45295404814004375,0.0,0.0,0.0,0.49939686369119424,0.29441658417744854,0.6855825732404996,0.13321097304482168,0.21165443300409495,1.1297501954570872
Vigitel,0,4,42,190,Real only,4000,1000,0.17,0.171,RandomForest,0.47084148727984343,0.03428571428571429,0.75,0.017543859649122806,0.5081687935157556,0.31975096855170504,0.6985976199042035,0.13146245766078773,-0.03927245960914611,0.9590051423508069
Vigitel,0,4,42,190,Real only,4000,1000,0.17,0.171,CatBoost,0.458649645604361,0.011494252873563218,0.3333333333333333,0.005847953216374269,0.5017177039905756,0.31183666471604216,0.7119724320854407,0.13127883994668962,0.0640758481797794,1.0048042727550295
Vigitel,0,4,42,190,Class weighting,4000,1000,0.17,0.171,LogisticRegression,0.5818208751348595,0.37816764132553604,0.28362573099415206,0.5672514619883041,0.6358573353367335,0.29040542711584566,0.6846231985270775,0.22480308732942303,-1.5772614837137018,1.0553505522423545
Vigitel,0,4,42,190,Class weighting,4000,1000,0.17,0.171,RandomForest,0.5701009978580803,0.2747603833865815,0.3028169014084507,0.25146198830409355,0.5660204995802736,0.3232239890463112,0.6989714938734048,0.1543524933690047,-0.897724940003331,0.9348164310670254
Vigitel,0,4,42,190,Class weighting,4000,1000,0.17,0.171,CatBoost,0.5761368886920195,0.37988826815642457,0.2786885245901639,0.5964912280701754,0.639017628510359,0.31190418171524054,0.7032322462771322,0.2018539762912058,-1.4244578377331463,0.917931634125691
Vigitel,0,4,42,190,Random oversampling,6640,1000,0.5,0.171,LogisticRegression,0.5846363054325339,0.3794466403162055,0.2865671641791045,0.5614035087719298,0.6365521765813811,0.2880968438396916,0.684446842881228,0.22336632160429723,-1.5704739905002245,1.0285354720637834
Vigitel,0,4,42,190,Random oversampling,6640,1000,0.5,0.171,RandomForest,0.5819705573502953,0.31693989071038253,0.29743589743589743,0.3391812865497076,0.5869609689684605,0.29563188972793025,0.6856672239505075,0.1653892713915218,-1.0872561697025513,0.7462860654378514
Vigitel,0,4,42,190,Random oversampling,6640,1000,0.5,0.171,CatBoost,0.5953887325519522,0.4007707129094412,0.2988505747126437,0.6081871345029239,0.6569283079028492,0.30902566622482613,0.7012217919144463,0.1968587582668871,-1.3810062967718753,0.8581377919959318
Vigitel,0,4,42,190,Random undersampling,1360,1000,0.5,0.171,LogisticRegression,0.5730982681635148,0.3728813559322034,0.275,0.5789473684210527,0.6320551076122152,0.28698284539431357,0.6786905946006956,0.22645740838273526,-1.5776115162697215,1.0301191913563184
Vigitel,0,4,42,190,Random undersampling,1360,1000,0.5,0.171,RandomForest,0.5324405173688807,0.34448160535117056,0.24121779859484777,0.6023391812865497,0.6057534265901989,0.27117082039859736,0.6758689042671012,0.2243273810105772,-1.5513215759225798,0.8936985460689858
Vigitel,0,4,42,190,Random undersampling,1360,1000,0.5,0.171,CatBoost,0.5627832577979206,0.39008264462809916,0.271889400921659,0.6900584795321637,0.6544381661834522,0.2782984985613747,0.6918396715552452,0.22266107225729967,-1.553363210798921,0.8093757148133699
Vigitel,0,4,42,190,SMOTE,6640,1000,0.5,0.171,LogisticRegression,0.5284846260500775,0.30970149253731344,0.2273972602739726,0.4853801169590643,0.5726056193962994,0.229547455709531,0.6008683752001636,0.22495628989106575,-1.4833769746836678,0.38593663555081975
Vigitel,0,4,42,190,SMOTE,6640,1000,0.5,0.171,RandomForest,0.5020779138764814,0.12017167381974249,0.22580645161290322,0.08187134502923976,0.511985129691942,0.25415267334999875,0.658028767132951,0.14788918990392133,-0.8227304770560087,0.6837639967280954
Vigitel,0,4,42,190,SMOTE,6640,1000,0.5,0.171,CatBoost,0.49986698590050543,0.10476190476190476,0.28205128205128205,0.06432748538011696,0.5152759260434964,0.266014851594809,0.6690333594339689,0.14146628853260626,-0.6514645831880914,0.7556599682042566
Vigitel,0,4,42,190,Standard CTGAN,6640,1000,0.5,0.171,LogisticRegression,0.530310032953448,0.3194192377495463,0.23157894736842105,0.5146198830409356,0.5811941393491771,0.22919070950640386,0.5943855416587307,0.23362190097000565,-1.5285386853471117,0.5952324666862033
Vigitel,0,4,42,190,Standard CTGAN,6640,1000,0.5,0.171,RandomForest,0.5472198364390007,0.20491803278688525,0.3424657534246575,0.14619883040935672,0.5441488723820004,0.27252436631250815,0.6717139652508834,0.149294743599272,-0.8554104184810399,0.7503896076780092
Vigitel,0,4,42,190,Standard CTGAN,6640,1000,0.5,0.171,CatBoost,0.5061370148912245,0.11055276381909548,0.39285714285714285,0.06432748538011696,0.52191042544036,0.2922368692428695,0.6873672923764982,0.13658148270994122,-0.3736951412300482,0.9461172125489952
Vigitel,0,4,42,190,SepAware CTGAN,6640,1000,0.5,0.171,LogisticRegression,0.5364883920305354,0.33856893542757416,0.24129353233830847,0.5672514619883041,0.5996691568083861,0.2677975995232481,0.6322385174838987,0.22588061132628412,-1.497543354847522,0.6139508976160304
Vigitel,0,4,42,190,SepAware CTGAN,6640,1000,0.5,0.171,RandomForest,0.5757200862834666,0.27702702702702703,0.328,0.23976608187134502,0.5692195909959862,0.28406621094236684,0.6904923144209538,0.15152010684026115,-0.9125532538168635,0.7357409548859244
Vigitel,0,4,42,190,SepAware CTGAN,6640,1000,0.5,0.171,CatBoost,0.5160576200331553,0.13761467889908258,0.3191489361702128,0.08771929824561403,0.5245592872410217,0.2932479001280976,0.6893354213841801,0.13828292901311848,-0.5783691777363933,0.8011378729611476
Vigitel,0,4,42,190,Standard TVAE,6640,1000,0.5,0.171,LogisticRegression,0.5450024337079127,0.24561403508771928,0.24561403508771928,0.24561403508771928,0.5450024337079127,0.2220118728227522,0.5785488046614323,0.18229332900558348,-1.349405975950879,0.1625238258769374
Vigitel,0,4,42,190,Standard TVAE,6640,1000,0.5,0.171,RandomForest,0.45765191169953295,0.011299435028248588,0.16666666666666666,0.005847953216374269,0.49990829506415824,0.2865561670084828,0.7013276053019563,0.13367985400025895,-0.1142366296374741,0.9457285568823058
Vigitel,0,4,42,190,Standard TVAE,6640,1000,0.5,0.171,CatBoost,0.4814712389380531,0.0625,0.2857142857142857,0.03508771929824561,0.5084968150170359,0.28872085819346965,0.7057435506740312,0.1341176081985285,-0.25737606047078276,0.8406065479751845
Vigitel,0,4,42,190,SepAware TVAE,6640,1000,0.5,0.171,LogisticRegression,0.5226855888631649,0.1962025316455696,0.21379310344827587,0.18128654970760233,0.5218857356499411,0.19974935276883754,0.5575836454828265,0.18257291851503699,-1.3892415385086236,0.12509140580804878
Vigitel,0,4,42,190,SepAware TVAE,6640,1000,0.5,0.171,RandomForest,0.45295404814004375,0.0,0.0,0.0,0.49939686369119424,0.30603780603267583,0.6957477126672734,0.1326324843967203,-0.06206281866649752,0.960726125484783
Vigitel,0,4,42,190,SepAware TVAE,6640,1000,0.5,0.171,CatBoost,0.4609485518576428,0.021621621621621623,0.14285714285714285,0.011695906432748537,0.4986103175107048,0.2855459057160359,0.710374649934043,0.13380557463293552,-0.20273987830866222,0.8654848187153884
Vigitel,1,0,43,1042,Real only,4000,1000,0.17025,0.17,LogisticRegression,0.45325314379442316,0.0,0.0,0.0,0.49939759036144576,0.27352857281723897,0.653805811481219,0.13506605026844803,-0.17196038997810403,0.8994128146857976
Vigitel,1,0,43,1042,Real only,4000,1000,0.17025,0.17,RandomForest,0.46807867599946806,0.03296703296703297,0.25,0.01764705882352941,0.5034018426647767,0.2536512826971729,0.6566477675407513,0.13819704643209912,-0.5286866302927724,0.6508251906814485
Vigitel,1,0,43,1042,Real only,4000,1000,0.17025,0.17,CatBoost,0.4732809806550469,0.043478260869565216,0.2857142857142857,0.023529411764705882,0.5057406094968108,0.26786832173132263,0.6703260099220412,0.13627565851011422,-0.4616028366865559,0.6845593007077154
Vigitel,1,0,43,1042,Class weighting,4000,1000,0.17025,0.17,LogisticRegression,0.5738672827621615,0.37358490566037733,0.275,0.5823529411764706,0.6339475549255846,0.2731952277337763,0.6572218284904323,0.23265111905307043,-1.5961750211607082,0.8734694127916599
Vigitel,1,0,43,1042,Class weighting,4000,1000,0.17025,0.17,RandomForest,0.5690798196764784,0.2777777777777778,0.2922077922077922,0.2647058823529412,0.566690290574061,0.2547459726268666,0.6550389794472006,0.1663951846177299,-1.1187649855701391,0.6305688472516047
Vigitel,1,0,43,1042,Class weighting,4000,1000,0.17025,0.17,CatBoost,0.5609481074906655,0.37347294938917974,0.2655086848635236,0.6294117647058823,0.636392629340893,0.2894655109208597,0.6768107725017718,0.21318703699428515,-1.4656119054598238,0.713766560954472
Vigitel,1,0,43,1042,Random oversampling,6638,1000,0.5,0.17,LogisticRegression,0.578425878890396,0.3735408560311284,0.27906976744186046,0.5647058823529412,0.6329553508150247,0.27235155436192665,0.6564280652019844,0.23209142594629464,-1.5938928581705063,0.8724557344716581
Vigitel,1,0,43,1042,Random oversampling,6638,1000,0.5,0.17,RandomForest,0.5622616481512187,0.2864864864864865,0.265,0.31176470588235294,0.5673281360737066,0.24970150394341373,0.6473706591070163,0.1761966191986175,-1.2325484534762197,0.5159500791183536
Vigitel,1,0,43,1042,Random oversampling,6638,1000,0.5,0.17,CatBoost,0.5694967223922104,0.3667296786389414,0.27019498607242337,0.5705882352941176,0.627462792345854,0.28558120144536836,0.662983699503898,0.21072236014579682,-1.4367968943184621,0.6111077111816378
Vigitel,1,0,43,1042,Random undersampling,1362,1000,0.5,0.17,LogisticRegression,0.5560629122272958,0.35185185185185186,0.25675675675675674,0.5588235294117647,0.6137491141034728,0.25510090699836746,0.6557406094968108,0.23583978027998626,-1.607799136651797,0.8426854300204686
Vigitel,1,0,43,1042,Random undersampling,1362,1000,0.5,0.17,RandomForest,0.5379855235464045,0.3633440514469453,0.25,0.6647058823529411,0.6281360737065911,0.2864574290587992,0.6714103472714387,0.23176568189464045,-1.6032399094154126,0.871330135868962
Vigitel,1,0,43,1042,Random undersampling,1362,1000,0.5,0.17,CatBoost,0.5319601854131059,0.36018957345971564,0.24622030237580994,0.6705882352941176,0.6250531537916371,0.2791483995027079,0.6761445783132531,0.23653658274354392,-1.5942355682976401,0.6525006552188666
Vigitel,1,0,43,1042,SMOTE,6638,1000,0.5,0.17,LogisticRegression,0.5127421598009834,0.3041958041958042,0.21641791044776118,0.5117647058823529,0.5661233167965982,0.1964472565734675,0.5653862508858966,0.24038787331317404,-1.5337276931855772,0.20480462091857157
Vigitel,1,0,43,1042,SMOTE,6638,1000,0.5,0.17,RandomForest,0.5005851353265205,0.1145374449339207,0.22807017543859648,0.07647058823529412,0.5117292700212616,0.23330623236455064,0.6245641389085754,0.15261228221957995,-1.021550570272199,0.5072408342236254
Vigitel,1,0,43,1042,SMOTE,6638,1000,0.5,0.17,CatBoost,0.4943820224719101,0.1,0.22,0.06470588235294118,0.5088589652728561,0.2430899409790864,0.641020552799433,0.14732107719276477,-0.9139556647163306,0.5716621458143183
Vigitel,1,0,43,1042,Standard CTGAN,6638,1000,0.5,0.17,LogisticRegression,0.5590694070630454,0.35447761194029853,0.25956284153005466,0.5588235294117647,0.6161587526576896,0.25596099265407335,0.6455067328136073,0.23022030808253047,-1.5559691726462725,0.6825860831267845
Vigitel,1,0,43,1042,Standard CTGAN,6638,1000,0.5,0.17,RandomForest,0.4944629384103244,0.1092436974789916,0.19117647058823528,0.07647058823529412,0.5051027639971651,0.2291224891669061,0.637760453579022,0.15332496045416463,-0.992416699729992,0.5467711891296891
Vigitel,1,0,43,1042,Standard CTGAN,6638,1000,0.5,0.17,CatBoost,0.4858806593715838,0.07766990291262135,0.2222222222222222,0.047058823529411764,0.5066619418851878,0.24954840177462784,0.6585152374202692,0.14203051997187688,-0.7160472127943122,0.6391554713629741
Vigitel,1,0,43,1042,SepAware CTGAN,6638,1000,0.5,0.17,LogisticRegression,0.5326685403076621,0.30975143403441685,0.22946175637393768,0.4764705882352941,0.5743798724309,0.2657272810484404,0.6074060949681077,0.22692771226285974,-1.490957296340196,0.37129649159035505
Vigitel,1,0,43,1042,SepAware CTGAN,6638,1000,0.5,0.17,RandomForest,0.5292199807472051,0.1728395061728395,0.2876712328767123,0.12352941176470589,0.5304394046775336,0.24997111545002265,0.6581431608788093,0.15016705716752887,-0.9314573496929596,0.5906264265281036
Vigitel,1,0,43,1042,SepAware CTGAN,6638,1000,0.5,0.17,CatBoost,0.502883276993438,0.11214953271028037,0.2727272727272727,0.07058823529411765,0.5160170092133239,0.24739527833828617,0.6538270729978739,0.14460080315103374,-0.8330400794841483,0.5575816101539375
Vigitel,1,0,43,1042,Standard TVAE,6638,1000,0.5,0.17,LogisticRegression,0.540688219163168,0.24581005586592178,0.23404255319148937,0.25882352941176473,0.5426647767540751,0.23987406776031356,0.5666052445074414,0.1891761070382422,-1.3830126074751214,0.14066837174691896
Vigitel,1,0,43,1042,Standard TVAE,6638,1000,0.5,0.17,RandomForest,0.48382301323477794,0.06417112299465241,0.35294117647058826,0.03529411764705882,0.511020552799433,0.2458684356673086,0.6339192062367116,0.13980520508436883,-0.6642831543561419,0.5885369325933475
Vigitel,1,0,43,1042,Standard TVAE,6638,1000,0.5,0.17,CatBoost,0.4944444444444444,0.09,0.3,0.052941176470588235,0.5138199858256556,0.2801347576786779,0.6713253012048193,0.13710271771005503,-0.5573305618191521,0.6587138873531841
Vigitel,1,0,43,1042,SepAware TVAE,6638,1000,0.5,0.17,LogisticRegression,0.5345597969991174,0.23295454545454544,0.22527472527472528,0.2411764705882353,0.5356484762579731,0.23248958224053104,0.5562508858965273,0.18807424665244843,-1.4042123550638934,0.12327121250930868
Vigitel,1,0,43,1042,SepAware TVAE,6638,1000,0.5,0.17,RandomForest,0.47454584663420796,0.04419889502762431,0.36363636363636365,0.023529411764705882,0.5075478384124734,0.2502727826231621,0.643607370659107,0.1389595886583193,-0.6087955498779424,0.6227260866874835
Vigitel,1,0,43,1042,SepAware TVAE,6638,1000,0.5,0.17,CatBoost,0.51171875,0.125,0.34210526315789475,0.07647058823529412,0.5231750531537916,0.2829050274112225,0.683033309709426,0.13708060611912026,-0.5612555436391398,0.6524427926527717
Vigitel,1,1,43,1079,Real only,4000,1000,0.17025,0.17,LogisticRegression,0.453551912568306,0.0,0.0,0.0,0.5,0.27671372957930535,0.6877108433734941,0.13429394385144008,0.05494069012726677,1.0296377798831218
Vigitel,1,1,43,1079,Real only,4000,1000,0.17025,0.17,RandomForest,0.4656760470205079,0.023255813953488372,1.0,0.011764705882352941,0.5058823529411764,0.2993317538553456,0.6667540751240255,0.13420824311454035,-0.3438039785686865,0.7442892988347752
Vigitel,1,1,43,1079,Real only,4000,1000,0.17025,0.17,CatBoost,0.458649645604361,0.011494252873563218,0.25,0.0058823529411764705,0.5011339475549256,0.3030833648281248,0.6892345854004253,0.13222904824310808,-0.18461304699209807,0.8441514943808667
Vigitel,1,1,43,1079,Class weighting,4000,1000,0.17025,0.17,LogisticRegression,0.5797849988563769,0.3705179282868526,0.28012048192771083,0.5470588235294118,0.6295535081502481,0.2713116149114595,0.6849043231750531,0.22584153015103248,-1.5733614014648383,0.9690243936107644
Vigitel,1,1,43,1079,Class weighting,4000,1000,0.17025,0.17,RandomForest,0.5555564106658766,0.247557003257329,0.2773722627737226,0.2235294117647059,0.5521261516654855,0.29711583524254565,0.6652941176470588,0.16005160086461917,-1.0362493542415168,0.712622491746371
Vigitel,1,1,43,1079,Class weighting,4000,1000,0.17025,0.17,CatBoost,0.5804494530586506,0.38661710037174724,0.2826086956521739,0.611764705882353,0.6468462083628632,0.29502697042341,0.6883912119064493,0.20573987741899458,-1.4306598397055232,0.7706977650025627
Vigitel,1,1,43,1079,Random oversampling,6638,1000,0.5,0.17,LogisticRegression,0.5751620189567457,0.3661417322834646,0.27514792899408286,0.5470588235294118,0.6259390503189228,0.2716857301193605,0.688582565556343,0.22503944036776682,-1.5714045756305761,0.9855237010213521
Vigitel,1,1,43,1079,Random oversampling,6638,1000,0.5,0.17,RandomForest,0.5690368490732569,0.2897727272727273,0.2802197802197802,0.3,0.5710843373493976,0.30256801015583895,0.651566265060241,0.16840627663995097,-1.1490460152315793,0.6021875134961543
Vigitel,1,1,43,1079,Random oversampling,6638,1000,0.5,0.17,CatBoost,0.5782262168942836,0.3804143126177024,0.27977839335180055,0.5941176470588235,0.6404323175053154,0.3015822159522574,0.6956343019135365,0.2004691385531764,-1.4026391686293196,0.7740910910844445
Vigitel,1,1,43,1079,Random undersampling,1362,1000,0.5,0.17,LogisticRegression,0.5835696511693262,0.3895131086142322,0.2857142857142857,0.611764705882353,0.6492558469170802,0.2637303429391652,0.680226789510985,0.229949323102466,-1.6012266075125015,0.8465532380350539
Vigitel,1,1,43,1079,Random undersampling,1362,1000,0.5,0.17,RandomForest,0.5493273117136948,0.3708609271523179,0.25806451612903225,0.6588235294117647,0.6354358610914246,0.257668733603698,0.6651381998582565,0.22933076946546618,-1.5612410951661448,0.7567216073088103
Vigitel,1,1,43,1079,Random undersampling,1362,1000,0.5,0.17,CatBoost,0.5677513355998057,0.38620689655172413,0.2731707317073171,0.6588235294117647,0.6498936924167258,0.2650760473255976,0.6760524450744154,0.2279493394542259,-1.5510040852690166,0.6412170459821361
Vigitel,1,1,43,1079,SMOTE,6638,1000,0.5,0.17,LogisticRegression,0.515041453637447,0.28517110266159695,0.21067415730337077,0.4411764705882353,0.5513111268603827,0.20428455458328693,0.5801700921332388,0.22863757273344487,-1.4950449261351564,0.29146777331286633
Vigitel,1,1,43,1079,SMOTE,6638,1000,0.5,0.17,RandomForest,0.5079125144156398,0.12556053811659193,0.2641509433962264,0.08235294117647059,0.5176824946846208,0.24342397687619674,0.6339759036144579,0.1477519541191805,-0.8737150491952979,0.6011150205759933
Vigitel,1,1,43,1079,SMOTE,6638,1000,0.5,0.17,CatBoost,0.4878798224650051,0.07920792079207921,0.25,0.047058823529411764,0.5090715804394047,0.2657902230183541,0.6640680368532955,0.14114782535299006,-0.699125632777167,0.7018821197428967
Vigitel,1,1,43,1079,Standard CTGAN,6638,1000,0.5,0.17,LogisticRegression,0.5076047707626655,0.2702702702702703,0.20114942528735633,0.4117647058823529,0.5384124734231042,0.20399975861873879,0.5529836995038979,0.22618071979845605,-1.5092544117073938,0.2727966926282847
Vigitel,1,1,43,1079,Standard CTGAN,6638,1000,0.5,0.17,RandomForest,0.5069356903264669,0.12875536480686695,0.23809523809523808,0.08823529411764706,0.5152019844082211,0.23108049248769064,0.6248688873139617,0.15239121397100042,-1.0122843279374267,0.5003066409935654
Vigitel,1,1,43,1079,Standard CTGAN,6638,1000,0.5,0.17,CatBoost,0.5043998281919405,0.10891089108910891,0.34375,0.06470588235294118,0.519702338766832,0.26224485522055796,0.65681785967399,0.13948688390408676,-0.581701130380742,0.7263908574567743
Vigitel,1,1,43,1079,SepAware CTGAN,6638,1000,0.5,0.17,LogisticRegression,0.495544386543739,0.2761061946902655,0.19746835443037974,0.4588235294117647,0.5384479092841956,0.22322978356991624,0.5807866761162296,0.2285154183788228,-1.4980441979692605,0.3691603648907668
Vigitel,1,1,43,1079,SepAware CTGAN,6638,1000,0.5,0.17,RandomForest,0.5212844306967153,0.16129032258064516,0.2564102564102564,0.11764705882352941,0.5238837703756201,0.2388152468872043,0.6367469879518072,0.15375360859685616,-1.044251592233974,0.4794880696803069
Vigitel,1,1,43,1079,SepAware CTGAN,6638,1000,0.5,0.17,CatBoost,0.5069392241971596,0.11594202898550725,0.32432432432432434,0.07058823529411765,0.5202338766832034,0.25713597571142843,0.6618178596739901,0.14192456190898647,-0.7423806714437774,0.6164516836585072
Vigitel,1,1,43,1079,Standard TVAE,6638,1000,0.5,0.17,LogisticRegression,0.5317352765492034,0.2371967654986523,0.21890547263681592,0.25882352941176473,0.5348334514528703,0.207199615655847,0.5785754783841248,0.1927943969090347,-1.3663120486697866,0.16577289220174113
Vigitel,1,1,43,1079,Standard TVAE,6638,1000,0.5,0.17,RandomForest,0.45145364783324193,0.0,0.0,0.0,0.49578313253012046,0.24388914500295783,0.6409780297661233,0.1392522658648485,-0.5880706830904266,0.6033895458834533
Vigitel,1,1,43,1079,Standard TVAE,6638,1000,0.5,0.17,CatBoost,0.46496074440244256,0.031578947368421054,0.15,0.01764705882352941,0.49858256555634306,0.24841478311796364,0.6669808646350106,0.1394859407893402,-0.5706875483031096,0.6212818724016086
Vigitel,1,1,43,1079,SepAware TVAE,6638,1000,0.5,0.17,LogisticRegression,0.5057375484225534,0.17804154302670624,0.17964071856287425,0.17647058823529413,0.5057051736357193,0.1893953811889913,0.5515237420269312,0.18723587541903453,-1.3978753570045268,0.12140501971743506
Vigitel,1,1,43,1079,SepAware TVAE,6638,1000,0.5,0.17,RandomForest,0.4593150475802758,0.011627906976744186,0.5,0.0058823529411764705,0.502338766832034,0.27024615511915445,0.6555988660524451,0.1358220861059778,-0.382211328003346,0.7282391145407128
Vigitel,1,1,43,1079,SepAware TVAE,6638,1000,0.5,0.17,CatBoost,0.47077638848502473,0.042105263157894736,0.2,0.023529411764705882,0.5021261516654855,0.2618520939504663,0.6627569099929127,0.1388016480484384,-0.5687205526446135,0.608311244563693
Vigitel,1,2,43,1116,Real only,4000,1000,0.17025,0.17,LogisticRegression,0.453551912568306,0.0,0.0,0.0,0.5,0.301765581291063,0.6766867469879518,0.13272100527823608,0.10614162761906565,1.0900693891327622
Vigitel,1,2,43,1116,Real only,4000,1000,0.17025,0.17,RandomForest,0.46886446886446886,0.03333333333333333,0.3,0.01764705882352941,0.5046066619418852,0.29718678803169085,0.6989971651311127,0.13186421053045677,-0.23052961065806216,0.8801100124987931
Vigitel,1,2,43,1116,Real only,4000,1000,0.17025,0.17,CatBoost,0.45115257958287597,0.0,0.0,0.0,0.4951807228915663,0.2947180230266526,0.6962048192771084,0.1323246160388939,-0.20529136182817967,0.8593434237983223
Vigitel,1,2,43,1116,Class weighting,4000,1000,0.17025,0.17,LogisticRegression,0.5788939624556063,0.3851851851851852,0.2810810810810811,0.611764705882353,0.6456413890857549,0.2972099410522132,0.6782530120481928,0.22957311061608623,-1.6193819445366506,1.041560662286481
Vigitel,1,2,43,1116,Class weighting,4000,1000,0.17025,0.17,RandomForest,0.590729756129504,0.3161094224924012,0.3270440251572327,0.3058823529411765,0.5884833451452871,0.31551669208048017,0.6983380581148122,0.159949359635399,-1.0153501761532606,0.8756516921227497
Vigitel,1,2,43,1116,Class weighting,4000,1000,0.17025,0.17,CatBoost,0.5637822982856644,0.38144329896907214,0.26941747572815533,0.6529411764705882,0.6451452870304748,0.29326176984841373,0.6941920623671155,0.21259589883910313,-1.4824547432114437,0.806647705904954
Vigitel,1,2,43,1116,Random oversampling,6638,1000,0.5,0.17,LogisticRegression,0.5722796734140181,0.3763837638376384,0.27419354838709675,0.6,0.6373493975903615,0.297211189521378,0.6769489723600283,0.22922163629317555,-1.613145880943566,1.0090654619126531
Vigitel,1,2,43,1116,Random oversampling,6638,1000,0.5,0.17,RandomForest,0.5914440905073418,0.33773087071240104,0.3062200956937799,0.3764705882352941,0.6008858965272856,0.29175209141950353,0.6862686038270729,0.1704316071700715,-1.169958689098425,0.6918733354661604
Vigitel,1,2,43,1116,Random oversampling,6638,1000,0.5,0.17,CatBoost,0.5701876093382398,0.3759124087591241,0.2724867724867725,0.6058823529411764,0.6372785258681786,0.2958830325657004,0.6927533664068037,0.20500546769941336,-1.4281465581112682,0.7303521308602907
Vigitel,1,2,43,1116,Random undersampling,1362,1000,0.5,0.17,LogisticRegression,0.561128526645768,0.36363636363636365,0.2631578947368421,0.5882352941176471,0.6254429482636428,0.2866355904616017,0.6704571226080794,0.23535253074755222,-1.6370169244588477,0.8311114916942322
Vigitel,1,2,43,1116,Random undersampling,1362,1000,0.5,0.17,RandomForest,0.5659634959925539,0.3953871499176277,0.2745995423340961,0.7058823529411765,0.6619773210489015,0.3353264656879486,0.7189121190644933,0.22785507898644305,-1.6732204596221911,1.0130591597290193
Vigitel,1,2,43,1116,Random undersampling,1362,1000,0.5,0.17,CatBoost,0.5535527435579056,0.3865814696485623,0.26535087719298245,0.711764705882353,0.6540751240255138,0.3162824384909776,0.7103401842664776,0.22973376254638073,-1.643094470393922,0.8183100684892066
Vigitel,1,2,43,1116,SMOTE,6638,1000,0.5,0.17,LogisticRegression,0.49798123028569774,0.27056672760511885,0.1962864721485411,0.43529411764705883,0.5351169383416017,0.18889611949909468,0.5556661941885187,0.23871045773955402,-1.5253705067054677,0.1989217203337856
Vigitel,1,2,43,1116,SMOTE,6638,1000,0.5,0.17,RandomForest,0.5247712961862896,0.15789473684210525,0.3103448275862069,0.10588235294117647,0.5288447909284195,0.24671434007629078,0.651640680368533,0.15054956203124095,-0.9240194353563723,0.6219629408076872
Vigitel,1,2,43,1116,SMOTE,6638,1000,0.5,0.17,CatBoost,0.4934785361529695,0.09433962264150944,0.23809523809523808,0.058823529411764705,0.5101346562721474,0.2375326514435957,0.6375797306874557,0.1472823133568536,-0.8877524984593588,0.585848054526722
Vigitel,1,2,43,1116,Standard CTGAN,6638,1000,0.5,0.17,LogisticRegression,0.5262640045673008,0.285132382892057,0.21806853582554517,0.4117647058823529,0.554677533664068,0.2249214396905557,0.5754606661941886,0.21771419066627196,-1.475002552099772,0.33292437453851653
Vigitel,1,2,43,1116,Standard CTGAN,6638,1000,0.5,0.17,RandomForest,0.5139252282109426,0.1469387755102041,0.24,0.10588235294117647,0.5186038270729979,0.2457875101097921,0.6629234585400424,0.15318678984555026,-1.0019627608306545,0.5762953995555067
Vigitel,1,2,43,1116,Standard CTGAN,6638,1000,0.5,0.17,CatBoost,0.4972484543786942,0.0975609756097561,0.2857142857142857,0.058823529411764705,0.5143515237420269,0.25185041033656164,0.6678277817150957,0.14217560683805716,-0.7153415068522928,0.673924512706348
Vigitel,1,2,43,1116,SepAware CTGAN,6638,1000,0.5,0.17,LogisticRegression,0.525841631104789,0.2972972972972973,0.22126436781609196,0.45294117647058824,0.5632175761871013,0.23220358790619344,0.5917682494684621,0.22229721568303099,-1.4746908318746208,0.38325589685856687
Vigitel,1,2,43,1116,SepAware CTGAN,6638,1000,0.5,0.17,RandomForest,0.5493001804857268,0.22614840989399293,0.2831858407079646,0.18823529411764706,0.545322466335932,0.24927760093429027,0.6614351523742027,0.15935081773952675,-1.1054786661723697,0.49595364190884617
Vigitel,1,2,43,1116,SepAware CTGAN,6638,1000,0.5,0.17,CatBoost,0.5170454545454545,0.15,0.2571428571428571,0.10588235294117647,0.5216158752657689,0.2519021972135135,0.6612402551381997,0.1469925744443312,-0.8883956139106747,0.5485789479421532
Vigitel,1,2,43,1116,Standard TVAE,6638,1000,0.5,0.17,LogisticRegression,0.52066163003663,0.20238095238095238,0.20481927710843373,0.2,0.5204819277108433,0.20839343367042895,0.57962792345854,0.18582992156011613,-1.3199030311317022,0.18169166558961242
Vigitel,1,2,43,1116,Standard TVAE,6638,1000,0.5,0.17,RandomForest,0.46312266266616353,0.0223463687150838,0.2222222222222222,0.011764705882352941,0.501665485471297,0.27765802851133914,0.6921934798015592,0.13433863904056417,-0.31461803900962265,0.8358373159520648
Vigitel,1,2,43,1116,Standard TVAE,6638,1000,0.5,0.17,CatBoost,0.47777777777777775,0.06,0.2,0.03529411764705882,0.5031892274982283,0.2615521908664484,0.6804783841247342,0.1385268856253155,-0.5577218994299202,0.6394348689589584
Vigitel,1,2,43,1116,SepAware TVAE,6638,1000,0.5,0.17,LogisticRegression,0.49978081304717153,0.1641337386018237,0.16981132075471697,0.1588235294117647,0.4998936924167257,0.19850635343649403,0.5649645641389085,0.1872660075528413,-1.3526431884555596,0.15454553604099236
Vigitel,1,2,43,1116,SepAware TVAE,6638,1000,0.5,0.17,RandomForest,0.4642145135566188,0.022727272727272728,0.3333333333333333,0.011764705882352941,0.5034727143869596,0.2966166010484024,0.7004075124025514,0.1319289495695145,-0.13575063570321008,0.9468092757082657
Vigitel,1,2,43,1116,SepAware TVAE,6638,1000,0.5,0.17,CatBoost,0.4591451003198604,0.021052631578947368,0.1,0.011764705882352941,0.49503897944720054,0.2682920187516241,0.68243798724309,0.1377135798072393,-0.5272019779245157,0.6554014257328369
Vigitel,1,3,43,1153,Real only,4000,1000,0.17025,0.17,LogisticRegression,0.453551912568306,0.0,0.0,0.0,0.5,0.257436050579514,0.650644932671864,0.13669450686736062,-0.2808194694560411,0.8100766607047369
Vigitel,1,3,43,1153,Real only,4000,1000,0.17025,0.17,RandomForest,0.458649645604361,0.011494252873563218,0.25,0.0058823529411764705,0.5011339475549256,0.2713383573331687,0.6783061658398299,0.1346366187045116,-0.29943755998168303,0.7980696907006957
Vigitel,1,3,43,1153,Real only,4000,1000,0.17025,0.17,CatBoost,0.46348622947988993,0.02247191011235955,0.25,0.011764705882352941,0.5022678951098511,0.26804725333040497,0.6805598866052445,0.135411112066445,-0.281870004408992,0.7884900572212464
Vigitel,1,3,43,1153,Class weighting,4000,1000,0.17025,0.17,LogisticRegression,0.5606090013154774,0.33739837398373984,0.2577639751552795,0.48823529411764705,0.6001417434443657,0.257314393072994,0.6529836995038978,0.22976818759651582,-1.5642671674817261,0.7745317555608549
Vigitel,1,3,43,1153,Class weighting,4000,1000,0.17025,0.17,RandomForest,0.5838670103817074,0.3063063063063063,0.3128834355828221,0.3,0.5825301204819278,0.2724582686911961,0.6799858256555634,0.16068672575226806,-1.0123040696428227,0.8011764372995686
Vigitel,1,3,43,1153,Class weighting,4000,1000,0.17025,0.17,CatBoost,0.5656861392563525,0.36329588014981273,0.2664835164835165,0.5705882352941176,0.6244507441530829,0.2632685090630679,0.6747625797306874,0.21072690050792023,-1.4560276403526784,0.7347199890233671
Vigitel,1,3,43,1153,Random oversampling,6638,1000,0.5,0.17,LogisticRegression,0.5652472370317827,0.3448275862068966,0.2631578947368421,0.5,0.6066265060240964,0.2551440619738663,0.6531041814316088,0.2309155224646691,-1.5695669538891102,0.792624232923204
Vigitel,1,3,43,1153,Random oversampling,6638,1000,0.5,0.17,RandomForest,0.5788426463273089,0.31351351351351353,0.29,0.3411764705882353,0.5850460666194188,0.2574134620046329,0.665272856130404,0.17247269129821108,-1.168480589850625,0.6512410837823425
Vigitel,1,3,43,1153,Random oversampling,6638,1000,0.5,0.17,CatBoost,0.5578516546651868,0.344294003868472,0.2564841498559078,0.5235294117647059,0.6063430191353649,0.2669023774872006,0.6708008504606663,0.2068944587900119,-1.424774751522257,0.7154126586250921
Vigitel,1,3,43,1153,Random undersampling,1362,1000,0.5,0.17,LogisticRegression,0.5505295240932132,0.32669322709163345,0.2469879518072289,0.4823529411764706,0.5905740609496811,0.2548498622613004,0.6461587526576895,0.2308149083424909,-1.5615346145133382,0.7420488679628511
Vigitel,1,3,43,1153,Random undersampling,1362,1000,0.5,0.17,RandomForest,0.542748416032139,0.37676609105180536,0.2569593147751606,0.7058823529411765,0.643905031892275,0.2640415862848743,0.6748051027639972,0.22804802977230776,-1.5788783003056623,0.8848877986646384
Vigitel,1,3,43,1153,Random undersampling,1362,1000,0.5,0.17,CatBoost,0.5335975491379841,0.34983498349834985,0.24311926605504589,0.6235294117647059,0.6129695251594613,0.2601774117955321,0.6679659815733523,0.23184962524628333,-1.5735406367553357,0.6748252805893139
Vigitel,1,3,43,1153,SMOTE,6638,1000,0.5,0.17,LogisticRegression,0.5591295453743872,0.358974358974359,0.26063829787234044,0.5764705882352941,0.6207654145995747,0.23850290480415848,0.6343160878809355,0.22120432834346537,-1.48243376356299,0.48442036875906125
Vigitel,1,3,43,1153,SMOTE,6638,1000,0.5,0.17,RandomForest,0.5186412509247155,0.14414414414414414,0.3076923076923077,0.09411764705882353,0.52537207654146,0.2745600207166823,0.6776257973068746,0.1432453055713048,-0.700712186534065,0.8282901625560063
Vigitel,1,3,43,1153,SMOTE,6638,1000,0.5,0.17,CatBoost,0.491441153491015,0.08205128205128205,0.32,0.047058823529411764,0.5132884479092842,0.2512034263172263,0.6556839121190644,0.14254788430484183,-0.7321053470620161,0.6985613091769636
Vigitel,1,3,43,1153,Standard CTGAN,6638,1000,0.5,0.17,LogisticRegression,0.5027904616945713,0.2740740740740741,0.2,0.43529411764705883,0.5393338058114812,0.20622914595350172,0.5662367115520908,0.2335402060985151,-1.5326431538019993,0.32020170105097623
Vigitel,1,3,43,1153,Standard CTGAN,6638,1000,0.5,0.17,RandomForest,0.5204919188785152,0.15702479338842976,0.2638888888888889,0.11176470588235295,0.523954642097803,0.24465363371568416,0.6490007087172217,0.15089610039097692,-0.9421962911316155,0.5895818319447413
Vigitel,1,3,43,1153,Standard CTGAN,6638,1000,0.5,0.17,CatBoost,0.5075277895033066,0.11650485436893204,0.3333333333333333,0.07058823529411765,0.5208362863217576,0.2555860351439037,0.6460807937632884,0.14105128716811868,-0.6846190711970505,0.6534317357808981
Vigitel,1,3,43,1153,SepAware CTGAN,6638,1000,0.5,0.17,LogisticRegression,0.5421676013046985,0.3416370106761566,0.24489795918367346,0.5647058823529412,0.6040396881644223,0.2673504695217579,0.6220056697377747,0.22841695066263668,-1.5211850859218,0.5736905043865305
Vigitel,1,3,43,1153,SepAware CTGAN,6638,1000,0.5,0.17,RandomForest,0.531664671905084,0.18181818181818182,0.27710843373493976,0.13529411764705881,0.5315024805102764,0.2572926204184501,0.6679588944011339,0.1523057886914536,-0.9624713015699881,0.6179795572867903
Vigitel,1,3,43,1153,SepAware CTGAN,6638,1000,0.5,0.17,CatBoost,0.5145835971465957,0.1320754716981132,0.3333333333333333,0.08235294117647059,0.5243090007087172,0.26238658944743765,0.6648334514528703,0.1416762490121738,-0.7228671230578377,0.6472982951003552
Vigitel,1,3,43,1153,Standard TVAE,6638,1000,0.5,0.17,LogisticRegression,0.5365689248399056,0.23255813953488372,0.22988505747126436,0.23529411764705882,0.5369241672572643,0.24435127918828034,0.5973068745570518,0.18015406354716978,-1.2923908926283931,0.2006656619664493
Vigitel,1,3,43,1153,Standard TVAE,6638,1000,0.5,0.17,RandomForest,0.45145364783324193,0.0,0.0,0.0,0.49578313253012046,0.2587520754188805,0.673607370659107,0.1365966676708298,-0.41314054973370423,0.7536604273714378
Vigitel,1,3,43,1153,Standard TVAE,6638,1000,0.5,0.17,CatBoost,0.48624858718361474,0.07216494845360824,0.2916666666666667,0.041176470588235294,0.510347271438696,0.2602087634826033,0.6797732104890148,0.13814859837100874,-0.515322492000285,0.6697911738217742
Vigitel,1,3,43,1153,SepAware TVAE,6638,1000,0.5,0.17,LogisticRegression,0.5281954501630802,0.20689655172413793,0.2214765100671141,0.19411764705882353,0.5271793054571227,0.2246395396682682,0.5839829907866761,0.17738458908411336,-1.3154733591380539,0.17783602748561128
Vigitel,1,3,43,1153,SepAware TVAE,6638,1000,0.5,0.17,RandomForest,0.4526546250684182,0.0,0.0,0.0,0.49819277108433735,0.2669637914621157,0.6797236002834869,0.13441943477725812,-0.23371844097459732,0.8564653984804447
Vigitel,1,3,43,1153,SepAware TVAE,6638,1000,0.5,0.17,CatBoost,0.48822332073277114,0.07368421052631578,0.35,0.041176470588235294,0.5127569099929128,0.2671824164541458,0.6763784549964564,0.13752730884206157,-0.4950721669757137,0.6796397368450189
Vigitel,1,4,43,1190,Real only,4000,1000,0.17,0.171,LogisticRegression,0.458649645604361,0.011494252873563218,0.3333333333333333,0.005847953216374269,0.5017177039905756,0.28343323802452813,0.6404143652254883,0.1354967608263363,-0.19256992881565743,0.8520623512761464
Vigitel,1,4,43,1190,Real only,4000,1000,0.17,0.171,RandomForest,0.4704445773524721,0.03409090909090909,0.6,0.017543859649122806,0.5075656572069498,0.30809107845466177,0.674465113326138,0.13357201400150834,-0.29265960382588635,0.7903432573247265
Vigitel,1,4,43,1190,Real only,4000,1000,0.17,0.171,CatBoost,0.45698692166806254,0.0111731843575419,0.125,0.005847953216374269,0.4987020224465466,0.29212984532892794,0.6917761835227393,0.13345462621307042,-0.13467901235468988,0.8916407587942546
Vigitel,1,4,43,1190,Class weighting,4000,1000,0.17,0.171,LogisticRegression,0.567183358334543,0.3481781376518219,0.26625386996904027,0.5029239766081871,0.6085186831171213,0.28309537387861544,0.641105679357219,0.2267481721357791,-1.5436444730393846,0.8051520676337497
Vigitel,1,4,43,1190,Class weighting,4000,1000,0.17,0.171,RandomForest,0.5844383495402377,0.29936305732484075,0.32867132867132864,0.27485380116959063,0.5795258149394394,0.2992984078323072,0.6715940434117057,0.1594743669145173,-1.0021517674933964,0.7803849712894991
Vigitel,1,4,43,1190,Class weighting,4000,1000,0.17,0.171,CatBoost,0.5615695809003767,0.3669064748201439,0.2649350649350649,0.5964912280701754,0.627558038643049,0.2949082722501035,0.6792267157640786,0.21132293318585044,-1.4615013755363868,0.8146449548564451
Vigitel,1,4,43,1190,Random oversampling,6640,1000,0.5,0.171,LogisticRegression,0.5702121908365996,0.3510204081632653,0.26959247648902823,0.5029239766081871,0.6109312283523445,0.28429885250612824,0.6399981659012832,0.22647904792979692,-1.540885948853272,0.7926884257170302
Vigitel,1,4,43,1190,Random oversampling,6640,1000,0.5,0.171,RandomForest,0.5915453316034076,0.327683615819209,0.31693989071038253,0.3391812865497076,0.5941986046741301,0.2925769343669461,0.6654780296136401,0.1688626103512339,-1.1402842350588565,0.6578782661047543
Vigitel,1,4,43,1190,Random oversampling,6640,1000,0.5,0.171,CatBoost,0.5530664188752423,0.3492647058823529,0.2546916890080429,0.5555555555555556,0.6101058839297682,0.27832201802774414,0.6628044780225594,0.2120641529206081,-1.4455215092960443,0.6809020502322894
Vigitel,1,4,43,1190,Random undersampling,1360,1000,0.5,0.171,LogisticRegression,0.5339165352072279,0.3157894736842105,0.23268698060941828,0.49122807017543857,0.5785452775485154,0.2735827094798987,0.633148512616483,0.2290721040045608,-1.5421269507331137,0.7668448985269593
Vigitel,1,4,43,1190,Random undersampling,1360,1000,0.5,0.171,RandomForest,0.5393676175435133,0.36156351791530944,0.2505643340857788,0.6491228070175439,0.6243201489852497,0.2829408121157073,0.6682009607855586,0.22810242932177124,-1.565813239456366,0.865210209261316
Vigitel,1,4,43,1190,Random undersampling,1360,1000,0.5,0.171,CatBoost,0.5384355680842952,0.3579638752052545,0.24885844748858446,0.6374269005847953,0.6202816046952927,0.2865795091265381,0.6747190654561614,0.22844823311704904,-1.56740050931166,0.7514529079829888
Vigitel,1,4,43,1190,SMOTE,6640,1000,0.5,0.171,LogisticRegression,0.5085542661844278,0.29084380610412924,0.20984455958549222,0.47368421052631576,0.5528855310773919,0.20622527341792327,0.563325785311691,0.23897030913433473,-1.5229233090385634,0.19234290098597404
Vigitel,1,4,43,1190,SMOTE,6640,1000,0.5,0.171,RandomForest,0.5081233068796664,0.12987012987012986,0.25,0.08771929824561403,0.5167185152265464,0.24672333139147032,0.6447315514358877,0.14985144965589464,-0.9026170189388489,0.6171407338360705
Vigitel,1,4,43,1190,SMOTE,6640,1000,0.5,0.171,CatBoost,0.506934064108952,0.12037037037037036,0.28888888888888886,0.07602339181286549,0.5187113340246474,0.2641688356097895,0.6659577169703511,0.14369364674579385,-0.7293991108156406,0.732557095301248
Vigitel,1,4,43,1190,Standard CTGAN,6640,1000,0.5,0.171,LogisticRegression,0.5095226757944887,0.27360308285163776,0.20402298850574713,0.4152046783625731,0.5405335816420827,0.188111475221806,0.5639112860559118,0.22694167207356017,-1.5020576400867232,0.2470871557528156
Vigitel,1,4,43,1190,Standard CTGAN,6640,1000,0.5,0.171,RandomForest,0.49997092854235714,0.12244897959183673,0.20270270270270271,0.08771929824561403,0.5082746069032654,0.21795591100776018,0.6161266656790751,0.15814773000021476,-1.0720320334623477,0.48286137281666514
Vigitel,1,4,43,1190,Standard CTGAN,6640,1000,0.5,0.171,CatBoost,0.4805402381523216,0.061855670103092786,0.2608695652173913,0.03508771929824561,0.5072905423994244,0.23269393938723246,0.6249938275523952,0.14443120126916542,-0.7850043955144765,0.585557783355911
Vigitel,1,4,43,1190,SepAware CTGAN,6640,1000,0.5,0.171,LogisticRegression,0.5303386895538738,0.3044315992292871,0.22701149425287356,0.4619883040935672,0.568750484978026,0.2284916283252204,0.5749652579377676,0.22661660303305406,-1.4962144971073768,0.2488459175149257
Vigitel,1,4,43,1190,SepAware CTGAN,6640,1000,0.5,0.171,RandomForest,0.5418539927210447,0.2074074074074074,0.2828282828282828,0.16374269005847952,0.5390486671040287,0.24508343752900894,0.6387284052511656,0.15785331630965538,-1.047340083421998,0.5319590961974172
Vigitel,1,4,43,1190,SepAware CTGAN,6640,1000,0.5,0.171,CatBoost,0.5173143996013951,0.1388888888888889,0.3333333333333333,0.08771929824561403,0.5257655598586333,0.24640231985669014,0.6361888839509308,0.14603769688039284,-0.8556809007991782,0.5323682533059169
Vigitel,1,4,43,1190,Standard TVAE,6640,1000,0.5,0.171,LogisticRegression,0.5318454001088732,0.21818181818181817,0.22641509433962265,0.21052631578947367,0.5310773919116247,0.20090183330076278,0.5406182323520905,0.18691479330009828,-1.4665109363847815,0.06895115421213818
Vigitel,1,4,43,1190,Standard TVAE,6640,1000,0.5,0.171,RandomForest,0.458982317264159,0.011560693641618497,0.5,0.005847953216374269,0.5023208402993814,0.2906504757410112,0.6669312001354412,0.13489743536460666,-0.30016604857694335,0.8048013528174087
Vigitel,1,4,43,1190,Standard TVAE,6640,1000,0.5,0.171,CatBoost,0.48939589675194406,0.08040201005025126,0.2857142857142857,0.04678362573099415,0.5113290866893813,0.2831794179668242,0.6741970527444466,0.13639136691567852,-0.43700444989874987,0.7176469322376032
Vigitel,1,4,43,1190,SepAware TVAE,6640,1000,0.5,0.171,LogisticRegression,0.5195704394517451,0.19047619047619047,0.20833333333333334,0.17543859649122806,0.5189617590417539,0.18461614848466673,0.5229615050896239,0.18910432559240048,-1.5246840321402026,0.03220269923797187
Vigitel,1,4,43,1190,SepAware TVAE,6640,1000,0.5,0.171,RandomForest,0.4704445773524721,0.03409090909090909,0.6,0.017543859649122806,0.5075656572069498,0.29634604520480395,0.6628185864742274,0.13495261937465547,-0.30926757072616656,0.7863650178032953
Vigitel,1,4,43,1190,SepAware TVAE,6640,1000,0.5,0.171,CatBoost,0.4814712389380531,0.0625,0.2857142857142857,0.03508771929824561,0.5084968150170359,0.26946432366906675,0.6627339357642195,0.13858490075967825,-0.5346852082560161,0.6460702589575472
Vigitel,2,0,44,2042,Real only,4000,1000,0.17025,0.17,LogisticRegression,0.45325314379442316,0.0,0.0,0.0,0.49939759036144576,0.26171123976976385,0.6394401133947555,0.13608411286431732,-0.2524255233501953,0.8271358419948586
Vigitel,2,0,44,2042,Real only,4000,1000,0.17025,0.17,RandomForest,0.47084148727984343,0.03428571428571429,0.6,0.01764705882352941,0.5076187101346563,0.2997485774445212,0.6712119064493267,0.13388494989069868,-0.389290496944618,0.7480273068732712
Vigitel,2,0,44,2042,Real only,4000,1000,0.17025,0.17,CatBoost,0.46385017556582403,0.022598870056497175,0.2857142857142857,0.011764705882352941,0.5028703047484054,0.2727389742965232,0.6743090007087171,0.13536464126628484,-0.3899305696471056,0.7231282356005868
Vigitel,2,0,44,2042,Class weighting,4000,1000,0.17025,0.17,LogisticRegression,0.5706666666666667,0.356,0.2696969696969697,0.5235294117647059,0.6165839829907866,0.261200468054895,0.6369312544294827,0.22954821505612302,-1.5568297823151678,0.7670920867063971
Vigitel,2,0,44,2042,Class weighting,4000,1000,0.17025,0.17,RandomForest,0.5857207055387035,0.313953488372093,0.3103448275862069,0.3176470588235294,0.5865343727852587,0.2967076560652284,0.6707158043940469,0.1622917271690827,-1.0548235248876197,0.7424029489480879
Vigitel,2,0,44,2042,Class weighting,4000,1000,0.17025,0.17,CatBoost,0.5466230893401622,0.34532374100719426,0.24870466321243523,0.5647058823529412,0.6076541459957476,0.2725901406130776,0.6738766832034019,0.21239528997728577,-1.4593578176655289,0.6994298970795193
Vigitel,2,0,44,2042,Random oversampling,6638,1000,0.5,0.17,LogisticRegression,0.566428403637706,0.3474747474747475,0.26461538461538464,0.5058823529411764,0.6089652728561303,0.25894075671952527,0.6357122608079376,0.22905505491699024,-1.554075706899744,0.7506899176846152
Vigitel,2,0,44,2042,Random oversampling,6638,1000,0.5,0.17,RandomForest,0.5938921377517868,0.34210526315789475,0.30952380952380953,0.38235294117647056,0.6038270729978739,0.2884880251536627,0.663905031892275,0.17093514070420512,-1.166498146238605,0.6395592952834184
Vigitel,2,0,44,2042,Random oversampling,6638,1000,0.5,0.17,CatBoost,0.560107608358464,0.35687732342007433,0.2608695652173913,0.5647058823529412,0.6184975194897235,0.2821637797769995,0.6711693834160171,0.20878074376997943,-1.4360636475376516,0.6846485632034782
Vigitel,2,0,44,2042,Random undersampling,1362,1000,0.5,0.17,LogisticRegression,0.5510962701612903,0.33203125,0.24853801169590642,0.5,0.5951807228915662,0.2522070851910371,0.6252090715804394,0.2330294955636399,-1.564059420456509,0.6936119134480604
Vigitel,2,0,44,2042,Random undersampling,1362,1000,0.5,0.17,RandomForest,0.5358449935956106,0.351575456053068,0.24480369515011546,0.6235294117647059,0.6147767540751241,0.2590298664608094,0.6574982282069455,0.23256207562502867,-1.5686800323037644,0.7042791701261452
Vigitel,2,0,44,2042,Random undersampling,1362,1000,0.5,0.17,CatBoost,0.5300658259415383,0.3500810372771475,0.24161073825503357,0.6352941176470588,0.61343019135365,0.25043858218152437,0.6558894401133948,0.23674131803315113,-1.5580302901214245,0.5486963343354466
Vigitel,2,0,44,2042,SMOTE,6638,1000,0.5,0.17,LogisticRegression,0.5212570747918357,0.300556586270872,0.21951219512195122,0.4764705882352941,0.5647413182140326,0.20484444684411857,0.5858327427356484,0.23031726747295805,-1.5074105654089114,0.2879598351037295
Vigitel,2,0,44,2042,SMOTE,6638,1000,0.5,0.17,RandomForest,0.4927713610130441,0.09865470852017937,0.20754716981132076,0.06470588235294118,0.5070517363571935,0.24596654837595786,0.6505386250885896,0.14840601916757898,-0.8692915255829724,0.656805490706831
Vigitel,2,0,44,2042,SMOTE,6638,1000,0.5,0.17,CatBoost,0.4961619394801577,0.0966183574879227,0.2702702702702703,0.058823529411764705,0.5131467044649185,0.24981751427163595,0.6474805102763997,0.14520554325365537,-0.8371623578635912,0.6185585619878511
Vigitel,2,0,44,2042,Standard CTGAN,6638,1000,0.5,0.17,LogisticRegression,0.5247095754440649,0.31985940246045697,0.22807017543859648,0.5352941176470588,0.5821048901488306,0.2486438313031494,0.615272856130404,0.2283084711630898,-1.5130343319032014,0.7048037271857035
Vigitel,2,0,44,2042,Standard CTGAN,6638,1000,0.5,0.17,RandomForest,0.5417888563049853,0.20454545454545456,0.2872340425531915,0.1588235294117647,0.5390503189227498,0.26398834355153206,0.6453295535081502,0.15628972728503518,-1.0436836258296696,0.5792857817490243
Vigitel,2,0,44,2042,Standard CTGAN,6638,1000,0.5,0.17,CatBoost,0.5032534171797896,0.10784313725490197,0.3235294117647059,0.06470588235294118,0.5184975194897237,0.2647832341501186,0.6477888022678951,0.14117000448055278,-0.7229361350550392,0.6655310172549813
Vigitel,2,0,44,2042,SepAware CTGAN,6638,1000,0.5,0.17,LogisticRegression,0.5319514263844929,0.30916030534351147,0.2288135593220339,0.4764705882352941,0.5737774627923458,0.24501457590555756,0.6140751240255138,0.21766861882187616,-1.4572579207674812,0.3829235835659641
Vigitel,2,0,44,2042,SepAware CTGAN,6638,1000,0.5,0.17,RandomForest,0.5717629483045528,0.2724252491694352,0.31297709923664124,0.2411764705882353,0.5663713678242381,0.2637368095118973,0.6552232459248759,0.15906346378498967,-1.0736678065625882,0.5538544994876418
Vigitel,2,0,44,2042,SepAware CTGAN,6638,1000,0.5,0.17,CatBoost,0.53125,0.175,0.3,0.12352941176470589,0.5322466335931963,0.25776504667826017,0.6528277817150956,0.1454492593934275,-0.8606549353819294,0.5649285892340747
Vigitel,2,0,44,2042,Standard TVAE,6638,1000,0.5,0.17,LogisticRegression,0.5311575634514305,0.22969187675070027,0.2192513368983957,0.2411764705882353,0.532636428065202,0.21984691769265985,0.5821545003543587,0.18819172374339166,-1.3594766943844874,0.16390162707015773
Vigitel,2,0,44,2042,Standard TVAE,6638,1000,0.5,0.17,RandomForest,0.47496947496947495,0.044444444444444446,0.4,0.023529411764705882,0.5081502480510276,0.2750934415392454,0.6617080085046066,0.13591590620286303,-0.46323548766495315,0.7190584136046609
Vigitel,2,0,44,2042,Standard TVAE,6638,1000,0.5,0.17,CatBoost,0.47615037089132584,0.05235602094240838,0.23809523809523808,0.029411764705882353,0.5050673281360737,0.2747362648443103,0.6777781715095677,0.13611701228231943,-0.4847010017587421,0.6896407735007873
Vigitel,2,0,44,2042,SepAware TVAE,6638,1000,0.5,0.17,LogisticRegression,0.5290894301982105,0.22535211267605634,0.21621621621621623,0.23529411764705882,0.530297661233168,0.2205250573464718,0.5809284195605953,0.18750687391601462,-1.3587353048574156,0.16151869949805536
Vigitel,2,0,44,2042,SepAware TVAE,6638,1000,0.5,0.17,RandomForest,0.47454584663420796,0.04419889502762431,0.36363636363636365,0.023529411764705882,0.5075478384124734,0.27249827903352386,0.6626151665485471,0.13641042330300282,-0.49503712209074363,0.6934373904686946
Vigitel,2,0,44,2042,SepAware TVAE,6638,1000,0.5,0.17,CatBoost,0.4800767099936075,0.06153846153846154,0.24,0.03529411764705882,0.5062012756909993,0.26985804060431806,0.6731325301204819,0.13735278855597807,-0.547181420473402,0.6460265220969511
Vigitel,2,1,44,2079,Real only,4000,1000,0.17025,0.17,LogisticRegression,0.45295404814004375,0.0,0.0,0.0,0.4987951807228916,0.2841099352797413,0.6790857547838413,0.13347459110787435,0.013425329018466953,1.0126885899287452
Vigitel,2,1,44,2079,Real only,4000,1000,0.17025,0.17,RandomForest,0.47084148727984343,0.03428571428571429,0.6,0.01764705882352941,0.5076187101346563,0.3022820363281652,0.6842381289865344,0.13242844835853942,-0.16259927397335175,0.8918039214650375
Vigitel,2,1,44,2079,Real only,4000,1000,0.17025,0.17,CatBoost,0.4753941446623655,0.0446927374301676,0.4444444444444444,0.023529411764705882,0.5087526576895819,0.3089187779616158,0.6962225372076541,0.1316711671946659,-0.12494653513530586,0.9026751590422672
Vigitel,2,1,44,2079,Class weighting,4000,1000,0.17025,0.17,LogisticRegression,0.5740940436598915,0.37093690248565964,0.2747875354107649,0.5705882352941176,0.6310772501771793,0.28292182888758727,0.6814245216158752,0.22699778930576825,-1.590320984561164,0.9647082490301035
Vigitel,2,1,44,2079,Class weighting,4000,1000,0.17025,0.17,RandomForest,0.5830787067444159,0.2958199356913183,0.3262411347517731,0.27058823529411763,0.5780652019844083,0.29983985313695904,0.6801452870304749,0.15886886763735664,-0.984033537186238,0.8447120561768093
Vigitel,2,1,44,2079,Class weighting,4000,1000,0.17025,0.17,CatBoost,0.5732509197500221,0.38420107719928187,0.27648578811369506,0.6294117647058823,0.6460311835577605,0.31334415788879094,0.6875194897236002,0.2091192726155978,-1.451819255204403,0.7678725612822564
Vigitel,2,1,44,2079,Random oversampling,6638,1000,0.5,0.17,LogisticRegression,0.5783169036845508,0.3860294117647059,0.2807486631016043,0.6176470588235294,0.6467753366406803,0.2830430997491706,0.6805173635719348,0.22695649025191197,-1.586394259851128,0.9494070133549453
Vigitel,2,1,44,2079,Random oversampling,6638,1000,0.5,0.17,RandomForest,0.5670995670995671,0.2857142857142857,0.2777777777777778,0.29411764705882354,0.5687455705173636,0.28500657894566067,0.661665485471297,0.17007994941941554,-1.1450289927782527,0.6723483563705277
Vigitel,2,1,44,2079,Random oversampling,6638,1000,0.5,0.17,CatBoost,0.5630920103260082,0.36823104693140796,0.265625,0.6,0.6301204819277109,0.300277813300394,0.6849326718639263,0.2066676595871241,-1.430756881550572,0.7136565362701668
Vigitel,2,1,44,2079,Random undersampling,1362,1000,0.5,0.17,LogisticRegression,0.576577249744701,0.37037037037037035,0.27696793002915454,0.5588235294117647,0.6300141743444365,0.2819700242751944,0.6726151665485471,0.23065641904677076,-1.6032823228140445,0.8788229320226709
Vigitel,2,1,44,2079,Random undersampling,1362,1000,0.5,0.17,RandomForest,0.5294029723515488,0.35104669887278583,0.24168514412416853,0.6411764705882353,0.6145641389085755,0.289657322515981,0.6626789510985116,0.23082085411171455,-1.5866928610446025,0.8212900892734202
Vigitel,2,1,44,2079,Random undersampling,1362,1000,0.5,0.17,CatBoost,0.5526012283988436,0.37766830870279144,0.2619589977220957,0.6764705882352942,0.6430545712260809,0.3035655558254134,0.6847696669029059,0.22952777400095903,-1.590946307585487,0.7033066563927047
Vigitel,2,1,44,2079,SMOTE,6638,1000,0.5,0.17,LogisticRegression,0.5067102660204741,0.2788104089219331,0.20380434782608695,0.4411764705882353,0.5440822111977321,0.19192345359387142,0.5667257264351524,0.23512595337443612,-1.5200154188626762,0.20578187033174455
Vigitel,2,1,44,2079,SMOTE,6638,1000,0.5,0.17,RandomForest,0.5135743167239231,0.13513513513513514,0.28846153846153844,0.08823529411764706,0.5218284904323175,0.25469010632066336,0.651367824238129,0.14706644990663376,-0.8462732586177127,0.6680525855058913
Vigitel,2,1,44,2079,SMOTE,6638,1000,0.5,0.17,CatBoost,0.5198598623950024,0.14150943396226415,0.35714285714285715,0.08823529411764706,0.5278525868178596,0.26911702727952286,0.65718993621545,0.14336794835492137,-0.7758875981826089,0.6818546890437694
Vigitel,2,1,44,2079,Standard CTGAN,6638,1000,0.5,0.17,LogisticRegression,0.5148844503886452,0.30579964850615116,0.21804511278195488,0.5117647058823529,0.5679305457122608,0.2150514956325075,0.5984053862508859,0.23349757277574348,-1.5333712393350392,0.5059829098758444
Vigitel,2,1,44,2079,Standard CTGAN,6638,1000,0.5,0.17,RandomForest,0.5323453561439832,0.18253968253968253,0.2804878048780488,0.13529411764705881,0.5321048901488307,0.23186334269417758,0.6276257973068746,0.15852457485272892,-1.055324506672608,0.5540743499830388
Vigitel,2,1,44,2079,Standard CTGAN,6638,1000,0.5,0.17,CatBoost,0.47439448824490377,0.05128205128205128,0.2,0.029411764705882353,0.5026576895818569,0.2391087623489237,0.6420375620127569,0.1450866919175412,-0.8440745927374811,0.559925150413518
Vigitel,2,1,44,2079,SepAware CTGAN,6638,1000,0.5,0.17,LogisticRegression,0.5364003228410008,0.3161904761904762,0.23380281690140844,0.48823529411764705,0.5802622253720765,0.24153650811041383,0.6159390503189228,0.22290532913414798,-1.4828726938879964,0.4395439992020562
Vigitel,2,1,44,2079,SepAware CTGAN,6638,1000,0.5,0.17,RandomForest,0.5556478405315615,0.2357142857142857,0.3,0.19411764705882353,0.5506732813607371,0.24893423955028937,0.6593338058114812,0.15684456998531782,-1.0311641175496382,0.5672890873234852
Vigitel,2,1,44,2079,SepAware CTGAN,6638,1000,0.5,0.17,CatBoost,0.5020779138764814,0.12017167381974249,0.2222222222222222,0.08235294117647059,0.5116583982990787,0.24188530480246764,0.6506307583274273,0.15000819643887175,-0.9914207965793086,0.4590984214186768
Vigitel,2,1,44,2079,Standard TVAE,6638,1000,0.5,0.17,LogisticRegression,0.5361603902801045,0.22492401215805471,0.23270440251572327,0.21764705882352942,0.5353295535081503,0.21939040087536563,0.5629695251594614,0.18301215842899185,-1.3843775108503211,0.1299920630472624
Vigitel,2,1,44,2079,Standard TVAE,6638,1000,0.5,0.17,RandomForest,0.46385017556582403,0.022598870056497175,0.2857142857142857,0.011764705882352941,0.5028703047484054,0.27691954030368393,0.6796952515946137,0.13508070454333165,-0.35846520048930813,0.7881109023478058
Vigitel,2,1,44,2079,Standard TVAE,6638,1000,0.5,0.17,CatBoost,0.47659203256760685,0.05263157894736842,0.25,0.029411764705882353,0.5056697377746279,0.27105429767779177,0.6829695251594614,0.1367986853189025,-0.46502280701375737,0.7001792950876767
Vigitel,2,1,44,2079,SepAware TVAE,6638,1000,0.5,0.17,LogisticRegression,0.5259662008189934,0.19935691318327975,0.2198581560283688,0.18235294117647058,0.5249114103472714,0.19500303487711282,0.5356272147413181,0.1844279751365103,-1.4615905978387729,0.07679899989289839
Vigitel,2,1,44,2079,SepAware TVAE,6638,1000,0.5,0.17,RandomForest,0.4653100094598998,0.023121387283236993,0.6666666666666666,0.011764705882352941,0.5052799433026223,0.3095723617016942,0.6908362863217575,0.1319053219614579,-0.09135346875550585,0.9559394592375441
Vigitel,2,1,44,2079,SepAware TVAE,6638,1000,0.5,0.17,CatBoost,0.4676867832943873,0.03278688524590164,0.23076923076923078,0.01764705882352941,0.5027994330262225,0.2875509962839758,0.6928773919206237,0.13429147302402025,-0.34262471551375384,0.771364915139157
Vigitel,2,2,44,2116,Real only,4000,1000,0.17025,0.17,LogisticRegression,0.453551912568306,0.0,0.0,0.0,0.5,0.28551999706994635,0.6806661941885188,0.1330434796393265,0.12437771355402288,1.0857160924449027
Vigitel,2,2,44,2116,Real only,4000,1000,0.17025,0.17,RandomForest,0.4653100094598998,0.023121387283236993,0.6666666666666666,0.011764705882352941,0.5052799433026223,0.3241590872430177,0.7150956768249469,0.12958212907490604,0.07166140548562508,1.0579371166452982
Vigitel,2,2,44,2116,Real only,4000,1000,0.17025,0.17,CatBoost,0.48717948717948717,0.06666666666666667,0.6,0.03529411764705882,0.5152374202693125,0.32681782959501693,0.7052728561304039,0.13006226001061494,-0.05710243384832001,0.9496861494314135
Vigitel,2,2,44,2116,Class weighting,4000,1000,0.17025,0.17,LogisticRegression,0.5915032679738562,0.3888888888888889,0.2934131736526946,0.5764705882352941,0.6460666194188518,0.2829003282519591,0.683210489014883,0.22658574732907064,-1.595172076407368,1.044538737974039
Vigitel,2,2,44,2116,Class weighting,4000,1000,0.17025,0.17,RandomForest,0.5886897149993643,0.3081761006289308,0.3310810810810811,0.28823529411764703,0.5844790928419561,0.3110857677267477,0.7100212615166548,0.15476972928475252,-0.9123002956923545,0.9824960253693422
Vigitel,2,2,44,2116,Class weighting,4000,1000,0.17025,0.17,CatBoost,0.5839893182406983,0.39928057553956836,0.28756476683937826,0.6529411764705882,0.6608079376328845,0.334580898529724,0.7133238837703756,0.20499531546550656,-1.4716674582329965,0.9529759820784206
Vigitel,2,2,44,2116,Random oversampling,6638,1000,0.5,0.17,LogisticRegression,0.5827676413126263,0.37623762376237624,0.2835820895522388,0.5588235294117647,0.6348334514528703,0.2760691272422874,0.6801771793054571,0.22709111764637874,-1.5907122785733034,1.0052127284722072
Vigitel,2,2,44,2116,Random oversampling,6638,1000,0.5,0.17,RandomForest,0.6045308979168034,0.3526170798898072,0.3316062176165803,0.3764705882352941,0.6105244507441531,0.29799887533927016,0.6964918497519489,0.1646135792151927,-1.0908379593252735,0.8059140463896832
Vigitel,2,2,44,2116,Random oversampling,6638,1000,0.5,0.17,CatBoost,0.5783169036845508,0.3860294117647059,0.2807486631016043,0.6176470588235294,0.6467753366406803,0.3367843140062509,0.7002693125442948,0.20290514099341186,-1.4323358202929857,0.8265591500798201
Vigitel,2,2,44,2116,Random undersampling,1362,1000,0.5,0.17,LogisticRegression,0.573325885930615,0.3702290076335878,0.2740112994350282,0.5705882352941176,0.6304748405386251,0.28288984859179744,0.6833451452870305,0.2294534776394172,-1.6139190606345635,0.9274583336768779
Vigitel,2,2,44,2116,Random undersampling,1362,1000,0.5,0.17,RandomForest,0.5596403255820561,0.38613861386138615,0.268348623853211,0.6882352941176471,0.6519489723600284,0.2982785524413108,0.7008858965272855,0.22431914600034183,-1.6067510997848549,0.9827325535350034
Vigitel,2,2,44,2116,Random undersampling,1362,1000,0.5,0.17,CatBoost,0.5658891126178789,0.39267886855241263,0.2737819025522042,0.6941176470588235,0.6585046066619419,0.3322612051906952,0.7121828490432317,0.22516127012202963,-1.6358300554456873,0.8472572040513711
Vigitel,2,2,44,2116,SMOTE,6638,1000,0.5,0.17,LogisticRegression,0.5098899812734082,0.3020833333333333,0.21428571428571427,0.5117647058823529,0.5637136782423813,0.2118707867876566,0.5803827072997874,0.2387844166968012,-1.5317845790725624,0.2393583415472198
Vigitel,2,2,44,2116,SMOTE,6638,1000,0.5,0.17,RandomForest,0.5346718941824087,0.17543859649122806,0.3448275862068966,0.11764705882352941,0.5359319631467044,0.2642841820240602,0.6568036853295536,0.1465202222544444,-0.8302342834026837,0.7014860151874742
Vigitel,2,2,44,2116,SMOTE,6638,1000,0.5,0.17,CatBoost,0.4944444444444444,0.09,0.3,0.052941176470588235,0.5138199858256556,0.2639664931486301,0.6538058114812189,0.1433062766498802,-0.797726962155224,0.666810772580869
Vigitel,2,2,44,2116,Standard CTGAN,6638,1000,0.5,0.17,LogisticRegression,0.5620864149474504,0.35714285714285715,0.26243093922651933,0.5588235294117647,0.6185683912119064,0.2630614323677118,0.6475690999291281,0.2305496905908459,-1.5536950397005342,0.9819382912190686
Vigitel,2,2,44,2116,Standard CTGAN,6638,1000,0.5,0.17,RandomForest,0.49781841214724265,0.10762331838565023,0.22641509433962265,0.07058823529411765,0.510595322466336,0.25187387067780775,0.6740184266477675,0.14540999256769194,-0.7614831120174606,0.7498636159115064
Vigitel,2,2,44,2116,Standard CTGAN,6638,1000,0.5,0.17,CatBoost,0.47454584663420796,0.04419889502762431,0.36363636363636365,0.023529411764705882,0.5075478384124734,0.3075842278453136,0.7106697377746278,0.13230924813172096,-0.06407094181479588,1.132775204769607
Vigitel,2,2,44,2116,SepAware CTGAN,6638,1000,0.5,0.17,LogisticRegression,0.5342785753359848,0.3321554770318021,0.23737373737373738,0.5529411764705883,0.5945428773919206,0.3030252957114575,0.63119773210489,0.2259299137465415,-1.5114628758485091,0.5910469965452702
Vigitel,2,2,44,2116,SepAware CTGAN,6638,1000,0.5,0.17,RandomForest,0.5111292913370116,0.13274336283185842,0.26785714285714285,0.08823529411764706,0.5194188518781007,0.26702748209873073,0.6800637845499645,0.1442166332062882,-0.7544998847314018,0.7547040962269999
Vigitel,2,2,44,2116,SepAware CTGAN,6638,1000,0.5,0.17,CatBoost,0.5084878187371262,0.11282051282051282,0.44,0.06470588235294118,0.5239192062367116,0.3096333862267738,0.7069277108433735,0.1331689634366988,-0.3102791099792873,0.9582589098064097
Vigitel,2,2,44,2116,Standard TVAE,6638,1000,0.5,0.17,LogisticRegression,0.5370303621575987,0.2532299741602067,0.22580645161290322,0.28823529411764703,0.542912827781715,0.21909731783820344,0.581892274982282,0.1926949370284474,-1.3675567629467233,0.16733017412696602
Vigitel,2,2,44,2116,Standard TVAE,6638,1000,0.5,0.17,RandomForest,0.4579844497607655,0.011363636363636364,0.16666666666666666,0.0058823529411764705,0.49992912827781716,0.2894308677612881,0.6979659815733521,0.13227638689686574,-0.06387420983521727,0.9937420105400055
Vigitel,2,2,44,2116,Standard TVAE,6638,1000,0.5,0.17,CatBoost,0.4877271582749429,0.07329842931937172,0.3333333333333333,0.041176470588235294,0.5121545003543586,0.2999969317507241,0.7043125442948264,0.1325146702977565,-0.26346896861328095,0.8452485475627938
Vigitel,2,2,44,2116,SepAware TVAE,6638,1000,0.5,0.17,LogisticRegression,0.524238782051282,0.20833333333333334,0.21084337349397592,0.20588235294117646,0.5240255138199859,0.20649599756888667,0.5804464918497519,0.18175319212395158,-1.3225448249986795,0.18061592725980397
Vigitel,2,2,44,2116,SepAware TVAE,6638,1000,0.5,0.17,RandomForest,0.453551912568306,0.0,0.0,0.0,0.5,0.30310099023998655,0.7055350815024806,0.1309317798401491,0.08378934103472703,1.0722643721788003
Vigitel,2,2,44,2116,SepAware TVAE,6638,1000,0.5,0.17,CatBoost,0.4833497722042177,0.06382978723404255,0.3333333333333333,0.03529411764705882,0.5104181431608789,0.2831759800004328,0.6919347980155918,0.13487023159835393,-0.4035982514329376,0.7428479387057418
Vigitel,2,3,44,2153,Real only,4000,1000,0.17025,0.17,LogisticRegression,0.453551912568306,0.0,0.0,0.0,0.5,0.3023296200570519,0.6626399716513112,0.13472514940671873,-0.07737809252582223,0.9410516682527639
Vigitel,2,3,44,2153,Real only,4000,1000,0.17025,0.17,RandomForest,0.47004843943211505,0.03389830508474576,0.42857142857142855,0.01764705882352941,0.5064138908575478,0.3004064672212148,0.6747377746279234,0.13325907393592332,-0.39128203731667743,0.7234530318064498
Vigitel,2,3,44,2153,Real only,4000,1000,0.17025,0.17,CatBoost,0.469653054428397,0.033707865168539325,0.375,0.01764705882352941,0.5058114812189937,0.318288070650419,0.6946491849751949,0.1315178336694633,-0.1734260850824344,0.8573732004255479
Vigitel,2,3,44,2153,Class weighting,4000,1000,0.17025,0.17,LogisticRegression,0.5630757870944009,0.34592445328031807,0.26126126126126126,0.5117647058823529,0.6076895818568391,0.29602406713558305,0.6645180722891566,0.22705979981810448,-1.566946817416042,0.90307203839298
Vigitel,2,3,44,2153,Class weighting,4000,1000,0.17025,0.17,RandomForest,0.5944940476190477,0.31875,0.34,0.3,0.5903614457831325,0.29790105426605634,0.676545003543586,0.15923179647665414,-1.0402397536649242,0.723659792813694
Vigitel,2,3,44,2153,Class weighting,4000,1000,0.17025,0.17,CatBoost,0.596918441485154,0.4139194139194139,0.300531914893617,0.6647058823529411,0.6739192062367115,0.3113213797514372,0.6892877391920623,0.20628667500723044,-1.4377570480003048,0.762196951551827
Vigitel,2,3,44,2153,Random oversampling,6638,1000,0.5,0.17,LogisticRegression,0.5580768465645481,0.3366733466933868,0.2553191489361702,0.49411764705882355,0.5994684620836286,0.29604073741688164,0.6606909992912828,0.22652577328518242,-1.5607830963033233,0.8603083975898755
Vigitel,2,3,44,2153,Random oversampling,6638,1000,0.5,0.17,RandomForest,0.6112640139322978,0.358974358974359,0.34806629834254144,0.37058823529411766,0.6142097802976613,0.2926153553065791,0.6671048901488306,0.16790276950182242,-1.166987217473329,0.5926722263639936
Vigitel,2,3,44,2153,Random oversampling,6638,1000,0.5,0.17,CatBoost,0.5971933471933473,0.40384615384615385,0.3,0.6176470588235294,0.6612331679659815,0.3150494489436156,0.683210489014883,0.20168711526634675,-1.4045384751374275,0.710838900038344
Vigitel,2,3,44,2153,Random undersampling,1362,1000,0.5,0.17,LogisticRegression,0.5638533229501436,0.34970530451866405,0.26253687315634217,0.5235294117647059,0.6111622962437988,0.28678771567933337,0.6614918497519491,0.22790111981151284,-1.5702030539911604,0.9106966668278986
Vigitel,2,3,44,2153,Random undersampling,1362,1000,0.5,0.17,RandomForest,0.5557320024198428,0.3815789473684211,0.2648401826484018,0.6823529411764706,0.6472005669737775,0.3070804768944839,0.6908752657689582,0.2230646245908252,-1.571835267886384,0.9325054866886897
Vigitel,2,3,44,2153,Random undersampling,1362,1000,0.5,0.17,CatBoost,0.5733866174663541,0.39378238341968913,0.2787286063569682,0.6705882352941176,0.6575832742735648,0.3157047405518443,0.6890326009922041,0.22235171867643275,-1.5511418624782227,0.7614758731400623
Vigitel,2,3,44,2153,SMOTE,6638,1000,0.5,0.17,LogisticRegression,0.5206286935810798,0.30347349177330896,0.22015915119363394,0.48823529411764705,0.5670092133238838,0.22181462269977584,0.6011304039688163,0.22527878802468132,-1.4837440022965942,0.3874041120871322
Vigitel,2,3,44,2153,SMOTE,6638,1000,0.5,0.17,RandomForest,0.5032290114257327,0.12121212121212122,0.22950819672131148,0.08235294117647059,0.5128632175761871,0.2551963359967527,0.6494861800141744,0.14641488011558276,-0.8641199209935805,0.625767320178271
Vigitel,2,3,44,2153,SMOTE,6638,1000,0.5,0.17,CatBoost,0.47961446219285936,0.061224489795918366,0.23076923076923078,0.03529411764705882,0.5055988660524451,0.27931775348438737,0.6627321048901489,0.14034640049915934,-0.7011557126642446,0.7248299751480882
Vigitel,2,3,44,2153,Standard CTGAN,6638,1000,0.5,0.17,LogisticRegression,0.526379168745056,0.31135531135531136,0.22606382978723405,0.5,0.5746987951807229,0.2085389282712915,0.5874592487597449,0.2363203743401133,-1.5439542617845683,0.5002345352197568
Vigitel,2,3,44,2153,Standard CTGAN,6638,1000,0.5,0.17,RandomForest,0.5198043362735536,0.16974169741697417,0.22772277227722773,0.13529411764705881,0.5206591070163005,0.21788064643542374,0.6097838412473423,0.1635571792788842,-1.1742929366583097,0.40624504941693906
Vigitel,2,3,44,2153,Standard CTGAN,6638,1000,0.5,0.17,CatBoost,0.46111111111111114,0.03,0.1,0.01764705882352941,0.49255846917080087,0.2246140514371301,0.6173635719347981,0.1472713791887003,-0.9562226702056321,0.46569051569308995
Vigitel,2,3,44,2153,SepAware CTGAN,6638,1000,0.5,0.17,LogisticRegression,0.5459157787924911,0.337037037037037,0.24594594594594596,0.5352941176470588,0.5995747696669029,0.2641779340958892,0.6297625797306874,0.22384663852180536,-1.4977542243185717,0.5197918256859994
Vigitel,2,3,44,2153,SepAware CTGAN,6638,1000,0.5,0.17,RandomForest,0.5324684319991688,0.20846905537459284,0.23357664233576642,0.18823529411764706,0.5308646350106307,0.22729280119283404,0.623206945428774,0.1667310868352294,-1.1907478977307142,0.3870827786447696
Vigitel,2,3,44,2153,SepAware CTGAN,6638,1000,0.5,0.17,CatBoost,0.507528475581214,0.12931034482758622,0.24193548387096775,0.08823529411764706,0.5158043940467754,0.2249177680020166,0.6250177179305457,0.1520871342621855,-1.0345443320294356,0.41124763616164156
Vigitel,2,3,44,2153,Standard TVAE,6638,1000,0.5,0.17,LogisticRegression,0.5539735403914272,0.2636103151862464,0.2569832402234637,0.27058823529411763,0.555173635719348,0.22252863003233198,0.6011516654854713,0.17959488102555174,-1.2959285208702123,0.19579636419352475
Vigitel,2,3,44,2153,Standard TVAE,6638,1000,0.5,0.17,RandomForest,0.4676867832943873,0.03278688524590164,0.23076923076923078,0.01764705882352941,0.5027994330262225,0.2777643473233654,0.6682671863926294,0.13589961932073077,-0.5109309169968115,0.6767363318871497
Vigitel,2,3,44,2153,Standard TVAE,6638,1000,0.5,0.17,CatBoost,0.4923359098650596,0.08823529411764706,0.2647058823529412,0.052941176470588235,0.5114103472714386,0.2709793131238834,0.6770481927710843,0.13832181143726768,-0.6144880474274312,0.5941817756624381
Vigitel,2,3,44,2153,SepAware TVAE,6638,1000,0.5,0.17,LogisticRegression,0.5082251082251082,0.18857142857142858,0.18333333333333332,0.19411764705882353,0.5085046066619419,0.19651676365593576,0.5706201275691,0.18866135332302478,-1.3808503538998205,0.1337638089510166
Vigitel,2,3,44,2153,SepAware TVAE,6638,1000,0.5,0.17,RandomForest,0.4627594627594628,0.022222222222222223,0.2,0.011764705882352941,0.5010630758327428,0.2842146852901909,0.6694790928419561,0.13467374788862,-0.42724227267737075,0.7159360586350674
Vigitel,2,3,44,2153,SepAware TVAE,6638,1000,0.5,0.17,CatBoost,0.4977946635224246,0.09803921568627451,0.29411764705882354,0.058823529411764705,0.5149539333805812,0.2760500549913942,0.6822041105598866,0.137880298235313,-0.6016630939177032,0.6054758044976013
Vigitel,2,4,44,2190,Real only,4000,1000,0.17,0.171,LogisticRegression,0.45325314379442316,0.0,0.0,0.0,0.5,0.2662290173606866,0.6509145803793762,0.13599790561270694,-0.19934721895253174,0.8729129748889056
Vigitel,2,4,44,2190,Real only,4000,1000,0.17,0.171,RandomForest,0.4627594627594628,0.022222222222222223,0.2222222222222222,0.011695906432748537,0.5016259990547338,0.2877624665325761,0.6706381958112007,0.1352837341512651,-0.3505030261875522,0.7647171753033409
Vigitel,2,4,44,2190,Real only,4000,1000,0.17,0.171,CatBoost,0.4940389648153533,0.08421052631578947,0.42105263157894735,0.04678362573099415,0.5167573134686334,0.2874947855292649,0.6880762420728137,0.13453642328407067,-0.2577559671899248,0.8256348886114792
Vigitel,2,4,44,2190,Class weighting,4000,1000,0.17,0.171,LogisticRegression,0.576577249744701,0.37037037037037035,0.2777777777777778,0.5555555555555556,0.6288031095027476,0.2685822117782226,0.6559301349473402,0.23157753183776708,-1.5860987340287636,0.8495574263057605
Vigitel,2,4,44,2190,Class weighting,4000,1000,0.17,0.171,RandomForest,0.591856472750133,0.3081967213114754,0.35074626865671643,0.27485380116959063,0.5849540417186916,0.29342103464956676,0.6728955480780762,0.16230051385334077,-1.0386307908260073,0.7733188369923729
Vigitel,2,4,44,2190,Class weighting,4000,1000,0.17,0.171,CatBoost,0.5562592780746349,0.3623445825932504,0.2602040816326531,0.5964912280701754,0.6233360844814086,0.2760871005913227,0.6816639507897206,0.2145491855793053,-1.4844007362309712,0.7849707876302763
Vigitel,2,4,44,2190,Random oversampling,6640,1000,0.5,0.171,LogisticRegression,0.5769510553007517,0.376425855513308,0.27887323943661974,0.5789473684210527,0.635070789156244,0.2696908044529191,0.6596547661876848,0.23142118963304553,-1.5870051734855268,0.8523193267322287
Vigitel,2,4,44,2190,Random oversampling,6640,1000,0.5,0.171,RandomForest,0.601165203430989,0.34710743801652894,0.328125,0.3684210526315789,0.6064059424798426,0.28574966039186467,0.6692837844510755,0.17109983220929106,-1.158124725836983,0.6584549613095648
Vigitel,2,4,44,2190,Random oversampling,6640,1000,0.5,0.171,CatBoost,0.5556021590744541,0.3574007220216607,0.2584856396866841,0.5789473684210527,0.6181829725096819,0.26621851653304623,0.6730084156914199,0.21116272098554736,-1.4472650843743793,0.6921944465339385
Vigitel,2,4,44,2190,Random undersampling,1360,1000,0.5,0.171,LogisticRegression,0.580439509404488,0.37401574803149606,0.2818991097922849,0.5555555555555556,0.6318187910467765,0.26883904135033715,0.6573409801141373,0.2320655443312416,-1.5878647869166884,0.8258098576894213
Vigitel,2,4,44,2190,Random undersampling,1360,1000,0.5,0.171,RandomForest,0.5521837627100785,0.37037037037037035,0.26004728132387706,0.6432748538011696,0.6328557622443725,0.28429189112036135,0.6834063445707151,0.22635866981761107,-1.5792936176246462,0.858721739481709
Vigitel,2,4,44,2190,Random undersampling,1360,1000,0.5,0.171,CatBoost,0.5391533175546489,0.34974533106960953,0.24641148325358853,0.6023391812865497,0.611181653369451,0.278489459361937,0.6847113763500025,0.22950582923948531,-1.58915568584868,0.7092302615891499
Vigitel,2,4,44,2190,SMOTE,6640,1000,0.5,0.171,LogisticRegression,0.5081664344812779,0.2888086642599278,0.20887728459530025,0.4678362573099415,0.5511678270868163,0.20792830440467303,0.566327358404052,0.23531346395089162,-1.5068356734114765,0.2502867013142911
Vigitel,2,4,44,2190,SMOTE,6640,1000,0.5,0.171,RandomForest,0.5191821658500982,0.14847161572052403,0.29310344827586204,0.09941520467836257,0.5249790136781439,0.24200906715784945,0.6392892162049676,0.15156167355817554,-0.9519057961862804,0.5718490050563011
Vigitel,2,4,44,2190,SMOTE,6640,1000,0.5,0.171,CatBoost,0.4831727115191682,0.08108108108108109,0.17647058823529413,0.05263157894736842,0.500984064503841,0.2446147600305238,0.6530802277104099,0.1466974880508264,-0.8086994189452835,0.6558800759891086
Vigitel,2,4,44,2190,Standard CTGAN,6640,1000,0.5,0.171,LogisticRegression,0.5328150461110297,0.32304900181488205,0.23421052631578948,0.52046783625731,0.58472125226617,0.23220874680817533,0.6100988297039341,0.23164372933517138,-1.5240644706348507,0.5920026033694845
Vigitel,2,4,44,2190,Standard CTGAN,6640,1000,0.5,0.171,RandomForest,0.5367299222445762,0.19622641509433963,0.2765957446808511,0.15204678362573099,0.5350101228140718,0.2329743480437143,0.6366862068722269,0.16056264043059204,-1.0725383753274353,0.544029646641596
Vigitel,2,4,44,2190,Standard CTGAN,6640,1000,0.5,0.171,CatBoost,0.48416751787538304,0.08181818181818182,0.1836734693877551,0.05263157894736842,0.5021903371214526,0.23268454050014714,0.642551795653186,0.1472754594722952,-0.8329895183474483,0.5987390567118339
Vigitel,2,4,44,2190,SepAware CTGAN,6640,1000,0.5,0.171,LogisticRegression,0.5396606187596235,0.31225296442687744,0.23582089552238805,0.4619883040935672,0.5765912569925014,0.2323258701205463,0.5995527620821253,0.22414955524971572,-1.4789516569733643,0.3696830516845881
Vigitel,2,4,44,2190,SepAware CTGAN,6640,1000,0.5,0.171,RandomForest,0.5490196078431373,0.23333333333333334,0.2713178294573643,0.2046783625730994,0.5456443682588055,0.2518933902768077,0.6515917860594389,0.16093829721484465,-1.0716913022439538,0.5358675851453784
Vigitel,2,4,44,2190,SepAware CTGAN,6640,1000,0.5,0.171,CatBoost,0.5145449792748049,0.14754098360655737,0.2465753424657534,0.10526315789473684,0.51945908196305,0.23339106790541014,0.6404461092417413,0.1525159744882766,-0.9612926357615176,0.4988944619604637
Vigitel,2,4,44,2190,Standard TVAE,6640,1000,0.5,0.171,LogisticRegression,0.5196903039674219,0.2262210796915167,0.2018348623853211,0.2573099415204678,0.5237092530280265,0.20361652754878856,0.5532699863853442,0.19997321706470614,-1.4091542353790478,0.1256076672039265
Vigitel,2,4,44,2190,Standard TVAE,6640,1000,0.5,0.171,RandomForest,0.46203411549946205,0.02197802197802198,0.18181818181818182,0.011695906432748537,0.5004197264371222,0.2634322617022117,0.661481810678687,0.13732965866294125,-0.45837403863644194,0.7165115755007405
Vigitel,2,4,44,2190,Standard TVAE,6640,1000,0.5,0.171,CatBoost,0.4773215633892793,0.05970149253731343,0.2,0.03508771929824561,0.5030685882377839,0.24832746136426542,0.6611996416453276,0.14081817932878585,-0.6005521402882976,0.6227573426561607
Vigitel,2,4,44,2190,SepAware TVAE,6640,1000,0.5,0.171,LogisticRegression,0.5329899823062402,0.24064171122994651,0.22167487684729065,0.2631578947368421,0.5362834105771062,0.21190614898704135,0.557777636693261,0.19518087633855946,-1.3921679650332215,0.13594144773201325
Vigitel,2,4,44,2190,SepAware TVAE,6640,1000,0.5,0.171,RandomForest,0.4616719446875442,0.02185792349726776,0.16666666666666666,0.011695906432748537,0.49981659012831636,0.26704533821716253,0.665432177145719,0.13704998350754688,-0.4430754368866934,0.7241636122180789
Vigitel,2,4,44,2190,SepAware TVAE,6640,1000,0.5,0.171,CatBoost,0.4730882633213377,0.050505050505050504,0.18518518518518517,0.029239766081871343,0.5013508842472083,0.2507440716950103,0.6639049372526613,0.14031418769355983,-0.5842231128049712,0.6293686328825292
