dataset,repeat,fold,partition_seed,fold_seed,condition,n_train,n_test,positive_rate_train,positive_rate_test,classifier,macro_f1,minority_f1,minority_precision,minority_recall,balanced_accuracy,auprc,auroc,brier,calibration_intercept,calibration_slope
Kidney mortality,0,0,42,42,Real only,4000,1000,0.0535,0.053,LogisticRegression,0.48638931689779147,0.0,0.0,0.0,0.5,0.12518630569473788,0.7208563288238927,0.04894783340359479,0.14406897552607997,1.046582592799033
Kidney mortality,0,0,42,42,Real only,4000,1000,0.0535,0.053,RandomForest,0.48638931689779147,0.0,0.0,0.0,0.5,0.12802164109488154,0.7300611663445638,0.04869580912470924,-0.6246283253041054,0.7577401691208788
Kidney mortality,0,0,42,42,Real only,4000,1000,0.0535,0.053,CatBoost,0.48612538540596095,0.0,0.0,0.0,0.49947201689545934,0.1380778210416041,0.7212448446932718,0.04850783845936324,0.0022856794321644293,0.9724753770633089
Kidney mortality,0,0,42,42,Class weighting,4000,1000,0.0535,0.053,LogisticRegression,0.5052083333333334,0.16875,0.10112359550561797,0.5094339622641509,0.6280010360423183,0.12329854788279254,0.7356597796417683,0.21066023183394234,-2.847202688705845,0.9689962853718745
Kidney mortality,0,0,42,42,Class weighting,4000,1000,0.0535,0.053,RandomForest,0.537345806971057,0.11494252873563218,0.14705882352941177,0.09433962264150944,0.5318583012890757,0.10703338668785414,0.5821262776194935,0.09570474451320873,-2.4793207504989803,0.3003605931553989
Kidney mortality,0,0,42,42,Class weighting,4000,1000,0.0535,0.053,CatBoost,0.5472198364390007,0.20491803278688525,0.13089005235602094,0.4716981132075472,0.6482038612500249,0.1221779479571269,0.6793747883086609,0.15612273022734827,-2.531475632540285,0.7502456539475058
Kidney mortality,0,0,42,42,Random oversampling,7572,1000,0.5,0.053,LogisticRegression,0.5058553386911596,0.1723076923076923,0.10294117647058823,0.5283018867924528,0.6353230658883067,0.12127799193300953,0.7358789424398797,0.21126182737109464,-2.850274639081959,0.963112623295644
Kidney mortality,0,0,42,42,Random oversampling,7572,1000,0.5,0.053,RandomForest,0.5478595478595478,0.14545454545454545,0.14035087719298245,0.1509433962264151,0.5496005259907155,0.09095441574772564,0.5554681118128748,0.10680847200733253,-2.590172801584774,0.22057908178082233
Kidney mortality,0,0,42,42,Random oversampling,7572,1000,0.5,0.053,CatBoost,0.5522929752383576,0.1990521327014218,0.13291139240506328,0.39622641509433965,0.6257795222251001,0.11481189463903253,0.6267159450897571,0.14626153832038558,-2.54815964401968,0.4824931864317206
Kidney mortality,0,0,42,42,Random undersampling,428,1000,0.5,0.053,LogisticRegression,0.49204441391941395,0.15476190476190477,0.09187279151943463,0.49056603773584906,0.6095913610009762,0.10852982905371861,0.7020282520770657,0.22086978164593182,-2.8603522587328354,0.729708221901331
Kidney mortality,0,0,42,42,Random undersampling,428,1000,0.5,0.053,RandomForest,0.4920237805675104,0.1725067385444744,0.10062893081761007,0.6037735849056604,0.6508836245542029,0.14020370997238074,0.7352613018270208,0.21296095053003705,-2.90658804355873,0.9394606243459029
Kidney mortality,0,0,42,42,Random undersampling,428,1000,0.5,0.053,CatBoost,0.49108225946128137,0.16893732970027248,0.09872611464968153,0.5849056603773585,0.6430336116036739,0.1256473983076487,0.7089418421629374,0.22218409322267058,-2.9022452219705874,0.6329612672926501
Kidney mortality,0,0,42,42,SMOTE,7572,1000,0.5,0.053,LogisticRegression,0.5182854711524223,0.1892744479495268,0.11363636363636363,0.5660377358490566,0.6594708214620151,0.13477109986534824,0.7263353987766731,0.20756177111137072,-2.839070804507388,0.8707010443205638
Kidney mortality,0,0,42,42,SMOTE,7572,1000,0.5,0.053,RandomForest,0.5650661099512874,0.16666666666666666,0.22580645161290322,0.1320754716981132,0.5533661413400809,0.10423795447025816,0.5937020581379131,0.09253317058649042,-2.421685826411553,0.3321078152282239
Kidney mortality,0,0,42,42,SMOTE,7572,1000,0.5,0.053,CatBoost,0.5578824898196626,0.15555555555555556,0.1891891891891892,0.1320754716981132,0.550198242712837,0.1417340096938156,0.5864298380187682,0.09070556884043819,-2.4218907469950963,0.33312894568347023
Kidney mortality,0,0,42,42,Standard CTGAN,7572,1000,0.5,0.053,LogisticRegression,0.5166813963764914,0.1532258064516129,0.09743589743589744,0.3584905660377358,0.5863202566197127,0.12498651354002929,0.7024267298918133,0.15813453637057026,-2.637298926361158,0.5421109736853748
Kidney mortality,0,0,42,42,Standard CTGAN,7572,1000,0.5,0.053,RandomForest,0.5402127448056466,0.11904761904761904,0.16129032258064516,0.09433962264150944,0.5334422506026977,0.15026605547169045,0.7298021557649779,0.06588083917286125,-1.6552740716283127,0.600394802505565
Kidney mortality,0,0,42,42,Standard CTGAN,7572,1000,0.5,0.053,CatBoost,0.5359307359307359,0.10666666666666667,0.18181818181818182,0.07547169811320754,0.528232153174872,0.12662324142026748,0.7363172680361021,0.05799744688799669,-1.423364943973018,0.6279245065443725
Kidney mortality,0,0,42,42,SepAware CTGAN,7572,1000,0.5,0.053,LogisticRegression,0.5189442621538373,0.1518987341772152,0.09782608695652174,0.33962264150943394,0.5821661254009682,0.18261942030220754,0.6810683190213386,0.14768659381549606,-2.5250509015996494,0.6137396697959903
Kidney mortality,0,0,42,42,SepAware CTGAN,7572,1000,0.5,0.053,RandomForest,0.5547389593174711,0.1553398058252427,0.16,0.1509433962264151,0.5532964077225001,0.1446644605136857,0.7418361857703573,0.06904561945147009,-1.6931456655242345,0.6042875287743323
Kidney mortality,0,0,42,42,SepAware CTGAN,7572,1000,0.5,0.053,CatBoost,0.5355099688968068,0.11235955056179775,0.1388888888888889,0.09433962264150944,0.5308023350799944,0.14553344340375096,0.7497260465023609,0.06286253706524758,-1.565717356835429,0.6072451220093514
Kidney mortality,0,0,42,42,Standard TVAE,7572,1000,0.5,0.053,LogisticRegression,0.5359307359307359,0.10666666666666667,0.18181818181818182,0.07547169811320754,0.528232153174872,0.10014990718064842,0.5647127971150206,0.05913181042541875,-2.2456024232549883,0.1985487693153369
Kidney mortality,0,0,42,42,Standard TVAE,7572,1000,0.5,0.053,RandomForest,0.48638931689779147,0.0,0.0,0.0,0.5,0.11918550031178804,0.7258572253989759,0.049138520873411556,-0.6714648063830327,0.7833120982072576
Kidney mortality,0,0,42,42,Standard TVAE,7572,1000,0.5,0.053,CatBoost,0.48612538540596095,0.0,0.0,0.0,0.49947201689545934,0.1194438924435305,0.7243131238668287,0.04938991370993276,-0.522436686220611,0.8100620471495612
Kidney mortality,0,0,42,42,SepAware TVAE,7572,1000,0.5,0.053,LogisticRegression,0.5464126577550095,0.1282051282051282,0.2,0.09433962264150944,0.5366101492299417,0.09829660247056704,0.5488334561973263,0.059717181938857486,-2.303482348715123,0.1770888310884124
Kidney mortality,0,0,42,42,SepAware TVAE,7572,1000,0.5,0.053,RandomForest,0.48612538540596095,0.0,0.0,0.0,0.49947201689545934,0.11581183554841495,0.7241238469048236,0.04932658757718694,-0.6728883952325803,0.777886676447701
Kidney mortality,0,0,42,42,SepAware TVAE,7572,1000,0.5,0.053,CatBoost,0.48638931689779147,0.0,0.0,0.0,0.5,0.12152663455514143,0.7040106792054353,0.04916345238360829,-0.5012262278569902,0.8143051020914434
Kidney mortality,0,1,42,79,Real only,4000,1000,0.0535,0.053,LogisticRegression,0.48612538540596095,0.0,0.0,0.0,0.49947201689545934,0.11855028490652486,0.6886194736108067,0.049823319251474214,-1.6061433095691993,0.4203946903680056
Kidney mortality,0,1,42,79,Real only,4000,1000,0.0535,0.053,RandomForest,0.48638931689779147,0.0,0.0,0.0,0.5,0.11203204321455282,0.680729612878803,0.049987516691071134,-1.2850419809463491,0.520413101706735
Kidney mortality,0,1,42,79,Real only,4000,1000,0.0535,0.053,CatBoost,0.48612538540596095,0.0,0.0,0.0,0.49947201689545934,0.12537645666430314,0.655565738877488,0.049217876963944016,-0.8571112589792494,0.6679911927244422
Kidney mortality,0,1,42,79,Class weighting,4000,1000,0.0535,0.053,LogisticRegression,0.49378132329794144,0.17941952506596306,0.10429447852760736,0.6415094339622641,0.6665836504552609,0.11097250632043976,0.6930226534637683,0.217599806230345,-2.802051630807263,0.3232544721821949
Kidney mortality,0,1,42,79,Class weighting,4000,1000,0.0535,0.053,RandomForest,0.5139850793419358,0.06976744186046512,0.09090909090909091,0.05660377358490566,0.5124623936562333,0.0687023282950607,0.5689067761152398,0.09076830834406457,-2.558458958705563,0.21365033622062826
Kidney mortality,0,1,42,79,Class weighting,4000,1000,0.0535,0.053,CatBoost,0.5170454545454545,0.15,0.0962566844919786,0.33962264150943394,0.5805821760873463,0.09410263489792708,0.6233089597736645,0.15534396600956887,-2.609309290108926,0.38980181469418934
Kidney mortality,0,1,42,79,Random oversampling,7572,1000,0.5,0.053,LogisticRegression,0.49317738791423005,0.17894736842105263,0.10397553516819572,0.6415094339622641,0.6660556673507203,0.11317457699996825,0.6968878882668207,0.2189117871304423,-2.800257658526463,0.2985014350431635
Kidney mortality,0,1,42,79,Random oversampling,7572,1000,0.5,0.053,RandomForest,0.5218266223028033,0.09433962264150944,0.09433962264150944,0.09433962264150944,0.5218266223028033,0.073856315134464,0.5970592337271623,0.10119123728377184,-2.5991391374748067,0.19486089487365016
Kidney mortality,0,1,42,79,Random oversampling,7572,1000,0.5,0.053,CatBoost,0.5192194014675631,0.14084507042253522,0.09375,0.2830188679245283,0.5649518838038692,0.07697892131291331,0.5859915124225459,0.14760926338323554,-2.6583127602108014,0.239706111125508
Kidney mortality,0,1,42,79,Random undersampling,428,1000,0.5,0.053,LogisticRegression,0.49642625081221575,0.18421052631578946,0.10703363914373089,0.660377358490566,0.6760176127194119,0.14216712746706217,0.6901735370883225,0.2201776751798035,-2.825467629472603,0.458230355233498
Kidney mortality,0,1,42,79,Random undersampling,428,1000,0.5,0.053,RandomForest,0.45918767064821475,0.1552511415525114,0.08831168831168831,0.6415094339622641,0.6354326472873623,0.13217384641420918,0.681367177382399,0.21526847021529963,-2.829490760878826,0.7233505742671431
Kidney mortality,0,1,42,79,Random undersampling,428,1000,0.5,0.053,CatBoost,0.47521188900499245,0.16296296296296298,0.09375,0.6226415094339622,0.6428941443685123,0.1511788460392279,0.680111972265944,0.2260347052549439,-2.886622211800024,0.5994533129943014
Kidney mortality,0,1,42,79,SMOTE,7572,1000,0.5,0.053,LogisticRegression,0.49108225946128137,0.16893732970027248,0.09872611464968153,0.5849056603773585,0.6430336116036739,0.10970569733655189,0.68037098284553,0.21656866912309317,-2.7946217577957166,0.261752397214627
Kidney mortality,0,1,42,79,SMOTE,7572,1000,0.5,0.053,RandomForest,0.5018347063254842,0.046511627906976744,0.06060606060606061,0.03773584905660377,0.5025004482875416,0.07578264571281348,0.6092825406945468,0.08717078265637343,-2.381802650884174,0.3339503674811989
Kidney mortality,0,1,42,79,SMOTE,7572,1000,0.5,0.053,CatBoost,0.48728465955701394,0.021739130434782608,0.02564102564102564,0.018867924528301886,0.48937060429160606,0.06792817143084867,0.5737980912912675,0.08860082476629697,-2.4647810366147103,0.2724802773342734
Kidney mortality,0,1,42,79,Standard CTGAN,7572,1000,0.5,0.053,LogisticRegression,0.5243654602845159,0.15384615384615385,0.10119047619047619,0.32075471698113206,0.5806519097049272,0.11182073475658372,0.6221932218923713,0.14472611193526905,-2.688359905681254,0.17849288065346047
Kidney mortality,0,1,42,79,Standard CTGAN,7572,1000,0.5,0.053,RandomForest,0.5789473684210527,0.2,0.2127659574468085,0.18867924528301888,0.5748042477735053,0.1331016794886425,0.652557231376143,0.07144736096589609,-2.042407579574518,0.38469362554350184
Kidney mortality,0,1,42,79,Standard CTGAN,7572,1000,0.5,0.053,CatBoost,0.5286309557478741,0.0963855421686747,0.13333333333333333,0.07547169811320754,0.5240082883385467,0.10986062561438917,0.6584746269251459,0.06157982604089596,-1.882145186189708,0.39675966656748773
Kidney mortality,0,1,42,79,SepAware CTGAN,7572,1000,0.5,0.053,LogisticRegression,0.515493041734684,0.14096916299559473,0.09195402298850575,0.3018867924528302,0.5675220657089917,0.10352503727267887,0.5795560957143712,0.13636521486283032,-2.72517120580191,0.10600535043365804
Kidney mortality,0,1,42,79,SepAware CTGAN,7572,1000,0.5,0.053,RandomForest,0.5708062404772635,0.1836734693877551,0.2,0.16981132075471697,0.5658982686138949,0.11508551683709062,0.6510031678986272,0.07164867588281536,-2.0576302035872285,0.3811610537305988
Kidney mortality,0,1,42,79,SepAware CTGAN,7572,1000,0.5,0.053,CatBoost,0.5088546490415649,0.05405405405405406,0.09523809523809523,0.03773584905660377,0.5088362455420294,0.09757055771288088,0.6432726982925225,0.06319546660401026,-1.9499186196859755,0.3837110310002402
Kidney mortality,0,1,42,79,Standard TVAE,7572,1000,0.5,0.053,LogisticRegression,0.5034912733877608,0.04819277108433735,0.06666666666666667,0.03773584905660377,0.5040843976011635,0.08514489433696301,0.6353230658883067,0.06552279947976569,-2.347647236419722,0.1524813403180453
Kidney mortality,0,1,42,79,Standard TVAE,7572,1000,0.5,0.053,RandomForest,0.48638931689779147,0.0,0.0,0.0,0.5,0.10554402169514687,0.6775417903608216,0.050435814195608504,-1.3307692563274676,0.523392863061827
Kidney mortality,0,1,42,79,Standard TVAE,7572,1000,0.5,0.053,CatBoost,0.48612538540596095,0.0,0.0,0.0,0.49947201689545934,0.10278340905621332,0.6326532645294973,0.05053617600956315,-1.2976230633713421,0.5217238874750088
Kidney mortality,0,1,42,79,SepAware TVAE,7572,1000,0.5,0.053,LogisticRegression,0.5012948308908797,0.04597701149425287,0.058823529411764705,0.03773584905660377,0.501972465183001,0.08489097019424563,0.6323942539499112,0.06691284071830421,-2.377389345577877,0.14322976119997197
Kidney mortality,0,1,42,79,SepAware TVAE,7572,1000,0.5,0.053,RandomForest,0.48586118251928023,0.0,0.0,0.0,0.4989440337909187,0.10746328110510442,0.6855910422187245,0.05108878956678,-1.3428173289322751,0.5241945274115554
Kidney mortality,0,1,42,79,SepAware TVAE,7572,1000,0.5,0.053,CatBoost,0.5033904885734666,0.03508771929824561,0.25,0.018867924528301886,0.507850012950529,0.11813304936605412,0.6156581857305095,0.050445898791599254,-1.4019669901065557,0.4870794415501489
Kidney mortality,0,2,42,116,Real only,4000,1000,0.0535,0.053,LogisticRegression,0.48638931689779147,0.0,0.0,0.0,0.5,0.12988235006256454,0.6815564543444045,0.04890634243859993,-0.3695911589358425,0.8756890195763783
Kidney mortality,0,2,42,116,Real only,4000,1000,0.0535,0.053,RandomForest,0.48638931689779147,0.0,0.0,0.0,0.5,0.15925637730808062,0.7426630272359588,0.047415340445288064,-0.25379113112660634,0.9048161413956697
Kidney mortality,0,2,42,116,Real only,4000,1000,0.0535,0.053,CatBoost,0.48612538540596095,0.0,0.0,0.0,0.49947201689545934,0.1271373812639611,0.7392161941383913,0.048826245675655744,-0.1526359314899693,0.93723979242411
Kidney mortality,0,2,42,116,Class weighting,4000,1000,0.0535,0.053,LogisticRegression,0.49465842120474107,0.17174515235457063,0.10064935064935066,0.5849056603773585,0.6462015102309179,0.12140203969757173,0.6885696638839632,0.2223221143472876,-2.86864953664244,0.7417640476337948
Kidney mortality,0,2,42,116,Class weighting,4000,1000,0.0535,0.053,RandomForest,0.5720806390262457,0.18181818181818182,0.22857142857142856,0.1509433962264151,0.5612161542906099,0.12444674511931546,0.6080372975234604,0.09035378165283506,-2.207342239339037,0.5212134777520333
Kidney mortality,0,2,42,116,Class weighting,4000,1000,0.0535,0.053,CatBoost,0.5195481245665489,0.17266187050359713,0.10666666666666667,0.4528301886792453,0.620290490326951,0.12734280094130504,0.6659560478970333,0.16769834385669122,-2.5935167404851467,0.6741571535276282
Kidney mortality,0,2,42,116,Random oversampling,7572,1000,0.5,0.053,LogisticRegression,0.49009728539911246,0.1652892561983471,0.0967741935483871,0.5660377358490566,0.635183598653145,0.11728987713505437,0.6866569703731745,0.2227203282479262,-2.867656524544404,0.7312579757494718
Kidney mortality,0,2,42,116,Random oversampling,7572,1000,0.5,0.053,RandomForest,0.5814031366858291,0.21052631578947367,0.19672131147540983,0.22641509433962265,0.5873363750473193,0.12517743683111662,0.6183180251439502,0.10075305754064633,-2.313083231285784,0.4677853314627741
Kidney mortality,0,2,42,116,Random oversampling,7572,1000,0.5,0.053,CatBoost,0.5480225988700566,0.2,0.12994350282485875,0.4339622641509434,0.6356717339762109,0.12967866565114924,0.6649997011416389,0.14806273308972595,-2.495124584040874,0.6576058210760211
Kidney mortality,0,2,42,116,Random undersampling,428,1000,0.5,0.053,LogisticRegression,0.5019081949118274,0.17765042979942694,0.10472972972972973,0.5849056603773585,0.6525373074854057,0.11710487251837827,0.7014205734095754,0.224113435156946,-2.8834427197483663,0.7763782262511432
Kidney mortality,0,2,42,116,Random undersampling,428,1000,0.5,0.053,RandomForest,0.49744296451757686,0.19289340101522842,0.11143695014662756,0.7169811320754716,0.6985116853619174,0.14176266577724933,0.7511306807993463,0.21491349746789712,-2.948160706301086,1.0898020703271405
Kidney mortality,0,2,42,116,Random undersampling,428,1000,0.5,0.053,CatBoost,0.5075172247869003,0.20365535248041775,0.11818181818181818,0.7358490566037735,0.7142814448805562,0.1358338735641144,0.7536610149229943,0.22264330280526423,-2.9922669652707317,0.8362330388262651
Kidney mortality,0,2,42,116,SMOTE,7572,1000,0.5,0.053,LogisticRegression,0.48871448923570265,0.16711590296495957,0.09748427672955975,0.5849056603773585,0.6409216791855114,0.11382725362813384,0.6939291904923194,0.22130550798065618,-2.848638596977704,0.6348370999761176
Kidney mortality,0,2,42,116,SMOTE,7572,1000,0.5,0.053,RandomForest,0.5355099688968068,0.11235955056179775,0.1388888888888889,0.09433962264150944,0.5308023350799944,0.0811525753167951,0.5737881293458986,0.09115964439056239,-2.4147074445082244,0.3173862849341199
Kidney mortality,0,2,42,116,SMOTE,7572,1000,0.5,0.053,CatBoost,0.5435735150925024,0.1346153846153846,0.13725490196078433,0.1320754716981132,0.5428064792492678,0.07895623376090741,0.5715765774740491,0.09383167140155996,-2.4164471403220618,0.3341821833569508
Kidney mortality,0,2,42,116,Standard CTGAN,7572,1000,0.5,0.053,LogisticRegression,0.4994563059875382,0.11353711790393013,0.07386363636363637,0.24528301886792453,0.5365802633938356,0.06806391269608049,0.4599828654539659,0.1613213209653588,-2.847531946080912,0.04087456947826382
Kidney mortality,0,2,42,116,Standard CTGAN,7572,1000,0.5,0.053,RandomForest,0.5303218676612792,0.10526315789473684,0.11904761904761904,0.09433962264150944,0.5276344364527505,0.1109295908445479,0.7193520750732203,0.06812964794106634,-1.7630432763075923,0.5329956748729595
Kidney mortality,0,2,42,116,Standard CTGAN,7572,1000,0.5,0.053,CatBoost,0.5189741629820966,0.0759493670886076,0.11538461538461539,0.05660377358490566,0.5161582753880178,0.1115118338829983,0.7259668067980315,0.061857677640325875,-1.634640448035978,0.5400367341793977
Kidney mortality,0,2,42,116,SepAware CTGAN,7572,1000,0.5,0.053,LogisticRegression,0.5075239398084815,0.12093023255813953,0.08024691358024691,0.24528301886792453,0.5439720268574048,0.0929873879575082,0.602498455898468,0.15414594269069284,-2.699347365616335,0.17654563142848254
Kidney mortality,0,2,42,116,SepAware CTGAN,7572,1000,0.5,0.053,RandomForest,0.5342671873320675,0.11650485436893204,0.12,0.11320754716981132,0.5333725169851169,0.1077582564948829,0.7237154071447073,0.07209417505525445,-1.8357736846329238,0.5193846718736569
Kidney mortality,0,2,42,116,SepAware CTGAN,7572,1000,0.5,0.053,CatBoost,0.5404411764705883,0.125,0.13953488372093023,0.11320754716981132,0.5370683987169015,0.10907446329527774,0.719621047598175,0.06544658873675516,-1.7345691212039998,0.5173006759276376
Kidney mortality,0,2,42,116,Standard TVAE,7572,1000,0.5,0.053,LogisticRegression,0.5280720984045792,0.08823529411764706,0.2,0.05660377358490566,0.521966089537965,0.10022790635618926,0.5971987009623239,0.057682751143784385,-2.5680462212408135,0.08951745074639307
Kidney mortality,0,2,42,116,Standard TVAE,7572,1000,0.5,0.053,RandomForest,0.48638931689779147,0.0,0.0,0.0,0.5,0.1404106880046553,0.7316451156581857,0.04815060212015107,-0.4499321089535093,0.870335716206703
Kidney mortality,0,2,42,116,Standard TVAE,7572,1000,0.5,0.053,CatBoost,0.48612538540596095,0.0,0.0,0.0,0.49947201689545934,0.13593612560850177,0.7244525911019905,0.04887321774512303,-0.40074264128277903,0.8636183022529935
Kidney mortality,0,2,42,116,SepAware TVAE,7572,1000,0.5,0.053,LogisticRegression,0.5389580451821115,0.1111111111111111,0.21052631578947367,0.07547169811320754,0.529816102488494,0.10489244130099323,0.6006455340598913,0.05809609887066185,-2.5578770965065805,0.09212279668664494
Kidney mortality,0,2,42,116,SepAware TVAE,7572,1000,0.5,0.053,RandomForest,0.48638931689779147,0.0,0.0,0.0,0.5,0.14345207486142741,0.7419258432786755,0.04807664833078021,-0.45841350417161886,0.8680204748160982
Kidney mortality,0,2,42,116,SepAware TVAE,7572,1000,0.5,0.053,CatBoost,0.48586118251928023,0.0,0.0,0.0,0.4989440337909187,0.12205709000391066,0.716164252555239,0.049736861801642454,-0.6530825064589231,0.7672139635507906
Kidney mortality,0,3,42,153,Real only,4000,1000,0.05325,0.054,LogisticRegression,0.48612538540596095,0.0,0.0,0.0,0.5,0.12654341827923138,0.7198144233027954,0.04968770414559537,0.3373996129203627,1.1098162571287884
Kidney mortality,0,3,42,153,Real only,4000,1000,0.05325,0.054,RandomForest,0.48612538540596095,0.0,0.0,0.0,0.5,0.1005373002696984,0.6561349933442957,0.05124833640040478,-1.3528587171075148,0.47594181114713474
Kidney mortality,0,3,42,153,Real only,4000,1000,0.05325,0.054,CatBoost,0.48612538540596095,0.0,0.0,0.0,0.5,0.11427136252853153,0.6957951609114399,0.050577923174639536,-0.6208056930759815,0.7446970162327798
Kidney mortality,0,3,42,153,Class weighting,4000,1000,0.05325,0.054,LogisticRegression,0.503879458052241,0.18487394957983194,0.10891089108910891,0.6111111111111112,0.6628494244773315,0.11754663190627075,0.7159384543105471,0.21492605882263854,-2.8273049798668546,0.9021801049734196
Kidney mortality,0,3,42,153,Class weighting,4000,1000,0.05325,0.054,RandomForest,0.5392412839809553,0.11764705882352941,0.16129032258064516,0.09259259259259259,0.5325542244146896,0.08511816755689548,0.5956855375460026,0.08761001801701954,-2.2723214279862622,0.416162374014887
Kidney mortality,0,3,42,153,Class weighting,4000,1000,0.05325,0.054,CatBoost,0.5337142857142857,0.184,0.11734693877551021,0.42592592592592593,0.6215253308276565,0.11301666518467682,0.6747905410696109,0.15633887969408203,-2.5218500477772507,0.6869865483646321
Kidney mortality,0,3,42,153,Random oversampling,7574,1000,0.5,0.054,LogisticRegression,0.5057355273184093,0.1864406779661017,0.11,0.6111111111111112,0.6644350481559784,0.11927408475379447,0.718816067653277,0.21525706073785308,-2.8290119374833447,0.9153419538912227
Kidney mortality,0,3,42,153,Random oversampling,7574,1000,0.5,0.054,RandomForest,0.5433052704417023,0.1391304347826087,0.13114754098360656,0.14814814814814814,0.5460613890846449,0.09006175521373855,0.6182170542635659,0.1000313975837777,-2.34961365153448,0.38137911461095525
Kidney mortality,0,3,42,153,Random oversampling,7574,1000,0.5,0.054,CatBoost,0.5332842053549496,0.17391304347826086,0.11363636363636363,0.37037037037037035,0.6027327538955446,0.09963609682827927,0.6753190822958264,0.14400688849521687,-2.4665033441041406,0.588205048271929
Kidney mortality,0,3,42,153,Random undersampling,426,1000,0.5,0.054,LogisticRegression,0.4895698904019878,0.17616580310880828,0.10240963855421686,0.6296296296296297,0.6573095294025526,0.09285644990641559,0.6845783415550857,0.2260037590017844,-2.8309424882858463,0.7066636376961805
Kidney mortality,0,3,42,153,Random undersampling,426,1000,0.5,0.054,RandomForest,0.46535963063458413,0.1477832512315271,0.08522727272727272,0.5555555555555556,0.6075875029363402,0.11206880379098408,0.648559235768538,0.22123901181842826,-2.8200238490919936,0.6568624553218405
Kidney mortality,0,3,42,153,Random undersampling,426,1000,0.5,0.054,CatBoost,0.4777212576719348,0.16748768472906403,0.09659090909090909,0.6296296296296297,0.6467387048782398,0.09688868506670871,0.6502035862500979,0.23788460990642724,-2.8597385842802163,0.46515994095860924
Kidney mortality,0,3,42,153,SMOTE,7574,1000,0.5,0.054,LogisticRegression,0.5078593633696746,0.1855072463768116,0.10996563573883161,0.5925925925925926,0.6594041187064443,0.11489909772078358,0.7140200454153942,0.21193075266972436,-2.806826624036199,0.7772895869269107
Kidney mortality,0,3,42,153,SMOTE,7574,1000,0.5,0.054,RandomForest,0.537345806971057,0.11494252873563218,0.15151515151515152,0.09259259259259259,0.5314971419622583,0.07535247254624311,0.5879335995615066,0.08566425767175825,-2.288402633267291,0.3769250526028665
Kidney mortality,0,3,42,153,SMOTE,7574,1000,0.5,0.054,CatBoost,0.5189741629820966,0.0759493670886076,0.12,0.05555555555555555,0.5161498708010336,0.08318284839893875,0.60882076579751,0.0847946457863484,-2.228777203860157,0.44054378161377905
Kidney mortality,0,3,42,153,Standard CTGAN,7574,1000,0.5,0.054,LogisticRegression,0.5033736342774943,0.10309278350515463,0.07142857142857142,0.18518518518518517,0.5238822331845587,0.09300126702905236,0.640376634562681,0.13732066952151867,-2.5930470804642876,0.2785189306270022
Kidney mortality,0,3,42,153,Standard CTGAN,7574,1000,0.5,0.054,RandomForest,0.5245340433624952,0.09090909090909091,0.11764705882352941,0.07407407407407407,0.5211808002505677,0.07910041494574652,0.6148500508965625,0.074163343470219,-2.2188780017236676,0.2675104768792154
Kidney mortality,0,3,42,153,Standard CTGAN,7574,1000,0.5,0.054,CatBoost,0.4815966822187662,0.0,0.0,0.0,0.49101479915433405,0.08060081496144875,0.6433521259102654,0.06457984756598849,-1.9811754307145224,0.34720052508314125
Kidney mortality,0,3,42,153,SepAware CTGAN,7574,1000,0.5,0.054,LogisticRegression,0.5276947350938382,0.1574074074074074,0.10493827160493827,0.3148148148148148,0.5807689296061389,0.10816421275882643,0.6597173283219795,0.13778666872521372,-2.5296871171254662,0.34467909577523176
Kidney mortality,0,3,42,153,SepAware CTGAN,7574,1000,0.5,0.054,RandomForest,0.5118646769341118,0.07547169811320754,0.07692307692307693,0.07407407407407407,0.5116670581786861,0.08585044785406984,0.6343081982616867,0.07712425482815763,-2.1778663838262693,0.29963529429906
Kidney mortality,0,3,42,153,SepAware CTGAN,7574,1000,0.5,0.054,CatBoost,0.4892778388641539,0.022988505747126436,0.030303030303030304,0.018518518518518517,0.4923459400203586,0.08692182611200744,0.6649342259807375,0.06917394043655131,-1.9813664531621076,0.368789142108055
Kidney mortality,0,3,42,153,Standard TVAE,7574,1000,0.5,0.054,LogisticRegression,0.522428061271767,0.1589958158995816,0.10270270270270271,0.35185185185185186,0.5881880823741289,0.08376238555694926,0.5934343434343434,0.14534206051541645,-2.639122366882983,0.14692255439969132
Kidney mortality,0,3,42,153,Standard TVAE,7574,1000,0.5,0.054,RandomForest,0.4971442295424013,0.028985507246376812,0.06666666666666667,0.018518518518518517,0.5018596820922403,0.07399828290997969,0.6260668702529166,0.06496728514592866,-2.1090503387552655,0.30095109541235565
Kidney mortality,0,3,42,153,Standard TVAE,7574,1000,0.5,0.054,CatBoost,0.49573536191793455,0.027777777777777776,0.05555555555555555,0.018518518518518517,0.5002740584135933,0.07823543854460821,0.6445462375694934,0.0631852563192621,-1.9617773615582272,0.34699283954567706
Kidney mortality,0,3,42,153,SepAware TVAE,7574,1000,0.5,0.054,LogisticRegression,0.5260947211940418,0.1592920353982301,0.10465116279069768,0.3333333333333333,0.5852713178294574,0.09934368619058992,0.585388771435283,0.14828901883284534,-2.6790844173583612,0.12496968344720061
Kidney mortality,0,3,42,153,SepAware TVAE,7574,1000,0.5,0.054,RandomForest,0.49134006459981183,0.024390243902439025,0.03571428571428571,0.018518518518518517,0.49498864615143684,0.07768181097454016,0.6349541930937279,0.06701498924663153,-2.1164023375706176,0.30740429298672667
Kidney mortality,0,3,42,153,SepAware TVAE,7574,1000,0.5,0.054,CatBoost,0.4900936876055906,0.023529411764705882,0.03225806451612903,0.018518518518518517,0.4934030224727899,0.08021915849907878,0.641120507399577,0.06768732851860429,-2.1035479447032994,0.2994911614595156
Kidney mortality,0,4,42,190,Real only,4000,1000,0.05325,0.054,LogisticRegression,0.48586118251928023,0.0,0.0,0.0,0.49947145877378435,0.10657600807200951,0.6935635424007516,0.05054303923311136,-0.4603072024285155,0.8262054695624402
Kidney mortality,0,4,42,190,Real only,4000,1000,0.05325,0.054,RandomForest,0.48612538540596095,0.0,0.0,0.0,0.5,0.11332941204151728,0.6526505363714666,0.05131975710793512,-1.3085457605033484,0.4997764445553491
Kidney mortality,0,4,42,190,Real only,4000,1000,0.05325,0.054,CatBoost,0.485331960885229,0.0,0.0,0.0,0.49841437632135305,0.10241939988095046,0.6639162947302483,0.051495122909413965,-1.0736939648664336,0.5846139687340917
Kidney mortality,0,4,42,190,Class weighting,4000,1000,0.05325,0.054,LogisticRegression,0.5106989844020383,0.19607843137254902,0.11551155115511551,0.6481481481481481,0.6824250254482813,0.11408439714068701,0.7190118236629864,0.218362183546263,-2.8529353446506724,0.8490158803393779
Kidney mortality,0,4,42,190,Class weighting,4000,1000,0.05325,0.054,RandomForest,0.5320015111276508,0.10752688172043011,0.1282051282051282,0.09259259259259259,0.5283258946049644,0.07725048639521337,0.5586680761099365,0.09453253737314786,-2.5974232398692343,0.1768528967737922
Kidney mortality,0,4,42,190,Class weighting,4000,1000,0.05325,0.054,CatBoost,0.5318482261219419,0.17886178861788618,0.11458333333333333,0.4074074074074074,0.6138516952470441,0.0924354682108686,0.5946871818964843,0.1636163204263067,-2.6417212367731495,0.3478248035457919
Kidney mortality,0,4,42,190,Random oversampling,7574,1000,0.5,0.054,LogisticRegression,0.5071398124467178,0.1956521739130435,0.11464968152866242,0.6666666666666666,0.686398872445384,0.1121960336337734,0.7173283219794847,0.21798881844016352,-2.8491503176884883,0.8139586887144427
Kidney mortality,0,4,42,190,Random oversampling,7574,1000,0.5,0.054,RandomForest,0.5324790863824321,0.11965811965811966,0.1111111111111111,0.12962962962962962,0.5352165061467387,0.08467472059019182,0.5709028267167802,0.10444032781408272,-2.541538490768527,0.22861794132020208
Kidney mortality,0,4,42,190,Random oversampling,7574,1000,0.5,0.054,CatBoost,0.5217527386541472,0.1511111111111111,0.09941520467836257,0.3148148148148148,0.5760120585701981,0.08935414243938128,0.5779696186672931,0.14895863378142002,-2.6657357756178826,0.2207769078663615
Kidney mortality,0,4,42,190,Random undersampling,426,1000,0.5,0.054,LogisticRegression,0.48051948051948057,0.14285714285714285,0.08445945945945946,0.46296296296296297,0.5882468091770418,0.09533093406524104,0.6689765875812387,0.2283936972148319,-2.8432284807246506,0.6405000215731045
Kidney mortality,0,4,42,190,Random undersampling,426,1000,0.5,0.054,RandomForest,0.502916281813788,0.1813031161473088,0.10702341137123746,0.5925925925925926,0.6551757888967191,0.09680320185233737,0.711024978466839,0.21076581922539617,-2.800862561641185,0.7090644499856068
Kidney mortality,0,4,42,190,Random undersampling,426,1000,0.5,0.054,CatBoost,0.5053792179438007,0.1833810888252149,0.10847457627118644,0.5925925925925926,0.6572899538015817,0.0923998135545028,0.6631039072899538,0.22058490781620133,-2.816334806249083,0.4772621261431304
Kidney mortality,0,4,42,190,SMOTE,7574,1000,0.5,0.054,LogisticRegression,0.5035600633423702,0.18732782369146006,0.11003236245954692,0.6296296296296297,0.6694659776055125,0.10520903588808843,0.7200689061154177,0.21958212174001884,-2.8446219248909,0.7687620565492351
Kidney mortality,0,4,42,190,SMOTE,7574,1000,0.5,0.054,RandomForest,0.5337297589785803,0.10989010989010989,0.13513513513513514,0.09259259259259259,0.5293829770573957,0.07704031578235801,0.5718816067653276,0.0878692358855231,-2.4376227370682253,0.27257428383155324
Kidney mortality,0,4,42,190,SMOTE,7574,1000,0.5,0.054,CatBoost,0.521465682253213,0.08695652173913043,0.10526315789473684,0.07407407407407407,0.5190666353457052,0.08824502977474152,0.5852517422284864,0.08868553700519413,-2.383594418618767,0.32848734664792545
Kidney mortality,0,4,42,190,Standard CTGAN,7574,1000,0.5,0.054,LogisticRegression,0.5067148844700126,0.09580838323353294,0.07079646017699115,0.14814814814814814,0.5185772453214313,0.06413588953969468,0.5148774567379217,0.1279506573632173,-2.6808028149795713,0.16218008005099085
Kidney mortality,0,4,42,190,Standard CTGAN,7574,1000,0.5,0.054,RandomForest,0.5245340433624952,0.09090909090909091,0.11764705882352941,0.07407407407407407,0.5211808002505677,0.09882026879874639,0.648989898989899,0.06880706254290307,-2.0078436673835482,0.3655268093188014
Kidney mortality,0,4,42,190,Standard CTGAN,7574,1000,0.5,0.054,CatBoost,0.5114729829755736,0.05714285714285714,0.125,0.037037037037037035,0.5111189413514995,0.09966463633188981,0.6693485239996868,0.059669883951791916,-1.7354148404832968,0.43748605187363643
Kidney mortality,0,4,42,190,SepAware CTGAN,7574,1000,0.5,0.054,LogisticRegression,0.5211645278682244,0.13043478260869565,0.09230769230769231,0.2222222222222222,0.548743246417665,0.086217075354529,0.6016169446402004,0.1506639718561585,-2.614968411492018,0.31482969271391853
Kidney mortality,0,4,42,190,SepAware CTGAN,7574,1000,0.5,0.054,RandomForest,0.5178529830815154,0.08247422680412371,0.09302325581395349,0.07407407407407407,0.5164239292146269,0.09489392023753307,0.6298645368412811,0.07144678624154786,-2.0983206338088354,0.3294389705625469
Kidney mortality,0,4,42,190,SepAware CTGAN,7574,1000,0.5,0.054,CatBoost,0.5057953729268115,0.05063291139240506,0.08,0.037037037037037035,0.5063620703155587,0.09376480588397348,0.6533552580064207,0.06412843305179697,-1.901560452343191,0.386257759922209
Kidney mortality,0,4,42,190,Standard TVAE,7574,1000,0.5,0.054,LogisticRegression,0.5286230555701042,0.11475409836065574,0.10294117647058823,0.12962962962962962,0.5325738000156605,0.10533378541183949,0.5399538015817086,0.08851639167794466,-2.5020918315830007,0.14962470664058428
Kidney mortality,0,4,42,190,Standard TVAE,7574,1000,0.5,0.054,RandomForest,0.48213360952874157,0.0,0.0,0.0,0.49207188160676535,0.07297094751020368,0.5942173674731814,0.06140324252806662,-2.3138473403249935,0.20766951932744646
Kidney mortality,0,4,42,190,Standard TVAE,7574,1000,0.5,0.054,CatBoost,0.48213360952874157,0.0,0.0,0.0,0.49207188160676535,0.07710006790681259,0.6108762038994597,0.06030795667210777,-2.011566194779597,0.31742401852095625
Kidney mortality,0,4,42,190,SepAware TVAE,7574,1000,0.5,0.054,LogisticRegression,0.5243243243243243,0.12,0.09375,0.16666666666666666,0.5373502466525722,0.13004102874371945,0.5671247357293869,0.1043903811935563,-2.5575367235174196,0.13815031549655482
Kidney mortality,0,4,42,190,SepAware TVAE,7574,1000,0.5,0.054,RandomForest,0.4815966822187662,0.0,0.0,0.0,0.49101479915433405,0.06800885870088415,0.5794769399420563,0.06473098075735098,-2.4361433344872387,0.1626990256906661
Kidney mortality,0,4,42,190,SepAware TVAE,7574,1000,0.5,0.054,CatBoost,0.4926165828715266,0.02531645569620253,0.04,0.018518518518518517,0.4965742698300838,0.06753479122239693,0.5937671286508496,0.06639445802398126,-2.2835400978570535,0.21794723136579838
Kidney mortality,1,0,43,1042,Real only,4000,1000,0.0535,0.053,LogisticRegression,0.48638931689779147,0.0,0.0,0.0,0.5,0.0967791429179744,0.7070191867067801,0.04979188949402447,-0.9638907302913959,0.6440703940631851
Kidney mortality,1,0,43,1042,Real only,4000,1000,0.0535,0.053,RandomForest,0.48638931689779147,0.0,0.0,0.0,0.5,0.11550514171241594,0.6865573509194876,0.049333313143007346,-1.0860336169535212,0.5810507618867523
Kidney mortality,1,0,43,1042,Real only,4000,1000,0.0535,0.053,CatBoost,0.48586118251928023,0.0,0.0,0.0,0.4989440337909187,0.10393692423018072,0.7118806160467016,0.05056065139483569,-0.7798022624498812,0.694644337615922
Kidney mortality,1,0,43,1042,Class weighting,4000,1000,0.0535,0.053,LogisticRegression,0.4994762560823955,0.17563739376770537,0.10333333333333333,0.5849056603773585,0.6504253750672431,0.09965691512101006,0.7144906457332988,0.2173079655802295,-2.7946584955737523,0.4989814789543797
Kidney mortality,1,0,43,1042,Class weighting,4000,1000,0.0535,0.053,RandomForest,0.5286309557478741,0.0963855421686747,0.13333333333333333,0.07547169811320754,0.5240082883385467,0.0905375669139483,0.602398836444781,0.09115833220765829,-2.4373247737628057,0.31419116048084544
Kidney mortality,1,0,43,1042,Class weighting,4000,1000,0.0535,0.053,CatBoost,0.5264767161836729,0.1732283464566929,0.10945273631840796,0.41509433962264153,0.6130381940985437,0.10682156472031157,0.6709370205813792,0.16040828498513177,-2.572524187879508,0.61740918681909
Kidney mortality,1,0,43,1042,Random oversampling,7572,1000,0.5,0.053,LogisticRegression,0.5037428968833656,0.1791907514450867,0.10580204778156997,0.5849056603773585,0.6541212567990278,0.10290820457399422,0.7157856986312285,0.21425194769227465,-2.784526322487316,0.44070646726599183
Kidney mortality,1,0,43,1042,Random oversampling,7572,1000,0.5,0.053,RandomForest,0.5426561125769569,0.13333333333333333,0.1346153846153846,0.1320754716981132,0.5422784961447271,0.0898546561595064,0.6031559442928015,0.09997598960909583,-2.500838789861161,0.2805559975765473
Kidney mortality,1,0,43,1042,Random oversampling,7572,1000,0.5,0.053,CatBoost,0.5528687475931158,0.20276497695852536,0.13414634146341464,0.41509433962264153,0.6325735689665478,0.12219024398589337,0.6614632105357534,0.14348826460315708,-2.5044437891998537,0.5617574626120322
Kidney mortality,1,0,43,1042,Random undersampling,428,1000,0.5,0.053,LogisticRegression,0.5062041916209905,0.18128654970760233,0.10726643598615918,0.5849056603773585,0.6562331892171903,0.09837578100937552,0.7094100535952661,0.2212335190963077,-2.8345076859717206,0.6171507303859295
Kidney mortality,1,0,43,1042,Random undersampling,428,1000,0.5,0.053,RandomForest,0.4968131499496813,0.18181818181818182,0.1059190031152648,0.6415094339622641,0.6692235659779642,0.10742301614035556,0.6963798290530174,0.22065362584014359,-2.8674740584011005,0.7940125648729937
Kidney mortality,1,0,43,1042,Random undersampling,428,1000,0.5,0.053,CatBoost,0.5063563075451805,0.18696883852691218,0.11,0.6226415094339622,0.6703492658046264,0.10126584646514053,0.6804905261899544,0.23521683027915763,-2.9035031878718423,0.46327596308051955
Kidney mortality,1,0,43,1042,SMOTE,7572,1000,0.5,0.053,LogisticRegression,0.5035304501323918,0.18181818181818182,0.10702341137123746,0.6037735849056604,0.6609153035404753,0.10160767707204925,0.7285569125938913,0.21681868983748667,-2.7927596559958388,0.4391203666977634
Kidney mortality,1,0,43,1042,SMOTE,7572,1000,0.5,0.053,RandomForest,0.5277860622328263,0.09523809523809523,0.12903225806451613,0.07547169811320754,0.5234803052340061,0.10524554991391104,0.609571437110239,0.08736329607114446,-2.431330371477358,0.29949471809642864
Kidney mortality,1,0,43,1042,SMOTE,7572,1000,0.5,0.053,CatBoost,0.537723367286755,0.12121212121212122,0.13043478260869565,0.11320754716981132,0.5354844494032794,0.09142842534782578,0.5741268354884342,0.09209725409959979,-2.397503030052871,0.3458087843676492
Kidney mortality,1,0,43,1042,Standard CTGAN,7572,1000,0.5,0.053,LogisticRegression,0.5034202229144243,0.12552301255230125,0.08064516129032258,0.2830188679245283,0.5512243230858122,0.08896567411341616,0.6499970114163894,0.15871216846143432,-2.6822794547599216,0.2549279338698527
Kidney mortality,1,0,43,1042,Standard CTGAN,7572,1000,0.5,0.053,RandomForest,0.5139850793419358,0.06976744186046512,0.09090909090909091,0.05660377358490566,0.5124623936562333,0.10945352335471825,0.6804805642445857,0.06808127785043495,-1.9224142120876737,0.4433562383858276
Kidney mortality,1,0,43,1042,Standard CTGAN,7572,1000,0.5,0.053,CatBoost,0.504628825455645,0.04938271604938271,0.07142857142857142,0.03773584905660377,0.5051403638102449,0.09445046163393207,0.6846645812994362,0.06457198419095389,-1.8889555747070985,0.40934710383136175
Kidney mortality,1,0,43,1042,SepAware CTGAN,7572,1000,0.5,0.053,LogisticRegression,0.5050906505356475,0.14232209737827714,0.08878504672897196,0.3584905660377358,0.5762885776334402,0.09121580211066856,0.670877248909167,0.15544422323031903,-2.654193026985938,0.24756559380840695
Kidney mortality,1,0,43,1042,SepAware CTGAN,7572,1000,0.5,0.053,RandomForest,0.5395225119317844,0.12371134020618557,0.13636363636363635,0.11320754716981132,0.5365404156123608,0.11252041846497696,0.6943874399792792,0.0713445782015417,-1.9400781415527828,0.4588264648042341
Kidney mortality,1,0,43,1042,SepAware CTGAN,7572,1000,0.5,0.053,CatBoost,0.4997091332169866,0.044444444444444446,0.05405405405405406,0.03773584905660377,0.500388515869379,0.0996841299844098,0.6919567253093184,0.07018887529181007,-1.9819656129276222,0.3993205373592604
Kidney mortality,1,0,43,1042,Standard TVAE,7572,1000,0.5,0.053,LogisticRegression,0.5270963182588643,0.10101010101010101,0.10869565217391304,0.09433962264150944,0.5255225040345879,0.07216948105058256,0.5464127034727341,0.07735435954241283,-2.551674367320726,0.11456830242518129
Kidney mortality,1,0,43,1042,Standard TVAE,7572,1000,0.5,0.053,RandomForest,0.48480164863472436,0.0,0.0,0.0,0.4968321013727561,0.11625592156714301,0.6729493335458548,0.05225258817057292,-1.482111659771288,0.4982836036833005
Kidney mortality,1,0,43,1042,Standard TVAE,7572,1000,0.5,0.053,CatBoost,0.4834710743801653,0.0,0.0,0.0,0.4941921858500528,0.10987603054170252,0.680759498714909,0.05400484803631606,-1.407086484727784,0.5077267987972518
Kidney mortality,1,0,43,1042,SepAware TVAE,7572,1000,0.5,0.053,LogisticRegression,0.5293551457760509,0.13071895424836602,0.1,0.18867924528301888,0.5468211432328505,0.07107304149729826,0.5331234683508995,0.1018226499261713,-2.654283475974699,0.0828788753855551
Kidney mortality,1,0,43,1042,SepAware TVAE,7572,1000,0.5,0.053,RandomForest,0.5172941842271713,0.06451612903225806,0.2222222222222222,0.03773584905660377,0.5151720427965173,0.12623934268849796,0.6824928772090614,0.05308939993322072,-1.469320533820583,0.5084305932889885
Kidney mortality,1,0,43,1042,SepAware TVAE,7572,1000,0.5,0.053,CatBoost,0.541080680977054,0.11428571428571428,0.23529411764705882,0.07547169811320754,0.5308720686975753,0.11819895719890572,0.6967185351955529,0.05524773114679911,-1.4778783062282608,0.48802034269570177
Kidney mortality,1,1,43,1079,Real only,4000,1000,0.0535,0.053,LogisticRegression,0.48638931689779147,0.0,0.0,0.0,0.5,0.14703241352586435,0.7639616664342214,0.04822128013940376,0.8866089468158814,1.3392118657319703
Kidney mortality,1,1,43,1079,Real only,4000,1000,0.0535,0.053,RandomForest,0.48638931689779147,0.0,0.0,0.0,0.5,0.1264651616799732,0.727759956964396,0.04891290832774305,-0.5469229085591668,0.8036637107378419
Kidney mortality,1,1,43,1079,Real only,4000,1000,0.0535,0.053,CatBoost,0.48612538540596095,0.0,0.0,0.0,0.49947201689545934,0.13249377474820678,0.7241138849594548,0.04874607661017274,-0.1523136466706786,0.9371181934435721
Kidney mortality,1,1,43,1079,Class weighting,4000,1000,0.0535,0.053,LogisticRegression,0.50230124878615,0.1942257217847769,0.11280487804878049,0.6981132075471698,0.6954135203522543,0.13916083980092941,0.771492897132952,0.22103295366740328,-2.9685939069907232,1.2102495032788918
Kidney mortality,1,1,43,1079,Class weighting,4000,1000,0.0535,0.053,RandomForest,0.5253288149443313,0.09195402298850575,0.11764705882352941,0.07547169811320754,0.5218963559203842,0.0788184286375618,0.5594429280149829,0.09320099832583058,-2.492105574869097,0.27608709951564137
Kidney mortality,1,1,43,1079,Class weighting,4000,1000,0.0535,0.053,CatBoost,0.5402298850574713,0.2,0.12560386473429952,0.49056603773584906,0.649718076946066,0.1292271689829796,0.6608754557590004,0.16436774752875463,-2.5805791548809895,0.6969639831076064
Kidney mortality,1,1,43,1079,Random oversampling,7572,1000,0.5,0.053,LogisticRegression,0.5042878295396013,0.19843342036553524,0.11515151515151516,0.7169811320754716,0.7043194995118647,0.13890782960550388,0.7758562292044391,0.2214211817079772,-2.9761787855128357,1.2072638893416203
Kidney mortality,1,1,43,1079,Random oversampling,7572,1000,0.5,0.053,RandomForest,0.5595489781536294,0.16666666666666666,0.16363636363636364,0.16981132075471697,0.5606184375684884,0.0911220157413242,0.5746647805383436,0.10344056154193501,-2.5111578496984803,0.2809003213589597
Kidney mortality,1,1,43,1079,Random oversampling,7572,1000,0.5,0.053,CatBoost,0.5492788461538461,0.19230769230769232,0.12903225806451613,0.37735849056603776,0.6174015261700305,0.11238805805058788,0.6329421609451894,0.1479309945362883,-2.5488604941586335,0.4965039490914033
Kidney mortality,1,1,43,1079,Random undersampling,428,1000,0.5,0.053,LogisticRegression,0.4992998145025027,0.19437340153452684,0.11242603550295859,0.7169811320754716,0.7000956346755394,0.1254542162309211,0.7672291845151521,0.2253651540961687,-2.952671482327015,0.8641671197832527
Kidney mortality,1,1,43,1079,Random undersampling,428,1000,0.5,0.053,RandomForest,0.4858425226380513,0.18660287081339713,0.10684931506849316,0.7358490566037735,0.6958020362216333,0.1333639012087043,0.7579048036500566,0.21739338553306017,-2.9508339240764205,1.0322024960383802
Kidney mortality,1,1,43,1079,Random undersampling,428,1000,0.5,0.053,CatBoost,0.4948943157401382,0.18829516539440203,0.10882352941176471,0.6981132075471698,0.6890777230977665,0.15203154268852204,0.7383196190552092,0.23197961926666413,-2.9979613443892847,0.6641794344033004
Kidney mortality,1,1,43,1079,SMOTE,7572,1000,0.5,0.053,LogisticRegression,0.5069251727342263,0.20812182741116753,0.12023460410557185,0.7735849056603774,0.7283975214679923,0.1355710644446766,0.7725687872327707,0.22214517244561965,-2.976361834687261,1.1267758415104785
Kidney mortality,1,1,43,1079,SMOTE,7572,1000,0.5,0.053,RandomForest,0.5139850793419358,0.06976744186046512,0.09090909090909091,0.05660377358490566,0.5124623936562333,0.07028991041886636,0.5338008806359706,0.09443535321566188,-2.588656506964858,0.1960107897874688
Kidney mortality,1,1,43,1079,SMOTE,7572,1000,0.5,0.053,CatBoost,0.5311558125516287,0.10638297872340426,0.12195121951219512,0.09433962264150944,0.5281624195572912,0.08412903721067191,0.5501982427128369,0.09658485095992289,-2.522045922903215,0.2612714817956169
Kidney mortality,1,1,43,1079,Standard CTGAN,7572,1000,0.5,0.053,LogisticRegression,0.4943820224719101,0.1,0.0658682634730539,0.20754716981132076,0.5214082205973183,0.0834013230519173,0.5749636388994044,0.14604662615669975,-2.6674786849468215,0.23327153975559486
Kidney mortality,1,1,43,1079,Standard CTGAN,7572,1000,0.5,0.053,RandomForest,0.5545556551696917,0.15053763440860216,0.175,0.1320754716981132,0.548614293399215,0.11684230859614272,0.7185351955529877,0.06919829598998078,-1.7881272678182043,0.5500364622036936
Kidney mortality,1,1,43,1079,Standard CTGAN,7572,1000,0.5,0.053,CatBoost,0.5220779220779221,0.08,0.13636363636363635,0.05660377358490566,0.5182702078061804,0.1262856750376774,0.7598971927237951,0.05727879168501617,-1.3415501971026154,0.6771142533320743
Kidney mortality,1,1,43,1079,SepAware CTGAN,7572,1000,0.5,0.053,LogisticRegression,0.49550619765876797,0.14790996784565916,0.08914728682170543,0.4339622641509434,0.5929051025084178,0.11882094968282039,0.6414098145085773,0.18800378813802335,-2.721820576712392,0.4055025329071538
Kidney mortality,1,1,43,1079,SepAware CTGAN,7572,1000,0.5,0.053,RandomForest,0.5365466101694916,0.125,0.11864406779661017,0.1320754716981132,0.5385826144129425,0.11248504661371873,0.7282381303420933,0.0771165400537993,-1.9358642025367494,0.5082089730919009
Kidney mortality,1,1,43,1079,SepAware CTGAN,7572,1000,0.5,0.053,CatBoost,0.5462478184991274,0.13333333333333333,0.16216216216216217,0.11320754716981132,0.5402362973441454,0.12775886473291,0.7633639497120999,0.06448868234948107,-1.623594616731493,0.6129994335057519
Kidney mortality,1,1,43,1079,Standard TVAE,7572,1000,0.5,0.053,LogisticRegression,0.552639427378467,0.14285714285714285,0.1935483870967742,0.11320754716981132,0.5434041959713893,0.1283637310678385,0.603335259309438,0.062217496811343705,-2.1070123326861947,0.25780288297748133
Kidney mortality,1,1,43,1079,Standard TVAE,7572,1000,0.5,0.053,RandomForest,0.48586118251928023,0.0,0.0,0.0,0.4989440337909187,0.1074820185005158,0.7020382140224344,0.05182401318024497,-1.1875916531816997,0.6193036346317391
Kidney mortality,1,1,43,1079,Standard TVAE,7572,1000,0.5,0.053,CatBoost,0.503968253968254,0.03571428571428571,0.3333333333333333,0.018867924528301886,0.5083779960550696,0.11838555848254445,0.720945986332211,0.0504913105051989,-0.8896298318875033,0.7199521822593716
Kidney mortality,1,1,43,1079,SepAware TVAE,7572,1000,0.5,0.053,LogisticRegression,0.5432785831486713,0.12903225806451613,0.15,0.11320754716981132,0.5386523480305234,0.12474044982547071,0.5964415931143034,0.06910529278872561,-2.2122063375808994,0.22132385157734044
Kidney mortality,1,1,43,1079,SepAware TVAE,7572,1000,0.5,0.053,RandomForest,0.5028232536666785,0.034482758620689655,0.2,0.018867924528301886,0.5073220298459884,0.10681615794786492,0.7070191867067801,0.052271419212381334,-1.208426090859508,0.6061611184678948
Kidney mortality,1,1,43,1079,SepAware TVAE,7572,1000,0.5,0.053,CatBoost,0.5180885871541018,0.06557377049180328,0.25,0.03773584905660377,0.515700025901058,0.11872857868652617,0.70854336434819,0.05195272693542124,-1.1241529299517627,0.6290379631428705
Kidney mortality,1,2,43,1116,Real only,4000,1000,0.0535,0.053,LogisticRegression,0.48612538540596095,0.0,0.0,0.0,0.49947201689545934,0.11644666628184094,0.6985316092526549,0.04985190741646069,-0.8766373150993759,0.6856553073656664
Kidney mortality,1,2,43,1116,Real only,4000,1000,0.0535,0.053,RandomForest,0.48638931689779147,0.0,0.0,0.0,0.5,0.1020594575135574,0.6784284034986352,0.050320461928824,-1.2879028882894308,0.5181902857133626
Kidney mortality,1,2,43,1116,Real only,4000,1000,0.0535,0.053,CatBoost,0.48638931689779147,0.0,0.0,0.0,0.5,0.10811116776851329,0.7008925903050348,0.04955469794633441,-0.47713126795769717,0.8044603371642877
Kidney mortality,1,2,43,1116,Class weighting,4000,1000,0.0535,0.053,LogisticRegression,0.5103576157067378,0.187683284457478,0.1111111111111111,0.6037735849056604,0.6667231176904226,0.10384092955005741,0.7014006495188381,0.2177324973332045,-2.837973228969213,0.6114554199446963
Kidney mortality,1,2,43,1116,Class weighting,4000,1000,0.0535,0.053,RandomForest,0.5567554498932183,0.15384615384615385,0.18421052631578946,0.1320754716981132,0.5496702596082963,0.09484655424702432,0.6207885875953856,0.09083270308829108,-2.302809354907446,0.4384322390366511
Kidney mortality,1,2,43,1116,Class weighting,4000,1000,0.0535,0.053,CatBoost,0.5481641012938103,0.20883534136546184,0.1326530612244898,0.49056603773584906,0.6555258910960132,0.11945119710801044,0.691000378553924,0.1575042776565291,-2.5459975900122633,0.7189939384927555
Kidney mortality,1,2,43,1116,Random oversampling,7572,1000,0.5,0.053,LogisticRegression,0.5116138232823458,0.1887905604719764,0.11188811188811189,0.6037735849056604,0.6677790838995039,0.10624583051081538,0.7050865693052539,0.21740871100444667,-2.8361758774251093,0.6130588578597268
Kidney mortality,1,2,43,1116,Random oversampling,7572,1000,0.5,0.053,RandomForest,0.5460814609193596,0.14754098360655737,0.13043478260869565,0.16981132075471697,0.5532266741049192,0.08858456815657936,0.6294554800661474,0.1035708546412488,-2.453272413864349,0.34371623307154525
Kidney mortality,1,2,43,1116,Random oversampling,7572,1000,0.5,0.053,CatBoost,0.550561797752809,0.2,0.1317365269461078,0.41509433962264153,0.6309896196529259,0.10620155719135145,0.6631965890299057,0.14770269566114852,-2.529381517914719,0.5487847359858807
Kidney mortality,1,2,43,1116,Random undersampling,428,1000,0.5,0.053,LogisticRegression,0.49622504634729575,0.17582417582417584,0.10289389067524116,0.6037735849056604,0.6545795062859875,0.09467814372107192,0.6853220696937699,0.23516317405205933,-2.8750464584903583,0.40748022305025344
Kidney mortality,1,2,43,1116,Random undersampling,428,1000,0.5,0.053,RandomForest,0.47016039689802996,0.15384615384615385,0.08857142857142856,0.5849056603773585,0.6240262198402104,0.12011990927955804,0.6949851567014007,0.22379647572836797,-2.8955914095298314,0.7150136265204791
Kidney mortality,1,2,43,1116,Random undersampling,428,1000,0.5,0.053,CatBoost,0.48459997781822683,0.164021164021164,0.09538461538461539,0.5849056603773585,0.6372257974537268,0.11202427410977746,0.6866569703731745,0.23395505471712227,-2.9019674131884456,0.48717259078909314
Kidney mortality,1,2,43,1116,SMOTE,7572,1000,0.5,0.053,LogisticRegression,0.5183702223404332,0.19760479041916168,0.11743772241992882,0.6226415094339622,0.6803809447908988,0.1044167193050371,0.7002052160745951,0.21629925275041967,-2.822784957784093,0.5169223188004931
Kidney mortality,1,2,43,1116,SMOTE,7572,1000,0.5,0.053,RandomForest,0.5160611145678174,0.07228915662650602,0.1,0.05660377358490566,0.5140463429698552,0.08832644421031811,0.6335797254487856,0.08514863868497968,-2.24831636648285,0.44523124214205956
Kidney mortality,1,2,43,1116,SMOTE,7572,1000,0.5,0.053,CatBoost,0.5402127448056466,0.11904761904761904,0.16129032258064516,0.09433962264150944,0.5334422506026977,0.10193687141647091,0.6425454762806081,0.08276821312871638,-2.0775624606128167,0.5898623152110967
Kidney mortality,1,2,43,1116,Standard CTGAN,7572,1000,0.5,0.053,LogisticRegression,0.49986698590050543,0.10476190476190476,0.07006369426751592,0.20754716981132076,0.5266880516427248,0.07253473348273237,0.5167261062740331,0.15395431847965013,-2.763812769649929,0.12353122985187193
Kidney mortality,1,2,43,1116,Standard CTGAN,7572,1000,0.5,0.053,RandomForest,0.5423187693956375,0.1276595744680851,0.14634146341463414,0.11320754716981132,0.5381243649259828,0.10766546626795019,0.6479647745611763,0.06874611026575675,-2.022509465127316,0.3781698232573033
Kidney mortality,1,2,43,1116,Standard CTGAN,7572,1000,0.5,0.053,CatBoost,0.5456112312368775,0.12121212121212122,0.3076923076923077,0.07547169811320754,0.5329840011157378,0.1457922564905694,0.6886294355561754,0.054518014009924565,-1.57292471806235,0.5093683862794812
Kidney mortality,1,2,43,1116,SepAware CTGAN,7572,1000,0.5,0.053,LogisticRegression,0.5149801533358708,0.15849056603773584,0.09905660377358491,0.39622641509433965,0.5972684345799048,0.10468577061297507,0.5955250941403837,0.17288218497952335,-2.737163610652143,0.20687591440792882
Kidney mortality,1,2,43,1116,SepAware CTGAN,7572,1000,0.5,0.053,RandomForest,0.5493465525011266,0.14285714285714285,0.15555555555555556,0.1320754716981132,0.5459743778765117,0.1146699895069283,0.657568089896595,0.0704930992627699,-1.974639147497554,0.4265470604346359
Kidney mortality,1,2,43,1116,SepAware CTGAN,7572,1000,0.5,0.053,CatBoost,0.5254054132988705,0.08450704225352113,0.16666666666666666,0.05660377358490566,0.520382140224343,0.1290048825070536,0.6885298161024885,0.0577894996120044,-1.5971941679989612,0.5411909562075233
Kidney mortality,1,2,43,1116,Standard TVAE,7572,1000,0.5,0.053,LogisticRegression,0.5360824742268041,0.1,0.42857142857142855,0.05660377358490566,0.5261899543742903,0.1347152984911131,0.6736466697216633,0.051326296166974365,-1.671013806960278,0.4248836899324768
Kidney mortality,1,2,43,1116,Standard TVAE,7572,1000,0.5,0.053,RandomForest,0.48559670781893005,0.0,0.0,0.0,0.498416050686378,0.10890084650634443,0.6778506106672512,0.05195764723949135,-1.4094328824567401,0.5125826336459889
Kidney mortality,1,2,43,1116,Standard TVAE,7572,1000,0.5,0.053,CatBoost,0.4850669412976313,0.0,0.0,0.0,0.49736008447729674,0.12216451945623165,0.7328505110477974,0.05181717500457418,-0.9784640066045367,0.6659680969120638
Kidney mortality,1,2,43,1116,SepAware TVAE,7572,1000,0.5,0.053,LogisticRegression,0.5480371900826446,0.125,0.36363636363636365,0.07547169811320754,0.5340399673248192,0.131847574420414,0.6548185929748361,0.05368063535908213,-1.8503683261600183,0.3689878682590034
Kidney mortality,1,2,43,1116,SepAware TVAE,7572,1000,0.5,0.053,RandomForest,0.48559670781893005,0.0,0.0,0.0,0.498416050686378,0.10622036845567699,0.678886652985595,0.05287036244176276,-1.4627999015187723,0.4947613516669219
Kidney mortality,1,2,43,1116,SepAware TVAE,7572,1000,0.5,0.053,CatBoost,0.4991055456171735,0.03076923076923077,0.08333333333333333,0.018867924528301886,0.5036261481142038,0.12208536027544085,0.7316949253850292,0.05354853454196176,-1.1645094385027976,0.599849797277377
Kidney mortality,1,3,43,1153,Real only,4000,1000,0.05325,0.054,LogisticRegression,0.48612538540596095,0.0,0.0,0.0,0.5,0.120770207029992,0.6331434500039151,0.049919455120628994,-0.49735289833244184,0.8012664751520817
Kidney mortality,1,3,43,1153,Real only,4000,1000,0.05325,0.054,RandomForest,0.48612538540596095,0.0,0.0,0.0,0.5,0.13479124659997993,0.6802031947380784,0.05050715200985897,-1.1431260694776724,0.5544491096600319
Kidney mortality,1,3,43,1153,Real only,4000,1000,0.05325,0.054,CatBoost,0.48612538540596095,0.0,0.0,0.0,0.5,0.1304295818206042,0.6646405919661733,0.04992432419864977,-0.8012310033251427,0.676920890802179
Kidney mortality,1,3,43,1153,Class weighting,4000,1000,0.05325,0.054,LogisticRegression,0.4997983057684551,0.16716417910447762,0.099644128113879,0.5185185185185185,0.6255383290267011,0.11742572096888922,0.6326540599796414,0.2099661948047216,-2.774964810180278,0.6425045746500566
Kidney mortality,1,3,43,1153,Class weighting,4000,1000,0.05325,0.054,RandomForest,0.537345806971057,0.11494252873563218,0.15151515151515152,0.09259259259259259,0.5314971419622583,0.08725561243288732,0.6096527288387754,0.08877085377485451,-2.2853589939128516,0.4101096948780286
Kidney mortality,1,3,43,1153,Class weighting,4000,1000,0.05325,0.054,CatBoost,0.5210882249983356,0.17100371747211895,0.10697674418604651,0.42592592592592593,0.6114830475295592,0.12513367885396356,0.6296589930310861,0.15684581450798651,-2.5564106685119374,0.4868485427515411
Kidney mortality,1,3,43,1153,Random oversampling,7574,1000,0.5,0.054,LogisticRegression,0.4974062254141959,0.16519174041297935,0.09824561403508772,0.5185185185185185,0.6234241641218385,0.12237536050379533,0.6378024430350012,0.21124286259008504,-2.7805909388778653,0.6586157665447392
Kidney mortality,1,3,43,1153,Random oversampling,7574,1000,0.5,0.054,RandomForest,0.5381753086528354,0.1322314049586777,0.11940298507462686,0.14814814814814814,0.5428901417273511,0.0839313375399678,0.6080475295591574,0.10221736647587533,-2.408899164255197,0.34368705081250467
Kidney mortality,1,3,43,1153,Random oversampling,7574,1000,0.5,0.054,CatBoost,0.5192784598597514,0.14479638009049775,0.09580838323353294,0.2962962962962963,0.5683384229895858,0.11247612455370234,0.6255089656252447,0.14386780987211167,-2.522579869004242,0.4235235138120876
Kidney mortality,1,3,43,1153,Random undersampling,426,1000,0.5,0.054,LogisticRegression,0.4954383508042095,0.1694915254237288,0.1,0.5555555555555556,0.6350716466995536,0.11455784269118358,0.6568690783807063,0.21600196665794957,-2.8097487296269303,0.7181223130083597
Kidney mortality,1,3,43,1153,Random undersampling,426,1000,0.5,0.054,RandomForest,0.41755991558536537,0.13565891472868216,0.07575757575757576,0.6481481481481481,0.5983869704799938,0.10305766171371113,0.6444581473651242,0.23298118358090772,-2.823614922581446,0.5554627288488674
Kidney mortality,1,3,43,1153,Random undersampling,426,1000,0.5,0.054,CatBoost,0.4432534296293477,0.14316702819956617,0.08108108108108109,0.6111111111111112,0.6078811369509044,0.11128187913863936,0.6473944875107666,0.24197383254199145,-2.8530952545929464,0.45181137446077385
Kidney mortality,1,3,43,1153,SMOTE,7574,1000,0.5,0.054,LogisticRegression,0.49321045783582895,0.15568862275449102,0.09285714285714286,0.48148148148148145,0.606491269281967,0.11427163629530454,0.6320667919505129,0.20822031944759373,-2.7581362512470435,0.5463336130972443
Kidney mortality,1,3,43,1153,SMOTE,7574,1000,0.5,0.054,RandomForest,0.5355099688968068,0.11235955056179775,0.14285714285714285,0.09259259259259259,0.530440059509827,0.08157478378553723,0.6036430193406938,0.08577016228684067,-2.2542457893917596,0.3968968299310996
Kidney mortality,1,3,43,1153,SMOTE,7574,1000,0.5,0.054,CatBoost,0.5483073411943704,0.13636363636363635,0.17647058823529413,0.1111111111111111,0.5407564012215175,0.08820818554471377,0.6048958578028345,0.08260455541922161,-2.2408517757927964,0.41001351355246657
Kidney mortality,1,3,43,1153,Standard CTGAN,7574,1000,0.5,0.054,LogisticRegression,0.5051692993581613,0.1271186440677966,0.08241758241758242,0.2777777777777778,0.5506225041108762,0.10502023545377107,0.6360993657505286,0.17431714556378022,-2.6770469528176757,0.45293246692433464
Kidney mortality,1,3,43,1153,Standard CTGAN,7574,1000,0.5,0.054,RandomForest,0.5432785831486713,0.12903225806451613,0.15384615384615385,0.1111111111111111,0.5381136950904393,0.10537947071049879,0.6434402161146346,0.07215614842104304,-2.041542132026808,0.3683317831677991
Kidney mortality,1,3,43,1153,Standard CTGAN,7574,1000,0.5,0.054,CatBoost,0.5197310493876571,0.07692307692307693,0.125,0.05555555555555555,0.5166784120272492,0.10613680074556964,0.6646405919661733,0.06061193734614954,-1.7185414321694694,0.4571328466227417
Kidney mortality,1,3,43,1153,SepAware CTGAN,7574,1000,0.5,0.054,LogisticRegression,0.521780303030303,0.15833333333333333,0.10215053763440861,0.35185185185185186,0.5876595411479133,0.10528597771878727,0.5812289562289563,0.17796024428928836,-2.7319462259490717,0.14185140043201952
Kidney mortality,1,3,43,1153,SepAware CTGAN,7574,1000,0.5,0.054,RandomForest,0.5423187693956375,0.1276595744680851,0.15,0.1111111111111111,0.5375851538642237,0.09672475764360702,0.6446734789758045,0.07205861194863439,-2.0379066059532667,0.38010012772918966
Kidney mortality,1,3,43,1153,SepAware CTGAN,7574,1000,0.5,0.054,CatBoost,0.5189741629820966,0.0759493670886076,0.12,0.05555555555555555,0.5161498708010336,0.10235736504012133,0.6545102184637068,0.06328278541797297,-1.8429615458840076,0.42568728859069477
Kidney mortality,1,3,43,1153,Standard TVAE,7574,1000,0.5,0.054,LogisticRegression,0.5076155462184874,0.0625,0.07142857142857142,0.05555555555555555,0.5071646699553676,0.07152802654627986,0.5400027405841359,0.0758467523878684,-2.680542916127494,0.06028213329632003
Kidney mortality,1,3,43,1153,Standard TVAE,7574,1000,0.5,0.054,RandomForest,0.5033904885734666,0.03508771929824561,0.3333333333333333,0.018518518518518517,0.508202176806828,0.10957240733345508,0.6625068514603397,0.0536092837774121,-1.5232039123464263,0.47480338155556734
Kidney mortality,1,3,43,1153,Standard TVAE,7574,1000,0.5,0.054,CatBoost,0.5197303504222007,0.06779661016949153,0.4,0.037037037037037035,0.5169328948398716,0.12126146944704616,0.6639945971341321,0.05269054194863427,-1.287398734953777,0.5476146982406929
Kidney mortality,1,3,43,1153,SepAware TVAE,7574,1000,0.5,0.054,LogisticRegression,0.5401041601929076,0.13953488372093023,0.12,0.16666666666666666,0.5484496124031008,0.07083541780899355,0.5385932973142276,0.09705324767264903,-2.690739788343971,0.05821963927944706
Kidney mortality,1,3,43,1153,SepAware TVAE,7574,1000,0.5,0.054,RandomForest,0.516516295039785,0.06349206349206349,0.2222222222222222,0.037037037037037035,0.514818729935009,0.11165019084145743,0.6641316263409287,0.05550452439680437,-1.6037717439075239,0.4440074439335596
Kidney mortality,1,3,43,1153,SepAware TVAE,7574,1000,0.5,0.054,CatBoost,0.515006956867422,0.06153846153846154,0.18181818181818182,0.037037037037037035,0.5137616474825777,0.10897382548790839,0.659130060292851,0.05573357362219134,-1.522911193928439,0.4591979873038465
Kidney mortality,1,4,43,1190,Real only,4000,1000,0.05325,0.054,LogisticRegression,0.48612538540596095,0.0,0.0,0.0,0.5,0.1150490632879158,0.7012469657818495,0.04999982507491191,-0.12998045772718336,0.9464921180568666
Kidney mortality,1,4,43,1190,Real only,4000,1000,0.05325,0.054,RandomForest,0.48612538540596095,0.0,0.0,0.0,0.5,0.13752622770893097,0.722858429253778,0.0491861930730539,-0.49199982235973455,0.8014772448350261
Kidney mortality,1,4,43,1190,Real only,4000,1000,0.05325,0.054,CatBoost,0.48612538540596095,0.0,0.0,0.0,0.5,0.13709534557547376,0.7151652180721948,0.04928150994352486,-0.08762438060410727,0.937181041306488
Kidney mortality,1,4,43,1190,Class weighting,4000,1000,0.05325,0.054,LogisticRegression,0.500082744924978,0.17613636363636365,0.1040268456375839,0.5740740740740741,0.6459165296374598,0.11199700411034266,0.7081767285255657,0.21754301934229206,-2.831323309052162,0.784847642022087
Kidney mortality,1,4,43,1190,Class weighting,4000,1000,0.05325,0.054,RandomForest,0.5472692101905585,0.1348314606741573,0.17142857142857143,0.1111111111111111,0.5402278599953019,0.08712542872805694,0.5610073604259651,0.09507920503386509,-2.4304831301807486,0.314030603138004
Kidney mortality,1,4,43,1190,Class weighting,4000,1000,0.05325,0.054,CatBoost,0.5407146299359037,0.1976284584980237,0.12562814070351758,0.46296296296296297,0.6395153081199593,0.10790712678735463,0.693651632605121,0.15953428834951358,-2.5310319332718607,0.7059172338392712
Kidney mortality,1,4,43,1190,Random oversampling,7574,1000,0.5,0.054,LogisticRegression,0.5012987012987012,0.17714285714285713,0.10472972972972973,0.5740740740740741,0.6469736120898912,0.11248869542126913,0.6991132252760159,0.2182117964267737,-2.8356274455609825,0.8010731936162292
Kidney mortality,1,4,43,1190,Random oversampling,7574,1000,0.5,0.054,RandomForest,0.5544737866445311,0.1592920353982301,0.15254237288135594,0.16666666666666666,0.556906272022551,0.08976135462172748,0.5718718189648422,0.10751189516172366,-2.4754876264263395,0.30400123562705167
Kidney mortality,1,4,43,1190,Random oversampling,7574,1000,0.5,0.054,CatBoost,0.5402371325509483,0.1784037558685446,0.11949685534591195,0.35185185185185186,0.6019301542557356,0.09371930759179671,0.6437827891316263,0.1473857123892626,-2.529694113054435,0.4827154554184576
Kidney mortality,1,4,43,1190,Random undersampling,426,1000,0.5,0.054,LogisticRegression,0.4958573734678393,0.17270194986072424,0.10163934426229508,0.5740740740740741,0.6422167410539503,0.1479331648107099,0.7016189022002975,0.2207272168085312,-2.8601139395323325,0.9118253593400583
Kidney mortality,1,4,43,1190,Random undersampling,426,1000,0.5,0.054,RandomForest,0.4911240287319202,0.1746031746031746,0.10185185185185185,0.6111111111111112,0.6517500587268029,0.1254891123527896,0.7078635189100305,0.21507738288507694,-2.8465051780532074,0.916732835960727
Kidney mortality,1,4,43,1190,Random undersampling,426,1000,0.5,0.054,CatBoost,0.49137024855040523,0.17754569190600522,0.1033434650455927,0.6296296296296297,0.6588951530811996,0.12397051136827611,0.6955700415002741,0.22998351809659104,-2.906210971154769,0.6657838215821453
Kidney mortality,1,4,43,1190,SMOTE,7574,1000,0.5,0.054,LogisticRegression,0.4940602675409305,0.1712707182320442,0.10064935064935066,0.5740740740740741,0.6406311173753034,0.09868530403968358,0.6943759298410461,0.21698014575371155,-2.8046230811113344,0.6473786455730405
Kidney mortality,1,4,43,1190,SMOTE,7574,1000,0.5,0.054,RandomForest,0.515359379660006,0.07142857142857142,0.1,0.05555555555555555,0.5135071646699554,0.07676236777238682,0.5917019027484144,0.09078001722920907,-2.35995788310635,0.3456717935309196
Kidney mortality,1,4,43,1190,SMOTE,7574,1000,0.5,0.054,CatBoost,0.5167730613698213,0.07317073170731707,0.10714285714285714,0.05555555555555555,0.5145642471223867,0.08102972654287105,0.5931309216192937,0.09001860143720301,-2.3162267502497755,0.3941778439896917
Kidney mortality,1,4,43,1190,Standard CTGAN,7574,1000,0.5,0.054,LogisticRegression,0.5121242318551735,0.12962962962962962,0.08641975308641975,0.25925925925925924,0.5514055281497142,0.12178489425852698,0.6116690157387831,0.1464106356682725,-2.595527605249621,0.3457685040358302
Kidney mortality,1,4,43,1190,Standard CTGAN,7574,1000,0.5,0.054,RandomForest,0.5504361983912905,0.13953488372093023,0.1875,0.1111111111111111,0.5418134836739488,0.12147127994377166,0.7151456424712238,0.06583329494409043,-1.6855061966975815,0.5535284022819259
Kidney mortality,1,4,43,1190,Standard CTGAN,7574,1000,0.5,0.054,CatBoost,0.5271654695697205,0.08695652173913043,0.2,0.05555555555555555,0.52143528306319,0.12739407982418982,0.7462316968130922,0.0567243363749767,-1.3238003894520214,0.6342239293681521
Kidney mortality,1,4,43,1190,SepAware CTGAN,7574,1000,0.5,0.054,LogisticRegression,0.5087202161631049,0.13043478260869565,0.08522727272727272,0.2777777777777778,0.5537937514681701,0.08638017564727168,0.6407192075796727,0.15568725788638,-2.610793338840794,0.3455412537805146
Kidney mortality,1,4,43,1190,SepAware CTGAN,7574,1000,0.5,0.054,RandomForest,0.5524243680066308,0.14736842105263157,0.17073170731707318,0.12962962962962962,0.5468444131234829,0.12096249369071177,0.7229171560566909,0.06709148987909691,-1.6874847580664578,0.5721815217430835
Kidney mortality,1,4,43,1190,SepAware CTGAN,7574,1000,0.5,0.054,CatBoost,0.5453317430926667,0.12658227848101267,0.2,0.09259259259259259,0.5357254717719834,0.13743284499274,0.7337620389945971,0.05987652859300861,-1.4624368533494712,0.6095262629262644
Kidney mortality,1,4,43,1190,Standard TVAE,7574,1000,0.5,0.054,LogisticRegression,0.5271339156750808,0.11290322580645161,0.1,0.12962962962962962,0.5315167175632292,0.07785545515520076,0.5980248218620311,0.0892743678767385,-2.4372542785225106,0.1397586551364504
Kidney mortality,1,4,43,1190,Standard TVAE,7574,1000,0.5,0.054,RandomForest,0.5001270169055404,0.031746031746031744,0.1111111111111111,0.018518518518518517,0.5050309294495341,0.1056498796482605,0.7027347114556417,0.055095141550675984,-1.4052718987216766,0.5406079687916042
Kidney mortality,1,4,43,1190,Standard TVAE,7574,1000,0.5,0.054,CatBoost,0.49527621187025045,0.0273972602739726,0.05263157894736842,0.018518518518518517,0.49974551718737764,0.10240387789361353,0.7145192232401534,0.05897375108566779,-1.613878766589626,0.43792982148200144
Kidney mortality,1,4,43,1190,SepAware TVAE,7574,1000,0.5,0.054,LogisticRegression,0.5024500565397663,0.05714285714285714,0.058823529411764705,0.05555555555555555,0.5024077989194268,0.08669069448220362,0.6331434500039151,0.07369188357828073,-2.2662631937312665,0.20193195677534012
Kidney mortality,1,4,43,1190,SepAware TVAE,7574,1000,0.5,0.054,RandomForest,0.5006491560970738,0.03225806451612903,0.125,0.018518518518518517,0.5055594706757498,0.11440945104985571,0.7238567849032964,0.05458856269083533,-1.307085879365981,0.5689736558061731
Kidney mortality,1,4,43,1190,SepAware TVAE,7574,1000,0.5,0.054,CatBoost,0.4971442295424013,0.028985507246376812,0.06666666666666667,0.018518518518518517,0.5018596820922403,0.1117756477539898,0.7144409208362696,0.05685306165186675,-1.4820076510020497,0.4853232494410061
Kidney mortality,2,0,44,2042,Real only,4000,1000,0.0535,0.053,LogisticRegression,0.48638931689779147,0.0,0.0,0.0,0.5,0.10749387239750813,0.6724113884959455,0.04931362955310057,-0.8522674672291636,0.6913047488667717
Kidney mortality,2,0,44,2042,Real only,4000,1000,0.0535,0.053,RandomForest,0.48638931689779147,0.0,0.0,0.0,0.5,0.09517688051685447,0.6309398099260823,0.05090047645933817,-1.7852937001166254,0.3409295348455336
Kidney mortality,2,0,44,2042,Real only,4000,1000,0.0535,0.053,CatBoost,0.48612538540596095,0.0,0.0,0.0,0.49947201689545934,0.11175874760904406,0.6748221792751689,0.04996051703631763,-0.9351802572490405,0.6433823352088105
Kidney mortality,2,0,44,2042,Class weighting,4000,1000,0.0535,0.053,LogisticRegression,0.494245332021105,0.16853932584269662,0.09900990099009901,0.5660377358490566,0.6388794803849296,0.12222296832765822,0.7118606921559643,0.2220947672328717,-2.8242719112251824,0.5525943628052502
Kidney mortality,2,0,44,2042,Class weighting,4000,1000,0.0535,0.053,RandomForest,0.522978475858057,0.08888888888888889,0.10810810810810811,0.07547169811320754,0.5203124066067621,0.07955912554968636,0.5756609750752126,0.0953813198745213,-2.6167070835112125,0.18445556179893866
Kidney mortality,2,0,44,2042,Class weighting,4000,1000,0.0535,0.053,CatBoost,0.5028722934158196,0.12903225806451613,0.08205128205128205,0.3018867924528302,0.5564344205136379,0.0820448535399661,0.6110059572433305,0.16459715692854401,-2.6554582932590143,0.35681121031997665
Kidney mortality,2,0,44,2042,Random oversampling,7572,1000,0.5,0.053,LogisticRegression,0.4954383508042095,0.1694915254237288,0.09966777408637874,0.5660377358490566,0.6399354465940108,0.1196030030017953,0.7088123368731446,0.22161998587965326,-2.816277596961184,0.478619091850789
Kidney mortality,2,0,44,2042,Random oversampling,7572,1000,0.5,0.053,RandomForest,0.5264,0.112,0.09722222222222222,0.1320754716981132,0.5317188340539141,0.08271657642029183,0.5719352075073221,0.10606617613903717,-2.6889046813138817,0.13439495820564742
Kidney mortality,2,0,44,2042,Random oversampling,7572,1000,0.5,0.053,CatBoost,0.5043877709531782,0.1222707423580786,0.07954545454545454,0.2641509433962264,0.5465422087625271,0.08246176224231905,0.5850052798310454,0.15011134691543168,-2.6372318203690392,0.2926178051434099
Kidney mortality,2,0,44,2042,Random undersampling,428,1000,0.5,0.053,LogisticRegression,0.4992538550820759,0.1837837837837838,0.10725552050473186,0.6415094339622641,0.6713354983961268,0.1099405805787417,0.7002052160745951,0.22566660194318736,-2.8631442747385054,0.6715827973415194
Kidney mortality,2,0,44,2042,Random undersampling,428,1000,0.5,0.053,RandomForest,0.4869467411251653,0.1657754010695187,0.09657320872274143,0.5849056603773585,0.6393377298718894,0.11821459393862986,0.6860991014325277,0.21085237800498838,-2.8287022900523846,0.8108345430488982
Kidney mortality,2,0,44,2042,Random undersampling,428,1000,0.5,0.053,CatBoost,0.49975164348377904,0.17008797653958943,0.10069444444444445,0.5471698113207547,0.6368372815843477,0.1063665481274944,0.680400868681636,0.22340815767198766,-2.8694165591260528,0.5268008278706144
Kidney mortality,2,0,44,2042,SMOTE,7572,1000,0.5,0.053,LogisticRegression,0.49622504634729575,0.17582417582417584,0.10289389067524116,0.6037735849056604,0.6545795062859875,0.11851743776469939,0.7123587894243988,0.22246190176473582,-2.822040779616764,0.4935379685598469
Kidney mortality,2,0,44,2042,SMOTE,7572,1000,0.5,0.053,RandomForest,0.5483073411943704,0.13636363636363635,0.17142857142857143,0.11320754716981132,0.5412922635532267,0.08029512428163013,0.5689466238967145,0.08880162356690051,-2.61018213660424,0.1699419092642154
Kidney mortality,2,0,44,2042,SMOTE,7572,1000,0.5,0.053,CatBoost,0.5392412839809553,0.11764705882352941,0.15625,0.09433962264150944,0.5329142674981571,0.08173387998332683,0.5545615747843239,0.08843465616149211,-2.4770775935978473,0.2794262200950377
Kidney mortality,2,0,44,2042,Standard CTGAN,7572,1000,0.5,0.053,LogisticRegression,0.5145835971465957,0.1320754716981132,0.0880503144654088,0.2641509433962264,0.5555179215397182,0.0790755567371137,0.5684684505190173,0.1372371825397138,-2.629335719086188,0.26744670553779676
Kidney mortality,2,0,44,2042,Standard CTGAN,7572,1000,0.5,0.053,RandomForest,0.5432291767188415,0.12345679012345678,0.17857142857142858,0.09433962264150944,0.5350261999163197,0.10194350262428034,0.6298938056623696,0.0664300023308381,-2.094014953313187,0.32012405815787826
Kidney mortality,2,0,44,2042,Standard CTGAN,7572,1000,0.5,0.053,CatBoost,0.5533656062701706,0.1388888888888889,0.2631578947368421,0.09433962264150944,0.5397780478571855,0.1154563439942133,0.6595206311888585,0.05709131440793319,-1.7226704425937542,0.43895509259218163
Kidney mortality,2,0,44,2042,SepAware CTGAN,7572,1000,0.5,0.053,LogisticRegression,0.5469946672530127,0.1895734597156398,0.12658227848101267,0.37735849056603776,0.6158175768564085,0.0995962667282082,0.6573290032077463,0.1561497323955542,-2.6811251016903475,0.25358332037621406
Kidney mortality,2,0,44,2042,SepAware CTGAN,7572,1000,0.5,0.053,RandomForest,0.555646704949412,0.15217391304347827,0.1794871794871795,0.1320754716981132,0.5491422765037557,0.09638308591694081,0.6236377039708314,0.0700857662979134,-2.1644540195203765,0.30560329632179317
Kidney mortality,2,0,44,2042,SepAware CTGAN,7572,1000,0.5,0.053,CatBoost,0.5289975368887585,0.08955223880597014,0.21428571428571427,0.05660377358490566,0.5224940726425057,0.11988220286074708,0.633569763503417,0.059702431162288815,-1.8648362700642256,0.4101709668151494
Kidney mortality,2,0,44,2042,Standard TVAE,7572,1000,0.5,0.053,LogisticRegression,0.5196949335092835,0.09174311926605505,0.08928571428571429,0.09433962264150944,0.5202426729891814,0.12145444581446879,0.6039329760315596,0.07513545592781821,-2.318896633725463,0.18380042044098727
Kidney mortality,2,0,44,2042,Standard TVAE,7572,1000,0.5,0.053,RandomForest,0.48480164863472436,0.0,0.0,0.0,0.4968321013727561,0.07843316825326152,0.5962224303161923,0.05488560251498802,-2.153618310031331,0.24058837253480575
Kidney mortality,2,0,44,2042,Standard TVAE,7572,1000,0.5,0.053,CatBoost,0.485331960885229,0.0,0.0,0.0,0.4978880675818374,0.08988492169711308,0.6617620688968142,0.05314005195723785,-1.4880228937061721,0.47276007605729237
Kidney mortality,2,0,44,2042,SepAware TVAE,7572,1000,0.5,0.053,LogisticRegression,0.523401010389858,0.10256410256410256,0.09375,0.11320754716981132,0.5259807535215477,0.121821341845801,0.6146520292482716,0.08523690437347609,-2.3781217887898345,0.1710096605837621
Kidney mortality,2,0,44,2042,SepAware TVAE,7572,1000,0.5,0.053,RandomForest,0.4834710743801653,0.0,0.0,0.0,0.4941921858500528,0.0751398606316645,0.5932936183777968,0.05817294877005133,-2.1608767858024285,0.24335109404520625
Kidney mortality,2,0,44,2042,SepAware TVAE,7572,1000,0.5,0.053,CatBoost,0.48293691830403307,0.0,0.0,0.0,0.4931362196409715,0.07882873850993778,0.6367476240760296,0.05810150454670401,-1.9010570347373976,0.32826730733844844
Kidney mortality,2,1,44,2079,Real only,4000,1000,0.0535,0.053,LogisticRegression,0.48638931689779147,0.0,0.0,0.0,0.5,0.1311409087885633,0.7213345022015899,0.04856331587708844,0.31329307721353455,1.1161144407406192
Kidney mortality,2,1,44,2079,Real only,4000,1000,0.0535,0.053,RandomForest,0.48638931689779147,0.0,0.0,0.0,0.5,0.11898516893153789,0.7230678806957422,0.049108053790321744,-0.6150387612122014,0.763393771839896
Kidney mortality,2,1,44,2079,Real only,4000,1000,0.0535,0.053,CatBoost,0.48638931689779147,0.0,0.0,0.0,0.5,0.11282995218739778,0.7258771492897134,0.049583873306260254,-0.41206793036673256,0.8305800032697817
Kidney mortality,2,1,44,2079,Class weighting,4000,1000,0.0535,0.053,LogisticRegression,0.5004696948773423,0.1792717086834734,0.10526315789473684,0.6037735849056604,0.6582753880177721,0.11662216219984586,0.718425614153932,0.21378428760297583,-2.848930047663308,0.9043392824078821
Kidney mortality,2,1,44,2079,Class weighting,4000,1000,0.0535,0.053,RandomForest,0.5174956092100438,0.07407407407407407,0.10714285714285714,0.05660377358490566,0.5151023091789365,0.07281171395392474,0.5824849076527665,0.091289434150505,-2.3757238978959205,0.3621448017873107
Kidney mortality,2,1,44,2079,Class weighting,4000,1000,0.0535,0.053,CatBoost,0.5346874811644867,0.17872340425531916,0.11538461538461539,0.39622641509433965,0.6131079277161244,0.11006127713533453,0.6680779422605646,0.16027800212595758,-2.5963826956649676,0.5048392910231427
Kidney mortality,2,1,44,2079,Random oversampling,7572,1000,0.5,0.053,LogisticRegression,0.5047619047619047,0.18285714285714286,0.10774410774410774,0.6037735849056604,0.6619712697495567,0.11809802928727817,0.716194138391345,0.2122573143305204,-2.8427154677312156,0.8475766653731102
Kidney mortality,2,1,44,2079,Random oversampling,7572,1000,0.5,0.053,RandomForest,0.5301855766972046,0.1111111111111111,0.10909090909090909,0.11320754716981132,0.5307326014624136,0.06974066452219121,0.5644537865354347,0.10157043795150963,-2.547264460592856,0.23567686443789113
Kidney mortality,2,1,44,2079,Random oversampling,7572,1000,0.5,0.053,CatBoost,0.5284937936311636,0.15458937198067632,0.1038961038961039,0.3018867924528302,0.5780817277998047,0.10053685225419069,0.6227112430515431,0.14653231470834124,-2.614800454418713,0.3283634909711328
Kidney mortality,2,1,44,2079,Random undersampling,428,1000,0.5,0.053,LogisticRegression,0.5029420457293319,0.18681318681318682,0.10932475884244373,0.6415094339622641,0.6745033970233707,0.15854530186970686,0.7351218345918591,0.21518738947431523,-2.9010498726848217,1.1305624013336921
Kidney mortality,2,1,44,2079,Random undersampling,428,1000,0.5,0.053,RandomForest,0.5056137018304769,0.20947630922693267,0.1206896551724138,0.7924528301886793,0.7346635851048993,0.12278652863886377,0.763712617800004,0.20832798213282866,-2.8774883928166086,1.120888573994512
Kidney mortality,2,1,44,2079,Random undersampling,428,1000,0.5,0.053,CatBoost,0.5047975798820339,0.1962864721485411,0.11419753086419752,0.6981132075471698,0.697525452770417,0.11351431150330159,0.7449941224522325,0.21505569123124357,-2.8844598477069945,0.6790628656645185
Kidney mortality,2,1,44,2079,SMOTE,7572,1000,0.5,0.053,LogisticRegression,0.500082744924978,0.17613636363636365,0.10367892976588629,0.5849056603773585,0.6509533581717838,0.11640781697310491,0.7093602438684227,0.21227360205091392,-2.8215202298270503,0.7348557426578017
Kidney mortality,2,1,44,2079,SMOTE,7572,1000,0.5,0.053,RandomForest,0.4797086368366285,0.0,0.0,0.0,0.48680042238648363,0.0708201821431805,0.5701520192863262,0.08631285387614539,-2.4303806442417835,0.28732246105995285
Kidney mortality,2,1,44,2079,SMOTE,7572,1000,0.5,0.053,CatBoost,0.48105864037363777,0.0,0.0,0.0,0.4894403379091869,0.07382204130259987,0.5908529417624674,0.08224273743590856,-2.3132133845775553,0.3792264238320755
Kidney mortality,2,1,44,2079,Standard CTGAN,7572,1000,0.5,0.053,LogisticRegression,0.5067292644757433,0.12444444444444444,0.08139534883720931,0.2641509433962264,0.5486541411806898,0.10912179149329695,0.44889522025861206,0.15040384793082037,-2.7178760076383797,0.18914250959305354
Kidney mortality,2,1,44,2079,Standard CTGAN,7572,1000,0.5,0.053,RandomForest,0.5076155462184874,0.0625,0.06976744186046512,0.05660377358490566,0.5071825626108266,0.08277833067201225,0.6527763941742544,0.07207844823742449,-2.0689838672937135,0.3639573040490174
Kidney mortality,2,1,44,2079,Standard CTGAN,7572,1000,0.5,0.053,CatBoost,0.5128486177079528,0.058823529411764705,0.13333333333333333,0.03773584905660377,0.5120041441692734,0.08800809613443372,0.6775218664700843,0.06045651077969282,-1.7648263942420777,0.45654044931564375
Kidney mortality,2,1,44,2079,SepAware CTGAN,7572,1000,0.5,0.053,LogisticRegression,0.4793148880105402,0.10181818181818182,0.06306306306306306,0.2641509433962264,0.522254985953657,0.10198042987605235,0.520382140224343,0.19039736343041985,-2.7778363112215603,0.15511475108722428
Kidney mortality,2,1,44,2079,SepAware CTGAN,7572,1000,0.5,0.053,RandomForest,0.4997594997594998,0.05454545454545454,0.05263157894736842,0.05660377358490566,0.4997907991472575,0.08349080754084588,0.6706680480564245,0.07779336921584042,-2.105082691959954,0.37140665385143723
Kidney mortality,2,1,44,2079,SepAware CTGAN,7572,1000,0.5,0.053,CatBoost,0.490921432207704,0.024096385542168676,0.03333333333333333,0.018867924528301886,0.494122452232472,0.0815796049267191,0.6706680480564244,0.06777722340961946,-1.9791636921444937,0.39275605055936974
Kidney mortality,2,1,44,2079,Standard TVAE,7572,1000,0.5,0.053,LogisticRegression,0.4802494802494803,0.0,0.0,0.0,0.48785638859556496,0.07760148154732022,0.6229702536311291,0.06238199742297139,-2.0620032578423766,0.2945679802159136
Kidney mortality,2,1,44,2079,Standard TVAE,7572,1000,0.5,0.053,RandomForest,0.4845360824742268,0.0,0.0,0.0,0.4963041182682154,0.09465270768338983,0.698043473929589,0.05368816761679626,-1.3236268227616919,0.5591808934805905
Kidney mortality,2,1,44,2079,Standard TVAE,7572,1000,0.5,0.053,CatBoost,0.48373773877129583,0.0,0.0,0.0,0.4947201689545935,0.09980276372559883,0.686965790679604,0.05462697697444703,-1.4306736491154388,0.504618730659199
Kidney mortality,2,1,44,2079,SepAware TVAE,7572,1000,0.5,0.053,LogisticRegression,0.4921875,0.025,0.037037037037037035,0.018867924528301886,0.4957064015460939,0.06728400002511511,0.5975872168317029,0.06627738608209836,-2.2164397201719126,0.23624798789812818
Kidney mortality,2,1,44,2079,SepAware TVAE,7572,1000,0.5,0.053,RandomForest,0.48427024239298605,0.0,0.0,0.0,0.49577613516367475,0.09107617623243418,0.687025562351816,0.055258746233642075,-1.5055728176100314,0.48956440346330876
Kidney mortality,2,1,44,2079,SepAware TVAE,7572,1000,0.5,0.053,CatBoost,0.48293691830403307,0.0,0.0,0.0,0.4931362196409715,0.09083607934651616,0.6833197186746628,0.05763000257408374,-1.7351221891807065,0.38992330603440895
Kidney mortality,2,2,44,2116,Real only,4000,1000,0.0535,0.053,LogisticRegression,0.48638931689779147,0.0,0.0,0.0,0.5,0.141662023578588,0.7151481341276325,0.048423041058708476,0.26981882025690657,1.0987596688961998
Kidney mortality,2,2,44,2116,Real only,4000,1000,0.0535,0.053,RandomForest,0.48638931689779147,0.0,0.0,0.0,0.5,0.15786228269990785,0.7127572672391466,0.048333089724412984,-0.747809224995067,0.7258305821377681
Kidney mortality,2,2,44,2116,Real only,4000,1000,0.0535,0.053,CatBoost,0.5051577785390735,0.037037037037037035,1.0,0.018867924528301886,0.5094339622641509,0.16000418613825848,0.7409894204140184,0.047821762958115514,-0.13133492983777909,0.9526195990838517
Kidney mortality,2,2,44,2116,Class weighting,4000,1000,0.0535,0.053,LogisticRegression,0.4980386324341408,0.1772853185595568,0.1038961038961039,0.6037735849056604,0.6561634555996094,0.13678481273173204,0.7153872208164811,0.21222216871330618,-2.859764321808854,0.9458324309470278
Kidney mortality,2,2,44,2116,Class weighting,4000,1000,0.0535,0.053,RandomForest,0.5590284514843102,0.15730337078651685,0.19444444444444445,0.1320754716981132,0.5507262258173776,0.10888721652181306,0.6129784224263315,0.08791512157032998,-2.1834315443715235,0.5350890020014417
Kidney mortality,2,2,44,2116,Class weighting,4000,1000,0.0535,0.053,CatBoost,0.5400059528641394,0.1968503937007874,0.12437810945273632,0.4716981132075472,0.6429240302046184,0.13948548624868945,0.6983722181267558,0.15624515748769802,-2.534489716813111,0.7532969294836926
Kidney mortality,2,2,44,2116,Random oversampling,7572,1000,0.5,0.053,LogisticRegression,0.49533307189931813,0.1778975741239892,0.10377358490566038,0.6226415094339622,0.6608455699228946,0.13922738016643374,0.7254886334203343,0.21271240691062998,-2.864498670582218,0.9580838160278159
Kidney mortality,2,2,44,2116,Random oversampling,7572,1000,0.5,0.053,RandomForest,0.5544737866445311,0.1592920353982301,0.15,0.16981132075471697,0.5579785220457851,0.10623761607177902,0.6327229981470781,0.09870762184112325,-2.299613141485844,0.4768705725737236
Kidney mortality,2,2,44,2116,Random oversampling,7572,1000,0.5,0.053,CatBoost,0.5339765607470183,0.17467248908296942,0.11363636363636363,0.37735849056603776,0.6063138809746768,0.11210393982627548,0.6692434898687015,0.14509588142294177,-2.5204860545775647,0.5179183679634085
Kidney mortality,2,2,44,2116,Random undersampling,428,1000,0.5,0.053,LogisticRegression,0.48871448923570265,0.16711590296495957,0.09748427672955975,0.5849056603773585,0.6409216791855114,0.11834356100004154,0.7036520491721623,0.22595130341178418,-2.8989926046563816,0.7219956301569606
Kidney mortality,2,2,44,2116,Random undersampling,428,1000,0.5,0.053,RandomForest,0.4614494702828387,0.16740088105726872,0.09476309226932668,0.7169811320754716,0.6668326990894782,0.15221806626882647,0.7129365822557829,0.2348247723022933,-2.9851906429859203,0.7664975947357094
Kidney mortality,2,2,44,2116,Random undersampling,428,1000,0.5,0.053,CatBoost,0.46840141999891877,0.16113744075829384,0.0921409214092141,0.6415094339622641,0.6438803769600128,0.12421660374124475,0.7187344344603614,0.24937050519579765,-3.0026406152941845,0.5519409744112762
Kidney mortality,2,2,44,2116,SMOTE,7572,1000,0.5,0.053,LogisticRegression,0.5016909970461064,0.18028169014084508,0.10596026490066225,0.6037735849056604,0.6593313542268534,0.12637361753738874,0.7082345440417606,0.21143731808454258,-2.840121282505871,0.8012161623606056
Kidney mortality,2,2,44,2116,SMOTE,7572,1000,0.5,0.053,RandomForest,0.5898277276456112,0.21739130434782608,0.2564102564102564,0.18867924528301888,0.5790281126098304,0.13204935270367665,0.6463509394114483,0.08446252458677463,-2.031465844523126,0.6500744931016968
Kidney mortality,2,2,44,2116,SMOTE,7572,1000,0.5,0.053,CatBoost,0.581151832460733,0.2,0.24324324324324326,0.16981132075471697,0.5701221334502201,0.12445008480558749,0.6578470243669183,0.08518265826497319,-2.0088609680641767,0.6795880086109105
Kidney mortality,2,2,44,2116,Standard CTGAN,7572,1000,0.5,0.053,LogisticRegression,0.5098771425370626,0.13934426229508196,0.08900523560209424,0.32075471698113206,0.5685082983004921,0.08689765031825503,0.627821721025682,0.16458942083669656,-2.694121613460372,0.3156030251663578
Kidney mortality,2,2,44,2116,Standard CTGAN,7572,1000,0.5,0.053,RandomForest,0.508829898863611,0.06382978723404255,0.07317073170731707,0.05660377358490566,0.5082385288199079,0.08746174130981305,0.6669123946524278,0.07518638852346489,-2.071825388762066,0.39122610561192495
Kidney mortality,2,2,44,2116,Standard CTGAN,7572,1000,0.5,0.053,CatBoost,0.504628825455645,0.04938271604938271,0.07142857142857142,0.03773584905660377,0.5051403638102449,0.09333038647376254,0.6791357016198123,0.06463922868666801,-1.8518157880297974,0.44960584787353475
Kidney mortality,2,2,44,2116,SepAware CTGAN,7572,1000,0.5,0.053,LogisticRegression,0.5214756258234519,0.17454545454545456,0.10810810810810811,0.4528301886792453,0.6218744396405731,0.10955995233606283,0.6499571636349147,0.1679220688752426,-2.642286442391339,0.3806431451900836
Kidney mortality,2,2,44,2116,SepAware CTGAN,7572,1000,0.5,0.053,RandomForest,0.5240313013393657,0.0970873786407767,0.1,0.09433962264150944,0.5234105716164252,0.09334345574960493,0.6852025263493455,0.07583286178766944,-2.0245310293221883,0.41477530657540335
Kidney mortality,2,2,44,2116,SepAware CTGAN,7572,1000,0.5,0.053,CatBoost,0.515359379660006,0.07142857142857142,0.0967741935483871,0.05660377358490566,0.5135183598653145,0.09971723599366686,0.6881313382877408,0.06846648003852582,-1.8944369519408744,0.4468444615433698
Kidney mortality,2,2,44,2116,Standard TVAE,7572,1000,0.5,0.053,LogisticRegression,0.5258328142287345,0.13559322033898305,0.0967741935483871,0.22641509433962265,0.554073439461258,0.09250995686136007,0.6139746169632007,0.11652888385885057,-2.532148786970641,0.18221993947001086
Kidney mortality,2,2,44,2116,Standard TVAE,7572,1000,0.5,0.053,RandomForest,0.5028232536666785,0.034482758620689655,0.2,0.018867924528301886,0.5073220298459884,0.1254911130585227,0.7185949672251998,0.05305588463706796,-1.2968973544177376,0.6263981771613927
Kidney mortality,2,2,44,2116,Standard TVAE,7572,1000,0.5,0.053,CatBoost,0.516516295039785,0.06349206349206349,0.2,0.03773584905660377,0.5146440596919767,0.12440908111408058,0.7206172421350441,0.05286161554083097,-1.1871774011673604,0.6247866204408026
Kidney mortality,2,2,44,2116,SepAware TVAE,7572,1000,0.5,0.053,LogisticRegression,0.5527524674418958,0.16901408450704225,0.1348314606741573,0.22641509433962265,0.5725528481201809,0.10312531857644637,0.6737462891753502,0.09695607846568607,-2.356219376183149,0.2559497699689578
Kidney mortality,2,2,44,2116,SepAware TVAE,7572,1000,0.5,0.053,RandomForest,0.5142740747704553,0.06060606060606061,0.15384615384615385,0.03773584905660377,0.5130601103783548,0.1288737834503489,0.7204478890637763,0.05389547015528335,-1.3347787200340713,0.5982616606418062
Kidney mortality,2,2,44,2116,SepAware TVAE,7572,1000,0.5,0.053,CatBoost,0.5121548495560609,0.057971014492753624,0.125,0.03773584905660377,0.5114761610647327,0.13263175254170806,0.7351816062640713,0.05400223794828831,-1.2636358023037815,0.5926323273459854
Kidney mortality,2,3,44,2153,Real only,4000,1000,0.05325,0.054,LogisticRegression,0.48586118251928023,0.0,0.0,0.0,0.49947145877378435,0.128406076404223,0.7028815284629237,0.050700614337918,-1.0544828617776205,0.6105442011778784
Kidney mortality,2,3,44,2153,Real only,4000,1000,0.05325,0.054,RandomForest,0.48612538540596095,0.0,0.0,0.0,0.5,0.10885757293341383,0.6880432229269438,0.05080621147483687,-1.0911095864124143,0.5812916505865466
Kidney mortality,2,3,44,2153,Real only,4000,1000,0.05325,0.054,CatBoost,0.48559670781893005,0.0,0.0,0.0,0.4989429175475687,0.13085858061105102,0.708695481951296,0.050125721841952894,-0.37329427452511643,0.8344702601981518
Kidney mortality,2,3,44,2153,Class weighting,4000,1000,0.05325,0.054,LogisticRegression,0.5082251082251082,0.18857142857142858,0.11148648648648649,0.6111111111111112,0.666549213060841,0.12376663537800037,0.7089891159658601,0.2147385490883731,-2.809581979248308,0.6101464681507288
Kidney mortality,2,3,44,2153,Class weighting,4000,1000,0.05325,0.054,RandomForest,0.5567554498932183,0.15384615384615385,0.1891891891891892,0.12962962962962962,0.5489585780283455,0.09710301154965352,0.6069219325033279,0.09035148050686835,-2.328565666936481,0.38684283872493735
Kidney mortality,2,3,44,2153,Class weighting,4000,1000,0.05325,0.054,CatBoost,0.5388223719463453,0.1984732824427481,0.125,0.48148148148148145,0.6445462375694934,0.12334300308700971,0.6796844413123483,0.1599815736479383,-2.5456844110748196,0.6279538409793736
Kidney mortality,2,3,44,2153,Random oversampling,7574,1000,0.5,0.054,LogisticRegression,0.5074415308291992,0.18235294117647058,0.10839160839160839,0.5740740740740741,0.6522590243520476,0.12299638442967478,0.7096351107979014,0.21281770312382775,-2.802907022853017,0.5800770448511506
Kidney mortality,2,3,44,2153,Random oversampling,7574,1000,0.5,0.054,RandomForest,0.5398478370614593,0.13445378151260504,0.12307692307692308,0.14814814814814814,0.5439472241797823,0.09038157375285306,0.6066087228877927,0.10029038860270734,-2.4517373522849026,0.30740478555114203
Kidney mortality,2,3,44,2153,Random oversampling,7574,1000,0.5,0.054,CatBoost,0.5653760302197802,0.22115384615384615,0.14935064935064934,0.42592592592592593,0.6437240623287135,0.11635978139868733,0.6477957873306711,0.1427935369697171,-2.5029647557851082,0.5032436996797514
Kidney mortality,2,3,44,2153,Random undersampling,426,1000,0.5,0.054,LogisticRegression,0.4676181047204528,0.14925373134328357,0.08620689655172414,0.5555555555555556,0.6097016678412027,0.10224906273950703,0.6829927178764388,0.22618154529513146,-2.829020393110555,0.514824922228599
Kidney mortality,2,3,44,2153,Random undersampling,426,1000,0.5,0.054,RandomForest,0.45404861539868746,0.15486725663716813,0.08793969849246232,0.6481481481481481,0.632213608957795,0.10189908869359635,0.6889045493696657,0.22695890518324305,-2.8654377266317623,0.7737153542416814
Kidney mortality,2,3,44,2153,Random undersampling,426,1000,0.5,0.054,CatBoost,0.4545605285090303,0.14965986394557823,0.08527131782945736,0.6111111111111112,0.6184519614752173,0.10052619755567357,0.6694464020045415,0.24455513581362281,-2.8882600498076783,0.4609925939145133
Kidney mortality,2,3,44,2153,SMOTE,7574,1000,0.5,0.054,LogisticRegression,0.5109249252895661,0.19889502762430938,0.11688311688311688,0.6666666666666666,0.6895701198026779,0.12262452811421762,0.7127867825542243,0.21573303421123866,-2.803094841364724,0.5405450925969468
Kidney mortality,2,3,44,2153,SMOTE,7574,1000,0.5,0.054,RandomForest,0.521465682253213,0.08695652173913043,0.10526315789473684,0.07407407407407407,0.5190666353457052,0.08467744035847262,0.6163182209693838,0.08852426679448837,-2.2913783296692976,0.39103156925501387
Kidney mortality,2,3,44,2153,SMOTE,7574,1000,0.5,0.054,CatBoost,0.5052083333333334,0.05,0.07692307692307693,0.037037037037037035,0.5058335290893431,0.0787848080993232,0.6152415629159815,0.08684756231357318,-2.275290809967343,0.4113267724283694
Kidney mortality,2,3,44,2153,Standard CTGAN,7574,1000,0.5,0.054,LogisticRegression,0.4879307856407093,0.12794612794612795,0.07818930041152264,0.35185185185185186,0.5575326912536215,0.07614875202738751,0.6605395035627594,0.19103799167629076,-2.7231758797601295,0.270254548066109
Kidney mortality,2,3,44,2153,Standard CTGAN,7574,1000,0.5,0.054,RandomForest,0.5368421052631579,0.12,0.13043478260869565,0.1111111111111111,0.5344139065069298,0.0956991007096665,0.6451139299976508,0.07355144481580243,-2.0588971519232766,0.3681220314149333
Kidney mortality,2,3,44,2153,Standard CTGAN,7574,1000,0.5,0.054,CatBoost,0.5237113548634758,0.0821917808219178,0.15789473684210525,0.05555555555555555,0.5193211181583275,0.10480359724510988,0.6892177589852008,0.06170844723872318,-1.734329982824355,0.46077230953331727
Kidney mortality,2,3,44,2153,SepAware CTGAN,7574,1000,0.5,0.054,LogisticRegression,0.5334311118850052,0.1867704280155642,0.11822660098522167,0.4444444444444444,0.6276133427296218,0.1005482737801,0.6535314384151594,0.17004859296449565,-2.6822003279021707,0.28900733773114506
Kidney mortality,2,3,44,2153,SepAware CTGAN,7574,1000,0.5,0.054,RandomForest,0.5382395382395382,0.12727272727272726,0.125,0.12962962962962962,0.5389162947302482,0.12677384326701316,0.6580729778404197,0.07535938327624726,-2.005803819982832,0.41186521371557094
Kidney mortality,2,3,44,2153,SepAware CTGAN,7574,1000,0.5,0.054,CatBoost,0.5534817262396463,0.14893617021276595,0.175,0.12962962962962962,0.5473729543496986,0.11534313902015181,0.6881998277347114,0.06675650421779918,-1.8099014348438478,0.4555544619378792
Kidney mortality,2,3,44,2153,Standard TVAE,7574,1000,0.5,0.054,LogisticRegression,0.5167730613698213,0.07317073170731707,0.10714285714285714,0.05555555555555555,0.5145642471223867,0.09073877068393812,0.6051992796178842,0.06700130843292143,-2.3727004686577335,0.15932453701229238
Kidney mortality,2,3,44,2153,Standard TVAE,7574,1000,0.5,0.054,RandomForest,0.48586118251928023,0.0,0.0,0.0,0.49947145877378435,0.08862671424881759,0.6617336152219873,0.05358786929192763,-1.482427142587118,0.49214336523345537
Kidney mortality,2,3,44,2153,Standard TVAE,7574,1000,0.5,0.054,CatBoost,0.48480164863472436,0.0,0.0,0.0,0.4973572938689218,0.10155122202249547,0.6849502779735337,0.05269132698062286,-1.1275038468020802,0.6032492437504987
Kidney mortality,2,3,44,2153,SepAware TVAE,7574,1000,0.5,0.054,LogisticRegression,0.5192706174886034,0.08421052631578947,0.0975609756097561,0.07407407407407407,0.5174810116670582,0.08834351995814853,0.5908112129042361,0.072712301910566,-2.457134165853453,0.1281756783895925
Kidney mortality,2,3,44,2153,SepAware TVAE,7574,1000,0.5,0.054,RandomForest,0.485331960885229,0.0,0.0,0.0,0.49841437632135305,0.08608739730359552,0.6459556808394018,0.05512498417890474,-1.6817511499742157,0.4277842862639323
Kidney mortality,2,3,44,2153,SepAware TVAE,7574,1000,0.5,0.054,CatBoost,0.4840041279669763,0.0,0.0,0.0,0.49577167019027485,0.09582458094414521,0.6827382350638165,0.053888406780293344,-1.3110209351515911,0.5515299721887267
Kidney mortality,2,4,44,2190,Real only,4000,1000,0.05325,0.054,LogisticRegression,0.48612538540596095,0.0,0.0,0.0,0.5,0.08630833169423155,0.6645231383603477,0.05128492249669884,-1.0310427196358662,0.6188455803096082
Kidney mortality,2,4,44,2190,Real only,4000,1000,0.05325,0.054,RandomForest,0.48612538540596095,0.0,0.0,0.0,0.5,0.12324561851241853,0.6726665883642627,0.05043790370672088,-1.219251243087348,0.5166275183140631
Kidney mortality,2,4,44,2190,Real only,4000,1000,0.05325,0.054,CatBoost,0.48612538540596095,0.0,0.0,0.0,0.5,0.10443648300315322,0.6807317359642943,0.05080454641913865,-0.773646883333111,0.6869909774209549
Kidney mortality,2,4,44,2190,Class weighting,4000,1000,0.05325,0.054,LogisticRegression,0.5003543586109143,0.17058823529411765,0.10139860139860139,0.5370370370370371,0.6326834233810978,0.08726692018216747,0.6703762430506617,0.21978442834720305,-2.8038015723257863,0.5613038878609364
Kidney mortality,2,4,44,2190,Class weighting,4000,1000,0.05325,0.054,RandomForest,0.5245340433624952,0.09090909090909091,0.11764705882352941,0.07407407407407407,0.5211808002505677,0.06856360564824754,0.5204271396131861,0.09586502423664027,-2.688707284964579,0.11365142979793066
Kidney mortality,2,4,44,2190,Class weighting,4000,1000,0.05325,0.054,CatBoost,0.5160244310867187,0.1452991452991453,0.09444444444444444,0.3148148148148148,0.5712551875342573,0.11355643206364655,0.5836171795474121,0.16017209157061035,-2.6171686632382114,0.39331162010377935
Kidney mortality,2,4,44,2190,Random oversampling,7574,1000,0.5,0.054,LogisticRegression,0.5009581248812334,0.1710914454277286,0.10175438596491228,0.5370370370370371,0.6332119646073135,0.08860406043793334,0.6730189491817399,0.21854092235609135,-2.8004079286583683,0.5635416261801829
Kidney mortality,2,4,44,2190,Random oversampling,7574,1000,0.5,0.054,RandomForest,0.5441945266134584,0.14035087719298245,0.13333333333333333,0.14814814814814814,0.5465899303108606,0.07158017496506108,0.5195658131704644,0.10583468087983093,-2.678153741946614,0.12436885180209442
Kidney mortality,2,4,44,2190,Random oversampling,7574,1000,0.5,0.054,CatBoost,0.5388888888888889,0.17,0.11643835616438356,0.3148148148148148,0.5892255892255892,0.08363577560538299,0.5815617414454624,0.14608388705816208,-2.6112001388084707,0.29403319255192323
Kidney mortality,2,4,44,2190,Random undersampling,426,1000,0.5,0.054,LogisticRegression,0.504603583787747,0.17417417417417416,0.1039426523297491,0.5370370370370371,0.6363832119646073,0.0818323016443429,0.64210907524861,0.22987898336001183,-2.823247212807458,0.47964687512069903
Kidney mortality,2,4,44,2190,Random undersampling,426,1000,0.5,0.054,RandomForest,0.49914996578700466,0.1695906432748538,0.10069444444444445,0.5370370370370371,0.6316263409286665,0.09194464260610294,0.652307963354475,0.21743011754921485,-2.8184964172619495,0.3623366882221318
Kidney mortality,2,4,44,2190,Random undersampling,426,1000,0.5,0.054,CatBoost,0.5089092654895149,0.17791411042944785,0.10661764705882353,0.5370370370370371,0.6400830005481168,0.11148472640780863,0.650330827656409,0.22975715855518866,-2.851591743616396,0.3743678430296576
Kidney mortality,2,4,44,2190,SMOTE,7574,1000,0.5,0.054,LogisticRegression,0.5039932140520879,0.17365269461077845,0.10357142857142858,0.5370370370370371,0.6358546707383916,0.08577471632766609,0.6646014407642316,0.21743878417948884,-2.7939549214695543,0.4998871590126476
Kidney mortality,2,4,44,2190,SMOTE,7574,1000,0.5,0.054,RandomForest,0.5355099688968068,0.11235955056179775,0.14285714285714285,0.09259259259259259,0.530440059509827,0.0730211250110446,0.5463648108996947,0.0942693906070588,-2.6732529751896914,0.11548161300301922
Kidney mortality,2,4,44,2190,SMOTE,7574,1000,0.5,0.054,CatBoost,0.5070182186563809,0.061855670103092786,0.06976744186046512,0.05555555555555555,0.506636128729152,0.06479391691249534,0.5032006107587503,0.09860901737222054,-2.7423042387072436,0.07911414115517762
Kidney mortality,2,4,44,2190,Standard CTGAN,7574,1000,0.5,0.054,LogisticRegression,0.5267605633802817,0.16,0.10526315789473684,0.3333333333333333,0.585799859055673,0.09301489730056836,0.6299330514446794,0.15115627179366703,-2.6134000720160615,0.3348861321503843
Kidney mortality,2,4,44,2190,Standard CTGAN,7574,1000,0.5,0.054,RandomForest,0.538285825374839,0.11627906976744186,0.15625,0.09259259259259259,0.5320256831884739,0.1435201537404323,0.7411420405606453,0.0633592845918754,-1.5563642856456543,0.6256254706812172
Kidney mortality,2,4,44,2190,Standard CTGAN,7574,1000,0.5,0.054,CatBoost,0.5349600612758507,0.10526315789473684,0.18181818181818182,0.07407407407407407,0.5275232949651554,0.1397366701423488,0.7474062328713491,0.05744274847267796,-1.3404837848343791,0.6538333382210482
Kidney mortality,2,4,44,2190,SepAware CTGAN,7574,1000,0.5,0.054,LogisticRegression,0.515493041734684,0.14096916299559473,0.09248554913294797,0.2962962962962963,0.5651671756322919,0.08896502066868436,0.6539718894370057,0.14488953385901557,-2.5577815387288387,0.36225525955945315
Kidney mortality,2,4,44,2190,SepAware CTGAN,7574,1000,0.5,0.054,RandomForest,0.570787692778062,0.1797752808988764,0.22857142857142856,0.14814814814814814,0.5598034609662517,0.1559189750293979,0.7591907446558609,0.06439903940352167,-1.5421266137354235,0.6785824159494305
Kidney mortality,2,4,44,2190,SepAware CTGAN,7574,1000,0.5,0.054,CatBoost,0.5560959604732403,0.14814814814814814,0.2222222222222222,0.1111111111111111,0.544456189805027,0.14430096847679624,0.7398989898989898,0.059973132552310286,-1.4703498036591875,0.6371753744636546
Kidney mortality,2,4,44,2190,Standard TVAE,7574,1000,0.5,0.054,LogisticRegression,0.5417684375144511,0.14173228346456693,0.1232876712328767,0.16666666666666666,0.549506694855532,0.09561235603723103,0.6423439824602615,0.0790638292069168,-2.205130805773228,0.24450496830189228
Kidney mortality,2,4,44,2190,Standard TVAE,7574,1000,0.5,0.054,RandomForest,0.4840041279669763,0.0,0.0,0.0,0.49577167019027485,0.11158696127732287,0.7008358781614595,0.0556364065380898,-1.4540636855316145,0.5282405688029819
Kidney mortality,2,4,44,2190,Standard TVAE,7574,1000,0.5,0.054,CatBoost,0.5309083681176705,0.09230769230769231,0.2727272727272727,0.05555555555555555,0.5235494479680526,0.11936807765294113,0.6609310155821785,0.05409012428283928,-1.4236361449550936,0.5148647042320154
Kidney mortality,2,4,44,2190,SepAware TVAE,7574,1000,0.5,0.054,LogisticRegression,0.5285560344827587,0.125,0.1,0.16666666666666666,0.5405214940098662,0.08642790428268671,0.6286802129825386,0.09354910710742691,-2.3393659509623785,0.1948783791512054
Kidney mortality,2,4,44,2190,SepAware TVAE,7574,1000,0.5,0.054,RandomForest,0.5142740747704553,0.06060606060606061,0.16666666666666666,0.037037037037037035,0.5132331062563621,0.1077748081543204,0.6989370448672774,0.05652748621357695,-1.5227247585488526,0.5017096077349983
Kidney mortality,2,4,44,2190,SepAware TVAE,7574,1000,0.5,0.054,CatBoost,0.5289975368887585,0.08955223880597014,0.23076923076923078,0.05555555555555555,0.5224923655156213,0.1074250993437591,0.6435380941194895,0.056705007249820694,-1.650899638206586,0.4350854721806535
