dataset,repeat,fold,partition_seed,fold_seed,condition,n_train,n_test,positive_rate_train,positive_rate_test,classifier,macro_f1,minority_f1,minority_precision,minority_recall,balanced_accuracy,auprc,auroc,brier,calibration_intercept,calibration_slope
COVID-19,0,0,42,42,Real only,267,67,0.250936329588015,0.23880597014925373,LogisticRegression,0.5013709361535448,0.17391304347826086,0.2857142857142857,0.125,0.5134803921568627,0.339273879426239,0.5894607843137255,0.20056195716233355,-0.8200207862224291,0.19972738979825755
COVID-19,0,0,42,42,Real only,267,67,0.250936329588015,0.23880597014925373,RandomForest,0.4322033898305085,0.0,0.0,0.0,0.5,0.3328630311583956,0.633578431372549,0.17815784975655027,-0.2309184709216995,0.7056268994759853
COVID-19,0,0,42,42,Real only,267,67,0.250936329588015,0.23880597014925373,CatBoost,0.5298245614035088,0.2,0.5,0.125,0.5428921568627452,0.37987529598319564,0.6875,0.1752762190992218,-0.12660630558663735,0.6827936306859154
COVID-19,0,0,42,42,Class weighting,267,67,0.250936329588015,0.23880597014925373,LogisticRegression,0.5275641025641026,0.26666666666666666,0.2857142857142857,0.25,0.5269607843137255,0.35381659036758994,0.6066176470588236,0.2302077060908092,-1.0347978940762732,0.1863752867508181
COVID-19,0,0,42,42,Class weighting,267,67,0.250936329588015,0.23880597014925373,RandomForest,0.5593631014191762,0.2962962962962963,0.36363636363636365,0.25,0.5563725490196079,0.36035632741863727,0.6715686274509804,0.1869214978624665,-0.6211549667314559,1.0009927986545006
COVID-19,0,0,42,42,Class weighting,267,67,0.250936329588015,0.23880597014925373,CatBoost,0.6013153773880363,0.3870967741935484,0.4,0.375,0.5992647058823529,0.40362328510733103,0.7034313725490196,0.18004542230059117,-0.6356994315546167,0.6335214172515156
COVID-19,0,0,42,42,Random oversampling,400,67,0.5,0.23880597014925373,LogisticRegression,0.5778577857785778,0.36363636363636365,0.35294117647058826,0.375,0.579656862745098,0.3730034967990907,0.6299019607843138,0.22761000142410098,-1.0247079273914448,0.19917614604868195
COVID-19,0,0,42,42,Random oversampling,400,67,0.5,0.23880597014925373,RandomForest,0.6134615384615385,0.4,0.42857142857142855,0.375,0.6090686274509804,0.4200787562556193,0.6727941176470589,0.1897822105951863,-0.7399728286510994,0.8193067260794636
COVID-19,0,0,42,42,Random oversampling,400,67,0.5,0.23880597014925373,CatBoost,0.6699507389162561,0.4827586206896552,0.5384615384615384,0.4375,0.6599264705882353,0.40632144858714103,0.6727941176470589,0.17573370368863225,-0.5855540202232176,0.5118890884009706
COVID-19,0,0,42,42,Random undersampling,134,67,0.5,0.23880597014925373,LogisticRegression,0.571939688218758,0.4186046511627907,0.3333333333333333,0.5625,0.6047794117647058,0.2935271807969867,0.5931372549019608,0.26596038302289643,-1.1270114816736712,0.17580810669537772
COVID-19,0,0,42,42,Random undersampling,134,67,0.5,0.23880597014925373,RandomForest,0.5144927536231884,0.3333333333333333,0.2692307692307692,0.4375,0.5324754901960784,0.2861214989788313,0.5906862745098039,0.23374950726420493,-1.0919195905936294,0.5928068954734793
COVID-19,0,0,42,42,Random undersampling,134,67,0.5,0.23880597014925373,CatBoost,0.5840755735492578,0.41025641025641024,0.34782608695652173,0.5,0.6029411764705883,0.3616095124655545,0.7095588235294117,0.22737318894196293,-1.1017875911344337,0.36123970057380506
COVID-19,0,0,42,42,SMOTE,400,67,0.5,0.23880597014925373,LogisticRegression,0.48366972477064224,0.16,0.2222222222222222,0.125,0.49387254901960786,0.3781449460474116,0.5514705882352942,0.20803045535770426,-1.0174739162746793,0.08918666994498736
COVID-19,0,0,42,42,SMOTE,400,67,0.5,0.23880597014925373,RandomForest,0.5593631014191762,0.2962962962962963,0.36363636363636365,0.25,0.5563725490196079,0.3594867450593527,0.6041666666666666,0.19600967369574326,-0.8268790916952792,0.5435495229619058
COVID-19,0,0,42,42,SMOTE,400,67,0.5,0.23880597014925373,CatBoost,0.5593631014191762,0.2962962962962963,0.36363636363636365,0.25,0.5563725490196079,0.39124443587243507,0.6838235294117647,0.17983431949791548,-0.655439461780364,0.4771527899673428
COVID-19,0,0,42,42,Standard CTGAN,400,67,0.5,0.23880597014925373,LogisticRegression,0.49042748492001054,0.2926829268292683,0.24,0.375,0.5012254901960784,0.27504924849038087,0.5441176470588235,0.24786850072640337,-1.1122037192091696,0.12882533481637456
COVID-19,0,0,42,42,Standard CTGAN,400,67,0.5,0.23880597014925373,RandomForest,0.5593485750078296,0.3225806451612903,0.3333333333333333,0.3125,0.5582107843137255,0.3069828494542425,0.6004901960784315,0.2087616215705559,-0.923912418613636,0.5840767394896779
COVID-19,0,0,42,42,Standard CTGAN,400,67,0.5,0.23880597014925373,CatBoost,0.44991789819376027,0.13793103448275862,0.15384615384615385,0.125,0.45465686274509803,0.3605325388619633,0.6311274509803921,0.19713473870718431,-0.8114461991291648,0.5376911180609228
COVID-19,0,0,42,42,SepAware CTGAN,400,67,0.5,0.23880597014925373,LogisticRegression,0.593939393939394,0.4,0.3684210526315789,0.4375,0.6011029411764706,0.33769430952458823,0.5772058823529412,0.2238478791965581,-1.0419915732357676,0.14867578286644823
COVID-19,0,0,42,42,SepAware CTGAN,400,67,0.5,0.23880597014925373,RandomForest,0.6013153773880363,0.3870967741935484,0.4,0.375,0.5992647058823529,0.3824732429697245,0.6397058823529412,0.20056704354714283,-0.8654125944473926,0.675202219582437
COVID-19,0,0,42,42,SepAware CTGAN,400,67,0.5,0.23880597014925373,CatBoost,0.5593485750078296,0.3225806451612903,0.3333333333333333,0.3125,0.5582107843137255,0.3563063121911467,0.6348039215686275,0.20502665867606257,-0.8607020237759455,0.36558479375856995
COVID-19,0,0,42,42,Standard TVAE,400,67,0.5,0.23880597014925373,LogisticRegression,0.48366972477064224,0.16,0.2222222222222222,0.125,0.49387254901960786,0.396943009212797,0.571078431372549,0.20373391556353024,-1.0339446954448699,0.07046213281239845
COVID-19,0,0,42,42,Standard TVAE,400,67,0.5,0.23880597014925373,RandomForest,0.47105263157894733,0.1,0.25,0.0625,0.5018382352941176,0.3197840284981294,0.5882352941176471,0.18615397635845532,-0.6419199965232283,0.542600821098617
COVID-19,0,0,42,42,Standard TVAE,400,67,0.5,0.23880597014925373,CatBoost,0.49242424242424243,0.16666666666666666,0.25,0.125,0.5036764705882353,0.3907655966812379,0.6764705882352942,0.18501501087558722,-0.52606104264379,0.4555593827719771
COVID-19,0,0,42,42,SepAware TVAE,400,67,0.5,0.23880597014925373,LogisticRegression,0.48366972477064224,0.16,0.2222222222222222,0.125,0.49387254901960786,0.3926402374847607,0.5674019607843137,0.20524183319521438,-1.0361555785446157,0.06894666807574033
COVID-19,0,0,42,42,SepAware TVAE,400,67,0.5,0.23880597014925373,RandomForest,0.47871853546910753,0.10526315789473684,0.3333333333333333,0.0625,0.5116421568627452,0.3298421093449154,0.5931372549019608,0.1843515372130039,-0.5967440809259695,0.5645451918099618
COVID-19,0,0,42,42,SepAware TVAE,400,67,0.5,0.23880597014925373,CatBoost,0.5013709361535448,0.17391304347826086,0.2857142857142857,0.125,0.5134803921568627,0.3556136352829636,0.6642156862745098,0.18509800102767568,-0.5134203498112448,0.4515246738921329
COVID-19,0,1,42,79,Real only,267,67,0.24719101123595505,0.2537313432835821,LogisticRegression,0.510551948051948,0.18181818181818182,0.4,0.11764705882352941,0.5288235294117647,0.34780488774603235,0.6458823529411765,0.19339621635734763,-0.4086846419144842,0.506938993879389
COVID-19,0,1,42,79,Real only,267,67,0.24719101123595505,0.2537313432835821,RandomForest,0.4224137931034483,0.0,0.0,0.0,0.49,0.3418259934112917,0.6564705882352941,0.1833179953037602,0.12700329962404644,1.0214349770468545
COVID-19,0,1,42,79,Real only,267,67,0.24719101123595505,0.2537313432835821,CatBoost,0.4416666666666667,0.08333333333333333,0.14285714285714285,0.058823529411764705,0.46941176470588236,0.40413404419989973,0.7188235294117646,0.19060181533975268,-0.3601797336482888,0.515692565782002
COVID-19,0,1,42,79,Class weighting,267,67,0.24719101123595505,0.2537313432835821,LogisticRegression,0.524822695035461,0.3829787234042553,0.3,0.5294117647058824,0.5547058823529412,0.41395180281914895,0.651764705882353,0.226532592759469,-0.9601835421273814,0.5489641785189141
COVID-19,0,1,42,79,Class weighting,267,67,0.24719101123595505,0.2537313432835821,RandomForest,0.5705128205128205,0.3076923076923077,0.4444444444444444,0.23529411764705882,0.5676470588235294,0.36699669975606963,0.6647058823529411,0.2003794965565353,-0.646142071614283,1.0481015498980701
COVID-19,0,1,42,79,Class weighting,267,67,0.24719101123595505,0.2537313432835821,CatBoost,0.6847058823529412,0.5294117647058824,0.5294117647058824,0.5294117647058824,0.6847058823529412,0.3972880294212903,0.6776470588235293,0.20058177704989405,-0.7517484406264551,0.40175782443080793
COVID-19,0,1,42,79,Random oversampling,402,67,0.5,0.2537313432835821,LogisticRegression,0.5034500383337592,0.32558139534883723,0.2692307692307692,0.4117647058823529,0.5158823529411765,0.4244751641672591,0.6764705882352942,0.21300331262954084,-0.9123815462870268,0.6020805394405193
COVID-19,0,1,42,79,Random oversampling,402,67,0.5,0.2537313432835821,RandomForest,0.5173817726276229,0.25806451612903225,0.2857142857142857,0.23529411764705882,0.5176470588235295,0.3635748565308397,0.6423529411764706,0.20004211113785617,-0.7200389366820722,0.7661666086713893
COVID-19,0,1,42,79,Random oversampling,402,67,0.5,0.2537313432835821,CatBoost,0.7126225490196079,0.5625,0.6,0.5294117647058824,0.7047058823529412,0.40008472953381047,0.6835294117647059,0.19033378177302723,-0.6777672691474903,0.43701881195536535
COVID-19,0,1,42,79,Random undersampling,132,67,0.5,0.2537313432835821,LogisticRegression,0.5130813953488372,0.375,0.2903225806451613,0.5294117647058824,0.5447058823529412,0.3608317213084991,0.6211764705882352,0.2719241077994272,-1.0866098209256019,0.3395065338964825
COVID-19,0,1,42,79,Random undersampling,132,67,0.5,0.2537313432835821,RandomForest,0.544010889292196,0.4827586206896552,0.34146341463414637,0.8235294117647058,0.6417647058823529,0.32092724729084227,0.6411764705882352,0.23998654389152352,-1.1210683402006245,1.0517796069356344
COVID-19,0,1,42,79,Random undersampling,132,67,0.5,0.2537313432835821,CatBoost,0.6228893058161351,0.5384615384615384,0.4,0.8235294117647058,0.7017647058823528,0.46168568248562786,0.7352941176470589,0.23941728530030723,-1.1491842008947077,0.5486292364039803
COVID-19,0,1,42,79,SMOTE,402,67,0.5,0.2537313432835821,LogisticRegression,0.48366972477064224,0.16,0.25,0.11764705882352941,0.4988235294117647,0.3459085094686901,0.6211764705882352,0.19861028938210604,-0.571227121474226,0.44350354145959164
COVID-19,0,1,42,79,SMOTE,402,67,0.5,0.2537313432835821,RandomForest,0.44888366627497067,0.08695652173913043,0.16666666666666666,0.058823529411764705,0.47941176470588237,0.27224906643244023,0.4929411764705882,0.20891535849858475,-0.9589677901928245,0.18845627155002576
COVID-19,0,1,42,79,SMOTE,402,67,0.5,0.2537313432835821,CatBoost,0.47507122507122507,0.15384615384615385,0.2222222222222222,0.11764705882352941,0.4888235294117647,0.3363510997751138,0.6070588235294118,0.19973424887892563,-0.6918931620522251,0.3033079373350279
COVID-19,0,1,42,79,Standard CTGAN,402,67,0.5,0.2537313432835821,LogisticRegression,0.4088235294117647,0.11764705882352941,0.11764705882352941,0.11764705882352941,0.4088235294117647,0.22378970081753524,0.39294117647058824,0.2668984045509992,-1.3606502242277345,-0.44740765081242484
COVID-19,0,1,42,79,Standard CTGAN,402,67,0.5,0.2537313432835821,RandomForest,0.4059113300492611,0.06896551724137931,0.08333333333333333,0.058823529411764705,0.4194117647058824,0.2588850976295299,0.5129411764705882,0.22250221079330934,-1.0500660170719107,0.06204995759818526
COVID-19,0,1,42,79,Standard CTGAN,402,67,0.5,0.2537313432835821,CatBoost,0.5073529411764706,0.25,0.26666666666666666,0.23529411764705882,0.5076470588235295,0.291229967351312,0.5858823529411764,0.22609436300815539,-0.9224881321985139,0.21382543701281387
COVID-19,0,1,42,79,SepAware CTGAN,402,67,0.5,0.2537313432835821,LogisticRegression,0.5552669552669552,0.34285714285714286,0.3333333333333333,0.35294117647058826,0.5564705882352942,0.2868542883220384,0.5011764705882353,0.2462898630388021,-1.103687633713314,-0.04431815635776752
COVID-19,0,1,42,79,SepAware CTGAN,402,67,0.5,0.2537313432835821,RandomForest,0.46629901960784315,0.1875,0.2,0.17647058823529413,0.4682352941176471,0.29196660017071824,0.5764705882352941,0.21769687991157782,-0.9218650089422912,0.3930401790265317
COVID-19,0,1,42,79,SepAware CTGAN,402,67,0.5,0.2537313432835821,CatBoost,0.5552669552669552,0.34285714285714286,0.3333333333333333,0.35294117647058826,0.5564705882352942,0.29831984154472846,0.5858823529411765,0.21852347788622803,-0.8690097604056426,0.276344936182778
COVID-19,0,1,42,79,Standard TVAE,402,67,0.5,0.2537313432835821,LogisticRegression,0.5013709361535448,0.17391304347826086,0.3333333333333333,0.11764705882352941,0.5188235294117647,0.3639265773547845,0.62,0.1984851720273835,-0.5258699341048284,0.4248850739661045
COVID-19,0,1,42,79,Standard TVAE,402,67,0.5,0.2537313432835821,RandomForest,0.44888366627497067,0.08695652173913043,0.16666666666666666,0.058823529411764705,0.47941176470588237,0.30776718739991643,0.6329411764705882,0.20228445774171572,-0.7244009457581375,0.4145635234835126
COVID-19,0,1,42,79,Standard TVAE,402,67,0.5,0.2537313432835821,CatBoost,0.5593631014191762,0.2962962962962963,0.4,0.23529411764705882,0.5576470588235294,0.3538176721038728,0.6388235294117647,0.21075590791631377,-0.7362046963664587,0.23812267586595048
COVID-19,0,1,42,79,SepAware TVAE,402,67,0.5,0.2537313432835821,LogisticRegression,0.5013709361535448,0.17391304347826086,0.3333333333333333,0.11764705882352941,0.5188235294117647,0.36369973934636196,0.6129411764705882,0.19959595608178196,-0.561594049629055,0.3938479560412656
COVID-19,0,1,42,79,SepAware TVAE,402,67,0.5,0.2537313432835821,RandomForest,0.4017857142857143,0.0,0.0,0.0,0.45,0.28461766162309277,0.5858823529411764,0.21534993353590218,-0.9489328962267221,0.14387197513004696
COVID-19,0,1,42,79,SepAware TVAE,402,67,0.5,0.2537313432835821,CatBoost,0.42021460713049497,0.07407407407407407,0.1,0.058823529411764705,0.43941176470588234,0.2983654107481814,0.588235294117647,0.2327212378900074,-0.93140989232222,0.1020795567365321
COVID-19,0,2,42,116,Real only,267,67,0.24719101123595505,0.2537313432835821,LogisticRegression,0.5431818181818182,0.25,0.42857142857142855,0.17647058823529413,0.548235294117647,0.34977039786411884,0.48823529411764705,0.2289493414219003,-0.9230201539740556,0.0973823070666907
COVID-19,0,2,42,116,Real only,267,67,0.24719101123595505,0.2537313432835821,RandomForest,0.42735042735042733,0.0,0.0,0.0,0.5,0.2856129250139312,0.508235294117647,0.19814342557684325,-0.8340267333147039,0.21072543397438412
COVID-19,0,2,42,116,Real only,267,67,0.24719101123595505,0.2537313432835821,CatBoost,0.46659743856005537,0.14814814814814814,0.2,0.11764705882352941,0.4788235294117647,0.3026965386738668,0.5258823529411765,0.22790524139330232,-0.8800057161577847,0.14158046101160462
COVID-19,0,2,42,116,Class weighting,267,67,0.24719101123595505,0.2537313432835821,LogisticRegression,0.4585858585858586,0.2727272727272727,0.2222222222222222,0.35294117647058826,0.4664705882352941,0.3152707862931404,0.47411764705882353,0.2933636064878304,-1.0321211148430594,0.07896485856211534
COVID-19,0,2,42,116,Class weighting,267,67,0.24719101123595505,0.2537313432835821,RandomForest,0.4654255319148936,0.25,0.21739130434782608,0.29411764705882354,0.46705882352941175,0.27496171740463726,0.5129411764705882,0.22671866485541514,-0.9855349121858068,0.21254892521320995
COVID-19,0,2,42,116,Class weighting,267,67,0.24719101123595505,0.2537313432835821,CatBoost,0.4920518464172169,0.3404255319148936,0.26666666666666666,0.47058823529411764,0.5152941176470589,0.3028386743728162,0.5105882352941176,0.2841738328484372,-1.0048328457561913,0.10289915480778393
COVID-19,0,2,42,116,Random oversampling,402,67,0.5,0.2537313432835821,LogisticRegression,0.5010638297872341,0.3,0.2608695652173913,0.35294117647058826,0.5064705882352941,0.37259977681053924,0.5435294117647058,0.2695029784563769,-0.9841543574540793,0.11950841686916851
COVID-19,0,2,42,116,Random oversampling,402,67,0.5,0.2537313432835821,RandomForest,0.4959598774031764,0.2702702702702703,0.25,0.29411764705882354,0.4970588235294118,0.299260371910111,0.5376470588235294,0.22651318005490662,-0.9579916167898975,0.3128600613067568
COVID-19,0,2,42,116,Random oversampling,402,67,0.5,0.2537313432835821,CatBoost,0.45928099779897286,0.2978723404255319,0.23333333333333334,0.4117647058823529,0.4758823529411765,0.29730777248894313,0.5023529411764706,0.2717846917137516,-0.9901324351932649,0.09786794870669281
COVID-19,0,2,42,116,Random undersampling,132,67,0.5,0.2537313432835821,LogisticRegression,0.4481589147286822,0.2916666666666667,0.22580645161290322,0.4117647058823529,0.46588235294117647,0.28866725851343034,0.5070588235294118,0.3417534629354822,-1.0656383657234274,0.05727889015634801
COVID-19,0,2,42,116,Random undersampling,132,67,0.5,0.2537313432835821,RandomForest,0.46029919447640966,0.36363636363636365,0.2631578947368421,0.5882352941176471,0.5141176470588236,0.25670053913210794,0.4988235294117648,0.2630567797069536,-1.0724840114162562,0.1598243762136785
COVID-19,0,2,42,116,Random undersampling,132,67,0.5,0.2537313432835821,CatBoost,0.4171245421245421,0.32142857142857145,0.23076923076923078,0.5294117647058824,0.4647058823529412,0.2328954578289706,0.4447058823529412,0.3818187185260894,-1.0797666830956687,-0.015639559909449034
COVID-19,0,2,42,116,SMOTE,402,67,0.5,0.2537313432835821,LogisticRegression,0.5379310344827586,0.27586206896551724,0.3333333333333333,0.23529411764705882,0.5376470588235294,0.37606824126197663,0.5376470588235294,0.22912284071910435,-0.8828990728988958,0.14196609727782608
COVID-19,0,2,42,116,SMOTE,402,67,0.5,0.2537313432835821,RandomForest,0.44991789819376027,0.13793103448275862,0.16666666666666666,0.11764705882352941,0.45882352941176474,0.2626483161278492,0.5247058823529411,0.2110375137103949,-0.8970932064501514,0.3094936772315234
COVID-19,0,2,42,116,SMOTE,402,67,0.5,0.2537313432835821,CatBoost,0.417041704170417,0.12121212121212122,0.125,0.11764705882352941,0.4188235294117647,0.2690124722456979,0.5258823529411764,0.24449266560075453,-0.9488259526399587,0.11698746244326907
COVID-19,0,2,42,116,Standard CTGAN,402,67,0.5,0.2537313432835821,LogisticRegression,0.514856429463171,0.35555555555555557,0.2857142857142857,0.47058823529411764,0.5352941176470588,0.3199872722524124,0.5317647058823529,0.25852103277224325,-1.0528000194853546,0.10102655802677844
COVID-19,0,2,42,116,Standard CTGAN,402,67,0.5,0.2537313432835821,RandomForest,0.5592105263157895,0.3684210526315789,0.3333333333333333,0.4117647058823529,0.5658823529411765,0.3470617854694058,0.56,0.22951730597433706,-0.9787135992212083,0.45127602231035746
COVID-19,0,2,42,116,Standard CTGAN,402,67,0.5,0.2537313432835821,CatBoost,0.5255704169944926,0.34146341463414637,0.2916666666666667,0.4117647058823529,0.5358823529411765,0.33770961567615554,0.52,0.24872914801511845,-0.9969357353289487,0.1591569343724853
COVID-19,0,2,42,116,SepAware CTGAN,402,67,0.5,0.2537313432835821,LogisticRegression,0.5367021276595745,0.35,0.30434782608695654,0.4117647058823529,0.5458823529411765,0.31234781336242234,0.5411764705882353,0.25891419703716634,-1.0234351844701168,0.1085687955488248
COVID-19,0,2,42,116,SepAware CTGAN,402,67,0.5,0.2537313432835821,RandomForest,0.5723404255319149,0.4,0.34782608695652173,0.47058823529411764,0.5852941176470587,0.2872436672336601,0.54,0.23402101848785073,-0.9912627400499928,0.2551179753179589
COVID-19,0,2,42,116,SepAware CTGAN,402,67,0.5,0.2537313432835821,CatBoost,0.5367021276595745,0.35,0.30434782608695654,0.4117647058823529,0.5458823529411765,0.3006154276478316,0.5070588235294118,0.2803722292663977,-1.051835541277291,0.036521170572310246
COVID-19,0,2,42,116,Standard TVAE,402,67,0.5,0.2537313432835821,LogisticRegression,0.5173817726276229,0.25806451612903225,0.2857142857142857,0.23529411764705882,0.5176470588235295,0.3774903944214304,0.5376470588235294,0.23211597034535303,-0.8509258297108709,0.1512014970732711
COVID-19,0,2,42,116,Standard TVAE,402,67,0.5,0.2537313432835821,RandomForest,0.41228070175438597,0.0,0.0,0.0,0.47,0.23562913078610087,0.4623529411764706,0.21312433270545855,-1.0492366031120044,0.03140746734749892
COVID-19,0,2,42,116,Standard TVAE,402,67,0.5,0.2537313432835821,CatBoost,0.5062358276643991,0.2777777777777778,0.2631578947368421,0.29411764705882354,0.5070588235294118,0.285918470487742,0.5529411764705883,0.2504911432980414,-0.9302318867859927,0.11658593823966638
COVID-19,0,2,42,116,SepAware TVAE,402,67,0.5,0.2537313432835821,LogisticRegression,0.5173817726276229,0.25806451612903225,0.2857142857142857,0.23529411764705882,0.5176470588235295,0.39673938748105564,0.5376470588235294,0.23212906898065575,-0.8511360471012438,0.15075467743323573
COVID-19,0,2,42,116,SepAware TVAE,402,67,0.5,0.2537313432835821,RandomForest,0.47105263157894733,0.1,0.3333333333333333,0.058823529411764705,0.5094117647058823,0.2911937206219225,0.4858823529411765,0.2051431765553418,-0.9550249785914425,0.12310368520020196
COVID-19,0,2,42,116,SepAware TVAE,402,67,0.5,0.2537313432835821,CatBoost,0.5664705882352942,0.35294117647058826,0.35294117647058826,0.35294117647058826,0.5664705882352942,0.3337565692467491,0.5647058823529412,0.23467775462041043,-0.8654385979725809,0.1662756882637059
COVID-19,0,3,42,153,Real only,267,67,0.24719101123595505,0.2537313432835821,LogisticRegression,0.5936657681940701,0.35714285714285715,0.45454545454545453,0.29411764705882354,0.5870588235294117,0.42125992502493015,0.6188235294117648,0.19893709754140548,-0.8405132011827715,0.27230734752043884
COVID-19,0,3,42,153,Real only,267,67,0.24719101123595505,0.2537313432835821,RandomForest,0.42735042735042733,0.0,0.0,0.0,0.5,0.29615491788664616,0.5517647058823529,0.19457911675226555,-0.6810589057576188,0.3612894050629243
COVID-19,0,3,42,153,Real only,267,67,0.24719101123595505,0.2537313432835821,CatBoost,0.6134615384615385,0.4,0.46153846153846156,0.35294117647058826,0.6064705882352941,0.4207271689261945,0.6388235294117647,0.19255047970680064,-0.6258745411303238,0.34674452031983916
COVID-19,0,3,42,153,Class weighting,267,67,0.24719101123595505,0.2537313432835821,LogisticRegression,0.5575935436537051,0.425531914893617,0.3333333333333333,0.5882352941176471,0.5941176470588235,0.4211799458942006,0.6129411764705883,0.2718969488443523,-1.1320504567792111,0.25301029429803806
COVID-19,0,3,42,153,Class weighting,267,67,0.24719101123595505,0.2537313432835821,RandomForest,0.5224780701754386,0.3157894736842105,0.2857142857142857,0.35294117647058826,0.5264705882352941,0.296456859226654,0.5529411764705883,0.22778816771248275,-0.9681155547241602,0.3203335136448028
COVID-19,0,3,42,153,Class weighting,267,67,0.24719101123595505,0.2537313432835821,CatBoost,0.5958562811434566,0.43902439024390244,0.375,0.5294117647058824,0.6147058823529412,0.3884133037330781,0.6294117647058823,0.2323589361786255,-0.9033685380352703,0.3173613877597151
COVID-19,0,3,42,153,Random oversampling,402,67,0.5,0.2537313432835821,LogisticRegression,0.540987479329081,0.43137254901960786,0.3235294117647059,0.6470588235294118,0.5935294117647059,0.39498751273047994,0.64,0.26084506147029235,-1.1391386000479313,0.27928667467729873
COVID-19,0,3,42,153,Random oversampling,402,67,0.5,0.2537313432835821,RandomForest,0.514856429463171,0.35555555555555557,0.2857142857142857,0.47058823529411764,0.5352941176470588,0.3362657950289553,0.5670588235294118,0.23313195836395975,-0.9777121057321292,0.3203290999515157
COVID-19,0,3,42,153,Random oversampling,402,67,0.5,0.2537313432835821,CatBoost,0.6079787234042553,0.45,0.391304347826087,0.5294117647058824,0.6247058823529412,0.41488114445182145,0.648235294117647,0.22931075918107943,-0.89323900947481,0.2929556463098896
COVID-19,0,3,42,153,Random undersampling,132,67,0.5,0.2537313432835821,LogisticRegression,0.46914765906362543,0.32653061224489793,0.25,0.47058823529411764,0.49529411764705883,0.43887428663312894,0.6211764705882353,0.2861748489352756,-1.2595368882646143,0.28838173952366053
COVID-19,0,3,42,153,Random undersampling,132,67,0.5,0.2537313432835821,RandomForest,0.4481589147286822,0.2916666666666667,0.22580645161290322,0.4117647058823529,0.46588235294117647,0.34819791211376994,0.5070588235294118,0.25968996158855034,-1.076360792822909,0.12170769106206628
COVID-19,0,3,42,153,Random undersampling,132,67,0.5,0.2537313432835821,CatBoost,0.5013205282112845,0.3673469387755102,0.28125,0.5294117647058824,0.5347058823529411,0.35009011730326867,0.5741176470588235,0.3054828319854372,-1.0909217087114125,0.16734871348752667
COVID-19,0,3,42,153,SMOTE,402,67,0.5,0.2537313432835821,LogisticRegression,0.5270588235294118,0.29411764705882354,0.29411764705882354,0.29411764705882354,0.5270588235294118,0.33283631671805913,0.5705882352941176,0.23530545968408678,-0.9581864659533874,0.18211992727572057
COVID-19,0,3,42,153,SMOTE,402,67,0.5,0.2537313432835821,RandomForest,0.5073529411764706,0.25,0.26666666666666666,0.23529411764705882,0.5076470588235295,0.30037290663472277,0.591764705882353,0.2157895851834896,-0.8952979650030367,0.37538981931189663
COVID-19,0,3,42,153,SMOTE,402,67,0.5,0.2537313432835821,CatBoost,0.5376537653765376,0.30303030303030304,0.3125,0.29411764705882354,0.5370588235294118,0.28580926017269637,0.5458823529411765,0.2511946168394375,-0.9512966579093458,0.11030336669092887
COVID-19,0,3,42,153,Standard CTGAN,402,67,0.5,0.2537313432835821,LogisticRegression,0.5838509316770186,0.42857142857142855,0.36,0.5294117647058824,0.6047058823529412,0.36200274555313766,0.6023529411764705,0.24578308491184253,-1.0925778988610488,0.30976396869033096
COVID-19,0,3,42,153,Standard CTGAN,402,67,0.5,0.2537313432835821,RandomForest,0.5958562811434566,0.43902439024390244,0.375,0.5294117647058824,0.6147058823529412,0.3275205411989022,0.6141176470588234,0.22474881305871613,-0.950439063831526,0.7822172932172399
COVID-19,0,3,42,153,Standard CTGAN,402,67,0.5,0.2537313432835821,CatBoost,0.5723404255319149,0.4,0.34782608695652173,0.47058823529411764,0.5852941176470587,0.47768535195259454,0.6541176470588235,0.21232651653025372,-0.8817130383730994,0.5642268163361226
COVID-19,0,3,42,153,SepAware CTGAN,402,67,0.5,0.2537313432835821,LogisticRegression,0.5255704169944926,0.34146341463414637,0.2916666666666667,0.4117647058823529,0.5358823529411765,0.31977584354330957,0.5447058823529412,0.27160002815888085,-1.0591004587855428,0.128290787721217
COVID-19,0,3,42,153,SepAware CTGAN,402,67,0.5,0.2537313432835821,RandomForest,0.4394062078272605,0.20512820512820512,0.18181818181818182,0.23529411764705882,0.4376470588235294,0.2666434277426661,0.548235294117647,0.24156184609284276,-1.0300297258355635,0.14584549729126572
COVID-19,0,3,42,153,SepAware CTGAN,402,67,0.5,0.2537313432835821,CatBoost,0.5117408906882591,0.3076923076923077,0.2727272727272727,0.35294117647058826,0.5164705882352941,0.29615992465894003,0.5823529411764705,0.25060278011562004,-0.9609420018993141,0.17235203537660201
COVID-19,0,3,42,153,Standard TVAE,402,67,0.5,0.2537313432835821,LogisticRegression,0.5270588235294118,0.29411764705882354,0.29411764705882354,0.29411764705882354,0.5270588235294118,0.3305101132410254,0.5682352941176471,0.2449402912925781,-0.9598440408981246,0.15408465795995738
COVID-19,0,3,42,153,Standard TVAE,402,67,0.5,0.2537313432835821,RandomForest,0.40707964601769914,0.0,0.0,0.0,0.46,0.26243269761724275,0.5199999999999999,0.2154075847148779,-1.091714755108164,-0.013502475015293959
COVID-19,0,3,42,153,Standard TVAE,402,67,0.5,0.2537313432835821,CatBoost,0.5705128205128205,0.3333333333333333,0.38461538461538464,0.29411764705882354,0.5670588235294117,0.331770937355143,0.6223529411764706,0.22728463465177776,-0.8403599968181203,0.16382326214461623
COVID-19,0,3,42,153,SepAware TVAE,402,67,0.5,0.2537313432835821,LogisticRegression,0.5270588235294118,0.29411764705882354,0.29411764705882354,0.29411764705882354,0.5270588235294118,0.33041424783192685,0.5682352941176472,0.2445281917020858,-0.9561308516506789,0.15845969799178453
COVID-19,0,3,42,153,SepAware TVAE,402,67,0.5,0.2537313432835821,RandomForest,0.44888366627497067,0.08695652173913043,0.16666666666666666,0.058823529411764705,0.47941176470588237,0.27334340481480035,0.5376470588235294,0.21555153505785865,-1.0339210687824303,0.04839846547146814
COVID-19,0,3,42,153,SepAware TVAE,402,67,0.5,0.2537313432835821,CatBoost,0.643282179768243,0.45161290322580644,0.5,0.4117647058823529,0.6358823529411765,0.3446150558846723,0.6247058823529411,0.23025236402197152,-0.8498761753626608,0.1732633490335678
COVID-19,0,4,42,190,Real only,268,66,0.25,0.24242424242424243,LogisticRegression,0.6051057040287195,0.34782608695652173,0.5714285714285714,0.25,0.595,0.45182792796665705,0.6675000000000001,0.17271453007365412,-0.40047192396415476,0.6559657196362774
COVID-19,0,4,42,190,Real only,268,66,0.25,0.24242424242424243,RandomForest,0.43103448275862066,0.0,0.0,0.0,0.5,0.2759326915652873,0.55375,0.18436911280324444,-0.49799205728188656,0.5910293319971766
COVID-19,0,4,42,190,Real only,268,66,0.25,0.24242424242424243,CatBoost,0.4818691588785047,0.16,0.2222222222222222,0.125,0.4925,0.32724135189136194,0.56375,0.20427890345676866,-0.901685326630634,0.17094019202016003
COVID-19,0,4,42,190,Class weighting,268,66,0.25,0.24242424242424243,LogisticRegression,0.5448275862068965,0.4,0.3103448275862069,0.5625,0.58125,0.4677731074717336,0.66625,0.229535458086426,-1.1152600518150475,0.6121869762495326
COVID-19,0,4,42,190,Class weighting,268,66,0.25,0.24242424242424243,RandomForest,0.4545454545454546,0.18181818181818182,0.17647058823529413,0.1875,0.45375,0.2664539663508624,0.54125,0.21338532581920105,-0.9416658527583739,0.5107884015224
COVID-19,0,4,42,190,Class weighting,268,66,0.25,0.24242424242424243,CatBoost,0.49782608695652175,0.3,0.25,0.375,0.5075000000000001,0.27376178395175466,0.51875,0.24460160653005714,-1.1232437754339002,0.022184011246229075
COVID-19,0,4,42,190,Random oversampling,402,66,0.5,0.24242424242424243,LogisticRegression,0.5568181818181819,0.4090909090909091,0.32142857142857145,0.5625,0.59125,0.5188077842779855,0.72375,0.21677459486745135,-1.082187793743632,0.6788936892602085
COVID-19,0,4,42,190,Random oversampling,402,66,0.5,0.24242424242424243,RandomForest,0.494949494949495,0.24242424242424243,0.23529411764705882,0.25,0.495,0.2857712010368422,0.5675,0.21415860512698082,-0.9358991490256755,0.5568141829653068
COVID-19,0,4,42,190,Random oversampling,402,66,0.5,0.24242424242424243,CatBoost,0.4849939975990396,0.23529411764705882,0.2222222222222222,0.25,0.485,0.2810204286960624,0.5650000000000001,0.2268446957704861,-0.9651277516845705,0.1727849599322519
COVID-19,0,4,42,190,Random undersampling,134,66,0.5,0.24242424242424243,LogisticRegression,0.5416666666666666,0.4166666666666667,0.3125,0.625,0.5925,0.3640337765310883,0.6175,0.3228887026745329,-1.2340291087762953,0.18231969175235854
COVID-19,0,4,42,190,Random undersampling,134,66,0.5,0.24242424242424243,RandomForest,0.4288461538461539,0.3076923076923077,0.2222222222222222,0.5,0.47,0.2832427367680226,0.55125,0.2613459250581243,-1.1806275223643359,0.49549316769021146
COVID-19,0,4,42,190,Random undersampling,134,66,0.5,0.24242424242424243,CatBoost,0.5113446381657512,0.41509433962264153,0.2972972972972973,0.6875,0.58375,0.3532848884180686,0.59625,0.32524261899273066,-1.2323073534706082,0.22895962509188855
COVID-19,0,4,42,190,SMOTE,402,66,0.5,0.24242424242424243,LogisticRegression,0.6647314949201741,0.46153846153846156,0.6,0.375,0.6475,0.4239887879394838,0.6275,0.1831556932513967,-0.7309425706641346,0.4039846420416626
COVID-19,0,4,42,190,SMOTE,402,66,0.5,0.24242424242424243,RandomForest,0.4731494920174166,0.15384615384615385,0.2,0.125,0.4825,0.2639143648060098,0.5225,0.21416748116938952,-1.0217503790696372,0.2404086706601894
COVID-19,0,4,42,190,SMOTE,402,66,0.5,0.24242424242424243,CatBoost,0.49179779042517574,0.20689655172413793,0.23076923076923078,0.1875,0.49375,0.25504265826103834,0.51625,0.23584262338436743,-1.1805550585099847,-0.039922805967055525
COVID-19,0,4,42,190,Standard CTGAN,402,66,0.5,0.24242424242424243,LogisticRegression,0.530583214793741,0.32432432432432434,0.2857142857142857,0.375,0.5375,0.3093794934973975,0.5562499999999999,0.2391495416743175,-1.0998854714199233,0.13997513229920286
COVID-19,0,4,42,190,Standard CTGAN,402,66,0.5,0.24242424242424243,RandomForest,0.47229114971050457,0.2564102564102564,0.21739130434782608,0.3125,0.47625,0.2637763655976207,0.46375,0.24645427267279474,-1.1556992417946406,-0.07768969845363843
COVID-19,0,4,42,190,Standard CTGAN,402,66,0.5,0.24242424242424243,CatBoost,0.48264277715565507,0.2631578947368421,0.22727272727272727,0.3125,0.48625,0.23084173359298954,0.4275,0.285418126738915,-1.2420349136076523,-0.24009806398697434
COVID-19,0,4,42,190,SepAware CTGAN,402,66,0.5,0.24242424242424243,LogisticRegression,0.5931385687483248,0.43902439024390244,0.36,0.5625,0.6212500000000001,0.32888052000810736,0.5775,0.24529193229817137,-1.0816527126857178,0.11135702898048931
COVID-19,0,4,42,190,SepAware CTGAN,402,66,0.5,0.24242424242424243,RandomForest,0.5416666666666666,0.3333333333333333,0.3,0.375,0.5475,0.34867021208539895,0.545,0.23026061427421352,-1.0543263492157227,0.40229026197647244
COVID-19,0,4,42,190,SepAware CTGAN,402,66,0.5,0.24242424242424243,CatBoost,0.5450785773366419,0.358974358974359,0.30434782608695654,0.4375,0.5587500000000001,0.3218303192887253,0.585,0.24574790315763362,-1.0787561456702053,0.1590585187387189
COVID-19,0,4,42,190,Standard TVAE,402,66,0.5,0.24242424242424243,LogisticRegression,0.6792523364485981,0.48,0.6666666666666666,0.375,0.6575,0.5315305352149982,0.7050000000000001,0.1649407154115575,-0.5332554344231145,0.5890488956696657
COVID-19,0,4,42,190,Standard TVAE,402,66,0.5,0.24242424242424243,RandomForest,0.5805607476635514,0.32,0.4444444444444444,0.25,0.575,0.45242808834464604,0.71875,0.172720854205524,-0.3437039043807607,1.2703353619485647
COVID-19,0,4,42,190,Standard TVAE,402,66,0.5,0.24242424242424243,CatBoost,0.611764705882353,0.4,0.42857142857142855,0.375,0.6074999999999999,0.4039950905678979,0.67125,0.1961850282007529,-0.7628014804498748,0.37334283092699166
COVID-19,0,4,42,190,SepAware TVAE,402,66,0.5,0.24242424242424243,LogisticRegression,0.6507936507936507,0.4444444444444444,0.5454545454545454,0.375,0.6375,0.49562436984311986,0.69625,0.1686822460687084,-0.5492536541008115,0.5706222025403147
COVID-19,0,4,42,190,SepAware TVAE,402,66,0.5,0.24242424242424243,RandomForest,0.6435185185185185,0.4166666666666667,0.625,0.3125,0.62625,0.41680445228491736,0.71125,0.17277327907822684,-0.22636839408362985,1.2711530573389682
COVID-19,0,4,42,190,SepAware TVAE,402,66,0.5,0.24242424242424243,CatBoost,0.6042328042328042,0.37037037037037035,0.45454545454545453,0.3125,0.59625,0.3891880785408262,0.6725000000000001,0.1892260458957925,-0.8269198041465271,0.2775699674439337
COVID-19,1,0,43,1042,Real only,267,67,0.250936329588015,0.23880597014925373,LogisticRegression,0.510551948051948,0.18181818181818182,0.3333333333333333,0.125,0.5232843137254901,0.34753311682124544,0.6053921568627451,0.19076755312284877,-0.8118928836817827,0.2789076003483767
COVID-19,1,0,43,1042,Real only,267,67,0.250936329588015,0.23880597014925373,RandomForest,0.4322033898305085,0.0,0.0,0.0,0.5,0.30635969409267055,0.545343137254902,0.18435437458538062,-0.6237669920347539,0.47428828251258137
COVID-19,1,0,43,1042,Real only,267,67,0.250936329588015,0.23880597014925373,CatBoost,0.5820183486238533,0.32,0.4444444444444444,0.25,0.5759803921568627,0.3247697036014843,0.5612745098039216,0.19524136333806957,-0.8233282405699738,0.2763257737165586
COVID-19,1,0,43,1042,Class weighting,267,67,0.250936329588015,0.23880597014925373,LogisticRegression,0.5262626262626262,0.36363636363636365,0.2857142857142857,0.5,0.553921568627451,0.3638613226074943,0.6237745098039216,0.2489998990904668,-1.1212149712690151,0.2649040254729532
COVID-19,1,0,43,1042,Class weighting,267,67,0.250936329588015,0.23880597014925373,RandomForest,0.5062358276643991,0.2777777777777778,0.25,0.3125,0.5091911764705883,0.30365484917852026,0.5306372549019608,0.21964703528705842,-1.0292865712157557,0.3291491295890855
COVID-19,1,0,43,1042,Class weighting,267,67,0.250936329588015,0.23880597014925373,CatBoost,0.5552669552669552,0.34285714285714286,0.3157894736842105,0.375,0.5600490196078431,0.2818401325089774,0.5441176470588235,0.2398035858996297,-1.063980571792397,0.1595451210517921
COVID-19,1,0,43,1042,Random oversampling,400,67,0.5,0.23880597014925373,LogisticRegression,0.5607133490689746,0.3902439024390244,0.32,0.5,0.5833333333333333,0.4054493811381147,0.6446078431372548,0.2402921248771066,-1.106827877188329,0.3232526410239762
COVID-19,1,0,43,1042,Random oversampling,400,67,0.5,0.23880597014925373,RandomForest,0.5165945165945166,0.2857142857142857,0.2631578947368421,0.3125,0.5189950980392157,0.30257446580619496,0.5772058823529411,0.21719069285440934,-0.9899650111853152,0.45388899950602324
COVID-19,1,0,43,1042,Random oversampling,400,67,0.5,0.23880597014925373,CatBoost,0.5778577857785778,0.36363636363636365,0.35294117647058826,0.375,0.579656862745098,0.3091585822273304,0.5992647058823529,0.22133564822770035,-0.959314363067687,0.27820014276395555
COVID-19,1,0,43,1042,Random undersampling,134,67,0.5,0.23880597014925373,LogisticRegression,0.5656662665066027,0.4489795918367347,0.3333333333333333,0.6875,0.6280637254901961,0.47427031761222116,0.6580882352941176,0.2613710018655186,-1.2778058246269757,0.45152727506487894
COVID-19,1,0,43,1042,Random undersampling,134,67,0.5,0.23880597014925373,RandomForest,0.4265101491807288,0.2553191489361702,0.1935483870967742,0.375,0.4424019607843137,0.2456502401889454,0.446078431372549,0.2648971726409052,-1.1624413633157333,-0.16581087517333193
COVID-19,1,0,43,1042,Random undersampling,134,67,0.5,0.23880597014925373,CatBoost,0.48139825218476906,0.3111111111111111,0.2413793103448276,0.4375,0.5030637254901961,0.2342374225703238,0.4473039215686274,0.33610310212174177,-1.1651065284125262,-0.12884957521523233
COVID-19,1,0,43,1042,SMOTE,400,67,0.5,0.23880597014925373,LogisticRegression,0.5593631014191762,0.2962962962962963,0.36363636363636365,0.25,0.5563725490196079,0.3984011386478804,0.6458333333333334,0.18929577022153662,-0.786050672197238,0.4096054652278313
COVID-19,1,0,43,1042,SMOTE,400,67,0.5,0.23880597014925373,RandomForest,0.4416666666666667,0.08333333333333333,0.125,0.0625,0.46262254901960786,0.2674672401225037,0.5379901960784313,0.20607343146603924,-1.0245662002231901,0.20397216639288016
COVID-19,1,0,43,1042,SMOTE,400,67,0.5,0.23880597014925373,CatBoost,0.44166666666666665,0.13333333333333333,0.14285714285714285,0.125,0.44485294117647056,0.272515491109028,0.5674019607843137,0.22751444244878577,-0.9699269835974574,0.17083061039326203
COVID-19,1,0,43,1042,Standard CTGAN,400,67,0.5,0.23880597014925373,LogisticRegression,0.5376537653765376,0.30303030303030304,0.29411764705882354,0.3125,0.5386029411764706,0.3500391968933008,0.5147058823529412,0.23051021632417257,-1.0780767151045336,0.18357750103618983
COVID-19,1,0,43,1042,Standard CTGAN,400,67,0.5,0.23880597014925373,RandomForest,0.49744974497449745,0.24242424242424243,0.23529411764705882,0.25,0.49754901960784315,0.2438101956848182,0.5049019607843137,0.23218039242210636,-1.1670128634608379,-0.022366128134546172
COVID-19,1,0,43,1042,Standard CTGAN,400,67,0.5,0.23880597014925373,CatBoost,0.48764705882352943,0.23529411764705882,0.2222222222222222,0.25,0.4877450980392157,0.22967050826015148,0.43995098039215685,0.25295808058465247,-1.218244322937739,-0.08468298077407647
COVID-19,1,0,43,1042,SepAware CTGAN,400,67,0.5,0.23880597014925373,LogisticRegression,0.4779220779220779,0.22857142857142856,0.21052631578947367,0.25,0.47794117647058826,0.25025958529433795,0.48284313725490197,0.26634216761818796,-1.1898915759589237,-0.05902465112907224
COVID-19,1,0,43,1042,SepAware CTGAN,400,67,0.5,0.23880597014925373,RandomForest,0.44823529411764707,0.17647058823529413,0.16666666666666666,0.1875,0.44669117647058826,0.2251091241712247,0.4681372549019608,0.24130343455213327,-1.242442155378012,-0.21169150605562337
COVID-19,1,0,43,1042,SepAware CTGAN,400,67,0.5,0.23880597014925373,CatBoost,0.5552669552669552,0.34285714285714286,0.3157894736842105,0.375,0.5600490196078431,0.27237119500075585,0.4987745098039216,0.2553294890593059,-1.1330473188696615,0.037217580396808024
COVID-19,1,0,43,1042,Standard TVAE,400,67,0.5,0.23880597014925373,LogisticRegression,0.5227920227920227,0.23076923076923078,0.3,0.1875,0.5251225490196079,0.4081086940034771,0.6372549019607844,0.19618924928735693,-0.7774303171129346,0.34910181892255376
COVID-19,1,0,43,1042,Standard TVAE,400,67,0.5,0.23880597014925373,RandomForest,0.4224137931034483,0.0,0.0,0.0,0.4803921568627451,0.21694770039025482,0.4509803921568628,0.19875495574779117,-1.205610256120376,-0.04778049094098889
COVID-19,1,0,43,1042,Standard TVAE,400,67,0.5,0.23880597014925373,CatBoost,0.3853211009174312,0.0,0.0,0.0,0.4117647058823529,0.22729649661758095,0.48651960784313725,0.2415393170632248,-1.1442193537032448,0.010449853194549802
COVID-19,1,0,43,1042,SepAware TVAE,400,67,0.5,0.23880597014925373,LogisticRegression,0.5328440366972478,0.24,0.3333333333333333,0.1875,0.5349264705882353,0.4070402175238164,0.6384803921568627,0.1957568844979962,-0.7738550405846422,0.35489113612630824
COVID-19,1,0,43,1042,SepAware TVAE,400,67,0.5,0.23880597014925373,RandomForest,0.41739130434782606,0.0,0.0,0.0,0.47058823529411764,0.22129842808473893,0.46568627450980393,0.2014262134355951,-1.1395276707309365,0.02000636391996149
COVID-19,1,0,43,1042,SepAware TVAE,400,67,0.5,0.23880597014925373,CatBoost,0.4582210242587601,0.14285714285714285,0.16666666666666666,0.125,0.4644607843137255,0.25383129159374335,0.5,0.24026675466416353,-1.0938643354779132,0.05048666976244296
COVID-19,1,1,43,1079,Real only,267,67,0.24719101123595505,0.2537313432835821,LogisticRegression,0.5328440366972478,0.24,0.375,0.17647058823529413,0.538235294117647,0.39108754688686803,0.5188235294117647,0.21292039554448403,-0.7466462610522426,0.20667914141180002
COVID-19,1,1,43,1079,Real only,267,67,0.24719101123595505,0.2537313432835821,RandomForest,0.4224137931034483,0.0,0.0,0.0,0.49,0.26129037511259257,0.5047058823529411,0.20568084224472338,-0.9478496924620649,0.0997119542587615
COVID-19,1,1,43,1079,Real only,267,67,0.24719101123595505,0.2537313432835821,CatBoost,0.4582210242587601,0.14285714285714285,0.18181818181818182,0.11764705882352941,0.4688235294117647,0.3338809901169971,0.5305882352941177,0.25039089663428926,-0.9711104540963503,0.06070464665879907
COVID-19,1,1,43,1079,Class weighting,267,67,0.24719101123595505,0.2537313432835821,LogisticRegression,0.4779220779220779,0.22857142857142856,0.2222222222222222,0.23529411764705882,0.4776470588235294,0.3660678405898915,0.5317647058823529,0.25345217238329615,-0.9745557942503005,0.1890937209945732
COVID-19,1,1,43,1079,Class weighting,267,67,0.24719101123595505,0.2537313432835821,RandomForest,0.46629901960784315,0.1875,0.2,0.17647058823529413,0.4682352941176471,0.25718052610084663,0.5141176470588236,0.22436208920879389,-1.0126922819767152,0.11474939143342593
COVID-19,1,1,43,1079,Class weighting,267,67,0.24719101123595505,0.2537313432835821,CatBoost,0.44823529411764707,0.17647058823529413,0.17647058823529413,0.17647058823529413,0.44823529411764707,0.34698075607002365,0.5141176470588236,0.2741867407612174,-1.020357791355754,0.05020072267559765
COVID-19,1,1,43,1079,Random oversampling,402,67,0.5,0.2537313432835821,LogisticRegression,0.548406862745098,0.3125,0.3333333333333333,0.29411764705882354,0.5470588235294118,0.35960493103931235,0.5658823529411765,0.2317966290459121,-0.9182343363227996,0.2858472562627728
COVID-19,1,1,43,1079,Random oversampling,402,67,0.5,0.2537313432835821,RandomForest,0.44823529411764707,0.17647058823529413,0.17647058823529413,0.17647058823529413,0.44823529411764707,0.2809972467914127,0.5682352941176471,0.22289020272306923,-0.9375548341964871,0.2647018429748418
COVID-19,1,1,43,1079,Random oversampling,402,67,0.5,0.2537313432835821,CatBoost,0.46629901960784315,0.1875,0.2,0.17647058823529413,0.4682352941176471,0.3562497019922719,0.5435294117647058,0.264020805951976,-0.9643266910058668,0.08871785377438071
COVID-19,1,1,43,1079,Random undersampling,132,67,0.5,0.2537313432835821,LogisticRegression,0.4798136645962733,0.2857142857142857,0.24,0.35294117647058826,0.4864705882352941,0.3024644368990679,0.5152941176470588,0.30810505271446037,-1.0695827552159425,0.04120864847628743
COVID-19,1,1,43,1079,Random undersampling,132,67,0.5,0.2537313432835821,RandomForest,0.4585858585858586,0.2727272727272727,0.2222222222222222,0.35294117647058826,0.4664705882352941,0.2639196992685131,0.528235294117647,0.2555731300874258,-1.0664115819192959,0.10128000429227448
COVID-19,1,1,43,1079,Random undersampling,132,67,0.5,0.2537313432835821,CatBoost,0.3909090909090909,0.18181818181818182,0.14814814814814814,0.23529411764705882,0.38764705882352946,0.23925458074094452,0.4647058823529412,0.3329356828337878,-1.1145342748961042,-0.09029345118777929
COVID-19,1,1,43,1079,SMOTE,402,67,0.5,0.2537313432835821,LogisticRegression,0.46629901960784315,0.1875,0.2,0.17647058823529413,0.4682352941176471,0.2499022102048834,0.471764705882353,0.2507923502557072,-1.0895914798257327,-0.008002453628017435
COVID-19,1,1,43,1079,SMOTE,402,67,0.5,0.2537313432835821,RandomForest,0.37962962962962965,0.0,0.0,0.0,0.41,0.22470974259191662,0.4447058823529412,0.2374807824377209,-1.3050056118155333,-0.3122107243777658
COVID-19,1,1,43,1079,SMOTE,402,67,0.5,0.2537313432835821,CatBoost,0.4334481678672095,0.12903225806451613,0.14285714285714285,0.11764705882352941,0.4388235294117647,0.26047679269277146,0.5152941176470588,0.26111441204198044,-1.0640320527375748,0.01107013631157148
COVID-19,1,1,43,1079,Standard CTGAN,402,67,0.5,0.2537313432835821,LogisticRegression,0.5367021276595745,0.35,0.30434782608695654,0.4117647058823529,0.5458823529411765,0.26394734208328646,0.4776470588235294,0.25445141362387297,-1.1216092699367233,-0.10520743082240754
COVID-19,1,1,43,1079,Standard CTGAN,402,67,0.5,0.2537313432835821,RandomForest,0.45862357202563386,0.21621621621621623,0.2,0.23529411764705882,0.4576470588235294,0.29549568476217447,0.5541176470588235,0.22680560686552745,-0.97789780540198,0.3051336342735331
COVID-19,1,1,43,1079,Standard CTGAN,402,67,0.5,0.2537313432835821,CatBoost,0.46825396825396826,0.2222222222222222,0.21052631578947367,0.23529411764705882,0.4676470588235294,0.2864835251370891,0.5129411764705882,0.25324571008625785,-1.0655839738715418,0.0208451101429809
COVID-19,1,1,43,1079,SepAware CTGAN,402,67,0.5,0.2537313432835821,LogisticRegression,0.5062358276643991,0.2777777777777778,0.2631578947368421,0.29411764705882354,0.5070588235294118,0.27407308942231257,0.5058823529411764,0.25413406652352266,-1.04504074096375,0.044627069748287944
COVID-19,1,1,43,1079,SepAware CTGAN,402,67,0.5,0.2537313432835821,RandomForest,0.5062358276643991,0.2777777777777778,0.2631578947368421,0.29411764705882354,0.5070588235294118,0.3297736402707546,0.5505882352941177,0.21879117210462343,-0.9102450344844946,0.3813822410912411
COVID-19,1,1,43,1079,SepAware CTGAN,402,67,0.5,0.2537313432835821,CatBoost,0.5224780701754386,0.3157894736842105,0.2857142857142857,0.35294117647058826,0.5264705882352941,0.341258589388441,0.5611764705882352,0.24089864373398012,-0.9211705898860494,0.1919362898028388
COVID-19,1,1,43,1079,Standard TVAE,402,67,0.5,0.2537313432835821,LogisticRegression,0.48461538461538467,0.2,0.23076923076923078,0.17647058823529413,0.4882352941176471,0.2659460975944182,0.4835294117647059,0.2595057686534548,-1.0657154443821735,0.008340400876395752
COVID-19,1,1,43,1079,Standard TVAE,402,67,0.5,0.2537313432835821,RandomForest,0.49242424242424243,0.16666666666666666,0.2857142857142857,0.11764705882352941,0.5088235294117647,0.2856443847350248,0.5211764705882354,0.2086113473621136,-0.9288284829238647,0.14584366873027452
COVID-19,1,1,43,1079,Standard TVAE,402,67,0.5,0.2537313432835821,CatBoost,0.5379310344827586,0.27586206896551724,0.3333333333333333,0.23529411764705882,0.5376470588235294,0.3377860686026918,0.5588235294117647,0.2405529704868927,-0.8817979253787466,0.12632533695933343
COVID-19,1,1,43,1079,SepAware TVAE,402,67,0.5,0.2537313432835821,LogisticRegression,0.46629901960784315,0.1875,0.2,0.17647058823529413,0.4682352941176471,0.26992151684301685,0.48588235294117643,0.2585268370449623,-1.051402880838309,0.01725728560293354
COVID-19,1,1,43,1079,SepAware TVAE,402,67,0.5,0.2537313432835821,RandomForest,0.45616883116883117,0.09090909090909091,0.2,0.058823529411764705,0.4894117647058824,0.25742438170080617,0.5094117647058823,0.21468872068482123,-1.0598916847721314,0.01717922793282106
COVID-19,1,1,43,1079,SepAware TVAE,402,67,0.5,0.2537313432835821,CatBoost,0.5033692722371967,0.21428571428571427,0.2727272727272727,0.17647058823529413,0.508235294117647,0.3182269088397005,0.5494117647058824,0.2511033319798999,-0.940380347665741,0.07773110488094452
COVID-19,1,2,43,1116,Real only,267,67,0.24719101123595505,0.2537313432835821,LogisticRegression,0.6588327457892675,0.43478260869565216,0.8333333333333334,0.29411764705882354,0.6370588235294118,0.6059121324359661,0.7470588235294117,0.15529497107626278,0.09493633050552502,1.0231264715333828
COVID-19,1,2,43,1116,Real only,267,67,0.24719101123595505,0.2537313432835821,RandomForest,0.42735042735042733,0.0,0.0,0.0,0.5,0.48981904111343266,0.7129411764705882,0.1729041245094296,0.9865035618206981,1.9265143959395674
COVID-19,1,2,43,1116,Real only,267,67,0.24719101123595505,0.2537313432835821,CatBoost,0.5298245614035088,0.2,0.6666666666666666,0.11764705882352941,0.5488235294117647,0.5174081957073605,0.7211764705882353,0.16629172108599463,0.1710663890270583,0.9533826254183136
COVID-19,1,2,43,1116,Class weighting,267,67,0.24719101123595505,0.2537313432835821,LogisticRegression,0.6027667984189724,0.4782608695652174,0.3793103448275862,0.6470588235294118,0.6435294117647059,0.6243429159394447,0.7435294117647059,0.19857945636003588,-1.005889915545194,0.9542550974313424
COVID-19,1,2,43,1116,Class weighting,267,67,0.24719101123595505,0.2537313432835821,RandomForest,0.6013153773880363,0.3870967741935484,0.42857142857142855,0.35294117647058826,0.5964705882352941,0.44562733762499684,0.7094117647058823,0.19397505092269435,-0.522128384961258,1.8961240016457117
COVID-19,1,2,43,1116,Class weighting,267,67,0.24719101123595505,0.2537313432835821,CatBoost,0.6013153773880363,0.3870967741935484,0.42857142857142855,0.35294117647058826,0.5964705882352941,0.4081272355458997,0.7035294117647058,0.183412144371897,-0.5778871140195038,0.7909387620071916
COVID-19,1,2,43,1116,Random oversampling,402,67,0.5,0.2537313432835821,LogisticRegression,0.6309992132179386,0.4878048780487805,0.4166666666666667,0.5882352941176471,0.6541176470588235,0.5386939070432943,0.7458823529411766,0.20430477020081317,-1.0137799373343785,0.8495613079410907
COVID-19,1,2,43,1116,Random oversampling,402,67,0.5,0.2537313432835821,RandomForest,0.6984698469846984,0.5454545454545454,0.5625,0.5294117647058824,0.6947058823529412,0.502481415263821,0.7129411764705882,0.1952076857517585,-0.5868598898505833,1.610020764977346
COVID-19,1,2,43,1116,Random oversampling,402,67,0.5,0.2537313432835821,CatBoost,0.6521287642782969,0.4444444444444444,0.6,0.35294117647058826,0.6364705882352941,0.49754724233001923,0.7011764705882353,0.17826656954424494,-0.48447999913141965,0.7700201881172674
COVID-19,1,2,43,1116,Random undersampling,132,67,0.5,0.2537313432835821,LogisticRegression,0.5726435152374203,0.47058823529411764,0.35294117647058826,0.7058823529411765,0.6329411764705883,0.5703191820951004,0.711764705882353,0.2391320976609801,-1.373516981795401,0.7175976268766399
COVID-19,1,2,43,1116,Random undersampling,132,67,0.5,0.2537313432835821,RandomForest,0.6098299557419053,0.5283018867924528,0.3888888888888889,0.8235294117647058,0.691764705882353,0.4588103268326751,0.7305882352941176,0.23408826428866172,-1.366930798578812,2.0967817416875163
COVID-19,1,2,43,1116,Random undersampling,132,67,0.5,0.2537313432835821,CatBoost,0.5286116322701688,0.4230769230769231,0.3142857142857143,0.6470588235294118,0.5835294117647059,0.46954065114106913,0.6541176470588235,0.255575740971028,-1.1355299363538716,0.4986312315607993
COVID-19,1,2,43,1116,SMOTE,402,67,0.5,0.2537313432835821,LogisticRegression,0.6954545454545454,0.5,0.8571428571428571,0.35294117647058826,0.6664705882352941,0.668971940767868,0.74,0.15713895448308757,-0.21238223055553243,0.8644535724320439
COVID-19,1,2,43,1116,SMOTE,402,67,0.5,0.2537313432835821,RandomForest,0.510551948051948,0.18181818181818182,0.4,0.11764705882352941,0.5288235294117647,0.3692821839636733,0.6788235294117648,0.18895776018858834,-0.3819085731294623,1.4003782363140802
COVID-19,1,2,43,1116,SMOTE,402,67,0.5,0.2537313432835821,CatBoost,0.45616883116883117,0.09090909090909091,0.2,0.058823529411764705,0.4894117647058824,0.34728542134267837,0.6752941176470588,0.1909345344000852,-0.40439852669494525,0.5340683320422319
COVID-19,1,2,43,1116,Standard CTGAN,402,67,0.5,0.2537313432835821,LogisticRegression,0.5821995464852607,0.3888888888888889,0.3684210526315789,0.4117647058823529,0.5858823529411765,0.3547318171871214,0.6176470588235293,0.22340423781409666,-0.9900975805929891,0.3535568037203357
COVID-19,1,2,43,1116,Standard CTGAN,402,67,0.5,0.2537313432835821,RandomForest,0.5705128205128205,0.3333333333333333,0.38461538461538464,0.29411764705882354,0.5670588235294117,0.33072109229839186,0.6388235294117648,0.21158935193028278,-0.7624518826211963,1.1291706458005049
COVID-19,1,2,43,1116,Standard CTGAN,402,67,0.5,0.2537313432835821,CatBoost,0.5664705882352942,0.35294117647058826,0.35294117647058826,0.35294117647058826,0.5664705882352942,0.38653478979746897,0.5988235294117648,0.20882645094986108,-0.807494899766802,0.564557507021947
COVID-19,1,2,43,1116,SepAware CTGAN,402,67,0.5,0.2537313432835821,LogisticRegression,0.6079687935358038,0.43243243243243246,0.4,0.47058823529411764,0.6152941176470588,0.420425202624915,0.7011764705882353,0.19239867184591025,-0.7255276201361786,0.5765679058178267
COVID-19,1,2,43,1116,SepAware CTGAN,402,67,0.5,0.2537313432835821,RandomForest,0.5073529411764706,0.25,0.26666666666666666,0.23529411764705882,0.5076470588235295,0.3053888571019512,0.591764705882353,0.2130404831115378,-0.8426332295228116,0.687685721126445
COVID-19,1,2,43,1116,SepAware CTGAN,402,67,0.5,0.2537313432835821,CatBoost,0.5332961827807189,0.32432432432432434,0.3,0.35294117647058826,0.5364705882352941,0.32299237813781495,0.6223529411764706,0.21485621823760015,-0.7891576201485165,0.4163145105565292
COVID-19,1,2,43,1116,Standard TVAE,402,67,0.5,0.2537313432835821,LogisticRegression,0.7136752136752136,0.5384615384615384,0.7777777777777778,0.4117647058823529,0.6858823529411764,0.6575936667894684,0.7470588235294117,0.15249834516552627,-0.25926816438289274,0.7159738786816501
COVID-19,1,2,43,1116,Standard TVAE,402,67,0.5,0.2537313432835821,RandomForest,0.5431818181818182,0.25,0.42857142857142855,0.17647058823529413,0.548235294117647,0.45956142891606333,0.7070588235294117,0.17601770537552383,-0.30785848591561277,1.0771325281023998
COVID-19,1,2,43,1116,Standard TVAE,402,67,0.5,0.2537313432835821,CatBoost,0.5705128205128205,0.3333333333333333,0.38461538461538464,0.29411764705882354,0.5670588235294117,0.45388730007951616,0.6894117647058823,0.19760599103587964,-0.5440464970825087,0.4225976366933364
COVID-19,1,2,43,1116,SepAware TVAE,402,67,0.5,0.2537313432835821,LogisticRegression,0.7136752136752136,0.5384615384615384,0.7777777777777778,0.4117647058823529,0.6858823529411764,0.6501983170411774,0.7435294117647059,0.15451748635053067,-0.2908582444220622,0.6804267088309855
COVID-19,1,2,43,1116,SepAware TVAE,402,67,0.5,0.2537313432835821,RandomForest,0.5820183486238533,0.32,0.5,0.23529411764705882,0.5776470588235294,0.3947206988778498,0.6799999999999999,0.1824955802591131,-0.4794373348957531,0.7899540162634485
COVID-19,1,2,43,1116,SepAware TVAE,402,67,0.5,0.2537313432835821,CatBoost,0.5593485750078296,0.3225806451612903,0.35714285714285715,0.29411764705882354,0.5570588235294117,0.45407320581696836,0.716470588235294,0.19085587350507635,-0.4998033110984266,0.46279891209349705
COVID-19,1,3,43,1153,Real only,267,67,0.24719101123595505,0.2537313432835821,LogisticRegression,0.5227920227920227,0.23076923076923078,0.3333333333333333,0.17647058823529413,0.528235294117647,0.2928958651898118,0.5047058823529411,0.2258184515144993,-1.0289513734281786,0.03303402517104942
COVID-19,1,3,43,1153,Real only,267,67,0.24719101123595505,0.2537313432835821,RandomForest,0.42735042735042733,0.0,0.0,0.0,0.5,0.2834927019709448,0.5635294117647058,0.1897289960759924,-0.31635271033100876,0.63112271610759
COVID-19,1,3,43,1153,Real only,267,67,0.24719101123595505,0.2537313432835821,CatBoost,0.49242424242424243,0.16666666666666666,0.2857142857142857,0.11764705882352941,0.5088235294117647,0.26144263696830683,0.48823529411764705,0.2354583953622887,-0.9927690547270398,0.05029706379859111
COVID-19,1,3,43,1153,Class weighting,267,67,0.24719101123595505,0.2537313432835821,LogisticRegression,0.49242424242424243,0.3181818181818182,0.25925925925925924,0.4117647058823529,0.5058823529411764,0.32826561967545764,0.5152941176470588,0.2880298121361134,-1.060731686167312,0.03909340898158391
COVID-19,1,3,43,1153,Class weighting,267,67,0.24719101123595505,0.2537313432835821,RandomForest,0.49744974497449745,0.24242424242424243,0.25,0.23529411764705882,0.49764705882352944,0.29632240711794366,0.5729411764705883,0.20904369571504086,-0.8184790967436435,0.5408857624385173
COVID-19,1,3,43,1153,Class weighting,267,67,0.24719101123595505,0.2537313432835821,CatBoost,0.45724572457245727,0.18181818181818182,0.1875,0.17647058823529413,0.4582352941176471,0.2666958101680669,0.5,0.26270216507517075,-1.0448766868962955,0.03164194329597825
COVID-19,1,3,43,1153,Random oversampling,402,67,0.5,0.2537313432835821,LogisticRegression,0.4920518464172169,0.3404255319148936,0.26666666666666666,0.47058823529411764,0.5152941176470589,0.31624637895840113,0.5117647058823529,0.28669051259790745,-1.0614392577285288,0.031825711774009884
COVID-19,1,3,43,1153,Random oversampling,402,67,0.5,0.2537313432835821,RandomForest,0.4754149702474162,0.1935483870967742,0.21428571428571427,0.17647058823529413,0.4782352941176471,0.2870087849281272,0.5576470588235294,0.21154488815267358,-0.8439105808653274,0.4848735132859058
COVID-19,1,3,43,1153,Random oversampling,402,67,0.5,0.2537313432835821,CatBoost,0.44991789819376027,0.13793103448275862,0.16666666666666666,0.11764705882352941,0.45882352941176474,0.2598813039162439,0.4623529411764706,0.2671063634363934,-1.0939158824618866,-0.012042615008316583
COVID-19,1,3,43,1153,Random undersampling,132,67,0.5,0.2537313432835821,LogisticRegression,0.5034584980237153,0.34782608695652173,0.27586206896551724,0.47058823529411764,0.5252941176470588,0.2964268610913253,0.5223529411764706,0.31227199124515803,-1.080734115590578,-0.004783801094951202
COVID-19,1,3,43,1153,Random undersampling,132,67,0.5,0.2537313432835821,RandomForest,0.5365612648221344,0.391304347826087,0.3103448275862069,0.5294117647058824,0.5647058823529412,0.3263126187309636,0.6047058823529412,0.2348362568674042,-1.0222711691521984,0.70123241832521
COVID-19,1,3,43,1153,Random undersampling,132,67,0.5,0.2537313432835821,CatBoost,0.45528455284552843,0.24390243902439024,0.20833333333333334,0.29411764705882354,0.45705882352941174,0.31234054281433055,0.5447058823529412,0.3043554748037093,-1.0544746217937577,0.07453946439008557
COVID-19,1,3,43,1153,SMOTE,402,67,0.5,0.2537313432835821,LogisticRegression,0.5270588235294118,0.29411764705882354,0.29411764705882354,0.29411764705882354,0.5270588235294118,0.3500461561748289,0.5211764705882352,0.24013121239651958,-1.0905479209762665,-0.008094837783320338
COVID-19,1,3,43,1153,SMOTE,402,67,0.5,0.2537313432835821,RandomForest,0.5275641025641026,0.26666666666666666,0.3076923076923077,0.23529411764705882,0.5276470588235294,0.36159836804739365,0.5423529411764706,0.20922448448897557,-0.8688999332286474,0.3592165886446761
COVID-19,1,3,43,1153,SMOTE,402,67,0.5,0.2537313432835821,CatBoost,0.5379310344827586,0.27586206896551724,0.3333333333333333,0.23529411764705882,0.5376470588235294,0.3386344322637157,0.491764705882353,0.226128260803955,-1.0963938885889457,-0.013092387546645956
COVID-19,1,3,43,1153,Standard CTGAN,402,67,0.5,0.2537313432835821,LogisticRegression,0.5034584980237153,0.34782608695652173,0.27586206896551724,0.47058823529411764,0.5252941176470588,0.3250652908264221,0.49529411764705883,0.26509520464511616,-1.081233217027794,-0.012682186053095271
COVID-19,1,3,43,1153,Standard CTGAN,402,67,0.5,0.2537313432835821,RandomForest,0.48764705882352943,0.23529411764705882,0.23529411764705882,0.23529411764705882,0.48764705882352943,0.2785728167833168,0.49058823529411766,0.23393486412182135,-1.1009229162651895,-0.07521806382529837
COVID-19,1,3,43,1153,Standard CTGAN,402,67,0.5,0.2537313432835821,CatBoost,0.5173817726276229,0.25806451612903225,0.2857142857142857,0.23529411764705882,0.5176470588235295,0.23750664840314795,0.39529411764705885,0.2463512814662753,-1.5102193012244014,-0.5823838238371766
COVID-19,1,3,43,1153,SepAware CTGAN,402,67,0.5,0.2537313432835821,LogisticRegression,0.5262626262626262,0.36363636363636365,0.2962962962962963,0.47058823529411764,0.5452941176470588,0.3550728268365946,0.5223529411764706,0.255548605144859,-1.0720642763676738,0.01334178899393715
COVID-19,1,3,43,1153,SepAware CTGAN,402,67,0.5,0.2537313432835821,RandomForest,0.548406862745098,0.3125,0.3333333333333333,0.29411764705882354,0.5470588235294118,0.3885318460914713,0.5329411764705883,0.22008666108398736,-0.9343747611343806,0.3953533593411631
COVID-19,1,3,43,1153,SepAware CTGAN,402,67,0.5,0.2537313432835821,CatBoost,0.5442176870748299,0.3333333333333333,0.3157894736842105,0.35294117647058826,0.5464705882352942,0.3994604185140894,0.5070588235294118,0.2325227653481797,-1.0521249501374421,0.02920649040806132
COVID-19,1,3,43,1153,Standard TVAE,402,67,0.5,0.2537313432835821,LogisticRegression,0.5376537653765376,0.30303030303030304,0.3125,0.29411764705882354,0.5370588235294118,0.3709313857985205,0.5270588235294118,0.23169348243091817,-1.0174442146473581,0.037608330453691115
COVID-19,1,3,43,1153,Standard TVAE,402,67,0.5,0.2537313432835821,RandomForest,0.48366972477064224,0.16,0.25,0.11764705882352941,0.4988235294117647,0.37986886499971073,0.5705882352941176,0.19939675713693236,-0.7062454317058028,0.43867456045283976
COVID-19,1,3,43,1153,Standard TVAE,402,67,0.5,0.2537313432835821,CatBoost,0.5033692722371967,0.21428571428571427,0.2727272727272727,0.17647058823529413,0.508235294117647,0.32883971713630816,0.5458823529411764,0.23904697943275913,-0.9610395782584604,0.0764170797475145
COVID-19,1,3,43,1153,SepAware TVAE,402,67,0.5,0.2537313432835821,LogisticRegression,0.548406862745098,0.3125,0.3333333333333333,0.29411764705882354,0.5470588235294118,0.4034159699083433,0.5152941176470589,0.23652384223566336,-1.0361871123937125,0.02648501426912991
COVID-19,1,3,43,1153,SepAware TVAE,402,67,0.5,0.2537313432835821,RandomForest,0.49242424242424243,0.16666666666666666,0.2857142857142857,0.11764705882352941,0.5088235294117647,0.33519494038299424,0.5623529411764705,0.2045603481857141,-0.7991712805496035,0.3292759472236941
COVID-19,1,3,43,1153,SepAware TVAE,402,67,0.5,0.2537313432835821,CatBoost,0.5033692722371967,0.21428571428571427,0.2727272727272727,0.17647058823529413,0.508235294117647,0.27510235684424417,0.49411764705882355,0.24964017327047694,-1.096061596159685,-0.011503765763225107
COVID-19,1,4,43,1190,Real only,268,66,0.25,0.24242424242424243,LogisticRegression,0.531214953271028,0.24,0.3333333333333333,0.1875,0.53375,0.3249235920455448,0.60125,0.20995835888332592,-0.9062556611284278,0.241027972346669
COVID-19,1,4,43,1190,Real only,268,66,0.25,0.24242424242424243,RandomForest,0.43103448275862066,0.0,0.0,0.0,0.5,0.2598429341975491,0.51125,0.1957048188785378,-0.9836858073592151,0.14154286800084162
COVID-19,1,4,43,1190,Real only,268,66,0.25,0.24242424242424243,CatBoost,0.5111111111111111,0.2222222222222222,0.2727272727272727,0.1875,0.5137499999999999,0.3051690541573635,0.54625,0.21259903650443954,-0.9603940755277821,0.11567855262413256
COVID-19,1,4,43,1190,Class weighting,268,66,0.25,0.24242424242424243,LogisticRegression,0.49692648143594786,0.3673469387755102,0.2727272727272727,0.5625,0.54125,0.33247659507827104,0.6075,0.2793161019684822,-1.1644260835634541,0.23184518052314124
COVID-19,1,4,43,1190,Class weighting,268,66,0.25,0.24242424242424243,RandomForest,0.48264277715565507,0.2631578947368421,0.22727272727272727,0.3125,0.48625,0.23603954156751883,0.44500000000000006,0.24379342425839443,-1.159334155274173,-0.053782619296852005
COVID-19,1,4,43,1190,Class weighting,268,66,0.25,0.24242424242424243,CatBoost,0.524609843937575,0.29411764705882354,0.2777777777777778,0.3125,0.52625,0.25756670119236413,0.49124999999999996,0.2655993293878533,-1.1377680079107175,0.0016698879465380121
COVID-19,1,4,43,1190,Random oversampling,402,66,0.5,0.24242424242424243,LogisticRegression,0.5293828374723384,0.40816326530612246,0.30303030303030304,0.625,0.5825,0.33602518824702576,0.6187499999999999,0.2718499835796966,-1.1827943409370543,0.2927149263631767
COVID-19,1,4,43,1190,Random oversampling,402,66,0.5,0.24242424242424243,RandomForest,0.4930298719772404,0.2702702702702703,0.23809523809523808,0.3125,0.49625,0.2546644718958962,0.48624999999999996,0.2416384347945021,-1.1121879635949723,0.07570098564454862
COVID-19,1,4,43,1190,Random oversampling,402,66,0.5,0.24242424242424243,CatBoost,0.4849939975990396,0.23529411764705882,0.2222222222222222,0.25,0.485,0.28448094981398175,0.5049999999999999,0.26138853925661837,-1.1108257767129204,0.02445624976890053
COVID-19,1,4,43,1190,Random undersampling,134,66,0.5,0.24242424242424243,LogisticRegression,0.4848780487804878,0.36,0.2647058823529412,0.5625,0.53125,0.2746883478082206,0.5375,0.29945066209106364,-1.1533180558054008,0.12043170980621412
COVID-19,1,4,43,1190,Random undersampling,134,66,0.5,0.24242424242424243,RandomForest,0.4107142857142857,0.32142857142857145,0.225,0.5625,0.47125,0.21468333681554871,0.43125,0.26797064457457587,-1.1406182275428869,-0.031885975908642054
COVID-19,1,4,43,1190,Random undersampling,134,66,0.5,0.24242424242424243,CatBoost,0.42177722152690866,0.2553191489361702,0.1935483870967742,0.375,0.4375,0.23232155409473182,0.47000000000000003,0.3183524702533653,-1.1607345468786667,-0.052896126389211956
COVID-19,1,4,43,1190,SMOTE,402,66,0.5,0.24242424242424243,LogisticRegression,0.494949494949495,0.24242424242424243,0.23529411764705882,0.25,0.495,0.3182985802594569,0.5800000000000001,0.2317578437671545,-1.0002875743861248,0.207577624057854
COVID-19,1,4,43,1190,SMOTE,402,66,0.5,0.24242424242424243,RandomForest,0.44537815126050423,0.17647058823529413,0.16666666666666666,0.1875,0.44375,0.29146627292708005,0.44875,0.23694315271718985,-1.1766558812989716,-0.078319478577942
COVID-19,1,4,43,1190,SMOTE,402,66,0.5,0.24242424242424243,CatBoost,0.5151708719259023,0.25806451612903225,0.26666666666666666,0.25,0.515,0.2508942073833118,0.49375,0.25747200130123316,-1.185614786896007,-0.039671885317869936
COVID-19,1,4,43,1190,Standard CTGAN,402,66,0.5,0.24242424242424243,LogisticRegression,0.5809523809523809,0.42857142857142855,0.34615384615384615,0.5625,0.6112500000000001,0.3516616149057784,0.58375,0.27224906771997637,-1.1316060867633218,0.22135711663041047
COVID-19,1,4,43,1190,Standard CTGAN,402,66,0.5,0.24242424242424243,RandomForest,0.5111111111111111,0.3333333333333333,0.2692307692307692,0.4375,0.52875,0.29520300182244497,0.56,0.24025995122289964,-1.090252823451598,0.21314727936126068
COVID-19,1,4,43,1190,Standard CTGAN,402,66,0.5,0.24242424242424243,CatBoost,0.5460317460317461,0.38095238095238093,0.3076923076923077,0.5,0.5700000000000001,0.37076321692366787,0.5875,0.25047906528632935,-1.0550342727805762,0.1843336024500122
COVID-19,1,4,43,1190,SepAware CTGAN,402,66,0.5,0.24242424242424243,LogisticRegression,0.46195652173913043,0.25,0.20833333333333334,0.3125,0.46625,0.3161550840393209,0.5387500000000001,0.2847020956388278,-1.095282514300174,0.102735073829614
COVID-19,1,4,43,1190,SepAware CTGAN,402,66,0.5,0.24242424242424243,RandomForest,0.4849939975990396,0.23529411764705882,0.2222222222222222,0.25,0.485,0.30253968288444666,0.55375,0.2412337240729595,-1.0888537043001965,0.14333084780059965
COVID-19,1,4,43,1190,SepAware CTGAN,402,66,0.5,0.24242424242424243,CatBoost,0.6056899004267425,0.43243243243243246,0.38095238095238093,0.5,0.62,0.31356119524617865,0.5700000000000001,0.25352777796525583,-1.045949080222895,0.10963377125083064
COVID-19,1,4,43,1190,Standard TVAE,402,66,0.5,0.24242424242424243,LogisticRegression,0.505,0.25,0.25,0.25,0.505,0.3226788319516143,0.6,0.2418126722380852,-1.0060121155763508,0.18903396012270388
COVID-19,1,4,43,1190,Standard TVAE,402,66,0.5,0.24242424242424243,RandomForest,0.4907407407407407,0.16666666666666666,0.25,0.125,0.5025,0.26538287358316137,0.51625,0.21377738574847102,-1.0721803035543434,0.08259996852844576
COVID-19,1,4,43,1190,Standard TVAE,402,66,0.5,0.24242424242424243,CatBoost,0.4849939975990396,0.23529411764705882,0.2222222222222222,0.25,0.485,0.2775471657810908,0.5475,0.2547016646297214,-1.0529606801564182,0.06798214331292002
COVID-19,1,4,43,1190,SepAware TVAE,402,66,0.5,0.24242424242424243,LogisticRegression,0.505,0.25,0.25,0.25,0.505,0.32234187411761883,0.6074999999999999,0.241422377740901,-0.9969952196217053,0.19581977037923146
COVID-19,1,4,43,1190,SepAware TVAE,402,66,0.5,0.24242424242424243,RandomForest,0.40540540540540543,0.0,0.0,0.0,0.45,0.2420614978546315,0.48999999999999994,0.21510362662212354,-1.1646501508939058,-0.028447825240304037
COVID-19,1,4,43,1190,SepAware TVAE,402,66,0.5,0.24242424242424243,CatBoost,0.5254901960784314,0.26666666666666666,0.2857142857142857,0.25,0.525,0.2731178629112119,0.5387500000000001,0.24268242102184162,-1.0324268160455148,0.07956877084051854
COVID-19,2,0,44,2042,Real only,267,67,0.250936329588015,0.23880597014925373,LogisticRegression,0.37962962962962965,0.0,0.0,0.0,0.4019607843137255,0.19299716953431176,0.37745098039215685,0.25446940516856437,-1.3924425420935889,-0.1331092625525869
COVID-19,2,0,44,2042,Real only,267,67,0.250936329588015,0.23880597014925373,RandomForest,0.4322033898305085,0.0,0.0,0.0,0.5,0.21181369325785893,0.43504901960784315,0.2026158850435677,-1.4966120241449734,-0.3120777515167523
COVID-19,2,0,44,2042,Real only,267,67,0.250936329588015,0.23880597014925373,CatBoost,0.4344954128440367,0.08,0.1111111111111111,0.0625,0.4528186274509804,0.24439284335614667,0.5,0.22632844225814236,-1.1553350331047356,0.002240579938034849
COVID-19,2,0,44,2042,Class weighting,267,67,0.250936329588015,0.23880597014925373,LogisticRegression,0.34756554307116105,0.13333333333333333,0.10344827586206896,0.1875,0.3388480392156863,0.19488746624307063,0.3823529411764706,0.3269722297364978,-1.2465196267155696,-0.11856313377927814
COVID-19,2,0,44,2042,Class weighting,267,67,0.250936329588015,0.23880597014925373,RandomForest,0.4392496392496392,0.17142857142857143,0.15789473684210525,0.1875,0.4368872549019608,0.2178018682486465,0.4509803921568627,0.23885500733100062,-1.2461997214488512,-0.24539612731725416
COVID-19,2,0,44,2042,Class weighting,267,67,0.250936329588015,0.23880597014925373,CatBoost,0.45724572457245727,0.18181818181818182,0.17647058823529413,0.1875,0.4564950980392157,0.21968827067843658,0.46568627450980393,0.261827189089833,-1.1896147813438829,-0.029867359552976792
COVID-19,2,0,44,2042,Random oversampling,400,67,0.5,0.23880597014925373,LogisticRegression,0.37577639751552794,0.14285714285714285,0.11538461538461539,0.1875,0.36825980392156865,0.19321992392655246,0.37745098039215685,0.33707260446975956,-1.2632283634673953,-0.11478462982302919
COVID-19,2,0,44,2042,Random oversampling,400,67,0.5,0.23880597014925373,RandomForest,0.44823529411764707,0.17647058823529413,0.16666666666666666,0.1875,0.44669117647058826,0.22544101118304855,0.46568627450980393,0.23719758573691066,-1.24039832557718,-0.18636157421115396
COVID-19,2,0,44,2042,Random oversampling,400,67,0.5,0.23880597014925373,CatBoost,0.48461538461538467,0.2,0.21428571428571427,0.1875,0.48590686274509803,0.2362567052650697,0.4950980392156863,0.24094844428749398,-1.1297742221410283,0.02404659624494669
COVID-19,2,0,44,2042,Random undersampling,134,67,0.5,0.23880597014925373,LogisticRegression,0.40480192076830734,0.24489795918367346,0.18181818181818182,0.375,0.4227941176470588,0.18446951827125257,0.33333333333333337,0.35617015227931165,-1.3465151623948284,-0.45435999270554195
COVID-19,2,0,44,2042,Random undersampling,134,67,0.5,0.23880597014925373,RandomForest,0.4369747899159664,0.2857142857142857,0.21212121212121213,0.4375,0.4638480392156863,0.21876250093008698,0.44362745098039214,0.2639664400276445,-1.183585572223337,-0.43458272664918535
COVID-19,2,0,44,2042,Random undersampling,134,67,0.5,0.23880597014925373,CatBoost,0.4798136645962733,0.2857142857142857,0.23076923076923078,0.375,0.49142156862745096,0.2352340046416456,0.47181372549019607,0.29343222482560966,-1.1818352870733617,-0.061318287700013435
COVID-19,2,0,44,2042,SMOTE,400,67,0.5,0.23880597014925373,LogisticRegression,0.3619047619047619,0.0,0.0,0.0,0.37254901960784315,0.20333480377299942,0.4142156862745098,0.26418166035454543,-1.287504985908926,-0.09035550788045009
COVID-19,2,0,44,2042,SMOTE,400,67,0.5,0.23880597014925373,RandomForest,0.49744974497449745,0.24242424242424243,0.23529411764705882,0.25,0.49754901960784315,0.2518506475702638,0.5061274509803922,0.23039433346853413,-1.192234976605915,-0.07481390438759683
COVID-19,2,0,44,2042,SMOTE,400,67,0.5,0.23880597014925373,CatBoost,0.5073529411764706,0.25,0.25,0.25,0.5073529411764706,0.25190330146027307,0.536764705882353,0.230342840956553,-1.0738860401334567,0.06892128995386315
COVID-19,2,0,44,2042,Standard CTGAN,400,67,0.5,0.23880597014925373,LogisticRegression,0.5144927536231884,0.3333333333333333,0.2692307692307692,0.4375,0.5324754901960784,0.24092377674785204,0.46200980392156865,0.28336202624366286,-1.1829850278562226,-0.12601592802629463
COVID-19,2,0,44,2042,Standard CTGAN,400,67,0.5,0.23880597014925373,RandomForest,0.45928099779897286,0.2978723404255319,0.22580645161290322,0.4375,0.4834558823529412,0.27945517671865355,0.4852941176470588,0.2705221404566832,-1.1733300793538164,-0.12714963234669782
COVID-19,2,0,44,2042,Standard CTGAN,400,67,0.5,0.23880597014925373,CatBoost,0.5376948632762586,0.37209302325581395,0.2962962962962963,0.5,0.5637254901960784,0.3612632683838466,0.5245098039215687,0.27423629683125617,-1.1593833391914323,-0.0004485894043942904
COVID-19,2,0,44,2042,SepAware CTGAN,400,67,0.5,0.23880597014925373,LogisticRegression,0.4349603884487605,0.23255813953488372,0.18518518518518517,0.3125,0.44056372549019607,0.22953604468463112,0.45588235294117646,0.3114262731108043,-1.191059305128592,-0.06852294870519414
COVID-19,2,0,44,2042,SepAware CTGAN,400,67,0.5,0.23880597014925373,RandomForest,0.49242424242424243,0.3181818181818182,0.25,0.4375,0.5128676470588236,0.2787407629937873,0.5269607843137256,0.2565267920471307,-1.1490513616919873,0.05286348587268663
COVID-19,2,0,44,2042,SepAware CTGAN,400,67,0.5,0.23880597014925373,CatBoost,0.5255704169944926,0.34146341463414637,0.28,0.4375,0.5422794117647058,0.3321977723600668,0.5551470588235294,0.2644756232177595,-1.10025502013202,0.10288428541709152
COVID-19,2,0,44,2042,Standard TVAE,400,67,0.5,0.23880597014925373,LogisticRegression,0.3557692307692308,0.0,0.0,0.0,0.3627450980392157,0.1940579287310083,0.3799019607843137,0.2947736774989762,-1.3464638803127906,-0.11616843475851477
COVID-19,2,0,44,2042,Standard TVAE,400,67,0.5,0.23880597014925373,RandomForest,0.46629901960784315,0.1875,0.1875,0.1875,0.46629901960784315,0.26548647053561775,0.5220588235294118,0.2270311260056313,-1.1449010511516136,0.02390188818233227
COVID-19,2,0,44,2042,Standard TVAE,400,67,0.5,0.23880597014925373,CatBoost,0.46629901960784315,0.1875,0.1875,0.1875,0.46629901960784315,0.24439220365690953,0.5134803921568627,0.2410869659529168,-1.0816760018920069,0.06060998540349816
COVID-19,2,0,44,2042,SepAware TVAE,400,67,0.5,0.23880597014925373,LogisticRegression,0.3431372549019608,0.0,0.0,0.0,0.3431372549019608,0.19621764435238226,0.3884803921568627,0.30097878894666796,-1.350679216628667,-0.11868577413233056
COVID-19,2,0,44,2042,SepAware TVAE,400,67,0.5,0.23880597014925373,RandomForest,0.46659743856005537,0.14814814814814814,0.18181818181818182,0.125,0.4742647058823529,0.26189770316677374,0.5343137254901961,0.2235796129987179,-1.1464833402963919,0.019119321093445354
COVID-19,2,0,44,2042,SepAware TVAE,400,67,0.5,0.23880597014925373,CatBoost,0.44166666666666665,0.13333333333333333,0.14285714285714285,0.125,0.44485294117647056,0.2659359732947245,0.5661764705882353,0.24410063672298665,-1.0497773681903677,0.08497624325370312
COVID-19,2,1,44,2079,Real only,267,67,0.24719101123595505,0.2537313432835821,LogisticRegression,0.6193181818181819,0.36363636363636365,0.8,0.23529411764705882,0.6076470588235294,0.47055621606092174,0.6458823529411765,0.17877811951210923,-0.36937967881968453,0.5503275134040797
COVID-19,2,1,44,2079,Real only,267,67,0.24719101123595505,0.2537313432835821,RandomForest,0.42735042735042733,0.0,0.0,0.0,0.5,0.474328809198995,0.6976470588235294,0.17274975867815648,0.8255701562891167,1.6697058457376723
COVID-19,2,1,44,2079,Real only,267,67,0.24719101123595505,0.2537313432835821,CatBoost,0.47871853546910753,0.10526315789473684,0.5,0.058823529411764705,0.5194117647058824,0.38381651439116343,0.6188235294117647,0.18689599797891593,-0.2728742831631955,0.5349126579389608
COVID-19,2,1,44,2079,Class weighting,267,67,0.24719101123595505,0.2537313432835821,LogisticRegression,0.5840755735492578,0.41025641025641024,0.36363636363636365,0.47058823529411764,0.5952941176470588,0.47369638922314,0.6623529411764706,0.21445347940275414,-0.9596226752361777,0.5164018110186861
COVID-19,2,1,44,2079,Class weighting,267,67,0.24719101123595505,0.2537313432835821,RandomForest,0.5485175202156334,0.2857142857142857,0.36363636363636365,0.23529411764705882,0.5476470588235294,0.42616963249830053,0.7023529411764706,0.19139871738744543,-0.4885936161943016,1.5116295773471469
COVID-19,2,1,44,2079,Class weighting,267,67,0.24719101123595505,0.2537313432835821,CatBoost,0.6305147058823529,0.4375,0.4666666666666667,0.4117647058823529,0.6258823529411764,0.47924899685805633,0.6305882352941177,0.1974815403181081,-0.7259680467888693,0.4034676623555276
COVID-19,2,1,44,2079,Random oversampling,402,67,0.5,0.2537313432835821,LogisticRegression,0.5958562811434566,0.43902439024390244,0.375,0.5294117647058824,0.6147058823529412,0.4871284788961937,0.6799999999999999,0.21912553192135828,-0.9765151663408957,0.5047043173253698
COVID-19,2,1,44,2079,Random oversampling,402,67,0.5,0.2537313432835821,RandomForest,0.5894607843137255,0.375,0.4,0.35294117647058826,0.5864705882352941,0.44471784976520234,0.6694117647058824,0.19840850207962804,-0.7070466136621537,1.1073425711984959
COVID-19,2,1,44,2079,Random oversampling,402,67,0.5,0.2537313432835821,CatBoost,0.5778577857785778,0.36363636363636365,0.375,0.35294117647058826,0.5764705882352942,0.3797905037426211,0.6047058823529412,0.21258412843380525,-0.7772063925911639,0.31410759981951203
COVID-19,2,1,44,2079,Random undersampling,132,67,0.5,0.2537313432835821,LogisticRegression,0.5592105263157895,0.3684210526315789,0.3333333333333333,0.4117647058823529,0.5658823529411765,0.39197147576928026,0.5705882352941176,0.2410542527291589,-1.025673352088085,0.2584480233846888
COVID-19,2,1,44,2079,Random undersampling,132,67,0.5,0.2537313432835821,RandomForest,0.5367021276595745,0.35,0.30434782608695654,0.4117647058823529,0.5458823529411765,0.3652257941592565,0.6,0.2329359431260503,-1.020184631171367,1.161881960432894
COVID-19,2,1,44,2079,Random undersampling,132,67,0.5,0.2537313432835821,CatBoost,0.5723404255319149,0.4,0.34782608695652173,0.47058823529411764,0.5852941176470587,0.3782538787179256,0.5847058823529412,0.23516960516448995,-1.0008519841811192,0.28324915153427976
COVID-19,2,1,44,2079,SMOTE,402,67,0.5,0.2537313432835821,LogisticRegression,0.5936657681940701,0.35714285714285715,0.45454545454545453,0.29411764705882354,0.5870588235294117,0.47216770016266335,0.6058823529411764,0.19430483940363047,-0.8089452204555613,0.2789340047255869
COVID-19,2,1,44,2079,SMOTE,402,67,0.5,0.2537313432835821,RandomForest,0.5275641025641026,0.26666666666666666,0.3076923076923077,0.23529411764705882,0.5276470588235294,0.3354625286790044,0.5694117647058823,0.20926529115400405,-0.8415554130975038,0.4561772882342911
COVID-19,2,1,44,2079,SMOTE,402,67,0.5,0.2537313432835821,CatBoost,0.4939244663382594,0.20689655172413793,0.25,0.17647058823529413,0.49823529411764705,0.3625295350966017,0.5705882352941176,0.20536053541247698,-0.8093533677015758,0.21533311615838824
COVID-19,2,1,44,2079,Standard CTGAN,402,67,0.5,0.2537313432835821,LogisticRegression,0.5442176870748299,0.3333333333333333,0.3157894736842105,0.35294117647058826,0.5464705882352942,0.31704616509843275,0.5447058823529412,0.24217835795363996,-1.0329563463021059,0.18941795769247669
COVID-19,2,1,44,2079,Standard CTGAN,402,67,0.5,0.2537313432835821,RandomForest,0.5173817726276229,0.25806451612903225,0.2857142857142857,0.23529411764705882,0.5176470588235295,0.3428329494576603,0.5105882352941176,0.22402687408845448,-1.0097005460210495,0.2245118735317411
COVID-19,2,1,44,2079,Standard CTGAN,402,67,0.5,0.2537313432835821,CatBoost,0.5442176870748299,0.3333333333333333,0.3157894736842105,0.35294117647058826,0.5464705882352942,0.35419346846453903,0.5129411764705882,0.2278641379197661,-1.0497392601654405,0.04883258036055523
COVID-19,2,1,44,2079,SepAware CTGAN,402,67,0.5,0.2537313432835821,LogisticRegression,0.5144927536231884,0.3333333333333333,0.28,0.4117647058823529,0.5258823529411765,0.4004060170279685,0.5647058823529412,0.24283364723907402,-1.0039000152646917,0.24880989310974067
COVID-19,2,1,44,2079,SepAware CTGAN,402,67,0.5,0.2537313432835821,RandomForest,0.5332961827807189,0.32432432432432434,0.3,0.35294117647058826,0.5364705882352941,0.35173763803625446,0.5364705882352941,0.23244079829652714,-1.0003621298549292,0.2770518128401249
COVID-19,2,1,44,2079,SepAware CTGAN,402,67,0.5,0.2537313432835821,CatBoost,0.5821995464852607,0.3888888888888889,0.3684210526315789,0.4117647058823529,0.5858823529411765,0.36727536523059945,0.5105882352941176,0.24409575723443194,-0.9972791832070754,0.15052044680266077
COVID-19,2,1,44,2079,Standard TVAE,402,67,0.5,0.2537313432835821,LogisticRegression,0.6182336182336182,0.38461538461538464,0.5555555555555556,0.29411764705882354,0.6070588235294118,0.5570311389713619,0.6929411764705882,0.17002579930607647,-0.6268298026893371,0.40206143756962326
COVID-19,2,1,44,2079,Standard TVAE,402,67,0.5,0.2537313432835821,RandomForest,0.47105263157894733,0.1,0.3333333333333333,0.058823529411764705,0.5094117647058823,0.41848448875649413,0.6952941176470588,0.18221461012667198,-0.2834331983952895,0.8948454404255116
COVID-19,2,1,44,2079,Standard TVAE,402,67,0.5,0.2537313432835821,CatBoost,0.5431818181818182,0.25,0.42857142857142855,0.17647058823529413,0.548235294117647,0.4436886401997359,0.66,0.18667767225162485,-0.4611652253714677,0.44404208482330204
COVID-19,2,1,44,2079,SepAware TVAE,402,67,0.5,0.2537313432835821,LogisticRegression,0.6182336182336182,0.38461538461538464,0.5555555555555556,0.29411764705882354,0.6070588235294118,0.5631385085556119,0.7,0.1692755889638513,-0.6006508623707443,0.41868919894148504
COVID-19,2,1,44,2079,SepAware TVAE,402,67,0.5,0.2537313432835821,RandomForest,0.47871853546910753,0.10526315789473684,0.5,0.058823529411764705,0.5194117647058824,0.364188025590394,0.6270588235294117,0.18484463236176454,-0.29227574854331567,0.776341861290689
COVID-19,2,1,44,2079,SepAware TVAE,402,67,0.5,0.2537313432835821,CatBoost,0.5200168563000421,0.19047619047619047,0.5,0.11764705882352941,0.5388235294117647,0.43980755575596825,0.6552941176470588,0.1892464254596212,-0.319151636715321,0.4652894332320666
COVID-19,2,2,44,2116,Real only,267,67,0.24719101123595505,0.2537313432835821,LogisticRegression,0.5431818181818182,0.25,0.42857142857142855,0.17647058823529413,0.548235294117647,0.3757704165282509,0.6152941176470588,0.18998353423441824,-0.7802273511028461,0.22372923016792715
COVID-19,2,2,44,2116,Real only,267,67,0.24719101123595505,0.2537313432835821,RandomForest,0.42735042735042733,0.0,0.0,0.0,0.5,0.29337134975042084,0.5611764705882353,0.19192445946618195,-0.6141190235868471,0.4542685797955192
COVID-19,2,2,44,2116,Real only,267,67,0.24719101123595505,0.2537313432835821,CatBoost,0.5705128205128205,0.3076923076923077,0.4444444444444444,0.23529411764705882,0.5676470588235294,0.3245943856723016,0.5388235294117647,0.20960409676668185,-0.9142588889435647,0.1376715459732554
COVID-19,2,2,44,2116,Class weighting,267,67,0.24719101123595505,0.2537313432835821,LogisticRegression,0.5455426356589147,0.4166666666666667,0.3225806451612903,0.5882352941176471,0.5841176470588235,0.38869562511884514,0.6411764705882352,0.2439385930686876,-1.0212218698618005,0.2352529055622557
COVID-19,2,2,44,2116,Class weighting,267,67,0.24719101123595505,0.2537313432835821,RandomForest,0.5332961827807189,0.32432432432432434,0.3,0.35294117647058826,0.5364705882352941,0.2848844567191532,0.5247058823529411,0.228838453191627,-0.9987998105012847,0.26002169023833754
COVID-19,2,2,44,2116,Class weighting,267,67,0.24719101123595505,0.2537313432835821,CatBoost,0.5958562811434566,0.43902439024390244,0.375,0.5294117647058824,0.6147058823529412,0.3671056697691854,0.5776470588235294,0.23453074157619028,-0.9923282282381871,0.12290485795548695
COVID-19,2,2,44,2116,Random oversampling,402,67,0.5,0.2537313432835821,LogisticRegression,0.5780038759689923,0.4583333333333333,0.3548387096774194,0.6470588235294118,0.6235294117647059,0.3684933708316666,0.6341176470588235,0.24195146415558733,-1.0066603803546874,0.24253114831722694
COVID-19,2,2,44,2116,Random oversampling,402,67,0.5,0.2537313432835821,RandomForest,0.5592105263157895,0.3684210526315789,0.3333333333333333,0.4117647058823529,0.5658823529411765,0.3080986560660099,0.5729411764705883,0.22546363286500418,-0.9578404676204314,0.37820018601494976
COVID-19,2,2,44,2116,Random oversampling,402,67,0.5,0.2537313432835821,CatBoost,0.4302721088435374,0.16666666666666666,0.15789473684210525,0.17647058823529413,0.4282352941176471,0.32114324792169235,0.4788235294117647,0.2548285801052294,-1.0861640585716765,-0.008048612255987114
COVID-19,2,2,44,2116,Random undersampling,132,67,0.5,0.2537313432835821,LogisticRegression,0.5093314434207418,0.39215686274509803,0.29411764705882354,0.5882352941176471,0.5541176470588236,0.3850725166261346,0.5694117647058823,0.27956326191814734,-1.068899557233181,0.12097248360864113
COVID-19,2,2,44,2116,Random undersampling,132,67,0.5,0.2537313432835821,RandomForest,0.4143633356957241,0.27450980392156865,0.20588235294117646,0.4117647058823529,0.4358823529411765,0.34820632941029744,0.5,0.2652762936252079,-1.0797410197589636,0.04589362954754543
COVID-19,2,2,44,2116,Random undersampling,132,67,0.5,0.2537313432835821,CatBoost,0.4920518464172169,0.3404255319148936,0.26666666666666666,0.47058823529411764,0.5152941176470589,0.3694441531125716,0.5211764705882354,0.3112832002456407,-1.0744284519404912,0.06594364799377923
COVID-19,2,2,44,2116,SMOTE,402,67,0.5,0.2537313432835821,LogisticRegression,0.5894607843137255,0.375,0.4,0.35294117647058826,0.5864705882352941,0.28539379593117264,0.5364705882352941,0.2260625069516984,-1.0751358025467608,0.0030254364942489302
COVID-19,2,2,44,2116,SMOTE,402,67,0.5,0.2537313432835821,RandomForest,0.41307277628032346,0.07142857142857142,0.09090909090909091,0.058823529411764705,0.4294117647058824,0.24224634782198176,0.4564705882352941,0.2283392990888415,-1.2015950960012525,-0.23372088037238897
COVID-19,2,2,44,2116,SMOTE,402,67,0.5,0.2537313432835821,CatBoost,0.41307277628032346,0.07142857142857142,0.09090909090909091,0.058823529411764705,0.4294117647058824,0.23133770290131214,0.44235294117647056,0.24972224490847664,-1.3150752681848992,-0.1905466224878942
COVID-19,2,2,44,2116,Standard CTGAN,402,67,0.5,0.2537313432835821,LogisticRegression,0.5723404255319149,0.4,0.34782608695652173,0.47058823529411764,0.5852941176470587,0.3365823536278816,0.6529411764705881,0.23165145038663015,-1.0144040368851817,0.3495647818260727
COVID-19,2,2,44,2116,Standard CTGAN,402,67,0.5,0.2537313432835821,RandomForest,0.5010638297872341,0.3,0.2608695652173913,0.35294117647058826,0.5064705882352941,0.23998758308628282,0.468235294117647,0.2476015430769617,-1.1187544303905579,-0.21150057752237045
COVID-19,2,2,44,2116,Standard CTGAN,402,67,0.5,0.2537313432835821,CatBoost,0.4654255319148936,0.25,0.21739130434782608,0.29411764705882354,0.46705882352941175,0.26031532314130745,0.4611764705882353,0.26643096127793653,-1.1357339902572277,-0.12807597434172646
COVID-19,2,2,44,2116,SepAware CTGAN,402,67,0.5,0.2537313432835821,LogisticRegression,0.5332961827807189,0.32432432432432434,0.3,0.35294117647058826,0.5364705882352941,0.25967656476052625,0.5176470588235293,0.2524954509336993,-1.078439626401776,-7.369204492134289e-06
COVID-19,2,2,44,2116,SepAware CTGAN,402,67,0.5,0.2537313432835821,RandomForest,0.4779220779220779,0.22857142857142856,0.2222222222222222,0.23529411764705882,0.4776470588235294,0.2235215042744817,0.4117647058823529,0.25143913605142054,-1.2620559501763238,-0.47572375305521036
COVID-19,2,2,44,2116,SepAware CTGAN,402,67,0.5,0.2537313432835821,CatBoost,0.5010638297872341,0.3,0.2608695652173913,0.35294117647058826,0.5064705882352941,0.23520815950632742,0.44470588235294123,0.27538545400810377,-1.1615928731657457,-0.10859913390530837
COVID-19,2,2,44,2116,Standard TVAE,402,67,0.5,0.2537313432835821,LogisticRegression,0.5485175202156334,0.2857142857142857,0.36363636363636365,0.23529411764705882,0.5476470588235294,0.3239578777421869,0.5847058823529412,0.2057237758218216,-0.9637228901269581,0.08952753637713284
COVID-19,2,2,44,2116,Standard TVAE,402,67,0.5,0.2537313432835821,RandomForest,0.49242424242424243,0.16666666666666666,0.2857142857142857,0.11764705882352941,0.5088235294117647,0.2555147585288736,0.4376470588235294,0.21451801185870312,-1.2378219557937162,-0.206664833543239
COVID-19,2,2,44,2116,Standard TVAE,402,67,0.5,0.2537313432835821,CatBoost,0.5073529411764706,0.25,0.26666666666666666,0.23529411764705882,0.5076470588235295,0.27111949184825035,0.5035294117647059,0.24795287407329228,-1.1600097419553683,-0.06985849551377464
COVID-19,2,2,44,2116,SepAware TVAE,402,67,0.5,0.2537313432835821,LogisticRegression,0.5485175202156334,0.2857142857142857,0.36363636363636365,0.23529411764705882,0.5476470588235294,0.32806209886657267,0.5929411764705882,0.20493908865254853,-0.9508836786149021,0.0989844720392299
COVID-19,2,2,44,2116,SepAware TVAE,402,67,0.5,0.2537313432835821,RandomForest,0.4416666666666667,0.08333333333333333,0.14285714285714285,0.058823529411764705,0.46941176470588236,0.2426354081631513,0.4717647058823529,0.21701282538574973,-1.1774181088617504,-0.11808858277151602
COVID-19,2,2,44,2116,SepAware TVAE,402,67,0.5,0.2537313432835821,CatBoost,0.4334481678672095,0.12903225806451613,0.14285714285714285,0.11764705882352941,0.4388235294117647,0.2506406728276705,0.4858823529411765,0.2546703714309975,-1.1069446090098374,-0.02293793938125753
COVID-19,2,3,44,2153,Real only,267,67,0.24719101123595505,0.2537313432835821,LogisticRegression,0.5593485750078296,0.3225806451612903,0.35714285714285715,0.29411764705882354,0.5570588235294117,0.40949424608059604,0.6588235294117647,0.19981630571990017,-0.8195978235866511,0.24997336801532047
COVID-19,2,3,44,2153,Real only,267,67,0.24719101123595505,0.2537313432835821,RandomForest,0.42735042735042733,0.0,0.0,0.0,0.5,0.3744791752282174,0.6094117647058823,0.18554871773109977,-0.4589745666336435,0.5442129044330891
COVID-19,2,3,44,2153,Real only,267,67,0.24719101123595505,0.2537313432835821,CatBoost,0.5275641025641026,0.26666666666666666,0.3076923076923077,0.23529411764705882,0.5276470588235294,0.3223799258310392,0.5811764705882353,0.22171356047235247,-0.8136967062609403,0.18403285352055976
COVID-19,2,3,44,2153,Class weighting,267,67,0.24719101123595505,0.2537313432835821,LogisticRegression,0.5656662665066027,0.4489795918367347,0.34375,0.6470588235294118,0.6135294117647059,0.39182845312128456,0.6494117647058824,0.2624279633550964,-1.095111437803185,0.23608753410366082
COVID-19,2,3,44,2153,Class weighting,267,67,0.24719101123595505,0.2537313432835821,RandomForest,0.5706324881582614,0.3783783783783784,0.35,0.4117647058823529,0.5758823529411765,0.33344772006314843,0.5964705882352941,0.2190261855521366,-0.918209931024157,0.3824503213951431
COVID-19,2,3,44,2153,Class weighting,267,67,0.24719101123595505,0.2537313432835821,CatBoost,0.5165945165945166,0.2857142857142857,0.2777777777777778,0.29411764705882354,0.5170588235294118,0.3294286886842059,0.5811764705882353,0.23693723307479164,-0.8829122815108754,0.21824763183016488
COVID-19,2,3,44,2153,Random oversampling,402,67,0.5,0.2537313432835821,LogisticRegression,0.5365612648221344,0.391304347826087,0.3103448275862069,0.5294117647058824,0.5647058823529412,0.3756163249961373,0.6423529411764706,0.26661457755675416,-1.0765989079546885,0.21829366031978875
COVID-19,2,3,44,2153,Random oversampling,402,67,0.5,0.2537313432835821,RandomForest,0.5840755735492578,0.41025641025641024,0.36363636363636365,0.47058823529411764,0.5952941176470588,0.3640830586882939,0.6047058823529411,0.22135391352375922,-0.91158705330406,0.44001117167890974
COVID-19,2,3,44,2153,Random oversampling,402,67,0.5,0.2537313432835821,CatBoost,0.4959598774031764,0.2702702702702703,0.25,0.29411764705882354,0.4970588235294118,0.3091675465239882,0.5611764705882353,0.2520454438370417,-0.9369400518722983,0.12756573966059684
COVID-19,2,3,44,2153,Random undersampling,132,67,0.5,0.2537313432835821,LogisticRegression,0.5726435152374203,0.47058823529411764,0.35294117647058826,0.7058823529411765,0.6329411764705883,0.3742608329023846,0.64,0.2931759426193462,-1.1446593539163006,0.18774277183357305
COVID-19,2,3,44,2153,Random undersampling,132,67,0.5,0.2537313432835821,RandomForest,0.5130813953488372,0.375,0.2903225806451613,0.5294117647058824,0.5447058823529412,0.378597956606727,0.5870588235294117,0.24596272185993373,-1.0503415487618974,0.4185991929227555
COVID-19,2,3,44,2153,Random undersampling,132,67,0.5,0.2537313432835821,CatBoost,0.4920518464172169,0.3404255319148936,0.26666666666666666,0.47058823529411764,0.5152941176470589,0.30677957384256066,0.49529411764705883,0.31953318939914327,-1.0765590973285166,0.007845098207796048
COVID-19,2,3,44,2153,SMOTE,402,67,0.5,0.2537313432835821,LogisticRegression,0.5593485750078296,0.3225806451612903,0.35714285714285715,0.29411764705882354,0.5570588235294117,0.3823439693659749,0.6341176470588235,0.212627674182672,-0.8679696484514164,0.20527014366493013
COVID-19,2,3,44,2153,SMOTE,402,67,0.5,0.2537313432835821,RandomForest,0.5073529411764706,0.25,0.26666666666666666,0.23529411764705882,0.5076470588235295,0.38811390776031895,0.5882352941176471,0.20666315740489052,-0.801811437717366,0.5179050344852608
COVID-19,2,3,44,2153,SMOTE,402,67,0.5,0.2537313432835821,CatBoost,0.5117408906882591,0.3076923076923077,0.2727272727272727,0.35294117647058826,0.5164705882352941,0.29567806266396895,0.5964705882352941,0.2453435404614247,-0.9348200780288806,0.1630825531951481
COVID-19,2,3,44,2153,Standard CTGAN,402,67,0.5,0.2537313432835821,LogisticRegression,0.5958562811434566,0.43902439024390244,0.375,0.5294117647058824,0.6147058823529412,0.3517289506384959,0.6611764705882353,0.23166418354628998,-1.050049579626754,0.276209061627351
COVID-19,2,3,44,2153,Standard CTGAN,402,67,0.5,0.2537313432835821,RandomForest,0.6079687935358038,0.43243243243243246,0.4,0.47058823529411764,0.6152941176470588,0.32045787215890087,0.6317647058823529,0.2148240408202989,-0.8774960940214147,0.7414346425034327
COVID-19,2,3,44,2153,Standard CTGAN,402,67,0.5,0.2537313432835821,CatBoost,0.5255704169944926,0.34146341463414637,0.2916666666666667,0.4117647058823529,0.5358823529411765,0.3424700231999843,0.608235294117647,0.23933964430654098,-0.9399774170953165,0.2996717667733028
COVID-19,2,3,44,2153,SepAware CTGAN,402,67,0.5,0.2537313432835821,LogisticRegression,0.5840755735492578,0.41025641025641024,0.36363636363636365,0.47058823529411764,0.5952941176470588,0.354996090077783,0.6305882352941176,0.2282850540224358,-0.951841603530137,0.21903655714681616
COVID-19,2,3,44,2153,SepAware CTGAN,402,67,0.5,0.2537313432835821,RandomForest,0.5664705882352942,0.35294117647058826,0.35294117647058826,0.35294117647058826,0.5664705882352942,0.31038736305352627,0.6035294117647058,0.2129936975506573,-0.8541293154414775,0.4676516283655762
COVID-19,2,3,44,2153,SepAware CTGAN,402,67,0.5,0.2537313432835821,CatBoost,0.5479082321187584,0.358974358974359,0.3181818181818182,0.4117647058823529,0.5558823529411765,0.3644058297050007,0.64,0.24674782272639736,-0.903962416783714,0.259132664310159
COVID-19,2,3,44,2153,Standard TVAE,402,67,0.5,0.2537313432835821,LogisticRegression,0.5593485750078296,0.3225806451612903,0.35714285714285715,0.29411764705882354,0.5570588235294117,0.38019223197204355,0.64,0.214256584444983,-0.8597496702290622,0.16316709849177893
COVID-19,2,3,44,2153,Standard TVAE,402,67,0.5,0.2537313432835821,RandomForest,0.41739130434782606,0.0,0.0,0.0,0.48,0.3328526318786956,0.6141176470588235,0.19387335722766974,-0.6955512776960021,0.3928288932380398
COVID-19,2,3,44,2153,Standard TVAE,402,67,0.5,0.2537313432835821,CatBoost,0.4059113300492611,0.06896551724137931,0.08333333333333333,0.058823529411764705,0.4194117647058824,0.2694855075127093,0.556470588235294,0.2647439702338674,-1.0005258482103985,0.053046180545668224
COVID-19,2,3,44,2153,SepAware TVAE,402,67,0.5,0.2537313432835821,LogisticRegression,0.6013153773880363,0.3870967741935484,0.42857142857142855,0.35294117647058826,0.5964705882352941,0.37057892235361245,0.6352941176470588,0.21683961889342426,-0.8659910134715407,0.15958260433245067
COVID-19,2,3,44,2153,SepAware TVAE,402,67,0.5,0.2537313432835821,RandomForest,0.41228070175438597,0.0,0.0,0.0,0.47,0.32346275600626895,0.6023529411764705,0.1992187269029638,-0.8407887549852975,0.2373442580528502
COVID-19,2,3,44,2153,SepAware TVAE,402,67,0.5,0.2537313432835821,CatBoost,0.3987179487179487,0.06666666666666667,0.07692307692307693,0.058823529411764705,0.40941176470588236,0.2758857732832614,0.5635294117647058,0.26172024650698456,-0.99440848066374,0.055773486551387405
COVID-19,2,4,44,2190,Real only,268,66,0.25,0.24242424242424243,LogisticRegression,0.509090909090909,0.18181818181818182,0.3333333333333333,0.125,0.5225,0.38575621970426766,0.5975,0.19493883922717128,-0.795313938043803,0.25095568213735625
COVID-19,2,4,44,2190,Real only,268,66,0.25,0.24242424242424243,RandomForest,0.43103448275862066,0.0,0.0,0.0,0.5,0.42435223861089894,0.7112499999999999,0.16721153992694357,0.5060033084265909,1.4386273910244796
COVID-19,2,4,44,2190,Real only,268,66,0.25,0.24242424242424243,CatBoost,0.531214953271028,0.24,0.3333333333333333,0.1875,0.53375,0.34416536490041594,0.665,0.1934385048398506,-0.4821082966808238,0.43985564687481304
COVID-19,2,4,44,2190,Class weighting,268,66,0.25,0.24242424242424243,LogisticRegression,0.5223800589654248,0.34146341463414637,0.28,0.4375,0.5387500000000001,0.36782522803694206,0.58375,0.24263974433642227,-1.0653714394772529,0.21539553641760237
COVID-19,2,4,44,2190,Class weighting,268,66,0.25,0.24242424242424243,RandomForest,0.5994889811561801,0.3870967741935484,0.4,0.375,0.5974999999999999,0.41772818458445504,0.7225,0.18417671568175023,-0.5365169399092851,1.5563845307543307
COVID-19,2,4,44,2190,Class weighting,268,66,0.25,0.24242424242424243,CatBoost,0.6038415366146459,0.4117647058823529,0.3888888888888889,0.4375,0.60875,0.3367419262759028,0.6575,0.20744609400327393,-0.824788150499869,0.3949257979551867
COVID-19,2,4,44,2190,Random oversampling,402,66,0.5,0.24242424242424243,LogisticRegression,0.5086848635235732,0.3076923076923077,0.2608695652173913,0.375,0.5175000000000001,0.34868710002995706,0.55125,0.2518433303274974,-1.0793956646078697,0.1407839319892268
COVID-19,2,4,44,2190,Random oversampling,402,66,0.5,0.24242424242424243,RandomForest,0.5994889811561801,0.3870967741935484,0.4,0.375,0.5974999999999999,0.41615645743640234,0.69125,0.18667502433965188,-0.6552184224017197,1.1768743151442072
COVID-19,2,4,44,2190,Random oversampling,402,66,0.5,0.24242424242424243,CatBoost,0.5642256902761105,0.35294117647058826,0.3333333333333333,0.375,0.5675,0.318061338035058,0.65125,0.206557485278462,-0.748497960197909,0.35944505033933283
COVID-19,2,4,44,2190,Random undersampling,134,66,0.5,0.24242424242424243,LogisticRegression,0.5111111111111111,0.35555555555555557,0.27586206896551724,0.5,0.54,0.33891869756946796,0.56125,0.28247776256661183,-1.1029446985331777,0.14147931253242144
COVID-19,2,4,44,2190,Random undersampling,134,66,0.5,0.24242424242424243,RandomForest,0.5688528873791482,0.4186046511627907,0.3333333333333333,0.5625,0.6012500000000001,0.4295429407554769,0.66625,0.2269605145481535,-1.1153336958031932,0.9072857243085025
COVID-19,2,4,44,2190,Random undersampling,134,66,0.5,0.24242424242424243,CatBoost,0.5227272727272727,0.36363636363636365,0.2857142857142857,0.5,0.55,0.3301838166278268,0.64625,0.26148237851775347,-1.1072318181152636,0.2876577005787846
COVID-19,2,4,44,2190,SMOTE,402,66,0.5,0.24242424242424243,LogisticRegression,0.6168359941944848,0.38461538461538464,0.5,0.3125,0.60625,0.37790975390002085,0.56875,0.199831399715554,-0.8408590224605097,0.2740094668431715
COVID-19,2,4,44,2190,SMOTE,402,66,0.5,0.24242424242424243,RandomForest,0.5686274509803921,0.3333333333333333,0.35714285714285715,0.3125,0.5662499999999999,0.4272441508811567,0.6825,0.18732962917092974,-0.6540525618434545,1.0478518941014607
COVID-19,2,4,44,2190,SMOTE,402,66,0.5,0.24242424242424243,CatBoost,0.5994889811561801,0.3870967741935484,0.4,0.375,0.5974999999999999,0.3461878333994908,0.6575,0.2014915706101733,-0.7552052596292488,0.3705208068525641
COVID-19,2,4,44,2190,Standard CTGAN,402,66,0.5,0.24242424242424243,LogisticRegression,0.5034722222222222,0.2777777777777778,0.25,0.3125,0.50625,0.2805281822591418,0.54625,0.2606531550723254,-1.0721536868504282,0.07770847038474918
COVID-19,2,4,44,2190,Standard CTGAN,402,66,0.5,0.24242424242424243,RandomForest,0.5151708719259023,0.25806451612903225,0.26666666666666666,0.25,0.515,0.34213333973382914,0.585,0.20860529621770305,-0.8983389117664753,0.472234556321383
COVID-19,2,4,44,2190,Standard CTGAN,402,66,0.5,0.24242424242424243,CatBoost,0.524609843937575,0.29411764705882354,0.2777777777777778,0.3125,0.52625,0.3311737506471343,0.59375,0.23231815833127512,-0.9612485347111746,0.2247162887474488
COVID-19,2,4,44,2190,SepAware CTGAN,402,66,0.5,0.24242424242424243,LogisticRegression,0.5875,0.375,0.375,0.375,0.5875,0.4346571715983186,0.615,0.21074040125462917,-0.8906604258525362,0.2899530327177075
COVID-19,2,4,44,2190,SepAware CTGAN,402,66,0.5,0.24242424242424243,RandomForest,0.54625,0.3125,0.3125,0.3125,0.54625,0.4510439623077537,0.6425000000000001,0.19180902882736772,-0.7421917469676378,0.7778946619140201
COVID-19,2,4,44,2190,SepAware CTGAN,402,66,0.5,0.24242424242424243,CatBoost,0.611764705882353,0.4,0.42857142857142855,0.375,0.6074999999999999,0.395281330167624,0.65625,0.19766810475254656,-0.7698866106601515,0.4073381914438265
COVID-19,2,4,44,2190,Standard TVAE,402,66,0.5,0.24242424242424243,LogisticRegression,0.592032967032967,0.35714285714285715,0.4166666666666667,0.3125,0.5862499999999999,0.37633344797047447,0.54,0.21322613935471538,-0.8819053528577634,0.21731755585879464
COVID-19,2,4,44,2190,Standard TVAE,402,66,0.5,0.24242424242424243,RandomForest,0.5524531312325489,0.2608695652173913,0.42857142857142855,0.1875,0.55375,0.39993577655927787,0.6575,0.18621634927173902,-0.6698308902696357,0.6386043011383004
COVID-19,2,4,44,2190,Standard TVAE,402,66,0.5,0.24242424242424243,CatBoost,0.5151708719259023,0.25806451612903225,0.26666666666666666,0.25,0.515,0.4111737843563471,0.6725,0.2117921886277135,-0.7511685065556688,0.37680287312483995
COVID-19,2,4,44,2190,SepAware TVAE,402,66,0.5,0.24242424242424243,LogisticRegression,0.5801807833947104,0.3448275862068966,0.38461538461538464,0.3125,0.5762499999999999,0.37755893816655295,0.54125,0.2129818524563668,-0.881561341575979,0.21750040224841977
COVID-19,2,4,44,2190,SepAware TVAE,402,66,0.5,0.24242424242424243,RandomForest,0.5416666666666667,0.25,0.375,0.1875,0.54375,0.3770299694428387,0.665,0.1857593483750405,-0.6308647523139689,0.6605060402842592
COVID-19,2,4,44,2190,SepAware TVAE,402,66,0.5,0.24242424242424243,CatBoost,0.524609843937575,0.29411764705882354,0.2777777777777778,0.3125,0.52625,0.40761446759613906,0.6662499999999999,0.2077071907393346,-0.7394034083519996,0.35463806031699785
Vigitel,0,0,42,42,Real only,4000,1000,0.17025,0.17,LogisticRegression,0.45325314379442316,0.0,0.0,0.0,0.49939759036144576,0.26365824637065427,0.6519525159461376,0.13546027058947713,-0.17871972200443934,0.9031947955438263
Vigitel,0,0,42,42,Real only,4000,1000,0.17025,0.17,RandomForest,0.46385017556582403,0.022598870056497175,0.2857142857142857,0.011764705882352941,0.5028703047484054,0.2777851445666994,0.6712650602409638,0.13449428054821272,-0.3011658105227975,0.8012308295582682
Vigitel,0,0,42,42,Real only,4000,1000,0.17025,0.17,CatBoost,0.4801677969994802,0.054945054945054944,0.4166666666666667,0.029411764705882353,0.5104890148830616,0.2944750764142525,0.6832778171509567,0.1332143102521306,-0.22335852125442532,0.8560853337897679
Vigitel,0,0,42,42,Class weighting,4000,1000,0.17025,0.17,LogisticRegression,0.5631666127989657,0.3639705882352941,0.2647058823529412,0.5823529411764706,0.6255138199858257,0.2682687993578906,0.6603295535081504,0.23446987646643833,-1.6136240968225541,0.906098093019875
Vigitel,0,0,42,42,Class weighting,4000,1000,0.17025,0.17,RandomForest,0.5709794928197568,0.271523178807947,0.3106060606060606,0.2411764705882353,0.5657689581856838,0.2690712918341366,0.6688483345145286,0.16183228415694745,-1.0376530400729442,0.7628107798266763
Vigitel,0,0,42,42,Class weighting,4000,1000,0.17025,0.17,CatBoost,0.5572747043747324,0.3717728055077453,0.26277372262773724,0.6352941176470588,0.6351169383416017,0.28844203905525334,0.6794790928419561,0.21492669605399575,-1.484100563582833,0.7744356064319017
Vigitel,0,0,42,42,Random oversampling,6638,1000,0.5,0.17,LogisticRegression,0.5611364789446982,0.3592592592592593,0.26216216216216215,0.5705882352941176,0.6208362863217576,0.27128171922267685,0.660797306874557,0.2344894185267116,-1.6153089063675805,0.9123876768923329
Vigitel,0,0,42,42,Random oversampling,6638,1000,0.5,0.17,RandomForest,0.5755480136890205,0.2949852507374631,0.2958579881656805,0.29411764705882354,0.5753720765414599,0.2712845664625009,0.660272856130404,0.1691988208762969,-1.1441562269747134,0.6555835818428833
Vigitel,0,0,42,42,Random oversampling,6638,1000,0.5,0.17,CatBoost,0.562330496586552,0.3675675675675676,0.2649350649350649,0.6,0.6295180722891567,0.2839316523063391,0.6701169383416017,0.21027857945897893,-1.4422394852669949,0.6730411471829195
Vigitel,0,0,42,42,Random undersampling,1362,1000,0.5,0.17,LogisticRegression,0.5570162196407624,0.36298932384341637,0.2602040816326531,0.6,0.6253012048192771,0.2571683791682684,0.6506839121190645,0.23598706231665004,-1.6032728200024078,0.8526307043748038
Vigitel,0,0,42,42,Random undersampling,1362,1000,0.5,0.17,RandomForest,0.5312016479532218,0.35962145110410093,0.24568965517241378,0.6705882352941176,0.6244507441530829,0.2614956837364523,0.6721155209071581,0.23566244518872367,-1.613583912648953,0.8233403563138711
Vigitel,0,0,42,42,Random undersampling,1362,1000,0.5,0.17,CatBoost,0.5333818181818182,0.3584,0.24615384615384617,0.6588235294117647,0.6227852586817859,0.2507782508897417,0.6594223954642098,0.2375736403728598,-1.5879768950708328,0.6276267675370903
Vigitel,0,0,42,42,SMOTE,6638,1000,0.5,0.17,LogisticRegression,0.4952342002778054,0.27768014059753954,0.19799498746867167,0.4647058823529412,0.5395818568391212,0.20359852272088938,0.5653543586109143,0.24278161557465763,-1.5330464059469007,0.23859853963822075
Vigitel,0,0,42,42,SMOTE,6638,1000,0.5,0.17,RandomForest,0.5000499950005,0.1095890410958904,0.24489795918367346,0.07058823529411765,0.5130049610205528,0.23141900803020907,0.6181892274982282,0.15162040458653184,-0.9914962683181283,0.5348190436772591
Vigitel,0,0,42,42,SMOTE,6638,1000,0.5,0.17,CatBoost,0.4873777039455469,0.07881773399014778,0.24242424242424243,0.047058823529411764,0.5084691708008504,0.24021387480470424,0.6482530120481927,0.1465408268234701,-0.8567354654358078,0.6360882799943807
Vigitel,0,0,42,42,Standard CTGAN,6638,1000,0.5,0.17,LogisticRegression,0.4840565956020533,0.25136612021857924,0.1820580474934037,0.40588235294117647,0.5161941885187811,0.22677046999563838,0.5281963146704465,0.23251223343821978,-1.5430126544560625,0.17499461155020898
Vigitel,0,0,42,42,Standard CTGAN,6638,1000,0.5,0.17,RandomForest,0.5120783620562676,0.14516129032258066,0.23076923076923078,0.10588235294117647,0.5167965981573353,0.22017267208588975,0.5910666194188519,0.16032638630590398,-1.1580342411363709,0.4387672285963162
Vigitel,0,0,42,42,Standard CTGAN,6638,1000,0.5,0.17,CatBoost,0.48489010989010994,0.07692307692307693,0.21052631578947367,0.047058823529411764,0.5054571226080794,0.2210906908004001,0.6029234585400426,0.14822410066992966,-0.996572185545292,0.4585731806954882
Vigitel,0,0,42,42,SepAware CTGAN,6638,1000,0.5,0.17,LogisticRegression,0.48023104647223636,0.2582897033158813,0.18362282878411912,0.43529411764705883,0.5194542877391921,0.20305288554350617,0.5360347271438696,0.24080100328454837,-1.5417981088186241,0.19292526053389472
Vigitel,0,0,42,42,SepAware CTGAN,6638,1000,0.5,0.17,RandomForest,0.5482979043760352,0.23255813953488372,0.26717557251908397,0.20588235294117646,0.5451098511693834,0.21861081134115118,0.5926187101346563,0.16989886019562986,-1.2606955671493179,0.35720197901078754
Vigitel,0,0,42,42,SepAware CTGAN,6638,1000,0.5,0.17,CatBoost,0.5142507008844582,0.13973799126637554,0.2711864406779661,0.09411764705882353,0.5211552090715804,0.22140522433381482,0.5969206236711552,0.15368372042684753,-1.1044995711712442,0.39115766556545284
Vigitel,0,0,42,42,Standard TVAE,6638,1000,0.5,0.17,LogisticRegression,0.5332012717294807,0.233983286908078,0.2222222222222222,0.24705882352941178,0.534975194897236,0.21364734410317623,0.5622856130403968,0.1917603545457955,-1.3818514058952724,0.1447532096631252
Vigitel,0,0,42,42,Standard TVAE,6638,1000,0.5,0.17,RandomForest,0.46348622947988993,0.02247191011235955,0.25,0.011764705882352941,0.5022678951098511,0.24723134663454768,0.650719347980156,0.13828260295232045,-0.5329092613380746,0.6712302477944161
Vigitel,0,0,42,42,Standard TVAE,6638,1000,0.5,0.17,CatBoost,0.47792384767174684,0.053475935828877004,0.29411764705882354,0.029411764705882353,0.5074769666902905,0.25482282083539626,0.66475194897236,0.13842573526332577,-0.5091236273524747,0.6787660020650917
Vigitel,0,0,42,42,SepAware TVAE,6638,1000,0.5,0.17,LogisticRegression,0.5280342360783357,0.21700879765395895,0.21637426900584794,0.21764705882352942,0.5281006378454997,0.19926340718327168,0.547310418143161,0.18802970760008803,-1.4074965435047562,0.11902204602327209
Vigitel,0,0,42,42,SepAware TVAE,6638,1000,0.5,0.17,RandomForest,0.4579844497607655,0.011363636363636364,0.16666666666666666,0.0058823529411764705,0.49992912827781716,0.27243948860850464,0.6668851878100638,0.13536901285092984,-0.3464360590834008,0.7861987850840659
Vigitel,0,0,42,42,SepAware TVAE,6638,1000,0.5,0.17,CatBoost,0.49604578944849387,0.09137055837563451,0.3333333333333333,0.052941176470588235,0.5156272147413182,0.27588641109857753,0.6789971651311127,0.13637019044549292,-0.45795452684129356,0.7132728410794066
Vigitel,0,1,42,79,Real only,4000,1000,0.17025,0.17,LogisticRegression,0.453551912568306,0.0,0.0,0.0,0.5,0.28072534230618695,0.6426222537207654,0.1354423642331397,-0.2237137690272163,0.8480085437530178
Vigitel,0,1,42,79,Real only,4000,1000,0.17025,0.17,RandomForest,0.4642145135566188,0.022727272727272728,0.3333333333333333,0.011764705882352941,0.5034727143869596,0.2881842967192638,0.6555846917080085,0.13545616446100925,-0.4696914977640248,0.6831991457959316
Vigitel,0,1,42,79,Real only,4000,1000,0.17025,0.17,CatBoost,0.4866950756137639,0.06629834254143646,0.5454545454545454,0.03529411764705882,0.5146350106307583,0.2925244470696245,0.674528703047484,0.13387520503516898,-0.3080761924519708,0.7782821582633445
Vigitel,0,1,42,79,Class weighting,4000,1000,0.17025,0.17,LogisticRegression,0.5638533229501436,0.34970530451866405,0.26253687315634217,0.5235294117647059,0.6111622962437988,0.27983449992512227,0.6431963146704465,0.22888507046575926,-1.563015951313644,0.8043609833342891
Vigitel,0,1,42,79,Class weighting,4000,1000,0.17025,0.17,RandomForest,0.5882811822830891,0.3132530120481928,0.32098765432098764,0.3058823529411765,0.5866761162296243,0.2887401177476501,0.6561304039688165,0.1624847419128253,-1.0692879325985405,0.6903978132272848
Vigitel,0,1,42,79,Class weighting,4000,1000,0.17025,0.17,CatBoost,0.5540963351202695,0.35611510791366907,0.25647668393782386,0.5823529411764706,0.6182849043231751,0.2970378193202494,0.6762154500354358,0.2117455356722407,-1.4622928581241588,0.7404537972592735
Vigitel,0,1,42,79,Random oversampling,6638,1000,0.5,0.17,LogisticRegression,0.5630757870944009,0.34592445328031807,0.26126126126126126,0.5117647058823529,0.6076895818568391,0.28534947038618924,0.6408858965272857,0.22834941956865612,-1.5598701510436175,0.7814155045701343
Vigitel,0,1,42,79,Random oversampling,6638,1000,0.5,0.17,RandomForest,0.5767081623414085,0.3129973474801061,0.28502415458937197,0.34705882352941175,0.5843727852586817,0.28743994558194186,0.6483557760453579,0.1723915578785838,-1.1875175336837556,0.5921623822644139
Vigitel,0,1,42,79,Random oversampling,6638,1000,0.5,0.17,CatBoost,0.5748629970084872,0.3716475095785441,0.2755681818181818,0.5705882352941176,0.6316796598157335,0.3087604765743399,0.6747058823529412,0.20640288366554657,-1.4291248659179585,0.7056831643048742
Vigitel,0,1,42,79,Random undersampling,1362,1000,0.5,0.17,LogisticRegression,0.551894288736394,0.3359073359073359,0.25,0.5117647058823529,0.5986534372785258,0.28369876047257186,0.6417505315379164,0.22873132403169702,-1.5633386616957763,0.8647713542573582
Vigitel,0,1,42,79,Random undersampling,1362,1000,0.5,0.17,RandomForest,0.5496567505720824,0.3582608695652174,0.254320987654321,0.6058823529411764,0.6210134656272147,0.2858790202021094,0.6686250885896527,0.22402453581912493,-1.5479755252627028,0.9120002725387902
Vigitel,0,1,42,79,Random undersampling,1362,1000,0.5,0.17,CatBoost,0.5589354349332829,0.3745704467353952,0.2645631067961165,0.6411764705882353,0.63805811481219,0.28617831753869827,0.6754429482636428,0.22329666322255362,-1.538565006045146,0.7385238808242243
Vigitel,0,1,42,79,SMOTE,6638,1000,0.5,0.17,LogisticRegression,0.5163654677445759,0.30018083182640143,0.21671018276762402,0.48823529411764705,0.5633947554925585,0.2044238426628048,0.5816867469879518,0.23555191824550278,-1.51692885327803,0.2510516307039653
Vigitel,0,1,42,79,SMOTE,6638,1000,0.5,0.17,RandomForest,0.4949223026415307,0.1004566210045662,0.22448979591836735,0.06470588235294118,0.5094613749114104,0.24742199918212843,0.6241247342310419,0.14951990524257974,-0.9569588163841074,0.5505013753519921
Vigitel,0,1,42,79,SMOTE,6638,1000,0.5,0.17,CatBoost,0.4923359098650596,0.08823529411764706,0.2647058823529412,0.052941176470588235,0.5114103472714386,0.25541086542863023,0.6651842664776754,0.1419333597627342,-0.7236144052900961,0.7151104765074872
Vigitel,0,1,42,79,Standard CTGAN,6638,1000,0.5,0.17,LogisticRegression,0.5099597867763959,0.2918918918918919,0.21038961038961038,0.4764705882352941,0.5551027639971651,0.21711179343688797,0.569326718639263,0.23465394546874166,-1.534395361623301,0.5196599916427659
Vigitel,0,1,42,79,Standard CTGAN,6638,1000,0.5,0.17,RandomForest,0.5136330140014739,0.1391304347826087,0.26666666666666666,0.09411764705882353,0.5205527994330262,0.23122722221579506,0.6168462083628632,0.15345387576338632,-1.0244599525984202,0.522352715751008
Vigitel,0,1,42,79,Standard CTGAN,6638,1000,0.5,0.17,CatBoost,0.48429915133577733,0.0707070707070707,0.25,0.041176470588235294,0.5079376328844791,0.2519393487045492,0.6450779588944011,0.14180229072555567,-0.7195006895221888,0.6583790974197188
Vigitel,0,1,42,79,SepAware CTGAN,6638,1000,0.5,0.17,LogisticRegression,0.5313458471353208,0.3298245614035088,0.235,0.5529411764705883,0.5921332388377037,0.23144687327931085,0.6172430900070871,0.22753653837453997,-1.5060757948044465,0.5267460787047886
Vigitel,0,1,42,79,SepAware CTGAN,6638,1000,0.5,0.17,RandomForest,0.531664671905084,0.18181818181818182,0.27710843373493976,0.13529411764705881,0.5315024805102764,0.24386478081763374,0.6367965981573354,0.15444015293809427,-1.0155756637179307,0.5515144356314379
Vigitel,0,1,42,79,SepAware CTGAN,6638,1000,0.5,0.17,CatBoost,0.4976504693828427,0.102803738317757,0.25,0.06470588235294118,0.5124734231041814,0.25574218912416324,0.6664635010630758,0.1424671720760075,-0.7560398777959486,0.6336416786358415
Vigitel,0,1,42,79,Standard TVAE,6638,1000,0.5,0.17,LogisticRegression,0.5628364597961212,0.27299703264094954,0.2754491017964072,0.27058823529411763,0.5624025513819986,0.24673053151794894,0.6116300496102056,0.17272298058205224,-1.2578019363166522,0.2268978955057004
Vigitel,0,1,42,79,Standard TVAE,6638,1000,0.5,0.17,RandomForest,0.46312266266616353,0.0223463687150838,0.2222222222222222,0.011764705882352941,0.501665485471297,0.28128589405044246,0.6570517363571935,0.13611797560137626,-0.5206017004943573,0.6766942994071286
Vigitel,0,1,42,79,Standard TVAE,6638,1000,0.5,0.17,CatBoost,0.5049765071252963,0.10945273631840796,0.3548387096774194,0.06470588235294118,0.5203047484053863,0.2742448868509729,0.6646137491141034,0.13846857211722005,-0.606406515831129,0.6094930410184244
Vigitel,0,1,42,79,SepAware TVAE,6638,1000,0.5,0.17,LogisticRegression,0.5558163382815028,0.25688073394495414,0.267515923566879,0.24705882352941178,0.554252303330971,0.24622160199306425,0.6234798015591779,0.16852222952688337,-1.1868554355243723,0.25974464507452977
Vigitel,0,1,42,79,SepAware TVAE,6638,1000,0.5,0.17,RandomForest,0.4642145135566188,0.022727272727272728,0.3333333333333333,0.011764705882352941,0.5034727143869596,0.2836303873888093,0.6564351523742028,0.13548246142752673,-0.47227589566500616,0.6897606463836146
Vigitel,0,1,42,79,SepAware TVAE,6638,1000,0.5,0.17,CatBoost,0.5040310666497826,0.11320754716981132,0.2857142857142857,0.07058823529411765,0.5172218284904323,0.26825194098363336,0.6711055988660524,0.1399002959443248,-0.6491215558233875,0.576857694120964
Vigitel,0,2,42,116,Real only,4000,1000,0.17025,0.17,LogisticRegression,0.45325314379442316,0.0,0.0,0.0,0.49939759036144576,0.2371760383806199,0.6353012048192771,0.13897188034477073,-0.45855142462245096,0.6873273618338617
Vigitel,0,2,42,116,Real only,4000,1000,0.17025,0.17,RandomForest,0.457319404531383,0.011235955056179775,0.125,0.0058823529411764705,0.4987243090007087,0.25688912856684365,0.6701842664776754,0.13655378002533508,-0.41869891875770116,0.7035669385345804
Vigitel,0,2,42,116,Real only,4000,1000,0.17025,0.17,CatBoost,0.46348622947988993,0.02247191011235955,0.25,0.011764705882352941,0.5022678951098511,0.2741960883552337,0.6798688873139618,0.1346480526013918,-0.3451877485067558,0.7471203930708014
Vigitel,0,2,42,116,Class weighting,4000,1000,0.17025,0.17,LogisticRegression,0.5743451964650121,0.35343035343035345,0.2733118971061093,0.5,0.613855421686747,0.23697657971620936,0.6389581856839122,0.22984615521695365,-1.5475628070163827,0.6685802014886272
Vigitel,0,2,42,116,Class weighting,4000,1000,0.17025,0.17,RandomForest,0.5707679879140262,0.277602523659306,0.29931972789115646,0.25882352941176473,0.567363571934798,0.2585321042083063,0.6690432317505315,0.1617138070968445,-1.0604494315067277,0.6803253601425187
Vigitel,0,2,42,116,Class weighting,4000,1000,0.17025,0.17,CatBoost,0.5562592780746349,0.3623445825932504,0.2595419847328244,0.6,0.6246987951807228,0.2742151987959148,0.6768320340184266,0.21325756095682646,-1.4625482049121423,0.6885482377577123
Vigitel,0,2,42,116,Random oversampling,6638,1000,0.5,0.17,LogisticRegression,0.5757165675747626,0.3516949152542373,0.27483443708609273,0.48823529411764705,0.61218993621545,0.23533770891125683,0.6364776754075124,0.2296082676425989,-1.545935569801302,0.6488967507079835
Vigitel,0,2,42,116,Random oversampling,6638,1000,0.5,0.17,RandomForest,0.5550259056757213,0.2689075630252101,0.25668449197860965,0.2823529411764706,0.5574415308291991,0.25417030736941604,0.66074415308292,0.17137902046120673,-1.180559532163023,0.5721622724510901
Vigitel,0,2,42,116,Random oversampling,6638,1000,0.5,0.17,CatBoost,0.5590694070630454,0.35447761194029853,0.25956284153005466,0.5588235294117647,0.6161587526576896,0.26764853833249325,0.6643302622253721,0.2100440400275448,-1.4303118495853278,0.5994357270047674
Vigitel,0,2,42,116,Random undersampling,1362,1000,0.5,0.17,LogisticRegression,0.5574350255168432,0.33925049309664695,0.2551928783382789,0.5058823529411764,0.6017363571934797,0.23651613890056145,0.6388944011339475,0.23181661131590978,-1.55473816765281,0.6302557178879629
Vigitel,0,2,42,116,Random undersampling,1362,1000,0.5,0.17,RandomForest,0.5516992732309911,0.3741721854304636,0.26036866359447003,0.6647058823529411,0.638979447200567,0.27758246976884293,0.6750531537916371,0.22693734028694051,-1.5729644250312818,0.850547911337375
Vigitel,0,2,42,116,Random undersampling,1362,1000,0.5,0.17,CatBoost,0.554838548844895,0.3781094527363184,0.2632794457274827,0.6705882352941176,0.6431254429482636,0.2698387855452973,0.6805953224663358,0.22691205693195154,-1.5567776798523723,0.6898678218944699
Vigitel,0,2,42,116,SMOTE,6638,1000,0.5,0.17,LogisticRegression,0.5215463621575069,0.29906542056074764,0.2191780821917808,0.47058823529411764,0.5636073706591069,0.18934400580927574,0.5566619418851878,0.23638693000754707,-1.5294062803977475,0.16431098341986183
Vigitel,0,2,42,116,SMOTE,6638,1000,0.5,0.17,RandomForest,0.4877243098788456,0.08968609865470852,0.18867924528301888,0.058823529411764705,0.503508150248051,0.22581514120961854,0.6385683912119063,0.15037932813795782,-0.9259580116816185,0.5776981653661405
Vigitel,0,2,42,116,SMOTE,6638,1000,0.5,0.17,CatBoost,0.4737109257077519,0.05741626794258373,0.15384615384615385,0.03529411764705882,0.49776754075124025,0.23006256726393276,0.6341459957476967,0.14749225470168198,-0.9164938818829047,0.5351096016720451
Vigitel,0,2,42,116,Standard CTGAN,6638,1000,0.5,0.17,LogisticRegression,0.5398859066679136,0.33513513513513515,0.24155844155844156,0.5470588235294118,0.5976257973068746,0.2539608911220729,0.6234727143869596,0.23273203063562198,-1.54752791080759,0.8691230437518302
Vigitel,0,2,42,116,Standard CTGAN,6638,1000,0.5,0.17,RandomForest,0.5579133510167993,0.23076923076923078,0.3333333333333333,0.17647058823529413,0.5520907158043941,0.25448548001174615,0.6370021261516655,0.1561880783890408,-1.037338930733309,0.56696629553319
Vigitel,0,2,42,116,Standard CTGAN,6638,1000,0.5,0.17,CatBoost,0.5312384351587621,0.15763546798029557,0.48484848484848486,0.09411764705882353,0.5368178596739901,0.27422724466182896,0.6415804394046775,0.14136741709923645,-0.7002092477686381,0.6998891069575032
Vigitel,0,2,42,116,SepAware CTGAN,6638,1000,0.5,0.17,LogisticRegression,0.5270973233708502,0.3119266055045872,0.22666666666666666,0.5,0.5753012048192772,0.25757899510973514,0.595173635719348,0.223554866651927,-1.484179520508301,0.36729644745622264
Vigitel,0,2,42,116,SepAware CTGAN,6638,1000,0.5,0.17,RandomForest,0.5701858847467252,0.2684563758389262,0.3125,0.23529411764705882,0.5646350106307583,0.25932099181783497,0.647037562012757,0.16085399588414265,-1.1032148267403195,0.5113062953527983
Vigitel,0,2,42,116,SepAware CTGAN,6638,1000,0.5,0.17,CatBoost,0.5512518251750004,0.2151394422310757,0.3333333333333333,0.1588235294117647,0.5468816442239546,0.28053050050786765,0.6474025513819986,0.14670341189482308,-0.8930383110624551,0.5568588134152217
Vigitel,0,2,42,116,Standard TVAE,6638,1000,0.5,0.17,LogisticRegression,0.528703047484054,0.21764705882352942,0.21764705882352942,0.21764705882352942,0.528703047484054,0.210399328246472,0.556343019135365,0.19089469490333907,-1.4113938783872264,0.11495026742765314
Vigitel,0,2,42,116,Standard TVAE,6638,1000,0.5,0.17,RandomForest,0.4517543859649123,0.0,0.0,0.0,0.4963855421686747,0.25557392041160043,0.6683912119064493,0.13625237953692065,-0.39647404148261883,0.7421912405412278
Vigitel,0,2,42,116,Standard TVAE,6638,1000,0.5,0.17,CatBoost,0.47881766063584247,0.05405405405405406,0.3333333333333333,0.029411764705882353,0.508681785967399,0.26891752497725496,0.6692345854004252,0.13653975684014963,-0.51265282006505,0.6599741813761254
Vigitel,0,2,42,116,SepAware TVAE,6638,1000,0.5,0.17,LogisticRegression,0.5183677043653401,0.2028985507246377,0.2,0.20588235294117646,0.5186038270729979,0.20575917185285023,0.5501488306165839,0.19251504527055424,-1.4286404797152188,0.10150290673709973
Vigitel,0,2,42,116,SepAware TVAE,6638,1000,0.5,0.17,RandomForest,0.45145364783324193,0.0,0.0,0.0,0.49578313253012046,0.2504764699639003,0.6667965981573353,0.13653371222554375,-0.3962755437454525,0.7273835238835477
Vigitel,0,2,42,116,SepAware TVAE,6638,1000,0.5,0.17,CatBoost,0.4792664240566941,0.05434782608695652,0.35714285714285715,0.029411764705882353,0.5092841956059532,0.2620685568138902,0.6630049610205528,0.13809449592733142,-0.5603740194000834,0.623461401099545
Vigitel,0,3,42,153,Real only,4000,1000,0.17025,0.17,LogisticRegression,0.4526546250684182,0.0,0.0,0.0,0.49819277108433735,0.2729850249157996,0.6688766832034018,0.13456477700686803,-0.08417538181406757,0.948188038094724
Vigitel,0,3,42,153,Real only,4000,1000,0.17025,0.17,RandomForest,0.4642145135566188,0.022727272727272728,0.3333333333333333,0.011764705882352941,0.5034727143869596,0.30679598120455776,0.6804004252303331,0.13264295980143515,-0.349117578114574,0.7841311544179016
Vigitel,0,3,42,153,Real only,4000,1000,0.17025,0.17,CatBoost,0.46348622947988993,0.02247191011235955,0.25,0.011764705882352941,0.5022678951098511,0.30223117178642245,0.6942558469170801,0.131993822611274,-0.23257518660945467,0.8606005825819499
Vigitel,0,3,42,153,Class weighting,4000,1000,0.17025,0.17,LogisticRegression,0.5835455394278923,0.376984126984127,0.2844311377245509,0.5588235294117647,0.6354358610914246,0.2723464780794062,0.6703437278525868,0.22857282957916186,-1.586197499124303,0.9156587642045484
Vigitel,0,3,42,153,Class weighting,4000,1000,0.17025,0.17,RandomForest,0.5981016418421623,0.3352601156069364,0.32954545454545453,0.3411764705882353,0.59950389794472,0.2945444206942727,0.6814847625797307,0.16284742047736683,-1.058552055509305,0.7821735005467076
Vigitel,0,3,42,153,Class weighting,4000,1000,0.17025,0.17,CatBoost,0.5534658292742974,0.36860068259385664,0.25961538461538464,0.6352941176470588,0.6321048901488306,0.29240746632065856,0.6880049610205529,0.21670280615105628,-1.5093488763946687,0.7798980777547264
Vigitel,0,3,42,153,Random oversampling,6638,1000,0.5,0.17,LogisticRegression,0.5816683067925115,0.37375745526838966,0.2822822822822823,0.5529411764705883,0.6324946846208364,0.2706707557767262,0.668012048192771,0.22803892914819973,-1.5794832966753685,0.8710804963025106
Vigitel,0,3,42,153,Random oversampling,6638,1000,0.5,0.17,RandomForest,0.6033861305716317,0.3622448979591837,0.31981981981981983,0.4176470588235294,0.617859673990078,0.2975770015450191,0.6758150248051027,0.1730741182426297,-1.186431696158576,0.6709875616759473
Vigitel,0,3,42,153,Random oversampling,6638,1000,0.5,0.17,CatBoost,0.5598591549295775,0.36971830985915494,0.2638190954773869,0.6176470588235294,0.6323175053153791,0.3052450779192773,0.6889121190644933,0.21329490741622664,-1.4885151059079766,0.7680254921240616
Vigitel,0,3,42,153,Random undersampling,1362,1000,0.5,0.17,LogisticRegression,0.574245103818694,0.38095238095238093,0.2765957446808511,0.611764705882353,0.6420269312544296,0.2736423852107563,0.6669560595322466,0.23067430211551204,-1.591546199514944,0.8579726258146496
Vigitel,0,3,42,153,Random undersampling,1362,1000,0.5,0.17,RandomForest,0.5339144727187344,0.3544715447154472,0.2449438202247191,0.6411764705882353,0.6181785967399008,0.2796839520206331,0.6661268603827074,0.23632640751713438,-1.6176691672279158,0.7731246221760208
Vigitel,0,3,42,153,Random undersampling,1362,1000,0.5,0.17,CatBoost,0.5388391524397964,0.3668261562998405,0.25164113785557984,0.6764705882352942,0.632211197732105,0.30490595536743065,0.6863678242381289,0.23140420839476222,-1.6143056983021455,0.7925144389695246
Vigitel,0,3,42,153,SMOTE,6638,1000,0.5,0.17,LogisticRegression,0.5070662182720794,0.286231884057971,0.20680628272251309,0.4647058823529412,0.5498228206945428,0.20896171325366067,0.5917257264351524,0.22847780119583885,-1.4948057072316239,0.35351875818551237
Vigitel,0,3,42,153,SMOTE,6638,1000,0.5,0.17,RandomForest,0.5179118977875338,0.1471861471861472,0.2786885245901639,0.1,0.5234939759036145,0.260234641999765,0.6643834160170092,0.14784166315937516,-0.8650104007344449,0.6691327917082203
Vigitel,0,3,42,153,SMOTE,6638,1000,0.5,0.17,CatBoost,0.5260947211940418,0.1592920353982301,0.32142857142857145,0.10588235294117647,0.530049610205528,0.250827687902609,0.6558221119773211,0.14494664114352973,-0.7874940630012072,0.6789678685393986
Vigitel,0,3,42,153,Standard CTGAN,6638,1000,0.5,0.17,LogisticRegression,0.5260188087774295,0.31272727272727274,0.22631578947368422,0.5058823529411764,0.5758327427356484,0.23819537357357334,0.5904429482636429,0.2401216549629137,-1.5711893572353792,0.7948034914051695
Vigitel,0,3,42,153,Standard CTGAN,6638,1000,0.5,0.17,RandomForest,0.4938434577359287,0.09954751131221719,0.21568627450980393,0.06470588235294118,0.5082565556343019,0.23890357496279999,0.6299397590361445,0.14951723894177257,-0.9419529492061789,0.5832385364206661
Vigitel,0,3,42,153,Standard CTGAN,6638,1000,0.5,0.17,CatBoost,0.47244253180163837,0.043010752688172046,0.25,0.023529411764705882,0.5045357902197023,0.2710428915784944,0.6583876683203401,0.1376708092107711,-0.4720413266689581,0.8288012406264211
Vigitel,0,3,42,153,SepAware CTGAN,6638,1000,0.5,0.17,LogisticRegression,0.520087755381873,0.3146853146853147,0.22388059701492538,0.5294117647058824,0.5767540751240255,0.24232599444804412,0.6111091424521615,0.2335385594427779,-1.5347137696787145,0.5798235444840805
Vigitel,0,3,42,153,SepAware CTGAN,6638,1000,0.5,0.17,RandomForest,0.5237308864110131,0.16033755274261605,0.2835820895522388,0.11176470588235295,0.5269666902905741,0.2526499844189025,0.6548582565556343,0.14796000912601334,-0.862740581906215,0.6701372563960192
Vigitel,0,3,42,153,SepAware CTGAN,6638,1000,0.5,0.17,CatBoost,0.47352269623948806,0.050761421319796954,0.18518518518518517,0.029411764705882353,0.5014528703047484,0.25036435308166294,0.6522076541459957,0.1406946287580172,-0.6562639991567621,0.691833125132334
Vigitel,0,3,42,153,Standard TVAE,6638,1000,0.5,0.17,LogisticRegression,0.5063005454203499,0.19230769230769232,0.18041237113402062,0.20588235294117646,0.5071580439404677,0.19066918056117244,0.5461126860382707,0.20087725850906846,-1.4346198010853737,0.09591195153938174
Vigitel,0,3,42,153,Standard TVAE,6638,1000,0.5,0.17,RandomForest,0.4605873077971808,0.021505376344086023,0.125,0.011764705882352941,0.49744861800141743,0.2590859904020505,0.6607051736357193,0.13851592994992654,-0.5922883539096534,0.6445772625812848
Vigitel,0,3,42,153,Standard TVAE,6638,1000,0.5,0.17,CatBoost,0.46625958589487254,0.03980099502487562,0.12903225806451613,0.023529411764705882,0.4954996456413891,0.25150357451227884,0.6708610914245217,0.14042835486017347,-0.6404358233539631,0.6243024292426463
Vigitel,0,3,42,153,SepAware TVAE,6638,1000,0.5,0.17,LogisticRegression,0.5082251082251082,0.18857142857142858,0.18333333333333332,0.19411764705882353,0.5085046066619419,0.18446793765457903,0.5373954642097803,0.19607718131958252,-1.4406010209176805,0.08775166090648259
Vigitel,0,3,42,153,SepAware TVAE,6638,1000,0.5,0.17,RandomForest,0.45632200316487415,0.011049723756906077,0.09090909090909091,0.0058823529411764705,0.49691708008504604,0.26469606613068614,0.6665520907158043,0.13668053360532328,-0.4925175907500471,0.6963568734907949
Vigitel,0,3,42,153,SepAware TVAE,6638,1000,0.5,0.17,CatBoost,0.47641252114224314,0.059113300492610835,0.18181818181818182,0.03529411764705882,0.5013819985825656,0.25586309458123074,0.670524450744153,0.1409308263876454,-0.6857136452314871,0.5830404810931197
Vigitel,0,4,42,190,Real only,4000,1000,0.17,0.171,LogisticRegression,0.45295404814004375,0.0,0.0,0.0,0.49939686369119424,0.29441658417744854,0.6855825732404996,0.13321097304482168,0.21165443300409495,1.1297501954570872
Vigitel,0,4,42,190,Real only,4000,1000,0.17,0.171,RandomForest,0.47084148727984343,0.03428571428571429,0.75,0.017543859649122806,0.5081687935157556,0.31975096855170504,0.6985976199042035,0.13146245766078773,-0.03927245960914611,0.9590051423508069
Vigitel,0,4,42,190,Real only,4000,1000,0.17,0.171,CatBoost,0.458649645604361,0.011494252873563218,0.3333333333333333,0.005847953216374269,0.5017177039905756,0.31183666471604216,0.7119724320854407,0.13127883994668962,0.0640758481797794,1.0048042727550295
Vigitel,0,4,42,190,Class weighting,4000,1000,0.17,0.171,LogisticRegression,0.5818208751348595,0.37816764132553604,0.28362573099415206,0.5672514619883041,0.6358573353367335,0.29040542711584566,0.6846231985270775,0.22480308732942303,-1.5772614837137018,1.0553505522423545
Vigitel,0,4,42,190,Class weighting,4000,1000,0.17,0.171,RandomForest,0.5701009978580803,0.2747603833865815,0.3028169014084507,0.25146198830409355,0.5660204995802736,0.3232239890463112,0.6989714938734048,0.1543524933690047,-0.897724940003331,0.9348164310670254
Vigitel,0,4,42,190,Class weighting,4000,1000,0.17,0.171,CatBoost,0.5761368886920195,0.37988826815642457,0.2786885245901639,0.5964912280701754,0.639017628510359,0.31190418171524054,0.7032322462771322,0.2018539762912058,-1.4244578377331463,0.917931634125691
Vigitel,0,4,42,190,Random oversampling,6640,1000,0.5,0.171,LogisticRegression,0.5846363054325339,0.3794466403162055,0.2865671641791045,0.5614035087719298,0.6365521765813811,0.2880968438396916,0.684446842881228,0.22336632160429723,-1.5704739905002245,1.0285354720637834
Vigitel,0,4,42,190,Random oversampling,6640,1000,0.5,0.171,RandomForest,0.5819705573502953,0.31693989071038253,0.29743589743589743,0.3391812865497076,0.5869609689684605,0.29563188972793025,0.6856672239505075,0.1653892713915218,-1.0872561697025513,0.7462860654378514
Vigitel,0,4,42,190,Random oversampling,6640,1000,0.5,0.171,CatBoost,0.5953887325519522,0.4007707129094412,0.2988505747126437,0.6081871345029239,0.6569283079028492,0.30902566622482613,0.7012217919144463,0.1968587582668871,-1.3810062967718753,0.8581377919959318
Vigitel,0,4,42,190,Random undersampling,1360,1000,0.5,0.171,LogisticRegression,0.5730982681635148,0.3728813559322034,0.275,0.5789473684210527,0.6320551076122152,0.28698284539431357,0.6786905946006956,0.22645740838273526,-1.5776115162697215,1.0301191913563184
Vigitel,0,4,42,190,Random undersampling,1360,1000,0.5,0.171,RandomForest,0.5324405173688807,0.34448160535117056,0.24121779859484777,0.6023391812865497,0.6057534265901989,0.27117082039859736,0.6758689042671012,0.2243273810105772,-1.5513215759225798,0.8936985460689858
Vigitel,0,4,42,190,Random undersampling,1360,1000,0.5,0.171,CatBoost,0.5627832577979206,0.39008264462809916,0.271889400921659,0.6900584795321637,0.6544381661834522,0.2782984985613747,0.6918396715552452,0.22266107225729967,-1.553363210798921,0.8093757148133699
Vigitel,0,4,42,190,SMOTE,6640,1000,0.5,0.171,LogisticRegression,0.5284846260500775,0.30970149253731344,0.2273972602739726,0.4853801169590643,0.5726056193962994,0.229547455709531,0.6008683752001636,0.22495628989106575,-1.4833769746836678,0.38593663555081975
Vigitel,0,4,42,190,SMOTE,6640,1000,0.5,0.171,RandomForest,0.5020779138764814,0.12017167381974249,0.22580645161290322,0.08187134502923976,0.511985129691942,0.25415267334999875,0.658028767132951,0.14788918990392133,-0.8227304770560087,0.6837639967280954
Vigitel,0,4,42,190,SMOTE,6640,1000,0.5,0.171,CatBoost,0.49986698590050543,0.10476190476190476,0.28205128205128205,0.06432748538011696,0.5152759260434964,0.266014851594809,0.6690333594339689,0.14146628853260626,-0.6514645831880914,0.7556599682042566
Vigitel,0,4,42,190,Standard CTGAN,6640,1000,0.5,0.171,LogisticRegression,0.5566412318741795,0.3655536028119508,0.2613065326633166,0.6081871345029239,0.6267714924625597,0.26885648146638397,0.6756925486212515,0.23683861832737757,-1.6172178638861079,1.3925090706088716
Vigitel,0,4,42,190,Standard CTGAN,6640,1000,0.5,0.171,RandomForest,0.5579133510167993,0.23076923076923078,0.33707865168539325,0.17543859649122806,0.5521342560260725,0.2758821494947551,0.6643916788352062,0.1518645722750112,-0.8854647345204636,0.7666814190406096
Vigitel,0,4,42,190,Standard CTGAN,6640,1000,0.5,0.171,CatBoost,0.5067209273646566,0.1111111111111111,0.4074074074074074,0.06432748538011696,0.5225135617491659,0.29225866446265003,0.6797240386853745,0.13662261537887768,-0.3654591856810448,0.9552917428852521
Vigitel,0,4,42,190,SepAware CTGAN,6640,1000,0.5,0.171,LogisticRegression,0.5511642213066135,0.35951134380453753,0.2562189054726368,0.6023391812865497,0.6208318343103436,0.2808156468038667,0.6576901642929196,0.22236282744627328,-1.503116860738001,0.7845373408411687
Vigitel,0,4,42,190,SepAware CTGAN,6640,1000,0.5,0.171,RandomForest,0.5527442335952975,0.2222222222222222,0.32222222222222224,0.1695906432748538,0.5480040068002737,0.27846292337775774,0.6900831693225826,0.15058494581515275,-0.8795061575416728,0.7643357157156888
Vigitel,0,4,42,190,SepAware CTGAN,6640,1000,0.5,0.171,CatBoost,0.5310997432969782,0.16113744075829384,0.425,0.09941520467836257,0.5358354672366481,0.30216180365306505,0.6958112006997792,0.13697079114598285,-0.5065303528110349,0.8765877034778494
Vigitel,0,4,42,190,Standard TVAE,6640,1000,0.5,0.171,LogisticRegression,0.5378556860701853,0.2314540059347181,0.23493975903614459,0.22807017543859648,0.5374367765009629,0.22010980378767858,0.5781537680147292,0.18185429893220556,-1.3470043475400573,0.16364926857497064
Vigitel,0,4,42,190,Standard TVAE,6640,1000,0.5,0.171,RandomForest,0.4583170254403131,0.011428571428571429,0.25,0.005847953216374269,0.5011145676817698,0.2878438694301222,0.7008055925902411,0.13342265247454985,-0.09091528353729261,0.9614973336389873
Vigitel,0,4,42,190,Standard TVAE,6640,1000,0.5,0.171,CatBoost,0.4553246504501054,0.010869565217391304,0.07692307692307693,0.005847953216374269,0.4956863409025176,0.2988516531776222,0.7122404926671322,0.13224026306817224,-0.13020130736247898,0.9244293014565745
Vigitel,0,4,42,190,SepAware TVAE,6640,1000,0.5,0.171,LogisticRegression,0.521384395635624,0.1949685534591195,0.2108843537414966,0.18128654970760233,0.5206794630323295,0.2028570433457775,0.5614352527881827,0.18268267984666312,-1.382411628657154,0.1314337814589683
Vigitel,0,4,42,190,SepAware TVAE,6640,1000,0.5,0.171,RandomForest,0.4583170254403131,0.011428571428571429,0.25,0.005847953216374269,0.5011145676817698,0.2932869489116694,0.6923546300411262,0.13349128244863032,-0.12922283687446967,0.9203667819593436
Vigitel,0,4,42,190,SepAware TVAE,6640,1000,0.5,0.171,CatBoost,0.47077638848502473,0.042105263157894736,0.21052631578947367,0.023391812865497075,0.5026488618006617,0.2870005924177709,0.7091295790743446,0.1339549493781639,-0.23289753166824725,0.8475462893231145
Vigitel,1,0,43,1042,Real only,4000,1000,0.17025,0.17,LogisticRegression,0.453551912568306,0.0,0.0,0.0,0.5,0.27525098347507276,0.651842664776754,0.13472917861272246,-0.0709329774374248,0.9175362870312135
Vigitel,1,0,43,1042,Real only,4000,1000,0.17025,0.17,RandomForest,0.471239188729841,0.034482758620689655,0.75,0.01764705882352941,0.5082211197732105,0.33358940914252716,0.6877817150956769,0.13109593197848496,-0.18036508685818553,0.8502189163274032
Vigitel,1,0,43,1042,Real only,4000,1000,0.17025,0.17,CatBoost,0.458649645604361,0.011494252873563218,0.25,0.0058823529411764705,0.5011339475549256,0.3071267319371803,0.6852657689581856,0.1322153039192263,-0.1405772877809452,0.8554507391687493
Vigitel,1,0,43,1042,Class weighting,4000,1000,0.17025,0.17,LogisticRegression,0.5862395082161012,0.36363636363636365,0.2876712328767123,0.49411764705882355,0.6217576187101347,0.2712055267038708,0.6535506732813607,0.22068163554640483,-1.5214146708390175,0.8739131976324188
Vigitel,1,0,43,1042,Class weighting,4000,1000,0.17025,0.17,RandomForest,0.593662656458865,0.3141025641025641,0.34507042253521125,0.28823529411764703,0.5880935506732814,0.3351491448208935,0.6841743444365698,0.1547348101103275,-0.949378403563516,0.8321065881161621
Vigitel,1,0,43,1042,Class weighting,4000,1000,0.17025,0.17,CatBoost,0.5730982681635148,0.3728813559322034,0.2742382271468144,0.5823529411764706,0.6333451452870305,0.3076420684605069,0.6865308291991494,0.2032017987159251,-1.4169348392112773,0.8031416862568362
Vigitel,1,0,43,1042,Random oversampling,6638,1000,0.5,0.17,LogisticRegression,0.574188054039407,0.350210970464135,0.2730263157894737,0.48823529411764705,0.6109851169383416,0.27745001303481753,0.650644932671864,0.22160748549309348,-1.5240209165945187,0.860203470854155
Vigitel,1,0,43,1042,Random oversampling,6638,1000,0.5,0.17,RandomForest,0.6208291203235592,0.37209302325581395,0.367816091954023,0.3764705882352941,0.6219702338766833,0.3109573789069686,0.6796598157335223,0.16244271383919978,-1.0833337403009013,0.7155816800869473
Vigitel,1,0,43,1042,Random oversampling,6638,1000,0.5,0.17,CatBoost,0.5583168179463387,0.3538175046554935,0.25885558583106266,0.5588235294117647,0.6155563430191353,0.30250695993532084,0.674202693125443,0.20234317673378496,-1.397532862664261,0.7498168222968868
Vigitel,1,0,43,1042,Random undersampling,1362,1000,0.5,0.17,LogisticRegression,0.5863734421110831,0.36673773987206826,0.28762541806020064,0.5058823529411764,0.62462792345854,0.2647769112039322,0.6571934798015592,0.2206605424896145,-1.5199993171297819,0.8787773633339092
Vigitel,1,0,43,1042,Random undersampling,1362,1000,0.5,0.17,RandomForest,0.55,0.37,0.25813953488372093,0.6529411764705882,0.6343019135364989,0.29782187673520344,0.6801204819277109,0.2213444035130264,-1.5376126344166166,0.8782290748732715
Vigitel,1,0,43,1042,Random undersampling,1362,1000,0.5,0.17,CatBoost,0.5510521310541585,0.3651877133105802,0.25721153846153844,0.6294117647058823,0.6285613040396881,0.30974163078471684,0.6817717930545713,0.2183620720882069,-1.5141689270925354,0.76975529618846
Vigitel,1,0,43,1042,SMOTE,6638,1000,0.5,0.17,LogisticRegression,0.5255487403384769,0.29354207436399216,0.21994134897360704,0.4411764705882353,0.5603472714386959,0.20817496264016283,0.5690574060949681,0.2250805290613045,-1.499899988460674,0.23383367944950856
Vigitel,1,0,43,1042,SMOTE,6638,1000,0.5,0.17,RandomForest,0.5099203991921112,0.13157894736842105,0.25862068965517243,0.08823529411764706,0.5182140326009922,0.255300314585067,0.6552303330970942,0.1469527102682813,-0.837741140467389,0.6713579015984539
Vigitel,1,0,43,1042,SMOTE,6638,1000,0.5,0.17,CatBoost,0.4882022709045629,0.08490566037735849,0.21428571428571427,0.052941176470588235,0.506591070163005,0.23439284559687734,0.6360347271438695,0.1467581270524916,-0.8782679989225176,0.5608383543183859
Vigitel,1,0,43,1042,Standard CTGAN,6638,1000,0.5,0.17,LogisticRegression,0.5437950341768198,0.32892249527410206,0.24233983286908078,0.5117647058823529,0.5920269312544295,0.2471536105241253,0.5966123316796599,0.23611423278854157,-1.5545157538469696,0.7885366737983304
Vigitel,1,0,43,1042,Standard CTGAN,6638,1000,0.5,0.17,RandomForest,0.5374890796032684,0.18181818181818182,0.3442622950819672,0.12352941176470589,0.5376683203401842,0.28869832314920973,0.6624025513819986,0.14625560101115692,-0.8306581764457901,0.7427371661945953
Vigitel,1,0,43,1042,Standard CTGAN,6638,1000,0.5,0.17,CatBoost,0.4720246821087157,0.0427807486631016,0.23529411764705882,0.023529411764705882,0.5039333805811481,0.27389428331097126,0.6442168674698795,0.13830739467967806,-0.591918506591057,0.7342828031995271
Vigitel,1,0,43,1042,SepAware CTGAN,6638,1000,0.5,0.17,LogisticRegression,0.548203104064748,0.3326959847036329,0.24645892351274787,0.5117647058823529,0.5956413890857548,0.2615473497843339,0.6066973777462792,0.2219882608810459,-1.4854396255214526,0.43377567448603516
Vigitel,1,0,43,1042,SepAware CTGAN,6638,1000,0.5,0.17,RandomForest,0.5702857142857143,0.248,0.3875,0.18235294117647058,0.5616583982990786,0.29866587561128405,0.6608008504606663,0.1479545386479925,-0.9140672365953741,0.6588199536817824
Vigitel,1,0,43,1042,SepAware CTGAN,6638,1000,0.5,0.17,CatBoost,0.5049765071252963,0.10945273631840796,0.3548387096774194,0.06470588235294118,0.5203047484053863,0.27723306476146764,0.655,0.13992083531048757,-0.7105851967849778,0.649630287705622
Vigitel,1,0,43,1042,Standard TVAE,6638,1000,0.5,0.17,LogisticRegression,0.5173289784068227,0.19393939393939394,0.2,0.18823529411764706,0.5170092133238837,0.2124176618407494,0.5507158043940468,0.1839139505921915,-1.4068102061466425,0.10997330983297855
Vigitel,1,0,43,1042,Standard TVAE,6638,1000,0.5,0.17,RandomForest,0.4583170254403131,0.011428571428571429,0.2,0.0058823529411764705,0.5005315379163714,0.28922412797855446,0.6774415308291991,0.1338998213788439,-0.3009866107974676,0.8025157885999857
Vigitel,1,0,43,1042,Standard TVAE,6638,1000,0.5,0.17,CatBoost,0.48382301323477794,0.06417112299465241,0.35294117647058826,0.03529411764705882,0.511020552799433,0.27976373159146745,0.6629482636428066,0.13635076261281415,-0.47841110625081096,0.6645636346617637
Vigitel,1,0,43,1042,SepAware TVAE,6638,1000,0.5,0.17,LogisticRegression,0.4934679632402465,0.14953271028037382,0.15894039735099338,0.1411764705882353,0.4940822111977321,0.19626801903998714,0.5327427356484763,0.18853796696505257,-1.4522630924358517,0.0787385028339171
Vigitel,1,0,43,1042,SepAware TVAE,6638,1000,0.5,0.17,RandomForest,0.458649645604361,0.011494252873563218,0.25,0.0058823529411764705,0.5011339475549256,0.3036326649409826,0.6861020552799433,0.13277630630127032,-0.21910500591897775,0.8419755467667047
Vigitel,1,0,43,1042,SepAware TVAE,6638,1000,0.5,0.17,CatBoost,0.482407676650189,0.06315789473684211,0.3,0.03529411764705882,0.5092133238837704,0.27027941309569603,0.6629128277817152,0.13781893496718756,-0.5538026202813531,0.6164941556780871
Vigitel,1,1,43,1079,Real only,4000,1000,0.17025,0.17,LogisticRegression,0.453551912568306,0.0,0.0,0.0,0.5,0.2644363416687905,0.6495109851169384,0.13642580124182968,-0.29180176657980533,0.8048495853471335
Vigitel,1,1,43,1079,Real only,4000,1000,0.17025,0.17,RandomForest,0.458649645604361,0.011494252873563218,0.25,0.0058823529411764705,0.5011339475549256,0.262509232300305,0.6563288447909285,0.13658714659086169,-0.45312769089982635,0.6820369834292437
Vigitel,1,1,43,1079,Real only,4000,1000,0.17025,0.17,CatBoost,0.46312266266616353,0.0223463687150838,0.2222222222222222,0.011764705882352941,0.501665485471297,0.28525125215837555,0.6708362863217577,0.1346841831885639,-0.40331872722456735,0.7108867506840609
Vigitel,1,1,43,1079,Class weighting,4000,1000,0.17025,0.17,LogisticRegression,0.5687625336656242,0.3557312252964427,0.26785714285714285,0.5294117647058824,0.6165131112686038,0.2635022537363056,0.6513961729270021,0.23027909725929102,-1.5665352330188944,0.7668842816159961
Vigitel,1,1,43,1079,Class weighting,4000,1000,0.17025,0.17,RandomForest,0.5572916666666666,0.25625,0.2733333333333333,0.2411764705882353,0.554925584691708,0.26236170135616643,0.6548759744861801,0.164135694887123,-1.0842903560354795,0.6593719198748671
Vigitel,1,1,43,1079,Class weighting,4000,1000,0.17025,0.17,CatBoost,0.5684523809523809,0.37857142857142856,0.2717948717948718,0.6235294117647059,0.6406803685329554,0.2812531555643615,0.67851169383416,0.2117580669902019,-1.4599946124479215,0.6855145563554667
Vigitel,1,1,43,1079,Random oversampling,6638,1000,0.5,0.17,LogisticRegression,0.5657318613369882,0.3499005964214712,0.26426426426426425,0.5176470588235295,0.6112331679659816,0.26832949966527875,0.6487384833451453,0.22834633579627275,-1.5542249061253586,0.7307447030213216
Vigitel,1,1,43,1079,Random oversampling,6638,1000,0.5,0.17,RandomForest,0.573170731707317,0.3,0.28421052631578947,0.3176470588235294,0.5768958185683912,0.2514448883643944,0.6463642806520198,0.17312692380362,-1.1971397764938794,0.5322639746114793
Vigitel,1,1,43,1079,Random oversampling,6638,1000,0.5,0.17,CatBoost,0.5725585149313963,0.36952380952380953,0.27323943661971833,0.5705882352941176,0.6298724309000708,0.28719287832350926,0.6830333097094258,0.20615083230965792,-1.4263091914750554,0.6635224100581929
Vigitel,1,1,43,1079,Random undersampling,1362,1000,0.5,0.17,LogisticRegression,0.5521673949794266,0.34392523364485983,0.25205479452054796,0.5411764705882353,0.6061304039688165,0.25435745660653447,0.6467965981573351,0.23385948856535138,-1.5779153040730736,0.6771079750052236
Vigitel,1,1,43,1079,Random undersampling,1362,1000,0.5,0.17,RandomForest,0.523387708133513,0.33607907742998355,0.2334096109839817,0.6,0.5981927710843373,0.2515749175627185,0.648582565556343,0.23105131068016926,-1.546966421524344,0.6612991529442029
Vigitel,1,1,43,1079,Random undersampling,1362,1000,0.5,0.17,CatBoost,0.5434903153023958,0.35906040268456374,0.2511737089201878,0.6294117647058823,0.622537207654146,0.25920466494993294,0.66194188518781,0.23290882590536943,-1.554038506448388,0.5814150273939126
Vigitel,1,1,43,1079,SMOTE,6638,1000,0.5,0.17,LogisticRegression,0.4978132704341458,0.2934232715008432,0.20567375886524822,0.5117647058823529,0.5534727143869596,0.21093831111564937,0.5778313253012048,0.24147449557752657,-1.5247073079879305,0.28497744191270113
Vigitel,1,1,43,1079,SMOTE,6638,1000,0.5,0.17,RandomForest,0.49671361502347416,0.10666666666666667,0.21818181818181817,0.07058823529411765,0.5093905031892275,0.24568790306164778,0.6377675407512402,0.1486191890603328,-0.9019733675766067,0.590529261413595
Vigitel,1,1,43,1079,SMOTE,6638,1000,0.5,0.17,CatBoost,0.5040174585854578,0.11764705882352941,0.2549019607843137,0.07647058823529412,0.5153437278525869,0.2543266084817276,0.6520198440822111,0.1453223369321409,-0.853143610964611,0.5972753033955471
Vigitel,1,1,43,1079,Standard CTGAN,6638,1000,0.5,0.17,LogisticRegression,0.5220530281534728,0.30458715596330277,0.22133333333333333,0.48823529411764705,0.5682140326009922,0.23233106645301402,0.5866335931963147,0.23511913318978347,-1.5403021366738414,0.5825228662024731
Vigitel,1,1,43,1079,Standard CTGAN,6638,1000,0.5,0.17,RandomForest,0.538122412883539,0.19771863117870722,0.27956989247311825,0.15294117647058825,0.5361091424521616,0.2337255436338207,0.597859673990078,0.16064241789069478,-1.1232892154718856,0.4778240263080097
Vigitel,1,1,43,1079,Standard CTGAN,6638,1000,0.5,0.17,CatBoost,0.5093080695521546,0.11822660098522167,0.36363636363636365,0.07058823529411765,0.5226435152374203,0.26830568688194617,0.6479128277817151,0.13935436675141097,-0.6123617611384953,0.7286988129165152
Vigitel,1,1,43,1079,SepAware CTGAN,6638,1000,0.5,0.17,LogisticRegression,0.5324043766950342,0.32432432432432434,0.23376623376623376,0.5294117647058824,0.5869950389794472,0.2656064472223796,0.6083416017009213,0.22795376949692375,-1.5081717013432117,0.518428088060504
Vigitel,1,1,43,1079,SepAware CTGAN,6638,1000,0.5,0.17,RandomForest,0.5571096042501299,0.2422145328719723,0.29411764705882354,0.20588235294117646,0.552338766832034,0.2475764445628776,0.6236853295535082,0.16163645424878853,-1.1159665965609478,0.49544218717332905
Vigitel,1,1,43,1079,SepAware CTGAN,6638,1000,0.5,0.17,CatBoost,0.5231581004494821,0.14883720930232558,0.35555555555555557,0.09411764705882353,0.5295889440113395,0.28613281085407877,0.6620623671155209,0.1394788054405963,-0.6788880851307932,0.6921805450112516
Vigitel,1,1,43,1079,Standard TVAE,6638,1000,0.5,0.17,LogisticRegression,0.5379770898012278,0.24089635854341737,0.22994652406417113,0.2529411764705882,0.5397236002834869,0.21844661363151252,0.5897094259390503,0.18956858322388342,-1.3684353581911468,0.1554554564820257
Vigitel,1,1,43,1079,Standard TVAE,6638,1000,0.5,0.17,RandomForest,0.46385017556582403,0.022598870056497175,0.2857142857142857,0.011764705882352941,0.5028703047484054,0.25219883088054507,0.6469879518072289,0.13805840601566835,-0.5339876322925015,0.6632329850308917
Vigitel,1,1,43,1079,Standard TVAE,6638,1000,0.5,0.17,CatBoost,0.4940389648153533,0.08421052631578947,0.4,0.047058823529411764,0.5163004961020553,0.26556325584807444,0.663954642097803,0.13784860048714848,-0.5944271299795888,0.6144637794509289
Vigitel,1,1,43,1079,SepAware TVAE,6638,1000,0.5,0.17,LogisticRegression,0.5166763847393578,0.20396600566572237,0.19672131147540983,0.21176470588235294,0.5173281360737065,0.19778840068906273,0.5660595322466335,0.18964945376420775,-1.41645773078239,0.11231949069808553
Vigitel,1,1,43,1079,SepAware TVAE,6638,1000,0.5,0.17,RandomForest,0.458649645604361,0.011494252873563218,0.25,0.0058823529411764705,0.5011339475549256,0.2579722398417592,0.6535931963146705,0.13706327867487397,-0.4804528858951519,0.683107013345903
Vigitel,1,1,43,1079,SepAware TVAE,6638,1000,0.5,0.17,CatBoost,0.4923359098650596,0.08823529411764706,0.2647058823529412,0.052941176470588235,0.5114103472714386,0.2613853637803499,0.6662048192771085,0.1402435718254567,-0.6782120718646828,0.5573003969711814
Vigitel,1,2,43,1116,Real only,4000,1000,0.17025,0.17,LogisticRegression,0.453551912568306,0.0,0.0,0.0,0.5,0.29534544092026227,0.6807228915662651,0.13264314842227332,0.1623041446928293,1.126585800268402
Vigitel,1,2,43,1116,Real only,4000,1000,0.17025,0.17,RandomForest,0.45295404814004375,0.0,0.0,0.0,0.4987951807228916,0.3008490179441725,0.7075478384124734,0.13104914292275244,-0.023376448809867487,0.971118338738813
Vigitel,1,2,43,1116,Real only,4000,1000,0.17025,0.17,CatBoost,0.458982317264159,0.011560693641618497,0.3333333333333333,0.0058823529411764705,0.5017363571934799,0.3093456058068803,0.7033132530120482,0.13123724577939597,-0.03301082634379787,0.9647902028183905
Vigitel,1,2,43,1116,Class weighting,4000,1000,0.17025,0.17,LogisticRegression,0.5803066989507668,0.38095238095238093,0.28169014084507044,0.5882352941176471,0.6405031892274982,0.28830832733501366,0.6801700921332388,0.2303207767372038,-1.619731647793975,1.0526949373373187
Vigitel,1,2,43,1116,Class weighting,4000,1000,0.17025,0.17,RandomForest,0.5810575968222442,0.2894736842105263,0.3283582089552239,0.25882352941176473,0.5751948972360028,0.3076154904703712,0.7082423812898653,0.15304107229865763,-0.8871097329502772,0.9624785876924443
Vigitel,1,2,43,1116,Class weighting,4000,1000,0.17025,0.17,CatBoost,0.5746256705901193,0.38405797101449274,0.2774869109947644,0.6235294117647059,0.6454996456413891,0.31397284748346055,0.6981006378454996,0.2061690697534083,-1.457440484281103,0.8761257010690644
Vigitel,1,2,43,1116,Random oversampling,6638,1000,0.5,0.17,LogisticRegression,0.5690046565401945,0.3677298311444653,0.2699724517906336,0.5764705882352941,0.6285967399007796,0.28693973471236667,0.6791495393338058,0.23080883857444773,-1.6234601718378927,1.066903176754161
Vigitel,1,2,43,1116,Random oversampling,6638,1000,0.5,0.17,RandomForest,0.6100904304029304,0.35119047619047616,0.35542168674698793,0.34705882352941175,0.6090715804394047,0.3047129347599401,0.7140751240255139,0.158521884786256,-1.0190821121457228,0.8507478903326737
Vigitel,1,2,43,1116,Random oversampling,6638,1000,0.5,0.17,CatBoost,0.5869095076038066,0.39399624765478425,0.2892561983471074,0.6176470588235294,0.6534018426647767,0.3121427655441251,0.6973352232459249,0.20318243915042655,-1.4264828020195488,0.8082407872054359
Vigitel,1,2,43,1116,Random undersampling,1362,1000,0.5,0.17,LogisticRegression,0.5632975884322384,0.36983842010771995,0.2661498708010336,0.6058823529411764,0.6318568391211906,0.28146603019897454,0.6824946846208363,0.2316304793964847,-1.6290475549437964,1.046861089895794
Vigitel,1,2,43,1116,Random undersampling,1362,1000,0.5,0.17,RandomForest,0.5689469373679901,0.3939393939393939,0.2759433962264151,0.6882352941176471,0.659177888022679,0.3418343053435011,0.7151311126860382,0.2198237425671415,-1.6175522058922682,1.1304997688067215
Vigitel,1,2,43,1116,Random undersampling,1362,1000,0.5,0.17,CatBoost,0.5498996526944535,0.3685092127303183,0.2576112412177986,0.6470588235294118,0.6325655563430191,0.3352057600410763,0.6916017009213323,0.22436462342153765,-1.591639980992332,0.8294970620859076
Vigitel,1,2,43,1116,SMOTE,6638,1000,0.5,0.17,LogisticRegression,0.5133322626643112,0.3079584775086505,0.2181372549019608,0.5235294117647059,0.5695960311835577,0.21293458126260822,0.5942806520198441,0.23344557984574882,-1.51084074214043,0.29877475350737887
Vigitel,1,2,43,1116,SMOTE,6638,1000,0.5,0.17,RandomForest,0.5045965270684372,0.11818181818181818,0.26,0.07647058823529412,0.515946137491141,0.25116770816905076,0.6522466335931962,0.14576506636391157,-0.8150597509164447,0.6659781988335096
Vigitel,1,2,43,1116,SMOTE,6638,1000,0.5,0.17,CatBoost,0.4857589317423112,0.07179487179487179,0.28,0.041176470588235294,0.5097448618001418,0.2750807192200643,0.6581077250177179,0.1415712002877634,-0.7326101210221965,0.6995361968156162
Vigitel,1,2,43,1116,Standard CTGAN,6638,1000,0.5,0.17,LogisticRegression,0.5184604318815582,0.31669535283993117,0.22384428223844283,0.5411764705882353,0.5784195605953224,0.2463214487512203,0.6285258681785968,0.2367018015655004,-1.5766243487880227,0.7574403653833467
Vigitel,1,2,43,1116,Standard CTGAN,6638,1000,0.5,0.17,RandomForest,0.5226147138742644,0.16600790513833993,0.25301204819277107,0.12352941176470589,0.5244153082919916,0.2354540246434057,0.6460311835577605,0.155981914054833,-1.0100063540027349,0.5979421944545668
Vigitel,1,2,43,1116,Standard CTGAN,6638,1000,0.5,0.17,CatBoost,0.4730882633213377,0.050505050505050504,0.17857142857142858,0.029411764705882353,0.5008504606661942,0.2581725176350211,0.6736428065201985,0.14050263815220626,-0.6115804645424878,0.7627129347980544
Vigitel,1,2,43,1116,SepAware CTGAN,6638,1000,0.5,0.17,LogisticRegression,0.5385579937304075,0.33090909090909093,0.2394736842105263,0.5352941176470588,0.5935506732813607,0.29534729349934097,0.6284975194897235,0.22514779491823103,-1.5039370035892674,0.548238115261409
Vigitel,1,2,43,1116,SepAware CTGAN,6638,1000,0.5,0.17,RandomForest,0.5797440786354725,0.2775800711743772,0.35135135135135137,0.22941176470588234,0.5713323883770376,0.26485767518822156,0.667087172218285,0.1534144997092753,-0.9783875595187717,0.6103947009291953
Vigitel,1,2,43,1116,SepAware CTGAN,6638,1000,0.5,0.17,CatBoost,0.5063464207530931,0.11981566820276497,0.2765957446808511,0.07647058823529412,0.5177533664068037,0.26528367562597593,0.6750389794472006,0.14211465974409482,-0.7225729738877198,0.6775185591009367
Vigitel,1,2,43,1116,Standard TVAE,6638,1000,0.5,0.17,LogisticRegression,0.5317010435378239,0.2254335260115607,0.2215909090909091,0.22941176470588234,0.5321757618710135,0.23535455922218287,0.5838270729978738,0.18153229808476903,-1.3136101122432515,0.1935107480011864
Vigitel,1,2,43,1116,Standard TVAE,6638,1000,0.5,0.17,RandomForest,0.4642145135566188,0.022727272727272728,0.3333333333333333,0.011764705882352941,0.5034727143869596,0.28405334436021007,0.6964422395464209,0.1334873256823946,-0.1909433241809579,0.8859385120028135
Vigitel,1,2,43,1116,Standard TVAE,6638,1000,0.5,0.17,CatBoost,0.4998546088979354,0.09473684210526316,0.45,0.052941176470588235,0.5198440822111977,0.2847282142785033,0.6893621545003543,0.13493293540873633,-0.3836659440027884,0.7598149331750765
Vigitel,1,2,43,1116,SepAware TVAE,6638,1000,0.5,0.17,LogisticRegression,0.5385473901098902,0.23214285714285715,0.23493975903614459,0.22941176470588234,0.5381998582565557,0.22567752876753433,0.5814812189936216,0.1803605294259318,-1.317584379214212,0.1856618497932751
Vigitel,1,2,43,1116,SepAware TVAE,6638,1000,0.5,0.17,RandomForest,0.464944417167101,0.022988505747126436,0.5,0.011764705882352941,0.5046775336640681,0.2940599434010375,0.6971438695960311,0.13204742638936176,-0.05027620849765054,0.9637021916941223
Vigitel,1,2,43,1116,SepAware TVAE,6638,1000,0.5,0.17,CatBoost,0.47837014380386716,0.053763440860215055,0.3125,0.029411764705882353,0.5080793763288448,0.2706364912840928,0.6815981573352232,0.1364672092909961,-0.4279030594420995,0.7158253906008346
Vigitel,1,3,43,1153,Real only,4000,1000,0.17025,0.17,LogisticRegression,0.45295404814004375,0.0,0.0,0.0,0.4987951807228916,0.25860162302376904,0.6570056697377745,0.13628192561330968,-0.2170810378353028,0.8600831044420083
Vigitel,1,3,43,1153,Real only,4000,1000,0.17025,0.17,RandomForest,0.4642145135566188,0.022727272727272728,0.3333333333333333,0.011764705882352941,0.5034727143869596,0.27461830199601334,0.6541778880226788,0.13608859522500483,-0.48423697137356775,0.6763713112830473
Vigitel,1,3,43,1153,Real only,4000,1000,0.17025,0.17,CatBoost,0.4692584036642645,0.0335195530726257,0.3333333333333333,0.01764705882352941,0.5052090715804394,0.272558162458252,0.6788199858256556,0.13482080781083178,-0.2869790643303861,0.8022220740960936
Vigitel,1,3,43,1153,Class weighting,4000,1000,0.17025,0.17,LogisticRegression,0.5593475205125691,0.34563106796116505,0.2579710144927536,0.5235294117647059,0.6075478384124735,0.2604386722982097,0.6593656980864634,0.23044029554937184,-1.5782237246570892,0.8392381395529517
Vigitel,1,3,43,1153,Class weighting,4000,1000,0.17025,0.17,RandomForest,0.5785415338156285,0.294478527607362,0.3076923076923077,0.2823529411764706,0.5761162296243798,0.26441420839959523,0.653880226789511,0.1652369740487544,-1.0898358681578535,0.6828543291023337
Vigitel,1,3,43,1153,Class weighting,4000,1000,0.17025,0.17,CatBoost,0.5425388590617523,0.3357664233576642,0.24338624338624337,0.5411764705882353,0.5982990786676117,0.2646542146395771,0.6706272147413183,0.21503978534052118,-1.477403333501199,0.7574814677228078
Vigitel,1,3,43,1153,Random oversampling,6638,1000,0.5,0.17,LogisticRegression,0.5525864732404406,0.3427495291902072,0.2520775623268698,0.5352941176470588,0.6049964564138908,0.2574819411945803,0.6553118355776044,0.23162611036176,-1.580409255085409,0.8460220024562585
Vigitel,1,3,43,1153,Random oversampling,6638,1000,0.5,0.17,RandomForest,0.5805923225278063,0.3172043010752688,0.29207920792079206,0.34705882352941175,0.5873848334514529,0.2531684713376475,0.6424911410347272,0.17628666503347926,-1.2238148702662417,0.5429662330321214
Vigitel,1,3,43,1153,Random oversampling,6638,1000,0.5,0.17,CatBoost,0.5591295453743872,0.358974358974359,0.26063829787234044,0.5764705882352941,0.6207654145995747,0.2757421880335827,0.6737880935506732,0.2095761433347298,-1.4414457771683968,0.7354741926822924
Vigitel,1,3,43,1153,Random undersampling,1362,1000,0.5,0.17,LogisticRegression,0.5544037204728443,0.3458646616541353,0.2541436464088398,0.5411764705882353,0.607937632884479,0.259240972434748,0.6623919206236711,0.23241868795749543,-1.5903694576917755,0.849502545861927
Vigitel,1,3,43,1153,Random undersampling,1362,1000,0.5,0.17,RandomForest,0.5413476299792299,0.3588039867109635,0.25,0.6352941176470588,0.6224663359319631,0.2646434330804599,0.6572962437987242,0.23217829476305976,-1.5791663396526943,0.7777519354744344
Vigitel,1,3,43,1153,Random undersampling,1362,1000,0.5,0.17,CatBoost,0.5399449589675844,0.35914332784184516,0.2494279176201373,0.6411764705882353,0.6229978738483346,0.26943839088763133,0.673107725017718,0.23372314114162646,-1.5919675538069662,0.7041386239028098
Vigitel,1,3,43,1153,SMOTE,6638,1000,0.5,0.17,LogisticRegression,0.5249069134279043,0.3068391866913124,0.22371967654986524,0.48823529411764705,0.5706236711552091,0.20480540843329811,0.593929836995039,0.23104614841054108,-1.5074175996243926,0.31812885036461036
Vigitel,1,3,43,1153,SMOTE,6638,1000,0.5,0.17,RandomForest,0.4994892747701737,0.10909090909090909,0.24,0.07058823529411765,0.5124025513819986,0.23499858608509572,0.6423281360737065,0.14988003169992029,-0.9047457361555478,0.6222039460747021
Vigitel,1,3,43,1153,SMOTE,6638,1000,0.5,0.17,CatBoost,0.49092719127562334,0.08163265306122448,0.3076923076923077,0.047058823529411764,0.51268603827073,0.2658309849473036,0.6753685329553508,0.14078975030940025,-0.627985027164932,0.8101612388380766
Vigitel,1,3,43,1153,Standard CTGAN,6638,1000,0.5,0.17,LogisticRegression,0.4780122991142705,0.27495908346972175,0.19047619047619047,0.49411764705882355,0.5319985825655564,0.19635097935393128,0.5422714386959604,0.2439508386360745,-1.5651246125412925,0.42856209606966617
Vigitel,1,3,43,1153,Standard CTGAN,6638,1000,0.5,0.17,RandomForest,0.5142507008844582,0.13973799126637554,0.2711864406779661,0.09411764705882353,0.5211552090715804,0.2333360617442908,0.6058788093550673,0.15409210050547376,-1.0406914292577436,0.5164040392734994
Vigitel,1,3,43,1153,Standard CTGAN,6638,1000,0.5,0.17,CatBoost,0.4797164605080734,0.0546448087431694,0.38461538461538464,0.029411764705882353,0.5098866052445075,0.2568673875031303,0.6462756909992914,0.13942023102053225,-0.5547825872042969,0.7769767199851548
Vigitel,1,3,43,1153,SepAware CTGAN,6638,1000,0.5,0.17,LogisticRegression,0.5234003042335882,0.31560283687943264,0.22588832487309646,0.5235294117647059,0.5780297661233168,0.21933111108652042,0.5783380581148121,0.23495237469990843,-1.515203733425592,0.2837457127164633
Vigitel,1,3,43,1153,SepAware CTGAN,6638,1000,0.5,0.17,RandomForest,0.5170454545454545,0.15,0.2571428571428571,0.10588235294117647,0.5216158752657689,0.23818987418373636,0.6256236711552091,0.15311309568611778,-0.9890452001862946,0.5612095392144901
Vigitel,1,3,43,1153,SepAware CTGAN,6638,1000,0.5,0.17,CatBoost,0.5,0.1,0.3333333333333333,0.058823529411764705,0.517363571934798,0.24740635044435616,0.6467788802267895,0.14234025404539682,-0.7153325695595482,0.661177093033412
Vigitel,1,3,43,1153,Standard TVAE,6638,1000,0.5,0.17,LogisticRegression,0.5690368490732569,0.2897727272727273,0.2802197802197802,0.3,0.5710843373493976,0.23356544920456,0.5922856130403968,0.17947352674260605,-1.310788657993391,0.1912866696606155
Vigitel,1,3,43,1153,Standard TVAE,6638,1000,0.5,0.17,RandomForest,0.46847123214443004,0.03314917127071823,0.2727272727272727,0.01764705882352941,0.504004252303331,0.26362430499956957,0.6518462083628632,0.13738671754949772,-0.517681029663194,0.6922455247061527
Vigitel,1,3,43,1153,Standard TVAE,6638,1000,0.5,0.17,CatBoost,0.4940389648153533,0.08421052631578947,0.4,0.047058823529411764,0.5163004961020553,0.29292130622060913,0.6836180014174343,0.13409220654680126,-0.3601525721170377,0.7935424925944212
Vigitel,1,3,43,1153,SepAware TVAE,6638,1000,0.5,0.17,LogisticRegression,0.5817262490838695,0.2981366459627329,0.3157894736842105,0.2823529411764706,0.5785258681785967,0.25375486930921315,0.6180120481927711,0.16845911385174112,-1.197808744310546,0.2542985934878146
Vigitel,1,3,43,1153,SepAware TVAE,6638,1000,0.5,0.17,RandomForest,0.46385017556582403,0.022598870056497175,0.2857142857142857,0.011764705882352941,0.5028703047484054,0.2545060373593897,0.6504429482636429,0.1379550801827945,-0.5490293620691808,0.6493316831145597
Vigitel,1,3,43,1153,SepAware TVAE,6638,1000,0.5,0.17,CatBoost,0.517084478021978,0.1346153846153846,0.3684210526315789,0.08235294117647059,0.526718639262934,0.2742106312464374,0.6839936215450035,0.1375630594790279,-0.506894359628269,0.671538828997283
Vigitel,1,4,43,1190,Real only,4000,1000,0.17,0.171,LogisticRegression,0.45295404814004375,0.0,0.0,0.0,0.49939686369119424,0.28783536203337584,0.6693790164998342,0.1340762369326426,-0.016645186729528614,1.0031745063213426
Vigitel,1,4,43,1190,Real only,4000,1000,0.17,0.171,RandomForest,0.47454584663420796,0.04419889502762431,0.4,0.023391812865497075,0.5080770885799137,0.28865856664987344,0.6745074386811418,0.1348426187066325,-0.3476990484186838,0.7911353102190782
Vigitel,1,4,43,1190,Real only,4000,1000,0.17,0.171,CatBoost,0.47881766063584247,0.05405405405405406,0.35714285714285715,0.029239766081871343,0.5091916562616836,0.30378600756040136,0.6816533694509695,0.1336885746245909,-0.3092296278994777,0.7929881661769147
Vigitel,1,4,43,1190,Class weighting,4000,1000,0.17,0.171,LogisticRegression,0.5825845707620039,0.3926605504587156,0.28609625668449196,0.6257309941520468,0.6518281026248774,0.286806623298025,0.6699715714698891,0.2316568829433062,-1.6101190915854875,0.9564189856726688
Vigitel,1,4,43,1190,Class weighting,4000,1000,0.17,0.171,RandomForest,0.5751881811032469,0.29651162790697677,0.2947976878612717,0.2982456140350877,0.5755401773432375,0.2739946351154697,0.6711284645066626,0.16591260967312751,-1.082707214609722,0.7377710384701933
Vigitel,1,4,43,1190,Class weighting,4000,1000,0.17,0.171,CatBoost,0.554848812343909,0.3683304647160069,0.26097560975609757,0.6257309941520468,0.630115195507869,0.2911668047995165,0.6738796125819172,0.21727327242029937,-1.4796021774734411,0.6883900386490859
Vigitel,1,4,43,1190,Random oversampling,6640,1000,0.5,0.171,LogisticRegression,0.5763571790969051,0.3814814814814815,0.2791327913279133,0.6023391812865497,0.6407353325009346,0.29196310579043716,0.6746767401011574,0.23140850943474875,-1.6139367583182171,0.9651461559613663
Vigitel,1,4,43,1190,Random oversampling,6640,1000,0.5,0.171,RandomForest,0.5656463392382826,0.29765013054830286,0.2688679245283019,0.3333333333333333,0.5731805388017692,0.26345634524336425,0.6522936815299205,0.17881124633717024,-1.2279350792556385,0.571483109887926
Vigitel,1,4,43,1190,Random oversampling,6640,1000,0.5,0.171,CatBoost,0.5644405288087944,0.3736654804270463,0.26854219948849106,0.6140350877192983,0.6345205595411931,0.29669428168688083,0.6772691680951474,0.21234069783456147,-1.4544528587913952,0.6733113529298518
Vigitel,1,4,43,1190,Random undersampling,1360,1000,0.5,0.171,LogisticRegression,0.559680552557738,0.368141592920354,0.2639593908629442,0.6081871345029239,0.6291840376977829,0.29853238699385143,0.6661763979712046,0.2355163241343369,-1.6263321465257856,0.9053520279638407
Vigitel,1,4,43,1190,Random undersampling,1360,1000,0.5,0.171,RandomForest,0.5519292845882441,0.37987012987012986,0.26292134831460673,0.6842105263157895,0.6442765538695956,0.27564005041821504,0.6742041069702804,0.23175680812456756,-1.595885982844642,0.8359325399903863
Vigitel,1,4,43,1190,Random undersampling,1360,1000,0.5,0.171,CatBoost,0.5454351747943804,0.36633663366336633,0.25517241379310346,0.6491228070175439,0.629145239455696,0.27211256485241253,0.6621554892458327,0.23813768353753034,-1.5856864354559639,0.592001593758359
Vigitel,1,4,43,1190,SMOTE,6640,1000,0.5,0.171,LogisticRegression,0.502322495023225,0.2773722627737226,0.20159151193633953,0.4444444444444444,0.5406781932716793,0.1999301067947683,0.5664437531303127,0.2377009097598854,-1.522579632277114,0.2062294787733028
Vigitel,1,4,43,1190,SMOTE,6640,1000,0.5,0.171,RandomForest,0.5040013735346579,0.12605042016806722,0.22388059701492538,0.08771929824561403,0.5124965610649059,0.22003403805207178,0.629155820794447,0.15641808990710923,-1.0559399320849485,0.4784840492527719
Vigitel,1,4,43,1190,SMOTE,6640,1000,0.5,0.171,CatBoost,0.5045843893823101,0.12658227848101267,0.22727272727272727,0.08771929824561403,0.5130996973737117,0.22649045538032603,0.6109523910298464,0.15417674130703948,-1.0607019432961924,0.4299679727627333
Vigitel,1,4,43,1190,Standard CTGAN,6640,1000,0.5,0.171,LogisticRegression,0.5053272450532724,0.2777777777777778,0.2032520325203252,0.43859649122807015,0.5419761708251328,0.25152778095766504,0.5764889707179086,0.2307251754938172,-1.514768388494346,0.5222400573674617
Vigitel,1,4,43,1190,Standard CTGAN,6640,1000,0.5,0.171,RandomForest,0.5195818440370499,0.15254237288135594,0.27692307692307694,0.10526315789473684,0.5242841724334963,0.24853932538957602,0.6376208917952298,0.1509710548586931,-0.943959222160786,0.5969140102700607
Vigitel,1,4,43,1190,Standard CTGAN,6640,1000,0.5,0.171,CatBoost,0.4933864910406502,0.0891089108910891,0.2903225806451613,0.05263157894736842,0.5130467906799568,0.27620850467122016,0.6693613809352491,0.13825253066857512,-0.5373372065637272,0.7755983509876357
Vigitel,1,4,43,1190,SepAware CTGAN,6640,1000,0.5,0.171,LogisticRegression,0.4994342754767858,0.2876949740034662,0.2044334975369458,0.4853801169590643,0.547877030735262,0.2432308395373267,0.5874935630189265,0.23258419890319806,-1.510945744382061,0.4248695417525782
Vigitel,1,4,43,1190,SepAware CTGAN,6640,1000,0.5,0.171,RandomForest,0.5318482261219419,0.17886178861788618,0.29333333333333333,0.1286549707602339,0.5323612610134101,0.24833147000572867,0.6482868812562165,0.15145136990467847,-0.9433947628843078,0.6004987540306513
Vigitel,1,4,43,1190,SepAware CTGAN,6640,1000,0.5,0.171,CatBoost,0.5004261071439067,0.10526315789473684,0.2894736842105263,0.06432748538011696,0.5158790623523022,0.2816883552904603,0.6779463737752099,0.13871918857517546,-0.6087880846846164,0.7359693852423335
Vigitel,1,4,43,1190,Standard TVAE,6640,1000,0.5,0.171,LogisticRegression,0.5366184252315607,0.2349570200573066,0.2303370786516854,0.23976608187134502,0.5372533666292792,0.21521666915162355,0.5756001382628264,0.18620379318004449,-1.345002248647699,0.16349776781957887
Vigitel,1,4,43,1190,Standard TVAE,6640,1000,0.5,0.171,RandomForest,0.4616719446875442,0.02185792349726776,0.16666666666666666,0.011695906432748537,0.49981659012831636,0.25286113782912445,0.6600815468506409,0.13869093417930003,-0.5016691514059229,0.7014780023834788
Vigitel,1,4,43,1190,Standard TVAE,6640,1000,0.5,0.171,CatBoost,0.4853846547631557,0.07729468599033816,0.2222222222222222,0.04678362573099415,0.5065039962189349,0.26334215196871114,0.6690686305631388,0.14206771677286287,-0.7173398439043455,0.5486187732448564
Vigitel,1,4,43,1190,SepAware TVAE,6640,1000,0.5,0.171,LogisticRegression,0.5386402083012944,0.23460410557184752,0.23529411764705882,0.23391812865497075,0.5385513441827326,0.20516217415930327,0.5612588971423331,0.18598389222171133,-1.376320731328687,0.13727004808569376
Vigitel,1,4,43,1190,SepAware TVAE,6640,1000,0.5,0.171,RandomForest,0.4676867832943873,0.03278688524590164,0.25,0.017543859649122806,0.5033437030453093,0.26347777591572136,0.6621978146008366,0.1370718615030359,-0.4217248245787264,0.7483539887394326
Vigitel,1,4,43,1190,SepAware TVAE,6640,1000,0.5,0.171,CatBoost,0.49025583791208793,0.08653846153846154,0.24324324324324326,0.05263157894736842,0.509427972827122,0.2521279458900625,0.6484173844341453,0.14417024764965725,-0.7913573686216228,0.49083037704040205
Vigitel,2,0,44,2042,Real only,4000,1000,0.17025,0.17,LogisticRegression,0.458649645604361,0.011494252873563218,0.25,0.0058823529411764705,0.5011339475549256,0.25215772852748586,0.6242239546420978,0.13795159044591387,-0.49272345281039054,0.6846226537275701
Vigitel,2,0,44,2042,Real only,4000,1000,0.17025,0.17,RandomForest,0.46312266266616353,0.0223463687150838,0.2222222222222222,0.011764705882352941,0.501665485471297,0.2537015968180501,0.6491566265060241,0.13782622249484353,-0.5698004028146029,0.6136703668292077
Vigitel,2,0,44,2042,Real only,4000,1000,0.17025,0.17,CatBoost,0.4801677969994802,0.054945054945054944,0.4166666666666667,0.029411764705882353,0.5104890148830616,0.2689343470758784,0.6584479092841956,0.1370260765076074,-0.5220217156164403,0.6398066752946056
Vigitel,2,0,44,2042,Class weighting,4000,1000,0.17025,0.17,LogisticRegression,0.5470042052673199,0.32684824902723736,0.2441860465116279,0.49411764705882355,0.5904323175053154,0.25115211722116343,0.6261304039688165,0.23632933721335497,-1.5756262155145921,0.6475216520586163
Vigitel,2,0,44,2042,Class weighting,4000,1000,0.17025,0.17,RandomForest,0.5719862227324913,0.28307692307692306,0.2967741935483871,0.27058823529411763,0.5696314670446492,0.26396517312259554,0.6554854712969526,0.16530534353414716,-1.1082133123829574,0.627557852732697
Vigitel,2,0,44,2042,Class weighting,4000,1000,0.17025,0.17,CatBoost,0.5513571134891545,0.3508137432188065,0.25326370757180156,0.5705882352941176,0.6130049610205528,0.2651402708177065,0.6550460666194187,0.21682587016885002,-1.4629295394779365,0.5782489390066045
Vigitel,2,0,44,2042,Random oversampling,6638,1000,0.5,0.17,LogisticRegression,0.5596723537900008,0.3412698412698413,0.25748502994011974,0.5058823529411764,0.6035435861091425,0.24961462637003765,0.6240326009922041,0.23468856821758674,-1.5669945825006037,0.6199914041784967
Vigitel,2,0,44,2042,Random oversampling,6638,1000,0.5,0.17,RandomForest,0.558145966985746,0.27624309392265195,0.2604166666666667,0.29411764705882354,0.561516654854713,0.24368379490919448,0.6403260099220411,0.1767426415230224,-1.2313861131528434,0.49310385673511575
Vigitel,2,0,44,2042,Random oversampling,6638,1000,0.5,0.17,CatBoost,0.5603963673224518,0.3511450381679389,0.2598870056497175,0.5411764705882353,0.6127569099929129,0.2599186248131676,0.6502197023387668,0.2131583412275761,-1.4399808945052717,0.5161837909445621
Vigitel,2,0,44,2042,Random undersampling,1362,1000,0.5,0.17,LogisticRegression,0.5382433872552659,0.3290676416819013,0.23872679045092837,0.5294117647058824,0.5918143160878809,0.2404253806389394,0.6322182849043232,0.23852451313881476,-1.582585764977482,0.6474320782868742
Vigitel,2,0,44,2042,Random undersampling,1362,1000,0.5,0.17,RandomForest,0.523521098324248,0.34960629921259845,0.23870967741935484,0.6529411764705882,0.6132175761871014,0.24788807839055244,0.6521686746987951,0.23341356316876055,-1.5622975339738416,0.6947258978172922
Vigitel,2,0,44,2042,Random undersampling,1362,1000,0.5,0.17,CatBoost,0.5430676496631012,0.36303630363036304,0.25229357798165136,0.6470588235294118,0.6271438695960312,0.2529887049831281,0.6558823529411766,0.23421378671762477,-1.5504958361080203,0.5532751952950068
Vigitel,2,0,44,2042,SMOTE,6638,1000,0.5,0.17,LogisticRegression,0.49860093486664403,0.2764811490125673,0.19896640826873385,0.45294117647058824,0.5397236002834869,0.20278988848192597,0.5637562012756909,0.23862817538632128,-1.5286907318796672,0.1914611179942268
Vigitel,2,0,44,2042,SMOTE,6638,1000,0.5,0.17,RandomForest,0.4972201374264958,0.11158798283261803,0.20634920634920634,0.07647058823529412,0.5081148121899363,0.22219457923690725,0.614202693125443,0.15532015171718516,-1.0724203528450906,0.4596306482576253
Vigitel,2,0,44,2042,SMOTE,6638,1000,0.5,0.17,CatBoost,0.493981822647998,0.10434782608695652,0.2,0.07058823529411765,0.5063784549964564,0.2309543395719174,0.6166123316796598,0.15139051519081487,-1.040323951026735,0.4458449532128203
Vigitel,2,0,44,2042,Standard CTGAN,6638,1000,0.5,0.17,LogisticRegression,0.5239405721321333,0.2940038684719536,0.21902017291066284,0.4470588235294118,0.5602763997165131,0.2167656751120467,0.5889723600283487,0.2245760848158239,-1.4949107487256879,0.4048650994244706
Vigitel,2,0,44,2042,Standard CTGAN,6638,1000,0.5,0.17,RandomForest,0.5174572250633619,0.15748031496062992,0.23809523809523808,0.11764705882352941,0.5202693125442948,0.22310583184101324,0.6236498936924166,0.1576337563884158,-1.0679419472082639,0.48213448661497327
Vigitel,2,0,44,2042,Standard CTGAN,6638,1000,0.5,0.17,CatBoost,0.4971011660478145,0.10232558139534884,0.24444444444444444,0.06470588235294118,0.5118710134656272,0.24089782808277432,0.6387101346562722,0.1470085492584495,-0.8948243308863522,0.526233593469551
Vigitel,2,0,44,2042,SepAware CTGAN,6638,1000,0.5,0.17,LogisticRegression,0.5324739028465442,0.3146067415730337,0.23076923076923078,0.49411764705882355,0.5783841247342311,0.2235636312620384,0.5931963146704465,0.2251120203641907,-1.4903507422498519,0.3501815853797193
Vigitel,2,0,44,2042,SepAware CTGAN,6638,1000,0.5,0.17,RandomForest,0.5307308970099668,0.19285714285714287,0.24545454545454545,0.1588235294117647,0.5294117647058824,0.22843790295675204,0.6302976612331681,0.16309097420847563,-1.1485490354325059,0.4171888744057106
Vigitel,2,0,44,2042,SepAware CTGAN,6638,1000,0.5,0.17,CatBoost,0.5170454545454545,0.15,0.2571428571428571,0.10588235294117647,0.5216158752657689,0.23160777055776996,0.6319206236711551,0.15363126443864167,-1.0487761869052343,0.4113131305323592
Vigitel,2,0,44,2042,Standard TVAE,6638,1000,0.5,0.17,LogisticRegression,0.528703047484054,0.21764705882352942,0.21764705882352942,0.21764705882352942,0.528703047484054,0.20989576425416326,0.5689156626506024,0.18626185979316182,-1.3563024303709244,0.14952212279167892
Vigitel,2,0,44,2042,Standard TVAE,6638,1000,0.5,0.17,RandomForest,0.45665445665445664,0.011111111111111112,0.1,0.0058823529411764705,0.49751948972360027,0.2364514031759887,0.6443373493975904,0.14026149598748894,-0.6524283031459518,0.5779270033193363
Vigitel,2,0,44,2042,Standard TVAE,6638,1000,0.5,0.17,CatBoost,0.47999601240465467,0.06763285024154589,0.1891891891891892,0.041176470588235294,0.5025159461374912,0.23399941653769335,0.643508150248051,0.14607079289033242,-0.8601823476433424,0.44639564375899526
Vigitel,2,0,44,2042,SepAware TVAE,6638,1000,0.5,0.17,LogisticRegression,0.5235809582267933,0.20771513353115728,0.20958083832335328,0.20588235294117646,0.5234231041814316,0.20496890566162196,0.5591353649893692,0.18957133160483097,-1.3933051376853662,0.12403678961405977
Vigitel,2,0,44,2042,SepAware TVAE,6638,1000,0.5,0.17,RandomForest,0.45698692166806254,0.0111731843575419,0.1111111111111111,0.0058823529411764705,0.4981218993621545,0.23953921551010324,0.6445641389085753,0.13962647401332445,-0.6159323686674183,0.5932566154635749
Vigitel,2,0,44,2042,SepAware TVAE,6638,1000,0.5,0.17,CatBoost,0.4790539619949829,0.06698564593301436,0.1794871794871795,0.041176470588235294,0.5013111268603827,0.2312008398257344,0.6455067328136073,0.14717374743102302,-0.874251891130201,0.42959124176018193
Vigitel,2,1,44,2079,Real only,4000,1000,0.17025,0.17,LogisticRegression,0.453551912568306,0.0,0.0,0.0,0.5,0.2515319985523993,0.6167328136073706,0.13882495977611226,-0.5443496752945663,0.6474378051625223
Vigitel,2,1,44,2079,Real only,4000,1000,0.17025,0.17,RandomForest,0.48062046112398593,0.055248618784530384,0.45454545454545453,0.029411764705882353,0.5110914245216158,0.26080673125142323,0.6542097802976612,0.1377624232720355,-0.5550654966341924,0.642462652587413
Vigitel,2,1,44,2079,Real only,4000,1000,0.17025,0.17,CatBoost,0.469653054428397,0.033707865168539325,0.375,0.01764705882352941,0.5058114812189937,0.27551051111946656,0.6680297661233168,0.13590938873592526,-0.416083668439817,0.7321781843085438
Vigitel,2,1,44,2079,Class weighting,4000,1000,0.17025,0.17,LogisticRegression,0.5420450059218318,0.3176470588235294,0.23823529411764705,0.4764705882352941,0.582211197732105,0.2501897635799336,0.6216725726435153,0.23700508408355347,-1.5701914530757468,0.6383593350665282
Vigitel,2,1,44,2079,Class weighting,4000,1000,0.17025,0.17,RandomForest,0.5599126674943277,0.27605633802816903,0.2648648648648649,0.28823529411764703,0.5621899362154501,0.2587004361932814,0.6528277817150956,0.1689211623139756,-1.1432430996591436,0.6221018106633618
Vigitel,2,1,44,2079,Class weighting,4000,1000,0.17025,0.17,CatBoost,0.5340104396494078,0.33037300177619894,0.2366412213740458,0.5470588235294118,0.5928065201984408,0.2890820180568203,0.6678171509567683,0.21876120103888805,-1.5000139138411244,0.718440460364392
Vigitel,2,1,44,2079,Random oversampling,6638,1000,0.5,0.17,LogisticRegression,0.5401353767661634,0.3143418467583497,0.2359882005899705,0.47058823529411764,0.5792700212615167,0.2508000039868666,0.6186605244507442,0.23780849551751887,-1.5728213411487943,0.6394940958656252
Vigitel,2,1,44,2079,Random oversampling,6638,1000,0.5,0.17,RandomForest,0.5423964177081503,0.26463104325699743,0.23318385650224216,0.3058823529411765,0.5499291282778171,0.24944531763161087,0.6447554925584691,0.17961838938745617,-1.24637399535281,0.5288520495395536
Vigitel,2,1,44,2079,Random oversampling,6638,1000,0.5,0.17,CatBoost,0.5456156907390486,0.34296028880866425,0.24739583333333334,0.5588235294117647,0.6053153791637137,0.2775383706733171,0.6656201275690999,0.21680857289406028,-1.4791052691838504,0.6782282590312393
Vigitel,2,1,44,2079,Random undersampling,1362,1000,0.5,0.17,LogisticRegression,0.5312933684557818,0.3035019455252918,0.22674418604651161,0.4588235294117647,0.5691708008504607,0.23652622793329028,0.6114103472714387,0.24128969079415077,-1.576983704838279,0.54957495045538
Vigitel,2,1,44,2079,Random undersampling,1362,1000,0.5,0.17,RandomForest,0.5195864044110071,0.34231378763866877,0.23427331887201736,0.6352941176470588,0.6049964564138908,0.24838504324462216,0.6442523033309709,0.23725974405929848,-1.57986343340814,0.6850612512081952
Vigitel,2,1,44,2079,Random undersampling,1362,1000,0.5,0.17,CatBoost,0.5345707858919568,0.353518821603928,0.24489795918367346,0.6352941176470588,0.6170446491849753,0.2658305933482772,0.6672714386959603,0.23685149811951628,-1.5936272755502583,0.6553473094660823
Vigitel,2,1,44,2079,SMOTE,6638,1000,0.5,0.17,LogisticRegression,0.49362426920775215,0.26929982046678635,0.1937984496124031,0.4411764705882353,0.5326364280652021,0.1902360796201315,0.5479588944011339,0.24207728441217835,-1.5410747665852222,0.1384575394060003
Vigitel,2,1,44,2079,SMOTE,6638,1000,0.5,0.17,RandomForest,0.50817218250376,0.13389121338912133,0.2318840579710145,0.09411764705882353,0.5151311126860383,0.22846075283168407,0.6142381289865344,0.15620577597864613,-1.062539728147239,0.4797704036242117
Vigitel,2,1,44,2079,SMOTE,6638,1000,0.5,0.17,CatBoost,0.522156342643158,0.15517241379310345,0.2903225806451613,0.10588235294117647,0.5264351523742027,0.2329004617579518,0.6288164422395464,0.1511574349467562,-0.9768172953919114,0.5210495977866035
Vigitel,2,1,44,2079,Standard CTGAN,6638,1000,0.5,0.17,LogisticRegression,0.539038331523632,0.3233082706766917,0.23756906077348067,0.5058823529411764,0.5866761162296243,0.2347878358469594,0.6042239546420978,0.2337419939438313,-1.5452175855339119,0.6166877239546205
Vigitel,2,1,44,2079,Standard CTGAN,6638,1000,0.5,0.17,RandomForest,0.5293664396680611,0.18250950570342206,0.25806451612903225,0.1411764705882353,0.5290219702338766,0.23620083121451152,0.6199999999999999,0.1580226359314611,-1.0687135477994083,0.5122911419643139
Vigitel,2,1,44,2079,Standard CTGAN,6638,1000,0.5,0.17,CatBoost,0.4858806593715838,0.07766990291262135,0.2222222222222222,0.047058823529411764,0.5066619418851878,0.2522445772247558,0.6477533664068036,0.14232965953962146,-0.7391201329798186,0.6484262066247999
Vigitel,2,1,44,2079,SepAware CTGAN,6638,1000,0.5,0.17,LogisticRegression,0.5191309937790736,0.2988929889298893,0.21774193548387097,0.4764705882352941,0.5629340892983699,0.2606660782023697,0.5911268603827073,0.2352911911771903,-1.525498739853321,0.3788498548231637
Vigitel,2,1,44,2079,SepAware CTGAN,6638,1000,0.5,0.17,RandomForest,0.5620936532913167,0.24548736462093862,0.3177570093457944,0.2,0.5560240963855422,0.2501082059029596,0.6328277817150957,0.1581913909966289,-1.0873726925666114,0.481962256555845
Vigitel,2,1,44,2079,SepAware CTGAN,6638,1000,0.5,0.17,CatBoost,0.5091044590102223,0.12669683257918551,0.27450980392156865,0.08235294117647059,0.5188873139617293,0.2567441462401021,0.6536995038979447,0.1444597589065934,-0.8363709024737169,0.5824328767626961
Vigitel,2,1,44,2079,Standard TVAE,6638,1000,0.5,0.17,LogisticRegression,0.5311120917917034,0.22727272727272727,0.21978021978021978,0.23529411764705882,0.5321048901488307,0.2211346208430215,0.5577108433734941,0.1894691031958348,-1.4037128233680365,0.12170094562011334
Vigitel,2,1,44,2079,Standard TVAE,6638,1000,0.5,0.17,RandomForest,0.46847123214443004,0.03314917127071823,0.2727272727272727,0.01764705882352941,0.504004252303331,0.24073939688633858,0.6377250177179307,0.14104053764788166,-0.8022101458701077,0.4998049758715138
Vigitel,2,1,44,2079,Standard TVAE,6638,1000,0.5,0.17,CatBoost,0.5260947211940418,0.1592920353982301,0.32142857142857145,0.10588235294117647,0.530049610205528,0.26864166913792165,0.6549114103472714,0.14333865616495267,-0.8232047017937967,0.5036775737203896
Vigitel,2,1,44,2079,SepAware TVAE,6638,1000,0.5,0.17,LogisticRegression,0.5052151050244142,0.1746987951807229,0.17901234567901234,0.17058823529411765,0.505173635719348,0.1954119663381846,0.5330120481927711,0.1895514640187579,-1.4532169633349565,0.08433523674166377
Vigitel,2,1,44,2079,SepAware TVAE,6638,1000,0.5,0.17,RandomForest,0.4692584036642645,0.0335195530726257,0.3333333333333333,0.01764705882352941,0.5052090715804394,0.25050708082300877,0.6434868887313963,0.13839769534668767,-0.5977783374133057,0.6259477294721649
Vigitel,2,1,44,2079,SepAware TVAE,6638,1000,0.5,0.17,CatBoost,0.5049765071252963,0.10945273631840796,0.3548387096774194,0.06470588235294118,0.5203047484053863,0.2699316733295769,0.6529057406094968,0.1398246928280398,-0.6987008571705111,0.5670463288843445
Vigitel,2,2,44,2116,Real only,4000,1000,0.17025,0.17,LogisticRegression,0.45325314379442316,0.0,0.0,0.0,0.49939759036144576,0.30117878968064676,0.6855669737774629,0.13233882393423443,0.12094845014248388,1.08003238708604
Vigitel,2,2,44,2116,Real only,4000,1000,0.17025,0.17,RandomForest,0.464944417167101,0.022988505747126436,0.5,0.011764705882352941,0.5046775336640681,0.328939645666651,0.6979057406094968,0.1304930202786154,-0.10891775346967784,0.9318319926265889
Vigitel,2,2,44,2116,Real only,4000,1000,0.17025,0.17,CatBoost,0.4704445773524721,0.03409090909090909,0.5,0.01764705882352941,0.507016300496102,0.3345753063874312,0.7067009213323884,0.12964070502503347,-0.0036932225230786467,0.9838463957186206
Vigitel,2,2,44,2116,Class weighting,4000,1000,0.17025,0.17,LogisticRegression,0.5999473614949336,0.403921568627451,0.3029411764705882,0.6058823529411764,0.6601700921332387,0.30069065409239126,0.6881112686038271,0.22495715325030619,-1.5904558250960452,1.0275479128654508
Vigitel,2,2,44,2116,Class weighting,4000,1000,0.17025,0.17,RandomForest,0.6126503827925629,0.34615384615384615,0.38028169014084506,0.3176470588235294,0.6058114812189936,0.3268135084396818,0.6975939050318923,0.1555958699818573,-0.9458991052318518,0.9120837112393635
Vigitel,2,2,44,2116,Class weighting,4000,1000,0.17025,0.17,CatBoost,0.5779067224711273,0.3828996282527881,0.2798913043478261,0.6058823529411764,0.6433026222537208,0.3280142247782926,0.6994011339475549,0.20771594358085846,-1.4681769980148394,0.8722360512537629
Vigitel,2,2,44,2116,Random oversampling,6638,1000,0.5,0.17,LogisticRegression,0.5930989583333333,0.39453125,0.2953216374269006,0.5941176470588235,0.6518781006378456,0.2982701708285409,0.6891672572643515,0.22514170812805054,-1.5937564209941122,1.036546619910139
Vigitel,2,2,44,2116,Random oversampling,6638,1000,0.5,0.17,RandomForest,0.5918752824830172,0.3314917127071823,0.3125,0.35294117647058826,0.5969525159461375,0.31446193434232483,0.679677533664068,0.16620140448699688,-1.1189269947788272,0.7254462344139302
Vigitel,2,2,44,2116,Random oversampling,6638,1000,0.5,0.17,CatBoost,0.5649261586552263,0.36261682242990656,0.26575342465753427,0.5705882352941176,0.6238483345145287,0.3066211007602744,0.6873919206236712,0.20685639858800292,-1.4398240937694147,0.7483627708024833
Vigitel,2,2,44,2116,Random undersampling,1362,1000,0.5,0.17,LogisticRegression,0.5815684764471827,0.3849056603773585,0.2833333333333333,0.6,0.6445783132530121,0.29240799151340036,0.6801523742026931,0.23003590136810476,-1.6119094761837622,0.8658802023118357
Vigitel,2,2,44,2116,Random undersampling,1362,1000,0.5,0.17,RandomForest,0.5577400878047728,0.3777403035413153,0.2647754137115839,0.6588235294117647,0.6420623671155209,0.3042517227616615,0.6959709425939049,0.22897840818663168,-1.629754516452358,0.8893926825021071
Vigitel,2,2,44,2116,Random undersampling,1362,1000,0.5,0.17,CatBoost,0.5567632152010946,0.3741496598639456,0.2631578947368421,0.6470588235294118,0.6379872430900071,0.30498401199253694,0.6827037562012757,0.23251076782479854,-1.6086325186038979,0.6961491583073596
Vigitel,2,2,44,2116,SMOTE,6638,1000,0.5,0.17,LogisticRegression,0.5120286765704054,0.3036649214659686,0.21588089330024815,0.5117647058823529,0.5655209071580439,0.226003019424321,0.6063890857547838,0.2308577707759054,-1.5036276465691185,0.3702577747938367
Vigitel,2,2,44,2116,SMOTE,6638,1000,0.5,0.17,RandomForest,0.5185816998252242,0.14018691588785046,0.3409090909090909,0.08823529411764706,0.5266477675407513,0.2784554072785878,0.6712508858965274,0.14431014187293492,-0.7410996799334748,0.8115623736374247
Vigitel,2,2,44,2116,SMOTE,6638,1000,0.5,0.17,CatBoost,0.4857589317423112,0.07179487179487179,0.28,0.041176470588235294,0.5097448618001418,0.29398825876248924,0.6834549964564138,0.13867660970544265,-0.5656006889454903,0.8812793094242609
Vigitel,2,2,44,2116,Standard CTGAN,6638,1000,0.5,0.17,LogisticRegression,0.5162220026350461,0.2878787878787879,0.2122905027932961,0.4470588235294118,0.5536498936924167,0.22083361527070494,0.5689688164422395,0.2264935174564831,-1.5065189151371827,0.3665455979318297
Vigitel,2,2,44,2116,Standard CTGAN,6638,1000,0.5,0.17,RandomForest,0.5191821658500982,0.14847161572052403,0.288135593220339,0.1,0.5246987951807229,0.24445778142629762,0.6356378454996457,0.15118820026774452,-0.9581342058983523,0.5909923342201551
Vigitel,2,2,44,2116,Standard CTGAN,6638,1000,0.5,0.17,CatBoost,0.4965835558170053,0.09183673469387756,0.34615384615384615,0.052941176470588235,0.5162296243798724,0.2716375116264764,0.6654252303330972,0.13847438806759912,-0.5642259650259314,0.7635106793961596
Vigitel,2,2,44,2116,SepAware CTGAN,6638,1000,0.5,0.17,LogisticRegression,0.5371859138056054,0.326605504587156,0.23733333333333334,0.5235294117647059,0.589475549255847,0.25764631675788946,0.6128951098511695,0.2199266530142779,-1.4736604979107504,0.36923015683862087
Vigitel,2,2,44,2116,SepAware CTGAN,6638,1000,0.5,0.17,RandomForest,0.5432145398325705,0.20610687022900764,0.29347826086956524,0.1588235294117647,0.5402551381998583,0.2541080417475369,0.6471686746987952,0.1541316345317843,-1.0323643201095771,0.5358836997580464
Vigitel,2,2,44,2116,SepAware CTGAN,6638,1000,0.5,0.17,CatBoost,0.5103053797184385,0.1278538812785388,0.2857142857142857,0.08235294117647059,0.5200921332388377,0.26910108124966253,0.668582565556343,0.14170522364642693,-0.7312639099466072,0.6581643409014165
Vigitel,2,2,44,2116,Standard TVAE,6638,1000,0.5,0.17,LogisticRegression,0.5452358760034878,0.23417721518987342,0.2534246575342466,0.21764705882352942,0.5431608788093552,0.2337652037077152,0.5936746987951806,0.175855703124713,-1.290536688705084,0.19158873038654994
Vigitel,2,2,44,2116,Standard TVAE,6638,1000,0.5,0.17,RandomForest,0.471239188729841,0.034482758620689655,0.75,0.01764705882352941,0.5082211197732105,0.3000515702262561,0.6829163713678242,0.1333296757487444,-0.26550977451793584,0.8334333955145856
Vigitel,2,2,44,2116,Standard TVAE,6638,1000,0.5,0.17,CatBoost,0.4867398229682496,0.07253886010362694,0.30434782608695654,0.041176470588235294,0.5109496810772501,0.291584894286037,0.6869596031183558,0.13451561910724014,-0.37341903505042234,0.7536821555232521
Vigitel,2,2,44,2116,SepAware TVAE,6638,1000,0.5,0.17,LogisticRegression,0.5257829735469371,0.20189274447949526,0.21768707482993196,0.18823529411764706,0.5248405386250886,0.21332203169531105,0.5713075832742736,0.17923018373849972,-1.3439374902233447,0.15273939861533975
Vigitel,2,2,44,2116,SepAware TVAE,6638,1000,0.5,0.17,RandomForest,0.459647843867003,0.011695906432748537,1.0,0.0058823529411764705,0.5029411764705882,0.31490683232818856,0.6846456413890858,0.13228684613075703,-0.1722439831772524,0.8925934439267718
Vigitel,2,2,44,2116,SepAware TVAE,6638,1000,0.5,0.17,CatBoost,0.47244253180163837,0.043010752688172046,0.25,0.023529411764705882,0.5045357902197023,0.27886715646521654,0.6898405386250887,0.1350064696893339,-0.37040786458834274,0.7534548835700741
Vigitel,2,3,44,2153,Real only,4000,1000,0.17025,0.17,LogisticRegression,0.45295404814004375,0.0,0.0,0.0,0.4987951807228916,0.3040416174282342,0.6776895818568391,0.13246979768101338,0.1801378812540741,1.109835898278542
Vigitel,2,3,44,2153,Real only,4000,1000,0.17025,0.17,RandomForest,0.457319404531383,0.011235955056179775,0.125,0.0058823529411764705,0.4987243090007087,0.28534561382457896,0.6693408929836995,0.13438723875518296,-0.2944872716992433,0.7896738945009959
Vigitel,2,3,44,2153,Real only,4000,1000,0.17025,0.17,CatBoost,0.45295404814004375,0.0,0.0,0.0,0.4987951807228916,0.30478186649301875,0.690545712260808,0.13201623771376655,-0.05737182886635811,0.914168620929135
Vigitel,2,3,44,2153,Class weighting,4000,1000,0.17025,0.17,LogisticRegression,0.592166912757369,0.385395537525355,0.29411764705882354,0.5588235294117647,0.6420623671155209,0.30132198412171823,0.6779943302622253,0.22374260661894776,-1.577149538060754,1.0399643729726178
Vigitel,2,3,44,2153,Class weighting,4000,1000,0.17025,0.17,RandomForest,0.5716562055593313,0.2765273311897106,0.3049645390070922,0.2529411764705882,0.5674344436569809,0.2833271935924891,0.6724946846208364,0.1592002220308051,-0.9997809452704535,0.7872428008434831
Vigitel,2,3,44,2153,Class weighting,4000,1000,0.17025,0.17,CatBoost,0.5765662939186071,0.3830570902394107,0.27882037533512066,0.611764705882353,0.6438341601700921,0.3057264212307873,0.6920907158043941,0.2023255886749918,-1.4134771098054493,0.8676185701165277
Vigitel,2,3,44,2153,Random oversampling,6638,1000,0.5,0.17,LogisticRegression,0.5883557450761014,0.3858267716535433,0.28994082840236685,0.5764705882352941,0.643656980864635,0.3004927674152893,0.6777817150956769,0.22447196937752278,-1.581772237932721,1.045200454763323
Vigitel,2,3,44,2153,Random oversampling,6638,1000,0.5,0.17,RandomForest,0.5868136006318091,0.3170028818443804,0.3107344632768362,0.3235294117647059,0.5882707299787385,0.2766326261908614,0.6697944720056697,0.16845986709599134,-1.1414021845609366,0.6669029195930885
Vigitel,2,3,44,2153,Random oversampling,6638,1000,0.5,0.17,CatBoost,0.5724232617436501,0.3650485436893204,0.27246376811594203,0.5529411764705883,0.6252657689581858,0.30356209831446596,0.686768249468462,0.19896796541649706,-1.3866354642964676,0.8274779695684259
Vigitel,2,3,44,2153,Random undersampling,1362,1000,0.5,0.17,LogisticRegression,0.5817821002738918,0.3651452282157676,0.28205128205128205,0.5176470588235295,0.6238837703756202,0.296953300946985,0.6658327427356485,0.22486590446977534,-1.5631998521059192,1.0645702178246967
Vigitel,2,3,44,2153,Random undersampling,1362,1000,0.5,0.17,RandomForest,0.5285714285714286,0.34,0.2372093023255814,0.6,0.6024096385542168,0.2709702202509471,0.661070163004961,0.22461368093635653,-1.5366783281372465,0.8357313582871414
Vigitel,2,3,44,2153,Random undersampling,1362,1000,0.5,0.17,CatBoost,0.5599392836776055,0.3781942078364566,0.26618705035971224,0.6529411764705882,0.6421332388377037,0.2728566204015136,0.6778100637845499,0.22011430272375965,-1.5212051017038444,0.7646507914702627
Vigitel,2,3,44,2153,SMOTE,6638,1000,0.5,0.17,LogisticRegression,0.5173054240427508,0.2957486136783734,0.215633423180593,0.47058823529411764,0.5599929128277816,0.19723009231693325,0.5810559886605244,0.23168636170529436,-1.5052594841325295,0.29922203865356395
Vigitel,2,3,44,2153,SMOTE,6638,1000,0.5,0.17,RandomForest,0.49031600407747195,0.09174311926605505,0.20833333333333334,0.058823529411764705,0.5065201984408221,0.2309037731529348,0.6318001417434442,0.1500054950627262,-0.9396732633171054,0.5492755326933098
Vigitel,2,3,44,2153,SMOTE,6638,1000,0.5,0.17,CatBoost,0.4977946635224246,0.09803921568627451,0.29411764705882354,0.058823529411764705,0.5149539333805812,0.23898740766207144,0.6314493267186392,0.1451478431523862,-0.8337694477116885,0.5935515979188406
Vigitel,2,3,44,2153,Standard CTGAN,6638,1000,0.5,0.17,LogisticRegression,0.4712292737427387,0.236983842010772,0.17054263565891473,0.38823529411764707,0.50074415308292,0.18890849949356914,0.5185542168674699,0.23549593072250183,-1.556457189917946,0.12682523928980097
Vigitel,2,3,44,2153,Standard CTGAN,6638,1000,0.5,0.17,RandomForest,0.5087105359258705,0.12206572769953052,0.3023255813953488,0.07647058823529412,0.5201630049610205,0.24590180357096825,0.6302905740609497,0.14816011230159853,-0.8909360391384367,0.6372667879402819
Vigitel,2,3,44,2153,Standard CTGAN,6638,1000,0.5,0.17,CatBoost,0.47496947496947495,0.044444444444444446,0.4,0.023529411764705882,0.5081502480510276,0.2783668977074972,0.6573352232459249,0.1361882281340131,-0.32312550489263714,0.9258623912059092
Vigitel,2,3,44,2153,SepAware CTGAN,6638,1000,0.5,0.17,LogisticRegression,0.5124281691247902,0.3022847100175747,0.21553884711779447,0.5058823529411764,0.5643869596031184,0.224145745833388,0.5973919206236712,0.2277648048858888,-1.5012043365671905,0.4420875588571377
Vigitel,2,3,44,2153,SepAware CTGAN,6638,1000,0.5,0.17,RandomForest,0.5436027518351974,0.19491525423728814,0.3484848484848485,0.13529411764705881,0.5417434443656981,0.2767360704426178,0.6462083628632176,0.1480723637353688,-0.8699928665096306,0.696638805117113
Vigitel,2,3,44,2153,SepAware CTGAN,6638,1000,0.5,0.17,CatBoost,0.48193876458313434,0.06282722513089005,0.2857142857142857,0.03529411764705882,0.5086109142452162,0.2811169129618665,0.6703897944720056,0.13629592816832126,-0.42862132697683375,0.8761354384453959
Vigitel,2,3,44,2153,Standard TVAE,6638,1000,0.5,0.17,LogisticRegression,0.5413868529761265,0.24649859943977592,0.23529411764705882,0.25882352941176473,0.5432671863926294,0.22148975829829143,0.6014953933380581,0.18203049207444966,-1.294571969455318,0.2121182887613704
Vigitel,2,3,44,2153,Standard TVAE,6638,1000,0.5,0.17,RandomForest,0.45632200316487415,0.011049723756906077,0.09090909090909091,0.0058823529411764705,0.49691708008504604,0.2617915172396113,0.6699291282778171,0.13657959099158792,-0.38776621653081517,0.754291875190089
Vigitel,2,3,44,2153,Standard TVAE,6638,1000,0.5,0.17,CatBoost,0.4657366962566343,0.031914893617021274,0.16666666666666666,0.01764705882352941,0.4997873848334515,0.2723392748064498,0.6852586817859674,0.13651136190868338,-0.42009239176868585,0.719570820597167
Vigitel,2,3,44,2153,SepAware TVAE,6638,1000,0.5,0.17,LogisticRegression,0.5478146427119861,0.25072886297376096,0.24855491329479767,0.2529411764705882,0.548157335223246,0.21958490958555388,0.5993479801559178,0.18120786533687397,-1.2918877719152557,0.2088478946981323
Vigitel,2,3,44,2153,SepAware TVAE,6638,1000,0.5,0.17,RandomForest,0.4517543859649123,0.0,0.0,0.0,0.4963855421686747,0.27621337567563464,0.6739829907866761,0.13456823424454162,-0.2678127088092265,0.8218349812351335
Vigitel,2,3,44,2153,SepAware TVAE,6638,1000,0.5,0.17,CatBoost,0.4867398229682496,0.07253886010362694,0.30434782608695654,0.041176470588235294,0.5109496810772501,0.2875814554793144,0.6890290574060949,0.13545558873376087,-0.43868414861317695,0.7065628586053554
Vigitel,2,4,44,2190,Real only,4000,1000,0.17,0.171,LogisticRegression,0.45325314379442316,0.0,0.0,0.0,0.5,0.27742857344530875,0.6866124902122616,0.1343775759993416,0.20604917970059278,1.1218099506864891
Vigitel,2,4,44,2190,Real only,4000,1000,0.17,0.171,RandomForest,0.4583170254403131,0.011428571428571429,0.25,0.005847953216374269,0.5011145676817698,0.3050532997563514,0.6922205997502804,0.1325589670236056,-0.1727743051414621,0.8876946365616178
Vigitel,2,4,44,2190,Real only,4000,1000,0.17,0.171,CatBoost,0.45698692166806254,0.0111731843575419,0.125,0.005847953216374269,0.4987020224465466,0.30694620307486975,0.6915927736510556,0.13258512019455937,-0.17994773126006122,0.8682494575429419
Vigitel,2,4,44,2190,Class weighting,4000,1000,0.17,0.171,LogisticRegression,0.5865456475777705,0.38684719535783363,0.28901734104046245,0.5847953216374269,0.6440261288524891,0.277450905783031,0.686944038826459,0.22492422744474877,-1.5695790895305697,1.0758904587909404
Vigitel,2,4,44,2190,Class weighting,4000,1000,0.17,0.171,RandomForest,0.5886897149993643,0.3081761006289308,0.3333333333333333,0.28654970760233917,0.5841674955382021,0.2904568079116012,0.6844680055587299,0.15997904720705783,-0.9868849013895267,0.850631771136434
Vigitel,2,4,44,2190,Class weighting,4000,1000,0.17,0.171,CatBoost,0.5696947045400897,0.38380281690140844,0.27455919395465994,0.6374269005847953,0.6450101933563301,0.2892079930603513,0.6786412150198576,0.21330573302480837,-1.4638819062008401,0.7491095216392054
Vigitel,2,4,44,2190,Random oversampling,6640,1000,0.5,0.171,LogisticRegression,0.5870395134574631,0.390057361376673,0.2897727272727273,0.5964912280701754,0.6474615368336402,0.27982813961873576,0.6872332620856523,0.22445148637469342,-1.5658286198309561,1.0628073780146219
Vigitel,2,4,44,2190,Random oversampling,6640,1000,0.5,0.171,RandomForest,0.5889169250985997,0.32294617563739375,0.3131868131868132,0.3333333333333333,0.5912746280659429,0.28462534204972567,0.6786482692456915,0.16782236900501138,-1.1181195976614688,0.7194977773675856
Vigitel,2,4,44,2190,Random oversampling,6640,1000,0.5,0.171,CatBoost,0.561648805115105,0.3626373626373626,0.264,0.5789473684210527,0.6230080629801282,0.2914472632682794,0.6737808534202414,0.20820188272953247,-1.4246323660672753,0.701546126760449
Vigitel,2,4,44,2190,Random undersampling,1360,1000,0.5,0.171,LogisticRegression,0.5839371027675356,0.3829787234042553,0.2861271676300578,0.5789473684210527,0.6404990159354962,0.27998135125714096,0.6908450257126532,0.2255169776317595,-1.58296291593714,1.0603473538543748
Vigitel,2,4,44,2190,Random undersampling,1360,1000,0.5,0.171,RandomForest,0.5487682784099722,0.3745928338762215,0.2595936794582393,0.672514619883041,0.6384286006532214,0.29646790073327345,0.6950775612130446,0.22508492381098802,-1.591707535992351,1.0324332623615606
Vigitel,2,4,44,2190,Random undersampling,1360,1000,0.5,0.171,CatBoost,0.5597640709095134,0.392914653784219,0.27111111111111114,0.7134502923976608,0.6588964369105312,0.3012837515829937,0.7007844299127391,0.22451106873315255,-1.5889689033189023,0.8895233021386041
Vigitel,2,4,44,2190,SMOTE,6640,1000,0.5,0.171,LogisticRegression,0.5089989090289075,0.2787193973634652,0.20555555555555555,0.4327485380116959,0.543877284687392,0.204261406370489,0.5772014475271411,0.22809101518217745,-1.4920086117280622,0.3073666431873161
Vigitel,2,4,44,2190,SMOTE,6640,1000,0.5,0.171,RandomForest,0.5093073318981892,0.12264150943396226,0.3170731707317073,0.07602339181286549,0.5211238792598706,0.2385830082646388,0.6376420544727318,0.14842068747416523,-0.8515257201742255,0.6521642658100291
Vigitel,2,4,44,2190,SMOTE,6640,1000,0.5,0.171,CatBoost,0.48237315388936,0.06930693069306931,0.22580645161290322,0.04093567251461988,0.505992564845971,0.2588666001048008,0.6501562511022227,0.14403429768426618,-0.7564960426561396,0.6906479317968676
Vigitel,2,4,44,2190,Standard CTGAN,6640,1000,0.5,0.171,LogisticRegression,0.5481123078229,0.34657039711191334,0.2506527415143603,0.5614035087719298,0.6076016337587031,0.25122678700217993,0.6183558010426146,0.22976148124099044,-1.5207617073857271,0.7567125020090384
Vigitel,2,4,44,2190,Standard CTGAN,6640,1000,0.5,0.171,RandomForest,0.5228061932414674,0.15584415584415584,0.3,0.10526315789473684,0.5272998539775252,0.2541745515296241,0.6414090110680803,0.15232933227370876,-0.94299821911208,0.6421037323019534
Vigitel,2,4,44,2190,Standard CTGAN,6640,1000,0.5,0.171,CatBoost,0.5061370148912245,0.11055276381909548,0.39285714285714285,0.06432748538011696,0.52191042544036,0.266549175662235,0.6458037937626535,0.14111510957861095,-0.6649865949235405,0.6884412037676307
Vigitel,2,4,44,2190,SepAware CTGAN,6640,1000,0.5,0.171,LogisticRegression,0.5158951957338107,0.2946593001841621,0.21505376344086022,0.4678362573099415,0.55780232648368,0.2491405396102902,0.5991471440966711,0.22396669368039673,-1.4786550930012847,0.4634623592088309
Vigitel,2,4,44,2190,SepAware CTGAN,6640,1000,0.5,0.171,RandomForest,0.5548806032677001,0.22727272727272727,0.3225806451612903,0.17543859649122806,0.5497217107908492,0.2489144830278718,0.6562652106744545,0.15428205233786876,-0.977283934102947,0.6056570818705951
Vigitel,2,4,44,2190,SepAware CTGAN,6640,1000,0.5,0.171,CatBoost,0.5198598623950024,0.14150943396226415,0.36585365853658536,0.08771929824561403,0.5281781050938564,0.26691880987906846,0.6671851522654646,0.14143644290279134,-0.6729320830286087,0.6904631583163016
Vigitel,2,4,44,2190,Standard TVAE,6640,1000,0.5,0.171,LogisticRegression,0.5379482078739268,0.23391812865497075,0.23391812865497075,0.23391812865497075,0.5379482078739268,0.20518241607006074,0.5596928590071882,0.18313598844270484,-1.3972964553895124,0.11990879140656419
Vigitel,2,4,44,2190,Standard TVAE,6640,1000,0.5,0.171,RandomForest,0.4583170254403131,0.011428571428571429,0.25,0.005847953216374269,0.5011145676817698,0.2827826130851588,0.6775407557897558,0.13445208394902897,-0.26219477908417155,0.8511535836356906
Vigitel,2,4,44,2190,Standard TVAE,6640,1000,0.5,0.171,CatBoost,0.4703619771995173,0.041884816753926704,0.2,0.023391812865497075,0.5020457254918559,0.2889354238837784,0.6935679568845717,0.13461424029154467,-0.3130300837764327,0.8144414703368315
Vigitel,2,4,44,2190,SepAware TVAE,6640,1000,0.5,0.171,LogisticRegression,0.5536200326619488,0.2545454545454545,0.2641509433962264,0.24561403508771928,0.5522400694135823,0.2356657676283015,0.590745561128394,0.17418117442950323,-1.297618003709855,0.1891964375704164
Vigitel,2,4,44,2190,SepAware TVAE,6640,1000,0.5,0.171,RandomForest,0.4579844497607655,0.011363636363636364,0.2,0.005847953216374269,0.5005114313729639,0.29904790920773294,0.6895682108367016,0.1332153984290588,-0.21359154705393485,0.8849106028883091
Vigitel,2,4,44,2190,SepAware TVAE,6640,1000,0.5,0.171,CatBoost,0.4703619771995173,0.041884816753926704,0.2,0.023391812865497075,0.5020457254918559,0.28840955552071607,0.692442807864051,0.1349636834737957,-0.38880890898706183,0.7574895888170483
Vigitel smoking,0,0,42,42,Real only,4000,1000,0.12325,0.123,LogisticRegression,0.5057976874599226,0.07633587786259542,0.625,0.04065040650406504,0.5186148269692503,0.30866846234585876,0.7216397363517535,0.09828062198612235,-0.09821479619458255,0.9727882421014127
Vigitel smoking,0,0,42,42,Real only,4000,1000,0.12325,0.123,RandomForest,0.49132092604815214,0.047244094488188976,0.75,0.024390243902439025,0.5116249965236255,0.3259791798613776,0.7529085667139455,0.09684258057696518,0.19427338201285604,1.1690760764546564
Vigitel smoking,0,0,42,42,Real only,4000,1000,0.12325,0.123,CatBoost,0.5174271081430284,0.10144927536231885,0.4666666666666667,0.056910569105691054,0.523894281132093,0.32605652336346824,0.7605009687497102,0.09681042319943978,-0.08289748597186633,0.9564619117129879
Vigitel smoking,0,0,42,42,Class weighting,4000,1000,0.12325,0.123,LogisticRegression,0.5625552694592241,0.3407707910750507,0.22702702702702704,0.6829268292682927,0.6784075423422422,0.3076234999094639,0.7243003216805259,0.21730237463457502,-2.0079031555636013,0.9560354387555743
Vigitel smoking,0,0,42,42,Class weighting,4000,1000,0.12325,0.123,RandomForest,0.5960381364297669,0.26519337016574585,0.41379310344827586,0.1951219512195122,0.5781767110715577,0.3364909871740035,0.7536594636185815,0.10814162909886131,-0.6613178524393711,1.1575668751658137
Vigitel smoking,0,0,42,42,Class weighting,4000,1000,0.12325,0.123,CatBoost,0.5997904785446498,0.37327188940092165,0.2604501607717042,0.6585365853658537,0.6981394443362906,0.3206933468833479,0.758359522021674,0.177655470710772,-1.764004350576595,0.9290786578599632
Vigitel smoking,0,0,42,42,Random oversampling,7014,1000,0.5,0.123,LogisticRegression,0.5531891127080463,0.33067729083665337,0.21899736147757257,0.6747967479674797,0.6686412474158949,0.30429473535452367,0.7226872838853816,0.21738218965562994,-2.002465745407404,0.9439827877709385
Vigitel smoking,0,0,42,42,Random oversampling,7014,1000,0.5,0.123,RandomForest,0.6300406955234924,0.3333333333333333,0.44,0.2682926829268293,0.6102010735044636,0.32644171348280393,0.7537521669401415,0.11367728383299083,-0.8739184944125291,1.0780255215369903
Vigitel smoking,0,0,42,42,Random oversampling,7014,1000,0.5,0.123,CatBoost,0.6215786992233058,0.39603960396039606,0.2846975088967972,0.6504065040650406,0.7106080410861121,0.33368457039377164,0.7592680145729621,0.17060185863375363,-1.7038813433445013,0.9218567213926119
Vigitel smoking,0,0,42,42,Random undersampling,986,1000,0.5,0.123,LogisticRegression,0.5448089306140123,0.32495164410058025,0.2131979695431472,0.6829268292682927,0.6647245320799844,0.30164273191128593,0.7264417684085619,0.22044322177067338,-2.024440694253642,0.9292123950426932
Vigitel smoking,0,0,42,42,Random undersampling,986,1000,0.5,0.123,RandomForest,0.5781195170322745,0.37181996086105673,0.24484536082474226,0.7723577235772358,0.7191321115035552,0.31165686037491197,0.7641534796191747,0.20859028905001048,-2.028015976036573,1.397692722317678
Vigitel smoking,0,0,42,42,Random undersampling,986,1000,0.5,0.123,CatBoost,0.5766994195490791,0.3675889328063241,0.24281984334203655,0.7560975609756098,0.7127124064855244,0.3032270043687069,0.7530290810319734,0.21034168158160715,-1.9994066963803334,0.8667452701393056
Vigitel smoking,0,0,42,42,SMOTE,7014,1000,0.5,0.123,LogisticRegression,0.5195681170230924,0.22842639593908629,0.16605166051660517,0.36585365853658536,0.5540784826320326,0.1632926912660115,0.6101269108472156,0.19721257711568327,-1.7644840967356736,0.24506722070226022
Vigitel smoking,0,0,42,42,SMOTE,7014,1000,0.5,0.123,RandomForest,0.5674302596338803,0.2122905027932961,0.3392857142857143,0.15447154471544716,0.5561411315367429,0.2500289037792624,0.7027560697499791,0.11426632953764766,-0.9485474340077984,0.7843725340553739
Vigitel smoking,0,0,42,42,SMOTE,7014,1000,0.5,0.123,CatBoost,0.5435551269688204,0.16470588235294117,0.2978723404255319,0.11382113821138211,0.5380964299950868,0.2533367847527919,0.7287408107832504,0.10639740471006706,-0.7454606636452206,0.7301571776074014
Vigitel smoking,0,0,42,42,Standard CTGAN,7014,1000,0.5,0.123,LogisticRegression,0.5487179487179488,0.26666666666666666,0.1984126984126984,0.4065040650406504,0.5880866961463229,0.17967023277978394,0.6327928729686385,0.18895986220803768,-1.757911246103076,0.46008852421196894
Vigitel smoking,0,0,42,42,Standard CTGAN,7014,1000,0.5,0.123,RandomForest,0.5621312684365781,0.20833333333333334,0.2898550724637681,0.16260162601626016,0.5533646670560206,0.2189232713645235,0.6976944683928026,0.12423085464255143,-1.1190706969084823,0.7994076277571949
Vigitel smoking,0,0,42,42,Standard CTGAN,7014,1000,0.5,0.123,CatBoost,0.5549710399064774,0.18292682926829268,0.36585365853658536,0.12195121951219512,0.5461523486386517,0.2785277997840873,0.7268774740198941,0.10505616605902503,-0.6783055198920375,0.8162287243168699
Vigitel smoking,0,0,42,42,SepAware CTGAN,7014,1000,0.5,0.123,LogisticRegression,0.5679968309370413,0.3092269326683292,0.22302158273381295,0.5040650406504065,0.6288854279648839,0.2563464130290814,0.6917521854808059,0.18594059957517398,-1.7435919288941213,0.5751755185830758
Vigitel smoking,0,0,42,42,SepAware CTGAN,7014,1000,0.5,0.123,RandomForest,0.5904964658064549,0.27149321266968324,0.30612244897959184,0.24390243902439024,0.5831826904357983,0.26863975532826445,0.7315868027551427,0.12081555846047953,-1.0913504576145234,0.8378068140809755
Vigitel smoking,0,0,42,42,SepAware CTGAN,7014,1000,0.5,0.123,CatBoost,0.5899635219399889,0.2541436464088398,0.39655172413793105,0.18699186991869918,0.5735415449935571,0.2875185579332009,0.7282494831789823,0.10790437319095245,-0.8512839048985293,0.7212859310873653
Vigitel smoking,0,0,42,42,Standard TVAE,7014,1000,0.5,0.123,LogisticRegression,0.5263542664154285,0.1559633027522936,0.17894736842105263,0.13821138211382114,0.524635907704573,0.17452648936005793,0.6337384468485506,0.13320924744201024,-1.4301872004541185,0.2575545974600255
Vigitel smoking,0,0,42,42,Standard TVAE,7014,1000,0.5,0.123,RandomForest,0.4752,0.016,0.5,0.008130081300813009,0.5034949152228124,0.31705779940414147,0.7507856606502211,0.09709354339795451,0.19441990088078862,1.2137252767945708
Vigitel smoking,0,0,42,42,Standard TVAE,7014,1000,0.5,0.123,CatBoost,0.5628988547949996,0.1935483870967742,0.46875,0.12195121951219512,0.5512834774869984,0.26634805932362715,0.7309007981755987,0.10447508298220921,-0.6886868226127653,0.657773685592456
Vigitel smoking,0,0,42,42,SepAware TVAE,7014,1000,0.5,0.123,LogisticRegression,0.5346718941824087,0.17543859649122806,0.19047619047619047,0.16260162601626016,0.532840151662634,0.18714615430766443,0.6470784548210362,0.1317453045214732,-1.3886371663205244,0.2803487547943563
Vigitel smoking,0,0,42,42,SepAware TVAE,7014,1000,0.5,0.123,RandomForest,0.4755485246578169,0.016129032258064516,1.0,0.008130081300813009,0.5040650406504065,0.31201072420721565,0.7473092860917206,0.09736548493122661,0.17984518261369922,1.188540270983265
Vigitel smoking,0,0,42,42,SepAware TVAE,7014,1000,0.5,0.123,CatBoost,0.553284019392729,0.18072289156626506,0.3488372093023256,0.12195121951219512,0.5450120977834636,0.2635022116746131,0.7369821360699353,0.10525431359249333,-0.7071899505817766,0.6417769868063271
Vigitel smoking,0,1,42,79,Real only,4000,1000,0.12325,0.123,LogisticRegression,0.4908520299145299,0.046875,0.6,0.024390243902439025,0.5110548710960313,0.2850280626295834,0.7547255518165215,0.09849498265244802,0.12037264547140232,1.0781343551176652
Vigitel smoking,0,1,42,79,Real only,4000,1000,0.12325,0.123,RandomForest,0.4752,0.016,0.5,0.008130081300813009,0.5034949152228124,0.3114313560478953,0.742238414402388,0.09736843716516722,0.005211214175442149,1.0183951121144441
Vigitel smoking,0,1,42,79,Real only,4000,1000,0.12325,0.123,CatBoost,0.5435225095785441,0.1527777777777778,0.5238095238095238,0.08943089430894309,0.5390141928785308,0.32873953752218377,0.7643574269266068,0.09579641532215077,-0.022392929115459217,0.9651933793510551
Vigitel smoking,0,1,42,79,Class weighting,4000,1000,0.12325,0.123,LogisticRegression,0.5770279821986395,0.34989200863930886,0.23823529411764705,0.6585365853658537,0.6816058069360625,0.2848884998308374,0.7545586858377136,0.20934565529273305,-1.999422483824354,1.067787886532408
Vigitel smoking,0,1,42,79,Class weighting,4000,1000,0.12325,0.123,RandomForest,0.5719555337336808,0.21839080459770116,0.37254901960784315,0.15447154471544716,0.5589917586747133,0.29820566333469745,0.7404306996319678,0.10871254240532027,-0.7228997571214362,1.023086447880615
Vigitel smoking,0,1,42,79,Class weighting,4000,1000,0.12325,0.123,CatBoost,0.594885197166024,0.357487922705314,0.2542955326460481,0.6016260162601627,0.6770957903421679,0.32431503026176767,0.7671107155769391,0.16984491564300555,-1.7142069420488988,0.9339721471845638
Vigitel smoking,0,1,42,79,Random oversampling,7014,1000,0.5,0.123,LogisticRegression,0.5678430316091954,0.33620689655172414,0.2287390029325513,0.6341463414634146,0.6671301832744667,0.29086003382471953,0.7583966033502981,0.20787662462763049,-1.9985286527005028,1.0574192142223668
Vigitel smoking,0,1,42,79,Random oversampling,7014,1000,0.5,0.123,RandomForest,0.5983981175618807,0.2755102040816326,0.3698630136986301,0.21951219512195122,0.5835303278916484,0.28642686047453036,0.7279250215535221,0.11576866516134016,-0.9646586225573388,0.8898153520295599
Vigitel smoking,0,1,42,79,Random oversampling,7014,1000,0.5,0.123,CatBoost,0.5985865188285048,0.3553299492385787,0.25830258302583026,0.5691056910569106,0.669957634582047,0.3308094080096843,0.7597871531736982,0.16489537897129297,-1.6522337296806553,0.8782221337478829
Vigitel smoking,0,1,42,79,Random undersampling,986,1000,0.5,0.123,LogisticRegression,0.5603629908588682,0.3291139240506329,0.2222222222222222,0.6341463414634146,0.661428928998526,0.27909750338122985,0.7500069527491171,0.21088451388762286,-2.000426255880095,1.0662567633094333
Vigitel smoking,0,1,42,79,Random undersampling,986,1000,0.5,0.123,RandomForest,0.5731299730015003,0.35073068893528186,0.23595505617977527,0.6829268292682927,0.6863892983285591,0.2873776708164733,0.7477728026995208,0.20492870896552745,-1.9551408805447796,1.230993196917894
Vigitel smoking,0,1,42,79,Random undersampling,986,1000,0.5,0.123,CatBoost,0.5678196911133944,0.345679012345679,0.23140495867768596,0.6829268292682927,0.6823984203354007,0.29888531298918286,0.750377766035357,0.20277975020725977,-1.9394233425721843,0.8431132598927681
Vigitel smoking,0,1,42,79,SMOTE,7014,1000,0.5,0.123,LogisticRegression,0.5518724374795165,0.2677595628415301,0.20164609053497942,0.3983739837398374,0.5885826589166689,0.18425296400720403,0.6370572257603989,0.1818720152490939,-1.707164386060367,0.3078455425919994
Vigitel smoking,0,1,42,79,SMOTE,7014,1000,0.5,0.123,RandomForest,0.5321272613849033,0.14285714285714285,0.26666666666666666,0.0975609756097561,0.5299663486942737,0.2664212371599779,0.7376403296530115,0.10885870211867538,-0.7575548080399621,0.9218803540306145
Vigitel smoking,0,1,42,79,SMOTE,7014,1000,0.5,0.123,CatBoost,0.5236372623111114,0.11920529801324503,0.32142857142857145,0.07317073170731707,0.5257529827293712,0.3042332423799482,0.758730335307914,0.09885385963954048,-0.36978677411614336,0.9196133979561057
Vigitel smoking,0,1,42,79,Standard CTGAN,7014,1000,0.5,0.123,LogisticRegression,0.544739854462204,0.29024943310657597,0.20125786163522014,0.5203252032520326,0.6153507430171223,0.2092852780502641,0.645335632375708,0.20252376692806745,-1.8017403229668272,0.5900340085818964
Vigitel smoking,0,1,42,79,Standard CTGAN,7014,1000,0.5,0.123,RandomForest,0.5675211147352531,0.22110552763819097,0.2894736842105263,0.17886178861788618,0.5586441212188633,0.21259692628060073,0.6631995624403222,0.13158479939235104,-1.256298615385845,0.7172440539596059
Vigitel smoking,0,1,42,79,Standard CTGAN,7014,1000,0.5,0.123,CatBoost,0.5785842390505405,0.2275449101796407,0.4318181818181818,0.15447154471544716,0.5629826366678718,0.2789458559825629,0.7118409952628603,0.1059283686447044,-0.7790579554235082,0.760062729702221
Vigitel smoking,0,1,42,79,SepAware CTGAN,7014,1000,0.5,0.123,LogisticRegression,0.5766093413990777,0.3285024154589372,0.23367697594501718,0.5528455284552846,0.6492847938741645,0.25348360789216934,0.7032195863577793,0.18254551898338867,-1.7245728249075711,0.57353559072706
Vigitel smoking,0,1,42,79,SepAware CTGAN,7014,1000,0.5,0.123,RandomForest,0.6031400334911093,0.29914529914529914,0.3153153153153153,0.2845528455284553,0.5989468902670783,0.24654401774746845,0.7065569059339396,0.1285703162541704,-1.202684570263021,0.773465504216011
Vigitel smoking,0,1,42,79,SepAware CTGAN,7014,1000,0.5,0.123,CatBoost,0.5870044052863437,0.25,0.3770491803278688,0.18699186991869918,0.5718311687107749,0.29764258359481327,0.7340434407764831,0.10643126876577987,-0.8227035605466219,0.7586124415868264
Vigitel smoking,0,1,42,79,Standard TVAE,7014,1000,0.5,0.123,LogisticRegression,0.5620699843822549,0.2169811320754717,0.25842696629213485,0.18699186991869918,0.5558676567381409,0.2161517825582681,0.6865329884769772,0.12327300437050953,-1.202718499689874,0.3824669439246358
Vigitel smoking,0,1,42,79,Standard TVAE,7014,1000,0.5,0.123,RandomForest,0.4660971703150027,0.0,0.0,0.0,0.4977194982896237,0.2932899569269598,0.7387156881831076,0.09910259311397883,-0.1648494748527651,0.9607945311947208
Vigitel smoking,0,1,42,79,Standard TVAE,7014,1000,0.5,0.123,CatBoost,0.5811471452460201,0.23391812865497075,0.4166666666666667,0.16260162601626016,0.5653373010354961,0.31181659679962376,0.7566074292441898,0.10016173237645086,-0.5637300397146545,0.6958741060041469
Vigitel smoking,0,1,42,79,SepAware TVAE,7014,1000,0.5,0.123,LogisticRegression,0.5612548636343335,0.215962441314554,0.25555555555555554,0.18699186991869918,0.5552975313105468,0.22004980129366034,0.6859118762225251,0.123129401134878,-1.2001006511189023,0.38435463772262185
Vigitel smoking,0,1,42,79,SepAware TVAE,7014,1000,0.5,0.123,RandomForest,0.47485219630363706,0.015873015873015872,0.3333333333333333,0.008130081300813009,0.5029247897952184,0.29454585304834874,0.7395685587414598,0.09841845766665105,-0.0699204248994097,1.0035803837987614
Vigitel smoking,0,1,42,79,SepAware TVAE,7014,1000,0.5,0.123,CatBoost,0.5778153803545676,0.2236024844720497,0.47368421052631576,0.14634146341463414,0.5617682231554356,0.3287670414112674,0.7677689091600153,0.09720209269406538,-0.4063639085205473,0.7729313826486335
Vigitel smoking,0,2,42,116,Real only,4000,1000,0.12325,0.123,LogisticRegression,0.4752,0.016,0.5,0.008130081300813009,0.5034949152228124,0.2812604870598817,0.7085036756866997,0.10036228972376011,-0.1434291571281084,0.9154790880991583
Vigitel smoking,0,2,42,116,Real only,4000,1000,0.12325,0.123,RandomForest,0.4917924480357778,0.047619047619047616,1.0,0.024390243902439025,0.5121951219512195,0.2969256247700201,0.7373158680275513,0.09864860068605932,0.018972926804067987,1.0353781250022713
Vigitel smoking,0,2,42,116,Real only,4000,1000,0.12325,0.123,CatBoost,0.5194121735676696,0.1037037037037037,0.5833333333333334,0.056910569105691054,0.5256046574148752,0.32585931112813155,0.7519722631661891,0.09655768525537829,-0.051421279484484286,0.9502874372979964
Vigitel smoking,0,2,42,116,Class weighting,4000,1000,0.12325,0.123,LogisticRegression,0.5548329655866527,0.3206751054852321,0.21652421652421652,0.6178861788617886,0.6521585968425249,0.2814501432692835,0.7085129460188557,0.21236669942443917,-1.943219650108936,0.8906890778796744
Vigitel smoking,0,2,42,116,Class weighting,4000,1000,0.12325,0.123,RandomForest,0.5564127290260367,0.18823529411764706,0.3404255319148936,0.13008130081300814,0.5473667621510878,0.2750283913654163,0.7239480490585978,0.11129829582815447,-0.7943502218245716,0.9504462511720901
Vigitel smoking,0,2,42,116,Class weighting,4000,1000,0.12325,0.123,CatBoost,0.5773438103591668,0.33093525179856115,0.23469387755102042,0.5609756097560976,0.6522095836693829,0.31573385011319444,0.7410054602256398,0.17458378282044207,-1.70425381650987,0.8232120200836285
Vigitel smoking,0,2,42,116,Random oversampling,7014,1000,0.5,0.123,LogisticRegression,0.5529490737968272,0.31556503198294245,0.2138728323699422,0.6016260162601627,0.6457388918244942,0.278705247132899,0.7075488314746317,0.21165767317259251,-1.9364206553029935,0.8630950183209661
Vigitel smoking,0,2,42,116,Random oversampling,7014,1000,0.5,0.123,RandomForest,0.5743548816174514,0.23809523809523808,0.28735632183908044,0.2032520325203252,0.5662782397493302,0.2565019254434905,0.7242076183589657,0.11743831285119649,-0.9729933778896239,0.8835477725261073
Vigitel smoking,0,2,42,116,Random oversampling,7014,1000,0.5,0.123,CatBoost,0.5748299319727892,0.3163265306122449,0.23048327137546468,0.5040650406504065,0.6340165568132305,0.2988592534302077,0.7284441601542584,0.17007072129176695,-1.6477923124705582,0.740821227435226
Vigitel smoking,0,2,42,116,Random undersampling,986,1000,0.5,0.123,LogisticRegression,0.5473783457444512,0.3070362473347548,0.20809248554913296,0.5853658536585366,0.6364685596684929,0.25601821823990645,0.685216601310825,0.21874773705958087,-1.9453742230225564,0.7908555687563673
Vigitel smoking,0,2,42,116,Random undersampling,986,1000,0.5,0.123,RandomForest,0.5563049072677256,0.3220338983050847,0.2177650429799427,0.6178861788617886,0.6532988476977131,0.26022466867167304,0.7280826172001742,0.2075615908606128,-1.9199460320044832,1.0697221184168042
Vigitel smoking,0,2,42,116,Random undersampling,986,1000,0.5,0.123,CatBoost,0.5437568966980731,0.31746031746031744,0.2099737532808399,0.6504065040650406,0.653595498326705,0.27520333150279336,0.7262563617654421,0.21265000576071866,-1.9434410595048912,0.697639996669375
Vigitel smoking,0,2,42,116,SMOTE,7014,1000,0.5,0.123,LogisticRegression,0.5402647350095819,0.2520107238605898,0.188,0.3821138211382114,0.5753214487675093,0.18221984068511782,0.6175802579006406,0.19092462928997805,-1.7457801478771489,0.25943635379013724
Vigitel smoking,0,2,42,116,SMOTE,7014,1000,0.5,0.123,RandomForest,0.5327452153110048,0.14772727272727273,0.24528301886792453,0.10569105691056911,0.5300405113515217,0.22521419811497392,0.6959238349510062,0.1153918269330759,-0.9893035395068961,0.7326432934937811
Vigitel smoking,0,2,42,116,SMOTE,7014,1000,0.5,0.123,CatBoost,0.5464478621201501,0.16455696202531644,0.37142857142857144,0.10569105691056911,0.540302769048215,0.265919127099513,0.7171621659204049,0.10430796531703189,-0.7253646686026833,0.7145989341101706
Vigitel smoking,0,2,42,116,Standard CTGAN,7014,1000,0.5,0.123,LogisticRegression,0.4931700452778301,0.19464720194647203,0.1388888888888889,0.3252032520325203,0.5212105199729307,0.15348502902020436,0.5593254906323293,0.20159947425308297,-1.8337287117715833,0.23299270230122418
Vigitel smoking,0,2,42,116,Standard CTGAN,7014,1000,0.5,0.123,RandomForest,0.524946758488749,0.1301775147928994,0.2391304347826087,0.08943089430894309,0.524761057188679,0.1997774658795121,0.6645530309350984,0.12571004093508376,-1.1725751169498386,0.7310464946095013
Vigitel smoking,0,2,42,116,Standard CTGAN,7014,1000,0.5,0.123,CatBoost,0.554023038517181,0.174496644295302,0.5,0.10569105691056911,0.5454338978965616,0.29271006832044083,0.7225389585708857,0.10254595152005022,-0.6062782370947869,0.8678071847006422
Vigitel smoking,0,2,42,116,SepAware CTGAN,7014,1000,0.5,0.123,LogisticRegression,0.5514400968638449,0.2814070351758794,0.20363636363636364,0.45528455284552843,0.6027848077796627,0.23039252471765875,0.6588610469913136,0.18769624819507805,-1.7229987064171606,0.42927530597998914
Vigitel smoking,0,2,42,116,SepAware CTGAN,7014,1000,0.5,0.123,RandomForest,0.6010033510138142,0.2814070351758794,0.3684210526315789,0.22764227642276422,0.5864551176868668,0.270813170456241,0.7151690445068646,0.12089302567108226,-1.0545967508461407,0.8711206397182308
Vigitel smoking,0,2,42,116,SepAware CTGAN,7014,1000,0.5,0.123,CatBoost,0.595900224091694,0.25766871165644173,0.525,0.17073170731707318,0.5745334705342492,0.330852226611782,0.7444354831233603,0.10072166021273611,-0.6680486214640096,0.8197492058984703
Vigitel smoking,0,2,42,116,Standard TVAE,7014,1000,0.5,0.123,LogisticRegression,0.5742742861668845,0.24561403508771928,0.26666666666666666,0.22764227642276422,0.5699214802866387,0.21343898239658088,0.6552456174504733,0.13074790401210237,-1.344309115447013,0.30634725279428315
Vigitel smoking,0,2,42,116,Standard TVAE,7014,1000,0.5,0.123,RandomForest,0.47415865384615385,0.015625,0.2,0.008130081300813009,0.5017845389400302,0.2534010375653582,0.7261636584438821,0.10188801801837329,-0.3567192021121217,0.8668046467635787
Vigitel smoking,0,2,42,116,Standard TVAE,7014,1000,0.5,0.123,CatBoost,0.5739410453306911,0.21818181818181817,0.42857142857142855,0.14634146341463414,0.5594877214450593,0.2729438574820912,0.7225853102316656,0.10481475805022078,-0.7829121780990518,0.5943084103550921
Vigitel smoking,0,2,42,116,SepAware TVAE,7014,1000,0.5,0.123,LogisticRegression,0.5751246673673382,0.24669603524229075,0.2692307692307692,0.22764227642276422,0.5704916057142327,0.21127707913905275,0.6500635017752687,0.13050812158954947,-1.356915361096581,0.29395147378842656
Vigitel smoking,0,2,42,116,SepAware TVAE,7014,1000,0.5,0.123,RandomForest,0.4666666666666667,0.0,0.0,0.0,0.49885974914481185,0.2592837873049752,0.7306134178787625,0.10084868422564584,-0.1945094758100927,0.9538547782222532
Vigitel smoking,0,2,42,116,SepAware TVAE,7014,1000,0.5,0.123,CatBoost,0.563400905439353,0.19753086419753085,0.41025641025641024,0.13008130081300814,0.5519277655718404,0.27227454984187044,0.7227799872069416,0.10499098985281298,-0.755961606246813,0.5908989027924666
Vigitel smoking,0,3,42,153,Real only,4000,1000,0.12325,0.123,LogisticRegression,0.4825053418803419,0.03125,0.4,0.016260162601626018,0.5064197050180308,0.28075532361643785,0.6985566092833106,0.10010588529981163,-0.30143657101643384,0.8188293838773286
Vigitel smoking,0,3,42,153,Real only,4000,1000,0.12325,0.123,RandomForest,0.47485219630363706,0.015873015873015872,0.3333333333333333,0.008130081300813009,0.5029247897952184,0.3058847677576138,0.7470033651305726,0.09747809535542346,0.055479289185074034,1.0347674531070568
Vigitel smoking,0,3,42,153,Real only,4000,1000,0.12325,0.123,CatBoost,0.5391705069124424,0.14285714285714285,0.5882352941176471,0.08130081300813008,0.5366595285109066,0.3201120071398027,0.7688720786865793,0.09641156371862235,-0.027706565388919937,0.9539922640523489
Vigitel smoking,0,3,42,153,Class weighting,4000,1000,0.12325,0.123,LogisticRegression,0.5594042486607125,0.3298538622129436,0.22191011235955055,0.6422764227642277,0.6632134679385563,0.28103332042317747,0.701791955205755,0.20898364802815006,-1.9080523190348841,0.8234141499240628
Vigitel smoking,0,3,42,153,Class weighting,4000,1000,0.12325,0.123,RandomForest,0.5748977097614113,0.21951219512195122,0.43902439024390244,0.14634146341463414,0.5600578468726535,0.33055940867822503,0.749571247137785,0.10611934872382765,-0.6238646307370254,1.0923154177907688
Vigitel smoking,0,3,42,153,Class weighting,4000,1000,0.12325,0.123,CatBoost,0.5958316877177399,0.3569682151589242,0.25524475524475526,0.5934959349593496,0.6753112514021378,0.2957558167046992,0.7486442139221848,0.1687430733795515,-1.6665267335302072,0.8341329088111565
Vigitel smoking,0,3,42,153,Random oversampling,7014,1000,0.5,0.123,LogisticRegression,0.562381363244176,0.33263157894736844,0.22443181818181818,0.6422764227642277,0.6654939696489326,0.26734285721525286,0.7002530800678588,0.20829204431564227,-1.8954328236219415,0.786953114456189
Vigitel smoking,0,3,42,153,Random oversampling,7014,1000,0.5,0.123,RandomForest,0.5851971434657339,0.25252525252525254,0.3333333333333333,0.2032520325203252,0.573119744880459,0.3180194809353481,0.7407088095966479,0.11233752442063707,-0.879225119512943,0.957007072244416
Vigitel smoking,0,3,42,153,Random oversampling,7014,1000,0.5,0.123,CatBoost,0.595156714526766,0.35467980295566504,0.254416961130742,0.5853658536585366,0.6723864616069193,0.3019539021335417,0.7475132333991528,0.16604155474881566,-1.634886781738262,0.8108254054468492
Vigitel smoking,0,3,42,153,Random undersampling,986,1000,0.5,0.123,LogisticRegression,0.5504385964912281,0.31666666666666665,0.21288515406162464,0.6178861788617886,0.6487378442769605,0.26243846462908066,0.6911866952192898,0.21486996735946465,-1.9195516358182363,0.7643515307858445
Vigitel smoking,0,3,42,153,Random undersampling,986,1000,0.5,0.123,RandomForest,0.5790678879310345,0.35344827586206895,0.2404692082111437,0.6666666666666666,0.685670847586469,0.2982428955158335,0.7376774109816355,0.20208295844941834,-1.908326829288809,1.1479949027498588
Vigitel smoking,0,3,42,153,Random undersampling,986,1000,0.5,0.123,CatBoost,0.5515110002120129,0.32098765432098764,0.21487603305785125,0.6341463414634146,0.6545874238673972,0.29276039450425656,0.7374363823455794,0.20269430506814384,-1.9149764308895514,0.8180915266106195
Vigitel smoking,0,3,42,153,SMOTE,7014,1000,0.5,0.123,LogisticRegression,0.5295472418829344,0.22093023255813954,0.17194570135746606,0.3089430894308943,0.5501385914657322,0.16820100026431414,0.6011068776594265,0.18180210300504837,-1.7270708263385017,0.23781531300788922
Vigitel smoking,0,3,42,153,SMOTE,7014,1000,0.5,0.123,RandomForest,0.5291068727018913,0.13496932515337423,0.275,0.08943089430894309,0.5281818097542434,0.25761530722899206,0.7132686264148844,0.1103180493001608,-0.8400827612558367,0.8026826721357182
Vigitel smoking,0,3,42,153,SMOTE,7014,1000,0.5,0.123,CatBoost,0.5337584575114449,0.1360544217687075,0.4166666666666667,0.08130081300813008,0.532668650517748,0.27435549969679085,0.7477079103744286,0.10153229548012041,-0.46666487366909065,0.838824771385757
Vigitel smoking,0,3,42,153,Standard CTGAN,7014,1000,0.5,0.123,LogisticRegression,0.4845835250805338,0.18048780487804877,0.1289198606271777,0.3008130081300813,0.507875147166523,0.1442328897394281,0.5649155009223981,0.209692479376451,-1.8682656124538446,0.28369628672477204
Vigitel smoking,0,3,42,153,Standard CTGAN,7014,1000,0.5,0.123,RandomForest,0.5198634278194687,0.12903225806451613,0.19047619047619047,0.0975609756097561,0.5197040909975804,0.1842567680951791,0.644649627796164,0.13086971411647566,-1.281316589723056,0.65943658594617
Vigitel smoking,0,3,42,153,Standard CTGAN,7014,1000,0.5,0.123,CatBoost,0.5057905450473646,0.08917197452229299,0.20588235294117646,0.056910569105691054,0.5130618980078057,0.21558163167448285,0.67669716605946,0.1102927137576779,-0.8785619431112246,0.6841081976382609
Vigitel smoking,0,3,42,153,SepAware CTGAN,7014,1000,0.5,0.123,LogisticRegression,0.5000271572992553,0.2345415778251599,0.15895953757225434,0.44715447154471544,0.5576707363424831,0.2003674407727944,0.6123981422254359,0.21600091534919688,-1.857188367485451,0.35596647340434157
Vigitel smoking,0,3,42,153,SepAware CTGAN,7014,1000,0.5,0.123,RandomForest,0.5484554060787245,0.19444444444444445,0.22580645161290322,0.17073170731707318,0.5443168228717635,0.20906051930832237,0.6784307181726321,0.1346808393525949,-1.2763993329506076,0.7470013991763677
Vigitel smoking,0,3,42,153,SepAware CTGAN,7014,1000,0.5,0.123,CatBoost,0.5514354066985646,0.18181818181818182,0.3018867924528302,0.13008130081300814,0.5439460095855234,0.22532349701030996,0.6902503916715336,0.11183626670164497,-0.9439239857211762,0.6446979844057311
Vigitel smoking,0,3,42,153,Standard TVAE,7014,1000,0.5,0.123,LogisticRegression,0.5409649233886286,0.1792452830188679,0.21348314606741572,0.15447154471544716,0.5373269924261387,0.1844691180844828,0.6364546541702588,0.13667858516756146,-1.4274205453925777,0.23020460899064804
Vigitel smoking,0,3,42,153,Standard TVAE,7014,1000,0.5,0.123,RandomForest,0.4908520299145299,0.046875,0.6,0.024390243902439025,0.5110548710960313,0.2781982256415267,0.7318556423876668,0.09981439237070641,-0.18740526531602392,0.9254093801918755
Vigitel smoking,0,3,42,153,Standard TVAE,7014,1000,0.5,0.123,CatBoost,0.5328491952265682,0.1437125748502994,0.2727272727272727,0.0975609756097561,0.5305364741218678,0.2705333999482774,0.750294333045953,0.1064681038906641,-0.6779233023006171,0.6289630585739947
Vigitel smoking,0,3,42,153,SepAware TVAE,7014,1000,0.5,0.123,LogisticRegression,0.5490428561294703,0.1981981981981982,0.2222222222222222,0.17886178861788618,0.5455312363841996,0.1797327810434828,0.637465120375263,0.13692319767622252,-1.4275539719085875,0.23050358274068555
Vigitel smoking,0,3,42,153,SepAware TVAE,7014,1000,0.5,0.123,RandomForest,0.4981489099136158,0.06153846153846154,0.5714285714285714,0.032520325203252036,0.5145497863188438,0.2786868097939675,0.7315960730872987,0.09946408166286552,-0.1772946242651251,0.927060956393617
Vigitel smoking,0,3,42,153,SepAware TVAE,7014,1000,0.5,0.123,CatBoost,0.5443366867136981,0.16568047337278108,0.30434782608695654,0.11382113821138211,0.5386665554226808,0.26865777297808696,0.7479489390104846,0.10690867351797063,-0.6886116297913356,0.6207549435417316
Vigitel smoking,0,4,42,190,Real only,4000,1000,0.123,0.124,LogisticRegression,0.4734677087618264,0.015384615384615385,0.16666666666666666,0.008064516129032258,0.5011783767859773,0.2343465073456072,0.6780177493003389,0.10432515487392797,-0.4727773832522672,0.7075487427859407
Vigitel smoking,0,4,42,190,Real only,4000,1000,0.123,0.124,RandomForest,0.48291300747043564,0.031496062992125984,0.6666666666666666,0.016129032258064516,0.5074937398733245,0.25995892004091004,0.7081768301664457,0.10197425919630368,-0.22412045235231784,0.8684007253551806
Vigitel smoking,0,4,42,190,Real only,4000,1000,0.123,0.124,CatBoost,0.5078571183317501,0.0851063829787234,0.35294117647058826,0.04838709677419355,0.5179150095743114,0.25800922259422254,0.7049455000736484,0.1028531914389744,-0.39238962143412476,0.727295583668884
Vigitel smoking,0,4,42,190,Class weighting,4000,1000,0.123,0.124,LogisticRegression,0.5585476216753118,0.31221719457013575,0.2169811320754717,0.5564516129032258,0.6361025187803799,0.2297800523259386,0.6750533951981146,0.2086792461516839,-1.8564804968350423,0.6739985179582719
Vigitel smoking,0,4,42,190,Class weighting,4000,1000,0.123,0.124,RandomForest,0.5507999961220144,0.17751479289940827,0.3333333333333333,0.12096774193548387,0.543360583296509,0.2466193300890111,0.7014564000589188,0.11379464427965409,-0.8887357903060128,0.8307250141338905
Vigitel smoking,0,4,42,190,Class weighting,4000,1000,0.123,0.124,CatBoost,0.5630742537166292,0.29873417721518986,0.2177121771217712,0.47580645161290325,0.6168986595964059,0.2601528021028018,0.7067867138017382,0.17456664683796094,-1.6549824083550337,0.6833432790827756
Vigitel smoking,0,4,42,190,Random oversampling,7016,1000,0.5,0.124,LogisticRegression,0.5498207885304659,0.3022222222222222,0.2085889570552147,0.5483870967741935,0.626933274414494,0.2239964697127908,0.6712604949182501,0.20944544355506292,-1.854790096361505,0.6488809981338274
Vigitel smoking,0,4,42,190,Random oversampling,7016,1000,0.5,0.124,RandomForest,0.5796759683828988,0.24509803921568626,0.3125,0.20161290322580644,0.5694137575489763,0.2524259782631914,0.7043378995433791,0.12000145481376538,-1.0616731003156878,0.7688282347273541
Vigitel smoking,0,4,42,190,Random oversampling,7016,1000,0.5,0.124,CatBoost,0.5707531287948057,0.30848329048843187,0.22641509433962265,0.4838709677419355,0.6249263514508765,0.2539035813853099,0.6930512593901899,0.17076435919671729,-1.6174204961048213,0.6359814181771567
Vigitel smoking,0,4,42,190,Random undersampling,984,1000,0.5,0.124,LogisticRegression,0.5468936729365255,0.30131004366812225,0.20658682634730538,0.5564516129032258,0.6269700986890558,0.22484816519624048,0.6668692001767565,0.21376111045217733,-1.8755224611188932,0.6358163286004018
Vigitel smoking,0,4,42,190,Random undersampling,984,1000,0.5,0.124,RandomForest,0.5763590579173457,0.33488372093023255,0.23529411764705882,0.5806451612903226,0.6567609368095448,0.2566832137291323,0.7128535130357933,0.200072715442832,-1.8291312073368242,1.0221448326861013
Vigitel smoking,0,4,42,190,Random undersampling,984,1000,0.5,0.124,CatBoost,0.5725459953729206,0.3310344827586207,0.2315112540192926,0.5806451612903226,0.653907055531006,0.2568673211859449,0.7047153483576374,0.1964192837804392,-1.8088768593852684,0.7046070111986488
Vigitel smoking,0,4,42,190,SMOTE,7016,1000,0.5,0.124,LogisticRegression,0.5284837075881852,0.21492537313432836,0.17061611374407584,0.2903225806451613,0.5452754455737222,0.1578035102870033,0.5727555604654588,0.18002996444449848,-1.7475364477309523,0.17849942880146918
Vigitel smoking,0,4,42,190,SMOTE,7016,1000,0.5,0.124,RandomForest,0.5371263259402121,0.15294117647058825,0.2826086956521739,0.10483870967741936,0.5335837384003534,0.22215298516288423,0.6650371925173074,0.11630714453124227,-1.0612437186773969,0.6357822282880098
Vigitel smoking,0,4,42,190,SMOTE,7016,1000,0.5,0.124,CatBoost,0.49862308429118773,0.06944444444444445,0.25,0.04032258064516129,0.5115996464869642,0.2375533271271256,0.6754400500810134,0.10781126336769009,-0.8276820101521207,0.5925876283976145
Vigitel smoking,0,4,42,190,Standard CTGAN,7016,1000,0.5,0.124,LogisticRegression,0.5391140676567656,0.2552083333333333,0.18846153846153846,0.3951612903225806,0.5771468552069524,0.2401901727059227,0.6122127706584181,0.18440789671957186,-1.718942472022976,0.39958605807569564
Vigitel smoking,0,4,42,190,Standard CTGAN,7016,1000,0.5,0.124,RandomForest,0.5647916439995648,0.2087912087912088,0.3275862068965517,0.1532258064516129,0.5543526292532037,0.21518943019373932,0.6707909854175873,0.12282659302603634,-1.1517841504160604,0.67984402231401
Vigitel smoking,0,4,42,190,Standard CTGAN,7016,1000,0.5,0.124,CatBoost,0.53125,0.1375,0.3055555555555556,0.08870967741935484,0.5300854323169834,0.2372629621457412,0.6844159670054499,0.10987446641780896,-0.883455027630395,0.6214449725033535
Vigitel smoking,0,4,42,190,SepAware CTGAN,7016,1000,0.5,0.124,LogisticRegression,0.5640802092414996,0.2903225806451613,0.21774193548387097,0.43548387096774194,0.607011341876565,0.23625288456303906,0.6446273383414347,0.1802851916024395,-1.6847803363073894,0.38318649404696203
Vigitel smoking,0,4,42,190,SepAware CTGAN,7016,1000,0.5,0.124,RandomForest,0.5759865196753269,0.2376237623762376,0.3076923076923077,0.1935483870967742,0.5659522757401679,0.23266990965472753,0.679030416850788,0.12312751775974606,-1.1898693181601865,0.6313692630178531
Vigitel smoking,0,4,42,190,SepAware CTGAN,7016,1000,0.5,0.124,CatBoost,0.5564127290260367,0.18823529411764706,0.34782608695652173,0.12903225806451613,0.5473928413610252,0.24802701440186414,0.6894148622772132,0.11169617111453144,-0.9724240667528885,0.5653945951633689
Vigitel smoking,0,4,42,190,Standard TVAE,7016,1000,0.5,0.124,LogisticRegression,0.5312384351587621,0.15763546798029557,0.20253164556962025,0.12903225806451613,0.5285572249226691,0.18290479246144256,0.619550007364855,0.12923645826480878,-1.394561064036152,0.2323954515417197
Vigitel smoking,0,4,42,190,Standard TVAE,7016,1000,0.5,0.124,RandomForest,0.4669509594882729,0.0,0.0,0.0,0.5,0.25710765409798675,0.7059029312122552,0.10209530785028571,-0.22558446477036978,0.8922359106318117
Vigitel smoking,0,4,42,190,Standard TVAE,7016,1000,0.5,0.124,CatBoost,0.48875811732457336,0.053691275167785234,0.16,0.03225806451612903,0.5041427308882015,0.23287763543464354,0.6952975401384592,0.10784979088616788,-0.7250597645426445,0.5562907083197786
Vigitel smoking,0,4,42,190,SepAware TVAE,7016,1000,0.5,0.124,LogisticRegression,0.5289328293108462,0.14736842105263157,0.21212121212121213,0.11290322580645161,0.5267712476064221,0.1774609404845019,0.6200103107968774,0.12706767248996956,-1.3633841153649087,0.24507553384936362
Vigitel smoking,0,4,42,190,SepAware TVAE,7016,1000,0.5,0.124,RandomForest,0.4669509594882729,0.0,0.0,0.0,0.5,0.2561896822386491,0.7165727647665342,0.1013047986248087,-0.141116460240441,0.9384227520598679
Vigitel smoking,0,4,42,190,SepAware TVAE,7016,1000,0.5,0.124,CatBoost,0.4901804317950082,0.0547945205479452,0.18181818181818182,0.03225806451612903,0.5058550596553248,0.22598358181933587,0.6863032110767419,0.10823272176134137,-0.7413489393760537,0.5477676358519351
Vigitel smoking,1,0,43,1042,Real only,4000,1000,0.12325,0.123,LogisticRegression,0.48209927949651765,0.031007751937984496,0.3333333333333333,0.016260162601626018,0.5058495795904367,0.28088446541189993,0.7356472082394713,0.09875005856915799,-0.06322278607310375,0.9727542827110678
Vigitel smoking,1,0,43,1042,Real only,4000,1000,0.12325,0.123,RandomForest,0.4666666666666667,0.0,0.0,0.0,0.49885974914481185,0.2858258424210381,0.7439905071798721,0.0982408141219154,0.017649986690095886,1.0305426823972859
Vigitel smoking,1,0,43,1042,Real only,4000,1000,0.12325,0.123,CatBoost,0.512085872886372,0.08955223880597014,0.5454545454545454,0.04878048780487805,0.5215396167644687,0.31284867702388974,0.7538726812581695,0.09716945272226539,-0.06744518878415057,0.939052107953029
Vigitel smoking,1,0,43,1042,Class weighting,4000,1000,0.12325,0.123,LogisticRegression,0.5721660221010026,0.341991341991342,0.23303834808259588,0.6422764227642277,0.6729056002076554,0.2739596403923944,0.7353505576104793,0.20854680492962704,-1.9644536669711827,0.9369744236996396
Vigitel smoking,1,0,43,1042,Class weighting,4000,1000,0.12325,0.123,RandomForest,0.5792084689832349,0.23121387283236994,0.4,0.16260162601626016,0.564197050180308,0.27908392807142846,0.7398466687061398,0.10963808355642775,-0.7387131703366726,1.0153375799655855
Vigitel smoking,1,0,43,1042,Class weighting,4000,1000,0.12325,0.123,CatBoost,0.5834801832687193,0.3389830508474576,0.2413793103448276,0.5691056910569106,0.6591252514577597,0.3016929290988165,0.7388918244940716,0.17598798335391713,-1.7206450873738905,0.8337998771561751
Vigitel smoking,1,0,43,1042,Random oversampling,7014,1000,0.5,0.123,LogisticRegression,0.5706492456896551,0.34051724137931033,0.2316715542521994,0.6422764227642277,0.6717653493524673,0.27005614761809016,0.734506957384283,0.20801741441380328,-1.9591895043591085,0.9147408034883123
Vigitel smoking,1,0,43,1042,Random oversampling,7014,1000,0.5,0.123,RandomForest,0.5964080314801735,0.2727272727272727,0.36,0.21951219512195122,0.5823900770364603,0.27406475903911476,0.7305485255536706,0.11568574401340238,-0.939831572447432,0.9229596714249169
Vigitel smoking,1,0,43,1042,Random oversampling,7014,1000,0.5,0.123,CatBoost,0.5930175002474893,0.34760705289672544,0.2518248175182482,0.5609756097560976,0.6636120922212643,0.2912383556088094,0.7421457110808279,0.16914093265233782,-1.6531276570341091,0.8253190916318887
Vigitel smoking,1,0,43,1042,Random undersampling,986,1000,0.5,0.123,LogisticRegression,0.5554066160301949,0.33266533066132264,0.22074468085106383,0.6747967479674797,0.6703516236986771,0.2609917416703324,0.7219271166485894,0.2215966397360587,-2.008785501008557,0.7412826129154658
Vigitel smoking,1,0,43,1042,Random undersampling,986,1000,0.5,0.123,RandomForest,0.5723684210526316,0.35,0.23529411764705882,0.6829268292682927,0.6858191729009651,0.3029107701423501,0.7440090478441843,0.20792644179522668,-1.977970597513102,1.1544956091475076
Vigitel smoking,1,0,43,1042,Random undersampling,986,1000,0.5,0.123,CatBoost,0.5544793667415482,0.3286004056795132,0.21891891891891893,0.6585365853658537,0.6645020441082404,0.2891775451699376,0.7411259745436678,0.21058375378563762,-1.9689500091653132,0.746867664559429
Vigitel smoking,1,0,43,1042,SMOTE,7014,1000,0.5,0.123,LogisticRegression,0.5351958118696312,0.23121387283236994,0.17937219730941703,0.3252032520325203,0.5582686727665452,0.16879822062694783,0.6034708123592067,0.1808327207418903,-1.7236338614035436,0.24155553413487985
Vigitel smoking,1,0,43,1042,SMOTE,7014,1000,0.5,0.123,RandomForest,0.5581201913079643,0.19047619047619047,0.35555555555555557,0.13008130081300814,0.548507013006276,0.2642204111528565,0.701847577198691,0.11216044850785442,-0.8802021519346034,0.8120058626090512
Vigitel smoking,1,0,43,1042,SMOTE,7014,1000,0.5,0.123,CatBoost,0.5352727948694117,0.13793103448275862,0.45454545454545453,0.08130081300813008,0.5338089013729361,0.28487427976308494,0.7283514568326984,0.10154538465299429,-0.5438749801891201,0.8137662832002301
Vigitel smoking,1,0,43,1042,Standard CTGAN,7014,1000,0.5,0.123,LogisticRegression,0.5239405721321333,0.2940038684719536,0.19289340101522842,0.6178861788617886,0.6276432034559798,0.22454817001045496,0.685262952971605,0.22185799484843546,-1.9426447771028537,1.0284912526128318
Vigitel smoking,1,0,43,1042,Standard CTGAN,7014,1000,0.5,0.123,RandomForest,0.5230994505568318,0.12345679012345678,0.2564102564102564,0.08130081300813008,0.524116769103837,0.2274780344649335,0.6868945314310612,0.12046476384021586,-0.971392942445538,0.9061389658547631
Vigitel smoking,1,0,43,1042,Standard CTGAN,7014,1000,0.5,0.123,CatBoost,0.5514354066985646,0.17105263157894737,0.4482758620689655,0.10569105691056911,0.5437235216137795,0.29160391832221955,0.7366391337801633,0.10146771130516041,-0.4716699025684057,0.9599018278732423
Vigitel smoking,1,0,43,1042,SepAware CTGAN,7014,1000,0.5,0.123,LogisticRegression,0.567776518920906,0.32962138084632514,0.22699386503067484,0.6016260162601627,0.6571414003763756,0.2556529720812265,0.7181077398003172,0.19350237177135152,-1.7883627268564823,0.6111852430657789
Vigitel smoking,1,0,43,1042,SepAware CTGAN,7014,1000,0.5,0.123,RandomForest,0.5908025874729537,0.26262626262626265,0.3466666666666667,0.21138211382113822,0.5777549109584597,0.2657870180919114,0.7376495999851674,0.11376452513735273,-0.9009321000619962,0.8977430851529785
Vigitel smoking,1,0,43,1042,SepAware CTGAN,7014,1000,0.5,0.123,CatBoost,0.5728807767874939,0.21965317919075145,0.38,0.15447154471544716,0.5595618841023073,0.27556256134704965,0.7416729241408719,0.1051888449853388,-0.7353419262210074,0.7862620257272663
Vigitel smoking,1,0,43,1042,Standard TVAE,7014,1000,0.5,0.123,LogisticRegression,0.5387922610904827,0.17674418604651163,0.20652173913043478,0.15447154471544716,0.5356166161433564,0.21190477258199425,0.6931890869649859,0.12467716154721831,-1.2161788352037792,0.36478914625337067
Vigitel smoking,1,0,43,1042,Standard TVAE,7014,1000,0.5,0.123,RandomForest,0.4663820704375667,0.0,0.0,0.0,0.4982896237172178,0.2672968208516052,0.7392440971159996,0.09974502996386221,-0.1254255148893377,0.9879131184748086
Vigitel smoking,1,0,43,1042,Standard TVAE,7014,1000,0.5,0.123,CatBoost,0.5610910386239886,0.19767441860465115,0.3469387755102041,0.13821138211382114,0.5508616773739003,0.26677827312472374,0.7254034912070899,0.10586121516671475,-0.7363888090972874,0.6032051832795156
Vigitel smoking,1,0,43,1042,SepAware TVAE,7014,1000,0.5,0.123,LogisticRegression,0.5707417582417582,0.23076923076923078,0.2823529411764706,0.1951219512195122,0.5627833245265178,0.21646484750283818,0.6961648635870623,0.12202745945042175,-1.189763179023923,0.38115560247544206
Vigitel smoking,1,0,43,1042,SepAware TVAE,7014,1000,0.5,0.123,RandomForest,0.4666666666666667,0.0,0.0,0.0,0.49885974914481185,0.2701719717748911,0.7332461922110669,0.0999630209070663,-0.12132193136612011,0.9801648021858239
Vigitel smoking,1,0,43,1042,SepAware TVAE,7014,1000,0.5,0.123,CatBoost,0.5459163506048459,0.16766467065868262,0.3181818181818182,0.11382113821138211,0.5398068062778689,0.26366381143367706,0.733209110882443,0.10519774415979011,-0.7019045210256291,0.6186666568521625
Vigitel smoking,1,1,43,1079,Real only,4000,1000,0.12325,0.123,LogisticRegression,0.49919871794871795,0.0625,0.8,0.032520325203252036,0.515690037174032,0.3120504027096307,0.7117946436020803,0.0992320728154192,-0.20212442886318452,0.8984421230183236
Vigitel smoking,1,1,43,1079,Real only,4000,1000,0.12325,0.123,RandomForest,0.5152449256087405,0.09302325581395349,1.0,0.04878048780487805,0.524390243902439,0.3287757519246667,0.7303631189105506,0.09801858897104168,-0.06097481546463758,0.9939885515585851
Vigitel smoking,1,1,43,1079,Real only,4000,1000,0.12325,0.123,CatBoost,0.5744696875553095,0.2097902097902098,0.75,0.12195121951219512,0.5581249826181272,0.36923125606291224,0.7468364991517646,0.09456153028564353,-0.042997907683622945,0.9596083725953798
Vigitel smoking,1,1,43,1079,Class weighting,4000,1000,0.12325,0.123,LogisticRegression,0.565645291649943,0.3389121338912134,0.22816901408450704,0.6585365853658537,0.6730539255221515,0.30965368958618117,0.7130924901039205,0.213728115376268,-1.9609626469262778,0.8855250461895778
Vigitel smoking,1,1,43,1079,Class weighting,4000,1000,0.12325,0.123,RandomForest,0.581617189025354,0.23728813559322035,0.3888888888888889,0.17073170731707318,0.5665517145479323,0.31186805558541575,0.7357491818931872,0.10949603302795136,-0.742993108596616,1.0326962133321531
Vigitel smoking,1,1,43,1079,Class weighting,4000,1000,0.12325,0.123,CatBoost,0.5916984738596289,0.35406698564593303,0.25084745762711863,0.6016260162601627,0.6748152886317917,0.35254694218396243,0.7442222654837722,0.1731477129015461,-1.7153522067521156,0.8726405844890892
Vigitel smoking,1,1,43,1079,Random oversampling,7014,1000,0.5,0.123,LogisticRegression,0.5651423641069888,0.3368421052631579,0.22727272727272727,0.6504065040650406,0.6701291357269331,0.3091448696271414,0.7078454821036237,0.2136830196555007,-1.9520544483974769,0.8576318554291452
Vigitel smoking,1,1,43,1079,Random oversampling,7014,1000,0.5,0.123,RandomForest,0.581493188250972,0.24752475247524752,0.31645569620253167,0.2032520325203252,0.5708392431700828,0.2900295205645136,0.7143254442806687,0.11758175089080934,-1.0212762282531622,0.848968599437206
Vigitel smoking,1,1,43,1079,Random oversampling,7014,1000,0.5,0.123,CatBoost,0.584375,0.335,0.24187725631768953,0.5447154471544715,0.6526313837824809,0.32490649277260625,0.7287129997867824,0.17138359044667845,-1.6762195525873889,0.7648633994466976
Vigitel smoking,1,1,43,1079,Random undersampling,986,1000,0.5,0.123,LogisticRegression,0.5493333333333333,0.324,0.21485411140583555,0.6585365853658537,0.660511166115082,0.3141185496177028,0.7038685096086992,0.22007357291895718,-1.9873773422145427,0.8221233690932579
Vigitel smoking,1,1,43,1079,Random undersampling,986,1000,0.5,0.123,RandomForest,0.5679392046043413,0.3488843813387424,0.23243243243243245,0.6991869918699187,0.6876778744982432,0.31391107914998234,0.7372417053703035,0.20697701776429261,-1.964774599088794,1.1680664033674166
Vigitel smoking,1,1,43,1079,Random undersampling,986,1000,0.5,0.123,CatBoost,0.5437568966980731,0.31746031746031744,0.2099737532808399,0.6504065040650406,0.653595498326705,0.3303751899498049,0.734553309045063,0.21274610742822858,-1.9833884513661602,0.772525850171198
Vigitel smoking,1,1,43,1079,SMOTE,7014,1000,0.5,0.123,LogisticRegression,0.5544884041841381,0.2724795640326976,0.20491803278688525,0.4065040650406504,0.5926476995670755,0.19591696876559642,0.6389391031880671,0.18472839423787446,-1.7084374712964938,0.30115897206443915
Vigitel smoking,1,1,43,1079,SMOTE,7014,1000,0.5,0.123,RandomForest,0.5948992532055799,0.26595744680851063,0.38461538461538464,0.2032520325203252,0.5788209991563997,0.2695627233233184,0.7114979929730884,0.11219959600426982,-0.9432423266131862,0.780247378743763
Vigitel smoking,1,1,43,1079,SMOTE,7014,1000,0.5,0.123,CatBoost,0.5788043478260869,0.225,0.4864864864864865,0.14634146341463414,0.5623383485830297,0.3196147677925324,0.7275634785994383,0.10141382430919353,-0.6238867240093245,0.78925996993063
Vigitel smoking,1,1,43,1079,Standard CTGAN,7014,1000,0.5,0.123,LogisticRegression,0.5073685517580194,0.25661914460285135,0.17119565217391305,0.5121951219512195,0.5822093055594182,0.2035282231183694,0.597148445828814,0.22292622939350587,-1.8865037124030397,0.3917072236074568
Vigitel smoking,1,1,43,1079,Standard CTGAN,7014,1000,0.5,0.123,RandomForest,0.5585127201565558,0.19428571428571428,0.3269230769230769,0.13821138211382114,0.5491513010911181,0.21573500247080424,0.6662587720518026,0.12374042619786144,-1.0992525597339553,0.804284720640467
Vigitel smoking,1,1,43,1079,Standard CTGAN,7014,1000,0.5,0.123,CatBoost,0.5855978260869565,0.2375,0.5135135135135135,0.15447154471544716,0.5669735146610303,0.3019556136308662,0.6979540376931705,0.10313592965486884,-0.6168784869085279,0.850053148201687
Vigitel smoking,1,1,43,1079,SepAware CTGAN,7014,1000,0.5,0.123,LogisticRegression,0.5303696545713168,0.2903885480572597,0.19398907103825136,0.5772357723577236,0.6204308850386109,0.2704299810764277,0.6539106896200091,0.21485336585803227,-1.853078086519816,0.4725612584813872
Vigitel smoking,1,1,43,1079,SepAware CTGAN,7014,1000,0.5,0.123,RandomForest,0.5814290239377348,0.24489795918367346,0.3287671232876712,0.1951219512195122,0.5696248296576466,0.23689739411664437,0.6888413011838215,0.12212870197835399,-1.0780008627478421,0.8185729811430705
Vigitel smoking,1,1,43,1079,SepAware CTGAN,7014,1000,0.5,0.123,CatBoost,0.6014143362262938,0.27058823529411763,0.48936170212765956,0.18699186991869918,0.5798129246970919,0.30464229795580045,0.7009390846474028,0.10514575285572866,-0.7817594216586737,0.7482827499579571
Vigitel smoking,1,1,43,1079,Standard TVAE,7014,1000,0.5,0.123,LogisticRegression,0.5573262505533422,0.2222222222222222,0.225,0.21951219512195122,0.556734432794727,0.20846208781289088,0.6673990229069908,0.13278528537160997,-1.3250100567387972,0.3083211630285159
Vigitel smoking,1,1,43,1079,Standard TVAE,7014,1000,0.5,0.123,RandomForest,0.48291300747043564,0.031496062992125984,0.5,0.016260162601626018,0.5069898304456248,0.32407036380904913,0.7385395518721435,0.09734737336357041,-0.034140551164718515,1.044353426144241
Vigitel smoking,1,1,43,1079,Standard TVAE,7014,1000,0.5,0.123,CatBoost,0.5720506613614016,0.2155688622754491,0.4090909090909091,0.14634146341463414,0.5583474705898712,0.3030126480051823,0.7291579757302704,0.10378645232630478,-0.6816507843168057,0.6483343644328664
Vigitel smoking,1,1,43,1079,SepAware TVAE,7014,1000,0.5,0.123,LogisticRegression,0.5612319842806589,0.226890756302521,0.23478260869565218,0.21951219512195122,0.5595850599326974,0.218552238514045,0.6681313791473148,0.13157357822027252,-1.313465167558487,0.3150465137136117
Vigitel smoking,1,1,43,1079,SepAware TVAE,7014,1000,0.5,0.123,RandomForest,0.48291300747043564,0.031496062992125984,0.5,0.016260162601626018,0.5069898304456248,0.3127186238384364,0.7285368634758184,0.09820011270831094,-0.11603966405964954,0.9916859107951815
Vigitel smoking,1,1,43,1079,SepAware TVAE,7014,1000,0.5,0.123,CatBoost,0.5835516328806136,0.2345679012345679,0.48717948717948717,0.15447154471544716,0.5658332638058422,0.31936870918354504,0.7348685003383671,0.10049990166022146,-0.5952394097692807,0.6896513859757576
Vigitel smoking,1,2,43,1116,Real only,4000,1000,0.12325,0.123,LogisticRegression,0.4908520299145299,0.046875,0.6,0.024390243902439025,0.5110548710960313,0.31437271602763756,0.7405326732856837,0.09764397895172369,0.17664393501075296,1.0919087015843154
Vigitel smoking,1,2,43,1116,Real only,4000,1000,0.12325,0.123,RandomForest,0.47485219630363706,0.015873015873015872,0.3333333333333333,0.008130081300813009,0.5029247897952184,0.30295749961819546,0.7597315311807623,0.09711016733628805,0.15400720016491176,1.1107995174778655
Vigitel smoking,1,2,43,1116,Real only,4000,1000,0.12325,0.123,CatBoost,0.523117362724564,0.11347517730496454,0.4444444444444444,0.06504065040650407,0.5268190709273113,0.3281759817115856,0.7743879263194,0.09556258190165443,0.04298804765866545,0.9957283338045735
Vigitel smoking,1,2,43,1116,Class weighting,4000,1000,0.12325,0.123,LogisticRegression,0.5742820324005891,0.3392857142857143,0.23384615384615384,0.6178861788617886,0.6669818579599707,0.31266799806044326,0.7415338691585318,0.20704266270801844,-1.9707240650509712,1.068830465385777
Vigitel smoking,1,2,43,1116,Class weighting,4000,1000,0.12325,0.123,RandomForest,0.5729920773606969,0.21686746987951808,0.4186046511627907,0.14634146341463414,0.5589175960174653,0.29529200410621687,0.7591196892584662,0.10685896874500977,-0.6128357999925741,1.1296225518888527
Vigitel smoking,1,2,43,1116,Class weighting,4000,1000,0.12325,0.123,CatBoost,0.596944020506039,0.3627684964200477,0.25675675675675674,0.6178861788617886,0.6835154953601987,0.31687618163988723,0.7682231554356592,0.16897088841943536,-1.7061658528942922,0.9206627838398386
Vigitel smoking,1,2,43,1116,Random oversampling,7014,1000,0.5,0.123,LogisticRegression,0.5744459112068366,0.33783783783783783,0.2336448598130841,0.6097560975609756,0.6646271935923465,0.31542829436649944,0.7445838084378564,0.20538655026278918,-1.96736156707678,1.0669115394504434
Vigitel smoking,1,2,43,1116,Random oversampling,7014,1000,0.5,0.123,RandomForest,0.6155962820693641,0.30845771144278605,0.3974358974358974,0.25203252032520324,0.5992203650656803,0.3074955616088149,0.7637548553364666,0.11164187142732299,-0.8266575551444468,1.062394741446574
Vigitel smoking,1,2,43,1116,Random oversampling,7014,1000,0.5,0.123,CatBoost,0.613082295157453,0.37628865979381443,0.27547169811320754,0.5934959349593496,0.6872838853816132,0.3098273812698846,0.7605565907426464,0.16273208082974755,-1.637202232715778,0.8497630589951854
Vigitel smoking,1,2,43,1116,Random undersampling,986,1000,0.5,0.123,LogisticRegression,0.5670649036210474,0.34496919917864477,0.23076923076923078,0.6829268292682927,0.6818282949078065,0.30150160864248626,0.7285646744722863,0.21447098522298932,-1.9970845162425368,0.9275330664087641
Vigitel smoking,1,2,43,1116,Random undersampling,986,1000,0.5,0.123,RandomForest,0.5870208984339212,0.3644251626898048,0.2485207100591716,0.6829268292682927,0.6966515560252524,0.28981009755274495,0.7672126892306551,0.19969750441041084,-1.9415773269078505,1.2450139997430039
Vigitel smoking,1,2,43,1116,Random undersampling,986,1000,0.5,0.123,CatBoost,0.5821089213737268,0.3727454909819639,0.2473404255319149,0.7560975609756098,0.7167032844786829,0.31669514148725497,0.7763439664043165,0.20388837488235687,-2.016138520905858,0.8684688096154333
Vigitel smoking,1,2,43,1116,SMOTE,7014,1000,0.5,0.123,LogisticRegression,0.5207689761694616,0.21022727272727273,0.1615720524017467,0.3008130081300813,0.5409424219669791,0.15803712034887646,0.580693606251912,0.18508913960063889,-1.7875425417543362,0.1706697258356515
Vigitel smoking,1,2,43,1116,SMOTE,7014,1000,0.5,0.123,RandomForest,0.5242687238829958,0.12941176470588237,0.23404255319148937,0.08943089430894309,0.524190931761085,0.22261236607887464,0.6991962622020748,0.11440534459221734,-0.9523043350103483,0.7393842363079546
Vigitel smoking,1,2,43,1116,SMOTE,7014,1000,0.5,0.123,CatBoost,0.5356755920136201,0.14285714285714285,0.3548387096774194,0.08943089430894309,0.5333129386025901,0.2467047368121165,0.7291857867267384,0.10495278032751733,-0.6646868879349384,0.7312757246079358
Vigitel smoking,1,2,43,1116,Standard CTGAN,7014,1000,0.5,0.123,LogisticRegression,0.5180722891566265,0.2,0.15668202764976957,0.2764227642276423,0.5338784288641062,0.14457872049047593,0.556748338292961,0.18783751619150466,-1.826871415294634,0.18478527723733845
Vigitel smoking,1,2,43,1116,Standard CTGAN,7014,1000,0.5,0.123,RandomForest,0.4996360989810772,0.08333333333333333,0.15555555555555556,0.056910569105691054,0.5067905183042709,0.1867008857232877,0.636528816827507,0.12424413594545552,-1.249654728833982,0.5842109255571359
Vigitel smoking,1,2,43,1116,Standard CTGAN,7014,1000,0.5,0.123,CatBoost,0.5216051554079723,0.11688311688311688,0.2903225806451613,0.07317073170731707,0.524042606446589,0.2642984113869983,0.7215563033623494,0.10310863978594409,-0.560234413604242,0.8364829316747587
Vigitel smoking,1,2,43,1116,SepAware CTGAN,7014,1000,0.5,0.123,LogisticRegression,0.5509570519165121,0.28287841191067,0.20357142857142857,0.4634146341463415,0.604569346719693,0.21562698101378672,0.6670189392885948,0.18638391119309233,-1.726783133407993,0.4729320807701069
Vigitel smoking,1,2,43,1116,SepAware CTGAN,7014,1000,0.5,0.123,RandomForest,0.5471530535031364,0.17989417989417988,0.25757575757575757,0.13821138211382114,0.5411695451048011,0.23881095856169393,0.6970548154740385,0.11665377407766928,-1.0112420526351107,0.7653116985088713
Vigitel smoking,1,2,43,1116,SepAware CTGAN,7014,1000,0.5,0.123,CatBoost,0.5350443700515436,0.14634146341463414,0.2926829268292683,0.0975609756097561,0.53224685040465,0.2718314766597048,0.7443149688053323,0.10289733997346262,-0.603056248449966,0.8024497908088514
Vigitel smoking,1,2,43,1116,Standard TVAE,7014,1000,0.5,0.123,LogisticRegression,0.564542542590678,0.22009569377990432,0.26744186046511625,0.18699186991869918,0.5575780330209231,0.2522052344250026,0.6731373585115555,0.12166535081837256,-1.2060183787379335,0.3694179632501038
Vigitel smoking,1,2,43,1116,Standard TVAE,7014,1000,0.5,0.123,RandomForest,0.48332232216970744,0.031746031746031744,0.6666666666666666,0.016260162601626018,0.507559955873219,0.29216527654762625,0.7448711887346923,0.09831293893051572,0.06659963676238734,1.0876696162721584
Vigitel smoking,1,2,43,1116,Standard TVAE,7014,1000,0.5,0.123,CatBoost,0.5464478621201501,0.16455696202531644,0.37142857142857144,0.10569105691056911,0.540302769048215,0.28440980313311903,0.7513047992509571,0.10230886446518316,-0.5732618988820809,0.6786930803413789
Vigitel smoking,1,2,43,1116,SepAware TVAE,7014,1000,0.5,0.123,LogisticRegression,0.5717637291760261,0.2347417840375587,0.2777777777777778,0.2032520325203252,0.5645678634665481,0.23677061817350756,0.6753993195576198,0.1217968664490013,-1.2159274863340344,0.36512493580917166
Vigitel smoking,1,2,43,1116,SepAware TVAE,7014,1000,0.5,0.123,RandomForest,0.4752,0.016,0.5,0.008130081300813009,0.5034949152228124,0.3002871145803463,0.7497010317879689,0.0977080164619666,0.11887472696431142,1.1196643111235158
Vigitel smoking,1,2,43,1116,SepAware TVAE,7014,1000,0.5,0.123,CatBoost,0.5516304347826086,0.175,0.3783783783783784,0.11382113821138211,0.5437976842710275,0.3013661237193651,0.7620398438876065,0.10075693342446097,-0.5215729938994029,0.714718785924657
Vigitel smoking,1,3,43,1153,Real only,4000,1000,0.12325,0.123,LogisticRegression,0.47450508889271914,0.015748031496062992,0.25,0.008130081300813009,0.5023546643676243,0.24586546130154258,0.6750377766035358,0.10247938730037374,-0.454085508459098,0.7403583358025846
Vigitel smoking,1,3,43,1153,Real only,4000,1000,0.12325,0.123,RandomForest,0.4752,0.016,0.5,0.008130081300813009,0.5034949152228124,0.2721641960084339,0.7151134225139286,0.10017057765853658,-0.23643298640460486,0.8839842176385638
Vigitel smoking,1,3,43,1153,Real only,4000,1000,0.12325,0.123,CatBoost,0.5046534386313937,0.07518796992481203,0.5,0.04065040650406504,0.5174745761140622,0.2865781341276697,0.718645419065365,0.09962989698003695,-0.293502505340342,0.8037048784596112
Vigitel smoking,1,3,43,1153,Class weighting,4000,1000,0.12325,0.123,LogisticRegression,0.5399216373903921,0.30390143737166325,0.2032967032967033,0.6016260162601627,0.6354766341278009,0.24211704377177135,0.6767342473880839,0.2164771793500063,-1.9095098242545292,0.7275072636167143
Vigitel smoking,1,3,43,1153,Class weighting,4000,1000,0.12325,0.123,RandomForest,0.5711166562694947,0.21428571428571427,0.4,0.14634146341463414,0.5577773451622772,0.2789348880419752,0.7157252644362246,0.1123574215914745,-0.8695322979427546,0.8887959766130575
Vigitel smoking,1,3,43,1153,Class weighting,4000,1000,0.12325,0.123,CatBoost,0.5637645767841803,0.3120567375886525,0.22,0.5365853658536586,0.6348833328698167,0.2638322759391459,0.7096346562097321,0.18444742303401288,-1.7267558204756546,0.6892870345816604
Vigitel smoking,1,3,43,1153,Random oversampling,7014,1000,0.5,0.123,LogisticRegression,0.5507789438826542,0.3203285420944558,0.21428571428571427,0.6341463414634146,0.6540172984398032,0.24181899839401888,0.6824076906675567,0.21439543666998212,-1.9049752633823223,0.7330400057349703
Vigitel smoking,1,3,43,1153,Random oversampling,7014,1000,0.5,0.123,RandomForest,0.5937211449676824,0.26666666666666666,0.3611111111111111,0.21138211382113822,0.5794652872412418,0.2641997339062772,0.700596082357631,0.12108721138239825,-1.1221727678121851,0.7379278866537705
Vigitel smoking,1,3,43,1153,Random oversampling,7014,1000,0.5,0.123,CatBoost,0.5735542261082989,0.32195121951219513,0.22996515679442509,0.5365853658536586,0.6422949634285396,0.2570323249832641,0.7079845370859639,0.1787171245390031,-1.6869988847295003,0.6456156669869995
Vigitel smoking,1,3,43,1153,Random undersampling,986,1000,0.5,0.123,LogisticRegression,0.5180258338153074,0.2857142857142857,0.18734177215189873,0.6016260162601627,0.6178027458723847,0.24627957552828758,0.6673341305818987,0.22790921182194085,-1.947150383089425,0.6205682416858679
Vigitel smoking,1,3,43,1153,Random undersampling,986,1000,0.5,0.123,RandomForest,0.5320830592676966,0.2971887550200803,0.19733333333333333,0.6016260162601627,0.6292052544242661,0.25938283205549034,0.6860602015370211,0.21706680804726994,-1.9320189822979632,0.8599644625064455
Vigitel smoking,1,3,43,1153,Random undersampling,986,1000,0.5,0.123,CatBoost,0.5288432497734823,0.2909090909090909,0.1935483870967742,0.5853658536585366,0.621645298551047,0.28330458487734894,0.7110437466974441,0.21532162889727677,-1.9341502107757595,0.6649576852761776
Vigitel smoking,1,3,43,1153,SMOTE,7014,1000,0.5,0.123,LogisticRegression,0.5356474367259794,0.2519280205655527,0.18421052631578946,0.3983739837398374,0.5754697740820054,0.15786918570337005,0.5956930036803219,0.19419115941496512,-1.766150809387646,0.21955023757042336
Vigitel smoking,1,3,43,1153,SMOTE,7014,1000,0.5,0.123,RandomForest,0.5229250419825964,0.12790697674418605,0.22448979591836735,0.08943089430894309,0.5230506809058969,0.21864573062055243,0.6851424386535769,0.11639679642789186,-1.0427491201572994,0.6868026096577581
Vigitel smoking,1,3,43,1153,SMOTE,7014,1000,0.5,0.123,CatBoost,0.5105130910554425,0.09395973154362416,0.2692307692307692,0.056910569105691054,0.5176229014285582,0.24158931881831464,0.6930129506540219,0.10656739344920724,-0.8241023086151648,0.6391394593710047
Vigitel smoking,1,3,43,1153,Standard CTGAN,7014,1000,0.5,0.123,LogisticRegression,0.46922642574816487,0.1826086956521739,0.12462908011869436,0.34146341463414637,0.5025447061768223,0.13320021534121773,0.5257483475632933,0.22515750421206832,-1.923497356664127,0.0960266075642482
Vigitel smoking,1,3,43,1153,Standard CTGAN,7014,1000,0.5,0.123,RandomForest,0.5264265024945208,0.1485148514851485,0.189873417721519,0.12195121951219512,0.524487582390077,0.18580409643166523,0.6457620676548841,0.1346199170608955,-1.3545533225875157,0.5935997828226688
Vigitel smoking,1,3,43,1153,Standard CTGAN,7014,1000,0.5,0.123,CatBoost,0.5242687238829958,0.12941176470588237,0.23404255319148937,0.08943089430894309,0.524190931761085,0.2120340585821681,0.6658601477690945,0.11329067899970349,-1.0221084230546966,0.5860446512879209
Vigitel smoking,1,3,43,1153,SepAware CTGAN,7014,1000,0.5,0.123,LogisticRegression,0.5072468693184715,0.24017467248908297,0.16417910447761194,0.44715447154471544,0.5639421160460178,0.1735717894594395,0.5941170472138017,0.21686352131223985,-1.8406261735050296,0.24666494535275948
Vigitel smoking,1,3,43,1153,SepAware CTGAN,7014,1000,0.5,0.123,RandomForest,0.560371231276308,0.22317596566523606,0.23636363636363636,0.21138211382113822,0.5578005209926672,0.2080947072992007,0.6714408877270073,0.13807663482868424,-1.3935267936920588,0.566709027454621
Vigitel smoking,1,3,43,1153,SepAware CTGAN,7014,1000,0.5,0.123,CatBoost,0.5547487755591328,0.1958762886597938,0.2676056338028169,0.15447154471544716,0.5475892501228319,0.21666058284726378,0.6711813184266392,0.11809714967840095,-1.1506545631232519,0.5132963467994849
Vigitel smoking,1,3,43,1153,Standard TVAE,7014,1000,0.5,0.123,LogisticRegression,0.5515174538854417,0.19811320754716982,0.23595505617977527,0.17073170731707318,0.5465973245821397,0.17332892331443356,0.6199349222682649,0.13432428535157204,-1.4686716215705795,0.21682880817145517
Vigitel smoking,1,3,43,1153,Standard TVAE,7014,1000,0.5,0.123,RandomForest,0.49038569102457336,0.046511627906976744,0.5,0.024390243902439025,0.5104847456684373,0.25124459872072546,0.7045915955168673,0.10182972645530894,-0.3974030888701808,0.8200374817124815
Vigitel smoking,1,3,43,1153,Standard TVAE,7014,1000,0.5,0.123,CatBoost,0.5145699371051483,0.1038961038961039,0.25806451612903225,0.06504065040650407,0.5194074403685884,0.2417554624036486,0.7083738910365158,0.10696461709269632,-0.752165940584231,0.5745804494337083
Vigitel smoking,1,3,43,1153,SepAware TVAE,7014,1000,0.5,0.123,LogisticRegression,0.5596378086118168,0.21395348837209302,0.25,0.18699186991869918,0.5541572804553587,0.17559758914105816,0.620426249872533,0.13379438012861067,-1.462824393457917,0.21808511076099804
Vigitel smoking,1,3,43,1153,SepAware TVAE,7014,1000,0.5,0.123,RandomForest,0.48291300747043564,0.031496062992125984,0.5,0.016260162601626018,0.5069898304456248,0.25761826196694215,0.7088930296372519,0.10114433987366088,-0.29909005320347537,0.8683216901297642
Vigitel smoking,1,3,43,1153,SepAware TVAE,7014,1000,0.5,0.123,CatBoost,0.5069499082087595,0.09032258064516129,0.21875,0.056910569105691054,0.5142021488629938,0.2364859460462739,0.7085407570153239,0.10723892423736911,-0.7352354886504638,0.5849337550769357
Vigitel smoking,1,4,43,1190,Real only,4000,1000,0.123,0.124,LogisticRegression,0.4825053418803419,0.03125,0.5,0.016129032258064516,0.5069229636176168,0.26571682792589,0.7012814847547504,0.10144715243388759,-0.26117319754732754,0.8381395237986753
Vigitel smoking,1,4,43,1190,Real only,4000,1000,0.123,0.124,RandomForest,0.49919871794871795,0.0625,1.0,0.03225806451612903,0.5161290322580645,0.34039508215332664,0.752301517160112,0.09706774669243506,0.18320106229033417,1.122749594657506
Vigitel smoking,1,4,43,1190,Real only,4000,1000,0.123,0.124,CatBoost,0.5468509984639016,0.15714285714285714,0.6875,0.08870967741935484,0.5415009574311386,0.3613702745481635,0.7696641626159964,0.09492943820300914,0.14598179387880472,1.04936190059887
Vigitel smoking,1,4,43,1190,Class weighting,4000,1000,0.123,0.124,LogisticRegression,0.5495520701020082,0.3090128755364807,0.21052631578947367,0.5806451612903226,0.6362129916040654,0.2576184673846205,0.6963930623066725,0.21153622281058085,-1.9014959006204781,0.7994251744030505
Vigitel smoking,1,4,43,1190,Class weighting,4000,1000,0.123,0.124,RandomForest,0.5928960358251488,0.2558139534883721,0.4583333333333333,0.1774193548387097,0.5738694947709531,0.33923729770925887,0.7526329356311681,0.10642125167080996,-0.6153335618921584,1.1381487997668696
Vigitel smoking,1,4,43,1190,Class weighting,4000,1000,0.123,0.124,CatBoost,0.6029678155785503,0.36633663366336633,0.2642857142857143,0.5967741935483871,0.6808071880983945,0.34390584742757907,0.7620139195757843,0.16804088878224036,-1.678248939111677,0.9511176291126318
Vigitel smoking,1,4,43,1190,Random oversampling,7016,1000,0.5,0.124,LogisticRegression,0.5508915221708955,0.31196581196581197,0.21220930232558138,0.5887096774193549,0.6396744734128738,0.26035051723065183,0.6947267638827515,0.2118068574526285,-1.8990026614860813,0.7900509210239975
Vigitel smoking,1,4,43,1190,Random oversampling,7016,1000,0.5,0.124,RandomForest,0.6118322658720645,0.29896907216494845,0.4142857142857143,0.23387096774193547,0.5935336573869494,0.3482865470879316,0.7538481366917071,0.11112699272842684,-0.8005502123647987,1.0842878935409614
Vigitel smoking,1,4,43,1190,Random oversampling,7016,1000,0.5,0.124,CatBoost,0.6064132597798433,0.3686868686868687,0.26838235294117646,0.5887096774193549,0.6807703638238327,0.3360574044239775,0.7430586242451024,0.16654259477240457,-1.6325625549006753,0.8638988356584382
Vigitel smoking,1,4,43,1190,Random undersampling,984,1000,0.5,0.124,LogisticRegression,0.5278545186249692,0.2809224318658281,0.18980169971671387,0.5403225806451613,0.6069192811901605,0.2546468206763483,0.6838728089556636,0.21582053830398387,-1.9041418162091959,0.7419979361763437
Vigitel smoking,1,4,43,1190,Random undersampling,984,1000,0.5,0.124,RandomForest,0.5748523117911675,0.35845213849287166,0.23978201634877383,0.7096774193548387,0.6955921343349536,0.2922647971356791,0.7405729857121816,0.20878024087854766,-1.9531740370664015,1.1496567572752356
Vigitel smoking,1,4,43,1190,Random undersampling,984,1000,0.5,0.124,CatBoost,0.5629933081674674,0.34274193548387094,0.22849462365591397,0.6854838709677419,0.6789291500957431,0.319321014873084,0.7440897039328326,0.20739343740489766,-1.9556247412704093,0.8653362328473204
Vigitel smoking,1,4,43,1190,SMOTE,7016,1000,0.5,0.124,LogisticRegression,0.5419103313840157,0.2578947368421053,0.19140625,0.3951612903225806,0.5794299602297834,0.18129516577301724,0.6093865075858005,0.18740887503569087,-1.72396636141587,0.2736025993263427
Vigitel smoking,1,4,43,1190,SMOTE,7016,1000,0.5,0.124,RandomForest,0.5564127290260367,0.18823529411764706,0.34782608695652173,0.12903225806451613,0.5473928413610252,0.2517201650877074,0.7198225069966122,0.11185488536287773,-0.8333862782223818,0.8571889717923622
Vigitel smoking,1,4,43,1190,SMOTE,7016,1000,0.5,0.124,CatBoost,0.5472626671412921,0.16560509554140126,0.3939393939393939,0.10483870967741936,0.5410038297245544,0.29180837256114384,0.7399745912505522,0.10147318167054452,-0.5335281618832759,0.8387000432166802
Vigitel smoking,1,4,43,1190,Standard CTGAN,7016,1000,0.5,0.124,LogisticRegression,0.5567648566583856,0.28860759493670884,0.21033210332103322,0.4596774193548387,0.6076925909559582,0.2034349281410212,0.6392233760494919,0.18890097845775938,-1.7354213931309546,0.4917169932823965
Vigitel smoking,1,4,43,1190,Standard CTGAN,7016,1000,0.5,0.124,RandomForest,0.5619407420221596,0.21105527638190955,0.28,0.1693548387096774,0.5538555015466196,0.24039876485311704,0.7148236117248491,0.12411715697382729,-1.0642932113004309,0.9017755567875335
Vigitel smoking,1,4,43,1190,Standard CTGAN,7016,1000,0.5,0.124,CatBoost,0.5475187845760053,0.1696969696969697,0.34146341463414637,0.11290322580645161,0.5410406539991162,0.2679264425154338,0.7206326410369716,0.10652230366766503,-0.764340547649241,0.7389618578552005
Vigitel smoking,1,4,43,1190,SepAware CTGAN,7016,1000,0.5,0.124,LogisticRegression,0.572759121592754,0.3262411347517731,0.23076923076923078,0.5564516129032258,0.6469472676388275,0.24542810211463248,0.6887796435410223,0.19324844068938268,-1.7586733654475575,0.48613091130030367
Vigitel smoking,1,4,43,1190,SepAware CTGAN,7016,1000,0.5,0.124,RandomForest,0.600316874525825,0.29535864978902954,0.30973451327433627,0.28225806451612906,0.5966084843128591,0.27717852184042263,0.7273622772131388,0.12474628438681643,-1.1841560731855003,0.7634899190682405
Vigitel smoking,1,4,43,1190,SepAware CTGAN,7016,1000,0.5,0.124,CatBoost,0.5772861772579964,0.23404255319148937,0.34375,0.1774193548387097,0.5647370746796289,0.2806233962103746,0.7314773898954189,0.10812215287455534,-0.8720857370081493,0.6778847139293451
Vigitel smoking,1,4,43,1190,Standard TVAE,7016,1000,0.5,0.124,LogisticRegression,0.5185688826574998,0.1319796954314721,0.1780821917808219,0.10483870967741936,0.5181727794962439,0.18845309898885576,0.6106477389895419,0.13078796906994597,-1.446591139177954,0.2200640754614576
Vigitel smoking,1,4,43,1190,Standard TVAE,7016,1000,0.5,0.124,RandomForest,0.47485219630363706,0.015873015873015872,0.5,0.008064516129032258,0.5034614818088083,0.3186882074347038,0.7417513624981587,0.09788659932875532,0.13519545607939243,1.1125879073455494
Vigitel smoking,1,4,43,1190,Standard TVAE,7016,1000,0.5,0.124,CatBoost,0.5356755920136201,0.14285714285714285,0.36666666666666664,0.08870967741935484,0.5335100898512299,0.2857583755189492,0.7475603918102814,0.10116225139025532,-0.4513297032612765,0.7358222886594307
Vigitel smoking,1,4,43,1190,SepAware TVAE,7016,1000,0.5,0.124,LogisticRegression,0.5244469494152458,0.13829787234042554,0.203125,0.10483870967741936,0.5233097657976138,0.1884825537480049,0.610730593607306,0.12830667905657078,-1.410353553060607,0.2301977194300452
Vigitel smoking,1,4,43,1190,SepAware TVAE,7016,1000,0.5,0.124,RandomForest,0.48291300747043564,0.031496062992125984,0.6666666666666666,0.016129032258064516,0.5074937398733245,0.325813207457598,0.7399193548387097,0.09789556088552628,0.11585141187795123,1.1048638536852284
Vigitel smoking,1,4,43,1190,SepAware TVAE,7016,1000,0.5,0.124,CatBoost,0.5625035483967926,0.19631901840490798,0.41025641025641024,0.12903225806451613,0.5513882751509795,0.30212959108124193,0.7469804094859331,0.10026912866269666,-0.4735979075935259,0.7313855055995195
Vigitel smoking,2,0,44,2042,Real only,4000,1000,0.12325,0.123,LogisticRegression,0.5063759769642122,0.07692307692307693,0.7142857142857143,0.04065040650406504,0.5191849523968444,0.2790170592210226,0.6927255703571858,0.10167172536529813,-0.3474415468793923,0.7967651365364599
Vigitel smoking,2,0,44,2042,Real only,4000,1000,0.12325,0.123,RandomForest,0.4917924480357778,0.047619047619047616,1.0,0.024390243902439025,0.5121951219512195,0.2965063559794868,0.70929165391996,0.09975345902684492,-0.19934286222921715,0.8843086162032221
Vigitel smoking,2,0,44,2042,Real only,4000,1000,0.12325,0.123,CatBoost,0.5259196570949454,0.11678832116788321,0.5714285714285714,0.06504065040650407,0.5290995726376876,0.2967585617956441,0.7321801040131267,0.09914226217566867,-0.23329013813323357,0.828677364654631
Vigitel smoking,2,0,44,2042,Class weighting,4000,1000,0.12325,0.123,LogisticRegression,0.5520072846242188,0.30068337129840544,0.2088607594936709,0.5365853658536586,0.6257613260283117,0.26659799920764937,0.6924660010568179,0.21056139349469782,-1.9077932357645433,0.783031181766406
Vigitel smoking,2,0,44,2042,Class weighting,4000,1000,0.12325,0.123,RandomForest,0.5598533720487183,0.1927710843373494,0.37209302325581395,0.13008130081300814,0.5496472638614641,0.2825434570016325,0.7080494294110559,0.11113704199724905,-0.8440350747991459,0.8716052620585201
Vigitel smoking,2,0,44,2042,Class weighting,4000,1000,0.12325,0.123,CatBoost,0.5653111991065083,0.3010204081632653,0.21933085501858737,0.4796747967479675,0.6201110585792289,0.30542061588042446,0.727062880663014,0.1715005821079337,-1.669782879953953,0.7694562112074064
Vigitel smoking,2,0,44,2042,Random oversampling,7014,1000,0.5,0.123,LogisticRegression,0.5462343937043264,0.2953020134228188,0.2037037037037037,0.5365853658536586,0.6212003226075591,0.2662119808058046,0.6904357983146536,0.21062991479743878,-1.9046715895922,0.753641271843887
Vigitel smoking,2,0,44,2042,Random oversampling,7014,1000,0.5,0.123,RandomForest,0.5937211449676824,0.26666666666666666,0.3611111111111111,0.21138211382113822,0.5794652872412418,0.285997344942737,0.7066866905841236,0.11702679093512211,-1.0247395718300105,0.8028674210498259
Vigitel smoking,2,0,44,2042,Random oversampling,7014,1000,0.5,0.123,CatBoost,0.5955189976637177,0.34554973821989526,0.2548262548262548,0.5365853658536586,0.6582584754011737,0.29848622416686266,0.725412761539246,0.1655052239262849,-1.6176409142001509,0.7239545830852477
Vigitel smoking,2,0,44,2042,Random undersampling,986,1000,0.5,0.123,LogisticRegression,0.5453933189655172,0.3017241379310345,0.20527859237536658,0.5691056910569106,0.6300488546504621,0.2626139395207776,0.6819349037276005,0.2181958407146816,-1.9343531759414865,0.7227660711302224
Vigitel smoking,2,0,44,2042,Random undersampling,986,1000,0.5,0.123,RandomForest,0.564030523562298,0.32599118942731276,0.22356495468277945,0.6016260162601627,0.6542907732384051,0.3005688973969135,0.7237255610868537,0.2020703437194564,-1.8885321305686011,1.1157559504705472
Vigitel smoking,2,0,44,2042,Random undersampling,986,1000,0.5,0.123,CatBoost,0.5548329655866527,0.3206751054852321,0.21652421652421652,0.6178861788617886,0.6521585968425249,0.30863027772770263,0.7264788497371861,0.20381310467121727,-1.9163453247965987,0.7941067556421149
Vigitel smoking,2,0,44,2042,SMOTE,7014,1000,0.5,0.123,LogisticRegression,0.5501757709393179,0.2618384401114206,0.19915254237288135,0.3821138211382114,0.5833032047538264,0.1763296976155316,0.6078185981403714,0.18802377788172964,-1.7457574410795975,0.21806400410673563
Vigitel smoking,2,0,44,2042,SMOTE,7014,1000,0.5,0.123,RandomForest,0.5374881288619742,0.15730337078651685,0.2545454545454545,0.11382113821138211,0.5335354265743342,0.2168632939117735,0.6828155852824206,0.11608184899042305,-1.0838651082991493,0.6295486981370706
Vigitel smoking,2,0,44,2042,SMOTE,7014,1000,0.5,0.123,CatBoost,0.5559052364717195,0.18064516129032257,0.4375,0.11382113821138211,0.5466483114089978,0.26852190235116963,0.7080957810718358,0.10466071001432975,-0.742165624769136,0.6720138081867814
Vigitel smoking,2,0,44,2042,Standard CTGAN,7014,1000,0.5,0.123,LogisticRegression,0.4966348131568883,0.25048923679060664,0.16494845360824742,0.5203252032520326,0.5754419630855374,0.16707993244479302,0.6070028089106433,0.22682790753425242,-1.8907350394599336,0.4483707348848005
Vigitel smoking,2,0,44,2042,Standard CTGAN,7014,1000,0.5,0.123,RandomForest,0.5684771280260226,0.23318385650224216,0.26,0.21138211382113822,0.5635017752686079,0.2590120017163862,0.7028580434036953,0.1333198966687156,-1.1959404421513082,0.9433927390856676
Vigitel smoking,2,0,44,2042,Standard CTGAN,7014,1000,0.5,0.123,CatBoost,0.5919732236262842,0.2569832402234637,0.4107142857142857,0.18699186991869918,0.5746817958487452,0.2841513036496472,0.7154749654680127,0.1070559079133276,-0.8098679405467051,0.7877078283642248
Vigitel smoking,2,0,44,2042,SepAware CTGAN,7014,1000,0.5,0.123,LogisticRegression,0.5527335870766317,0.3013698630136986,0.20952380952380953,0.5365853658536586,0.6263314514559057,0.24245584027390224,0.6764190560947798,0.1976727547266707,-1.7823463443562109,0.4971848445576991
Vigitel smoking,2,0,44,2042,SepAware CTGAN,7014,1000,0.5,0.123,RandomForest,0.5968088411228544,0.2988505747126437,0.2826086956521739,0.3170731707317073,0.6020941680340407,0.282815140445954,0.7168191636306329,0.13205986017360305,-1.2917208517247853,0.7594979637146444
Vigitel smoking,2,0,44,2042,SepAware CTGAN,7014,1000,0.5,0.123,CatBoost,0.6071695851768167,0.29015544041450775,0.4,0.22764227642276422,0.5898758702524312,0.31419777925713854,0.7312530707975267,0.10810090363660468,-0.898383650747541,0.7389699158751392
Vigitel smoking,2,0,44,2042,Standard TVAE,7014,1000,0.5,0.123,LogisticRegression,0.5572442055622484,0.21100917431192662,0.24210526315789474,0.18699186991869918,0.5524469041725765,0.20606378069052889,0.6604462737899899,0.1296270759427241,-1.2899521593716525,0.31632193309955703
Vigitel smoking,2,0,44,2042,Standard TVAE,7014,1000,0.5,0.123,RandomForest,0.47415865384615385,0.015625,0.2,0.008130081300813009,0.5017845389400302,0.2601898341948392,0.7067145015805916,0.10152635054828546,-0.37272570406880057,0.8177063275008681
Vigitel smoking,2,0,44,2042,Standard TVAE,7014,1000,0.5,0.123,CatBoost,0.517117117117117,0.10666666666666667,0.2962962962962963,0.06504065040650407,0.5216879420789646,0.2605855091027171,0.7321522930166589,0.10490673260994879,-0.6500189612700863,0.6172090111892294
Vigitel smoking,2,0,44,2042,SepAware TVAE,7014,1000,0.5,0.123,LogisticRegression,0.5544264217314833,0.20465116279069767,0.2391304347826087,0.17886178861788618,0.5495221143773582,0.20435770219666208,0.6549767778179492,0.12875081690610457,-1.2996738585095935,0.30946635666113875
Vigitel smoking,2,0,44,2042,SepAware TVAE,7014,1000,0.5,0.123,RandomForest,0.47450508889271914,0.015748031496062992,0.25,0.008130081300813009,0.5023546643676243,0.2511507282495754,0.693337412279482,0.10273729969320394,-0.46687852264294805,0.7604793644774103
Vigitel smoking,2,0,44,2042,SepAware TVAE,7014,1000,0.5,0.123,CatBoost,0.5184169050259764,0.10810810810810811,0.32,0.06504065040650407,0.5228281929341528,0.26586145049082055,0.732903189921295,0.1040358344784226,-0.6391665123984263,0.6235749121902258
Vigitel smoking,2,1,44,2079,Real only,4000,1000,0.12325,0.123,LogisticRegression,0.5063759769642122,0.07692307692307693,0.7142857142857143,0.04065040650406504,0.5191849523968444,0.3138459142144827,0.7377793846353513,0.0973305141720555,0.07256928711336774,1.063087817289625
Vigitel smoking,2,1,44,2079,Real only,4000,1000,0.12325,0.123,RandomForest,0.4752,0.016,0.5,0.008130081300813009,0.5034949152228124,0.30025932611239775,0.7525933754206414,0.09782682125089681,0.1664684398530156,1.1483841723358839
Vigitel smoking,2,1,44,2079,Real only,4000,1000,0.12325,0.123,CatBoost,0.5451720007883685,0.15492957746478872,0.5789473684210527,0.08943089430894309,0.540154443733719,0.3201593821484207,0.7650897831669309,0.09661846928779806,-0.051029870872096816,0.9837167733443296
Vigitel smoking,2,1,44,2079,Class weighting,4000,1000,0.12325,0.123,LogisticRegression,0.5623834608129339,0.3374485596707819,0.22589531680440772,0.6666666666666666,0.6731280881793995,0.30971982747471133,0.7368987030805313,0.21311840193899206,-2.010106054915494,1.0265266980691092
Vigitel smoking,2,1,44,2079,Class weighting,4000,1000,0.12325,0.123,RandomForest,0.5918638533747165,0.2543352601156069,0.44,0.17886178861788618,0.5734673823363091,0.29286413816214596,0.7530290810319734,0.10947307921119903,-0.6772209536061551,1.1230003379123916
Vigitel smoking,2,1,44,2079,Class weighting,4000,1000,0.12325,0.123,CatBoost,0.5778935102613493,0.3364485981308411,0.2360655737704918,0.5853658536585366,0.6598437021998498,0.32668335694848505,0.7592587442408062,0.17486789066500558,-1.7432548454141,0.9396685961578656
Vigitel smoking,2,1,44,2079,Random oversampling,7014,1000,0.5,0.123,LogisticRegression,0.5549502402196294,0.33064516129032256,0.21983914209115282,0.6666666666666666,0.6674268339034588,0.3102255075443016,0.7349890146563951,0.21644062658016341,-2.028841740585613,1.0536009169103133
Vigitel smoking,2,1,44,2079,Random oversampling,7014,1000,0.5,0.123,RandomForest,0.6107678102137936,0.29743589743589743,0.4027777777777778,0.23577235772357724,0.5933707854752436,0.2926903701662317,0.7414967878299079,0.11597452322377427,-0.9038683602327438,1.0157367657686656
Vigitel smoking,2,1,44,2079,Random oversampling,7014,1000,0.5,0.123,CatBoost,0.5886740181104411,0.3492822966507177,0.24745762711864408,0.5934959349593496,0.6701801225537911,0.336836297864551,0.765766517414319,0.168735719772251,-1.6909344419003653,0.973423240569847
Vigitel smoking,2,1,44,2079,Random undersampling,986,1000,0.5,0.123,LogisticRegression,0.5570197776080129,0.3373015873015873,0.2230971128608924,0.6910569105691057,0.6767713287167079,0.2775549987399371,0.7292043273910503,0.2171541163212276,-2.007485166546199,0.9438288507564123
Vigitel smoking,2,1,44,2079,Random undersampling,986,1000,0.5,0.123,RandomForest,0.5658534925657515,0.3422680412371134,0.2292817679558011,0.6747967479674797,0.6783333796849942,0.28669458375587353,0.7526675380778893,0.2074054095894092,-1.979152086693983,1.2306668821463835
Vigitel smoking,2,1,44,2079,Random undersampling,986,1000,0.5,0.123,CatBoost,0.5548329655866527,0.3206751054852321,0.21652421652421652,0.6178861788617886,0.6521585968425249,0.30525593629922154,0.7522781841273373,0.20316983306050038,-1.958510795099833,0.8445941185213275
Vigitel smoking,2,1,44,2079,SMOTE,7014,1000,0.5,0.123,LogisticRegression,0.5270823618198925,0.23056300268096513,0.172,0.34959349593495936,0.556780784455507,0.16746250461318857,0.6137237997237441,0.18759559781259721,-1.7329109737472081,0.26535853056002784
Vigitel smoking,2,1,44,2079,SMOTE,7014,1000,0.5,0.123,RandomForest,0.5506258696938988,0.1807909604519774,0.2962962962962963,0.13008130081300814,0.5433758841579294,0.2411965253202787,0.7209073801114293,0.113303892162621,-0.8713270495660245,0.8547065334715601
Vigitel smoking,2,1,44,2079,SMOTE,7014,1000,0.5,0.123,CatBoost,0.5308006117500421,0.13245033112582782,0.35714285714285715,0.08130081300813008,0.5303881488073718,0.2877687856229942,0.7584614956753901,0.10130785764095945,-0.49720873290205303,0.8865271823820821
Vigitel smoking,2,1,44,2079,Standard CTGAN,7014,1000,0.5,0.123,LogisticRegression,0.5248277500593965,0.2463768115942029,0.17525773195876287,0.4146341463414634,0.5704869705481548,0.19533206397448077,0.6116657859851118,0.19988015179759377,-1.7864520776693777,0.4454106412235655
Vigitel smoking,2,1,44,2079,Standard CTGAN,7014,1000,0.5,0.123,RandomForest,0.5641339835686736,0.21674876847290642,0.275,0.17886178861788618,0.556363619508487,0.22746983254144326,0.6810634925049365,0.13079190349126898,-1.2392837843043285,0.7343487073857482
Vigitel smoking,2,1,44,2079,Standard CTGAN,7014,1000,0.5,0.123,CatBoost,0.5524499282939849,0.17964071856287425,0.3409090909090909,0.12195121951219512,0.5444419723558696,0.2585857020304427,0.7060933893261395,0.1079308572940981,-0.8237416018444647,0.7146981331787542
Vigitel smoking,2,1,44,2079,SepAware CTGAN,7014,1000,0.5,0.123,LogisticRegression,0.5735517393645013,0.3253588516746411,0.2305084745762712,0.5528455284552846,0.6470042921637882,0.23998726749442625,0.6995021831632228,0.18456825325174384,-1.727722276861407,0.5559833507091237
Vigitel smoking,2,1,44,2079,SepAware CTGAN,7014,1000,0.5,0.123,RandomForest,0.5868403858718628,0.2711864406779661,0.2831858407079646,0.2601626016260163,0.5839011411778884,0.24362299915120572,0.7102186871355602,0.13059845800215217,-1.2779449162093501,0.683858379443873
Vigitel smoking,2,1,44,2079,SepAware CTGAN,7014,1000,0.5,0.123,CatBoost,0.5563698377581121,0.19791666666666666,0.2753623188405797,0.15447154471544716,0.5487295009780201,0.24909263473174778,0.7149743675315887,0.11310494604158053,-0.9760845778960124,0.6164621383508022
Vigitel smoking,2,1,44,2079,Standard TVAE,7014,1000,0.5,0.123,LogisticRegression,0.5297282670092557,0.1596244131455399,0.18888888888888888,0.13821138211382114,0.5274865348425434,0.20357258647799947,0.6420817457889516,0.13237532151726497,-1.3677908091725515,0.2732700909526375
Vigitel smoking,2,1,44,2079,Standard TVAE,7014,1000,0.5,0.123,RandomForest,0.4825053418803419,0.03125,0.4,0.016260162601626018,0.5064197050180308,0.27222239212285343,0.7408015129182077,0.10021981601756395,-0.16904044982453195,0.9783670240259861
Vigitel smoking,2,1,44,2079,Standard TVAE,7014,1000,0.5,0.123,CatBoost,0.5451237263464338,0.16666666666666666,0.3111111111111111,0.11382113821138211,0.5392366808502749,0.2655809151368004,0.7385302815399876,0.10627985576532635,-0.6916059841871821,0.6388571447854645
Vigitel smoking,2,1,44,2079,SepAware TVAE,7014,1000,0.5,0.123,LogisticRegression,0.5328849028400598,0.16666666666666666,0.1935483870967742,0.14634146341463414,0.5304113246377617,0.22150511028574354,0.6515282142559168,0.13086331686950017,-1.3274471199778914,0.2986043228299379
Vigitel smoking,2,1,44,2079,SepAware TVAE,7014,1000,0.5,0.123,RandomForest,0.47450508889271914,0.015748031496062992,0.25,0.008130081300813009,0.5023546643676243,0.2802975128150972,0.7414782471655958,0.09955142575660819,-0.06120716892308616,1.0368574931455652
Vigitel smoking,2,1,44,2079,SepAware TVAE,7014,1000,0.5,0.123,CatBoost,0.5507999961220144,0.17751479289940827,0.32608695652173914,0.12195121951219512,0.5433017215006813,0.2804885752293919,0.7452234613566205,0.10482732450200381,-0.6329868090356411,0.6668358016480216
Vigitel smoking,2,2,44,2116,Real only,4000,1000,0.12325,0.123,LogisticRegression,0.48169477581242287,0.03076923076923077,0.2857142857142857,0.016260162601626018,0.5052794541628427,0.2769238604953056,0.6865422588091331,0.10065700120497548,-0.49857735338217424,0.7377681814797552
Vigitel smoking,2,2,44,2116,Real only,4000,1000,0.12325,0.123,RandomForest,0.4917924480357778,0.047619047619047616,1.0,0.024390243902439025,0.5121951219512195,0.32063855137075314,0.7247267569597019,0.09855679246772517,-0.16400623874140188,0.9658548251856127
Vigitel smoking,2,2,44,2116,Real only,4000,1000,0.12325,0.123,CatBoost,0.5468509984639016,0.15714285714285714,0.6470588235294118,0.08943089430894309,0.5412946945889071,0.33069835260958363,0.7472536640987847,0.09692432501933405,-0.18970775199516066,0.9116845561934033
Vigitel smoking,2,2,44,2116,Class weighting,4000,1000,0.12325,0.123,LogisticRegression,0.5495219625055289,0.31752577319587627,0.212707182320442,0.6260162601626016,0.6505223832169906,0.27644765249145875,0.686023120208397,0.2220052609280256,-1.9423534634037072,0.6868055905733775
Vigitel smoking,2,2,44,2116,Class weighting,4000,1000,0.12325,0.123,RandomForest,0.5880553583480144,0.25396825396825395,0.36363636363636365,0.1951219512195122,0.5736157076508052,0.3169779444056845,0.7243188623448379,0.11317841973085163,-0.8490661069529923,0.9803259671962374
Vigitel smoking,2,2,44,2116,Class weighting,4000,1000,0.12325,0.123,CatBoost,0.5885984677123001,0.35697940503432496,0.2484076433121019,0.6341463414634146,0.6825235698195067,0.31520751950714876,0.7365557007907594,0.18317405327168645,-1.7640501971878102,0.8193400356799687
Vigitel smoking,2,2,44,2116,Random oversampling,7014,1000,0.5,0.123,LogisticRegression,0.5551838869811221,0.32432432432432434,0.21787709497206703,0.6341463414634146,0.6574380510053675,0.282874008490998,0.6836777261729288,0.22053071072265415,-1.9335836487383853,0.6725318313031147
Vigitel smoking,2,2,44,2116,Random oversampling,7014,1000,0.5,0.123,RandomForest,0.58957832973581,0.2702702702702703,0.30303030303030304,0.24390243902439024,0.5826125650082042,0.3176859704461281,0.725579627518054,0.11958870935296857,-1.0151046981530618,0.9221115569960383
Vigitel smoking,2,2,44,2116,Random oversampling,7014,1000,0.5,0.123,CatBoost,0.5935510093483268,0.36065573770491804,0.2532894736842105,0.6260162601626016,0.6835896580174468,0.3116088272485759,0.7398930203669197,0.17737889572259866,-1.7191909121574822,0.782606694376407
Vigitel smoking,2,2,44,2116,Random undersampling,986,1000,0.5,0.123,LogisticRegression,0.5503204805530387,0.32323232323232326,0.21505376344086022,0.6504065040650406,0.6587266271750516,0.27324785027328424,0.6875619953462933,0.22133335666294576,-1.9384064123400553,0.7136302051370624
Vigitel smoking,2,2,44,2116,Random undersampling,986,1000,0.5,0.123,RandomForest,0.5691239776576947,0.3575638506876228,0.23575129533678757,0.7398373983739838,0.701731698046741,0.2804974553472449,0.741635842812248,0.21498836717095055,-2.0173804761937624,1.1621846329643322
Vigitel smoking,2,2,44,2116,Random undersampling,986,1000,0.5,0.123,CatBoost,0.5570621468926553,0.3466666666666667,0.2263681592039801,0.7398373983739838,0.692609691205236,0.3107475111697081,0.7390865014693475,0.2206327211162433,-2.0242702192781987,0.7889544227687073
Vigitel smoking,2,2,44,2116,SMOTE,7014,1000,0.5,0.123,LogisticRegression,0.5370295310307308,0.22822822822822822,0.18095238095238095,0.3089430894308943,0.5564099711692669,0.16390857345516172,0.5725635249510991,0.17929595231396278,-1.782578391481018,0.1631917183387798
Vigitel smoking,2,2,44,2116,SMOTE,7014,1000,0.5,0.123,RandomForest,0.5409132193873338,0.15757575757575756,0.30952380952380953,0.10569105691056911,0.5363118910550565,0.21876557624058937,0.693847280548062,0.11480161324375623,-0.9666021486829933,0.7482686862087637
Vigitel smoking,2,2,44,2116,SMOTE,7014,1000,0.5,0.123,CatBoost,0.5371952608794714,0.14473684210526316,0.3793103448275862,0.08943089430894309,0.5344531894577783,0.25254239456279404,0.709838603517164,0.10540097787525747,-0.7261322962385979,0.7053716363426715
Vigitel smoking,2,2,44,2116,Standard CTGAN,7014,1000,0.5,0.123,LogisticRegression,0.4875816993464053,0.19294117647058823,0.1357615894039735,0.3333333333333333,0.5178639300646142,0.14566914572132086,0.5432229236773554,0.21221325488724216,-1.9006846070264791,0.15922937846718263
Vigitel smoking,2,2,44,2116,Standard CTGAN,7014,1000,0.5,0.123,RandomForest,0.5275626843657817,0.14583333333333334,0.2028985507246377,0.11382113821138211,0.5255536705880172,0.1823901950205346,0.6343317481065347,0.13096666938852725,-1.3309825558952002,0.5778592780157387
Vigitel smoking,2,2,44,2116,Standard CTGAN,7014,1000,0.5,0.123,CatBoost,0.5506258696938988,0.1807909604519774,0.2962962962962963,0.13008130081300814,0.5433758841579294,0.21826753636092455,0.6902040400107536,0.1151515640453176,-1.0746041149733618,0.5810233842741969
Vigitel smoking,2,2,44,2116,SepAware CTGAN,7014,1000,0.5,0.123,LogisticRegression,0.5008430206761914,0.23728813559322035,0.16045845272206305,0.45528455284552843,0.5605955261377015,0.20639051345423537,0.6129821731512641,0.21223712032765835,-1.8289897356248002,0.29313165163231963
Vigitel smoking,2,2,44,2116,SepAware CTGAN,7014,1000,0.5,0.123,RandomForest,0.5338824359896646,0.1642512077294686,0.20238095238095238,0.13821138211382114,0.5309072874081079,0.2240614101448715,0.6645252199386303,0.13305351264704965,-1.3201230072620909,0.6296226276645369
Vigitel smoking,2,2,44,2116,SepAware CTGAN,7014,1000,0.5,0.123,CatBoost,0.5678926991150443,0.21875,0.30434782608695654,0.17073170731707318,0.5579998331340212,0.23138301235599773,0.7032844786828713,0.1162011803709775,-1.065906236894303,0.6037060597394027
Vigitel smoking,2,2,44,2116,Standard TVAE,7014,1000,0.5,0.123,LogisticRegression,0.5389089877278853,0.18018018018018017,0.20202020202020202,0.16260162601626016,0.5362609042281985,0.19038024277640342,0.628417276191006,0.1305412877533597,-1.56170305427467,0.17039614113904203
Vigitel smoking,2,2,44,2116,Standard TVAE,7014,1000,0.5,0.123,RandomForest,0.4752,0.016,0.5,0.008130081300813009,0.5034949152228124,0.29406779075544304,0.7139546309944285,0.09998114477354168,-0.18575861338531924,0.9668909740651503
Vigitel smoking,2,2,44,2116,Standard TVAE,7014,1000,0.5,0.123,CatBoost,0.5499670871451793,0.1728395061728395,0.358974358974359,0.11382113821138211,0.5426574334158393,0.26954454183137677,0.7290189207479304,0.10414810300543385,-0.6596853017955315,0.650721203259991
Vigitel smoking,2,2,44,2116,SepAware TVAE,7014,1000,0.5,0.123,LogisticRegression,0.5447134619835741,0.19004524886877827,0.21428571428571427,0.17073170731707318,0.5414661957337932,0.19118254503013624,0.6283060322051338,0.1301516214886209,-1.5510494072270244,0.17395342939376057
Vigitel smoking,2,2,44,2116,SepAware TVAE,7014,1000,0.5,0.123,RandomForest,0.4752,0.016,0.5,0.008130081300813009,0.5034949152228124,0.31243858695954163,0.7213338153906055,0.09922524238629463,-0.1487535120889005,0.9910430289349389
Vigitel smoking,2,2,44,2116,SepAware TVAE,7014,1000,0.5,0.123,CatBoost,0.5475187845760053,0.1696969696969697,0.3333333333333333,0.11382113821138211,0.5409470571330571,0.27406052293462163,0.7372417053703034,0.10347237814582866,-0.6368506837312904,0.6674630171890278
Vigitel smoking,2,3,44,2153,Real only,4000,1000,0.12325,0.123,LogisticRegression,0.4825053418803419,0.03125,0.4,0.016260162601626018,0.5064197050180308,0.291590653987272,0.7406161062750879,0.09877270390384714,0.06595204711787897,1.021158032883469
Vigitel smoking,2,3,44,2153,Real only,4000,1000,0.12325,0.123,RandomForest,0.47485219630363706,0.015873015873015872,0.3333333333333333,0.008130081300813009,0.5029247897952184,0.292578213463382,0.750516821017697,0.09806757138935089,0.16796283788135027,1.0912527555594604
Vigitel smoking,2,3,44,2153,Real only,4000,1000,0.12325,0.123,CatBoost,0.518083618369242,0.10218978102189781,0.5,0.056910569105691054,0.5244644065596871,0.3018446944268502,0.7496454097950329,0.0981886420829056,-0.10774268716521183,0.8820605392446976
Vigitel smoking,2,3,44,2153,Class weighting,4000,1000,0.12325,0.123,LogisticRegression,0.5714070915966281,0.3412526997840173,0.2323529411764706,0.6422764227642277,0.6723354747800614,0.28995013813712556,0.7406531876037119,0.2042062417189113,-1.9356155193580094,1.0032473882316455
Vigitel smoking,2,3,44,2153,Class weighting,4000,1000,0.12325,0.123,RandomForest,0.5625035483967926,0.19631901840490798,0.4,0.13008130081300814,0.5513576401442464,0.2959442016959426,0.7471146091164447,0.10678555940812855,-0.6232619528872635,1.0859896033418843
Vigitel smoking,2,3,44,2153,Class weighting,4000,1000,0.12325,0.123,CatBoost,0.6046052590613888,0.3681592039800995,0.26523297491039427,0.6016260162601627,0.6839372954732968,0.3088934937831799,0.7456777076322646,0.16714665495008313,-1.650266835203905,0.8346484875115573
Vigitel smoking,2,3,44,2153,Random oversampling,7014,1000,0.5,0.123,LogisticRegression,0.5656526141384389,0.32589285714285715,0.2246153846153846,0.5934959349593496,0.653076359725969,0.27960156560133476,0.7381501979215916,0.20151932259146144,-1.9106472472697942,0.9376356069212268
Vigitel smoking,2,3,44,2153,Random oversampling,7014,1000,0.5,0.123,RandomForest,0.5629762762684541,0.2094240837696335,0.29411764705882354,0.16260162601626016,0.5539347924836147,0.2832076016266832,0.7444076721268922,0.1126979613881324,-0.8735576244227956,0.9513221311838469
Vigitel smoking,2,3,44,2153,Random oversampling,7014,1000,0.5,0.123,CatBoost,0.6003836317135549,0.34782608695652173,0.2612244897959184,0.5203252032520326,0.6569698992314895,0.2842442453747458,0.7317165874053267,0.16100189623980862,-1.5887352734202755,0.7243694617032309
Vigitel smoking,2,3,44,2153,Random undersampling,986,1000,0.5,0.123,LogisticRegression,0.5566968509258008,0.3306122448979592,0.22070844686648503,0.6585365853658537,0.6662124203910227,0.2744497140939234,0.7280733468680183,0.2120676537044722,-1.962640593812342,0.9043651442555368
Vigitel smoking,2,3,44,2153,Random undersampling,986,1000,0.5,0.123,RandomForest,0.5797180793116224,0.35864978902953587,0.24216524216524216,0.6910569105691057,0.69387509154453,0.2953664994898604,0.749765924113061,0.20144620520130382,-1.9227991211437838,1.2322332025347733
Vigitel smoking,2,3,44,2153,Random undersampling,986,1000,0.5,0.123,CatBoost,0.5613555597845379,0.3380855397148676,0.22554347826086957,0.6747967479674797,0.6749126271194297,0.28027991328296253,0.7303538485783946,0.2055706271197103,-1.9091041027044717,0.756910674593412
Vigitel smoking,2,3,44,2153,SMOTE,7014,1000,0.5,0.123,LogisticRegression,0.5521621141719477,0.28211586901763225,0.20437956204379562,0.45528455284552843,0.6033549332072569,0.19343935943674234,0.6518341352170649,0.1858891688817057,-1.7054570918378504,0.37200238906727073
Vigitel smoking,2,3,44,2153,SMOTE,7014,1000,0.5,0.123,RandomForest,0.5656607621709409,0.20689655172413793,0.35294117647058826,0.14634146341463414,0.5543565925967128,0.2713738490908148,0.7221959562811135,0.11019837673711297,-0.8036486218259681,0.8829304571443358
Vigitel smoking,2,3,44,2153,SMOTE,7014,1000,0.5,0.123,CatBoost,0.5747747747747748,0.21333333333333335,0.5925925925925926,0.13008130081300814,0.5587692707029693,0.30780531344218454,0.7357121005645633,0.10035925442179988,-0.5059163648378029,0.8281948935180166
Vigitel smoking,2,3,44,2153,Standard CTGAN,7014,1000,0.5,0.123,LogisticRegression,0.5147759702683469,0.19161676646706588,0.15165876777251186,0.2601626016260163,0.5280288492736694,0.1546494542546168,0.5761511434954714,0.1814902546364809,-1.7903182255443304,0.22458361708668323
Vigitel smoking,2,3,44,2153,Standard CTGAN,7014,1000,0.5,0.123,RandomForest,0.5306975249116039,0.1411764705882353,0.2553191489361702,0.0975609756097561,0.5288260978390856,0.19229146948116366,0.6643583539598223,0.1211029924984553,-1.1576586358086611,0.6309779086632558
Vigitel smoking,2,3,44,2153,Standard CTGAN,7014,1000,0.5,0.123,CatBoost,0.5308006117500421,0.13245033112582782,0.35714285714285715,0.08130081300813008,0.5303881488073718,0.2777546925711195,0.7124157558565323,0.10249262734546341,-0.5727109420279999,0.7850371943967751
Vigitel smoking,2,3,44,2153,SepAware CTGAN,7014,1000,0.5,0.123,LogisticRegression,0.5574445634234007,0.2693409742120344,0.2079646017699115,0.3821138211382114,0.5890044590297671,0.21632864689631864,0.6520010011958728,0.1780861733137504,-1.7005499146899428,0.4038680397741136
Vigitel smoking,2,3,44,2153,SepAware CTGAN,7014,1000,0.5,0.123,RandomForest,0.5382293419613167,0.15819209039548024,0.25925925925925924,0.11382113821138211,0.5341055520019282,0.22684422384897301,0.7051663561105393,0.11668466088510218,-1.0144961732910316,0.7552546246120346
Vigitel smoking,2,3,44,2153,SepAware CTGAN,7014,1000,0.5,0.123,CatBoost,0.5524718245142953,0.1761006289308176,0.3888888888888889,0.11382113821138211,0.5443678096986215,0.27316692472194487,0.7203882415106933,0.10420107208088042,-0.7181558544102532,0.713268066978267
Vigitel smoking,2,3,44,2153,Standard TVAE,7014,1000,0.5,0.123,LogisticRegression,0.5567937191338483,0.20754716981132076,0.24719101123595505,0.17886178861788618,0.5512324906601404,0.22250510427930928,0.692873895671682,0.12192042027116154,-1.2065258113297725,0.37566661353964115
Vigitel smoking,2,3,44,2153,Standard TVAE,7014,1000,0.5,0.123,RandomForest,0.4825053418803419,0.03125,0.4,0.016260162601626018,0.5064197050180308,0.29367732099000143,0.750646605667881,0.09818753049223716,0.09376585795688416,1.0941441056167094
Vigitel smoking,2,3,44,2153,Standard TVAE,7014,1000,0.5,0.123,CatBoost,0.5499670871451793,0.1728395061728395,0.358974358974359,0.11382113821138211,0.5426574334158393,0.280665398428374,0.726043144125854,0.10322923728927308,-0.6902951678291079,0.6111745398378099
Vigitel smoking,2,3,44,2153,SepAware TVAE,7014,1000,0.5,0.123,LogisticRegression,0.5662142901406705,0.2222222222222222,0.27380952380952384,0.18699186991869918,0.5587182838761112,0.22064555331167796,0.693865821212374,0.12198573697622839,-1.1927040456723996,0.37468090961085454
Vigitel smoking,2,3,44,2153,SepAware TVAE,7014,1000,0.5,0.123,RandomForest,0.48209927949651765,0.031007751937984496,0.3333333333333333,0.016260162601626018,0.5058495795904367,0.30003291401941024,0.7587581463043821,0.09782403996440221,0.12520843551696756,1.106438332181414
Vigitel smoking,2,3,44,2153,SepAware TVAE,7014,1000,0.5,0.123,CatBoost,0.5625035483967926,0.19631901840490798,0.4,0.13008130081300814,0.5513576401442464,0.27373163875722156,0.733524302175747,0.1036811312447267,-0.6767508143012777,0.6111630215536507
Vigitel smoking,2,4,44,2190,Real only,4000,1000,0.123,0.124,LogisticRegression,0.47381286796846195,0.015503875968992248,0.2,0.008064516129032258,0.5017491530416851,0.2650597706994009,0.7197764766534099,0.10119497564105984,-0.12457170810622156,0.9006552682235475
Vigitel smoking,2,4,44,2190,Real only,4000,1000,0.123,0.124,RandomForest,0.47381286796846195,0.015503875968992248,0.2,0.008064516129032258,0.5017491530416851,0.2796108899852533,0.7195095006628369,0.100024642524655,-0.15078792835417845,0.8997042431651421
Vigitel smoking,2,4,44,2190,Real only,4000,1000,0.123,0.124,CatBoost,0.5096436744033997,0.08695652173913043,0.42857142857142855,0.04838709677419355,0.5196273383414347,0.2987895638024913,0.7498619089703933,0.09850943532584144,-0.11216502494914972,0.8864748556973097
Vigitel smoking,2,4,44,2190,Class weighting,4000,1000,0.123,0.124,LogisticRegression,0.5821361030099125,0.3518930957683742,0.24307692307692308,0.6370967741935484,0.6781374281926646,0.2689767856040295,0.7226487700692297,0.20439501580654793,-1.902269543919372,0.9153998069232596
Vigitel smoking,2,4,44,2190,Class weighting,4000,1000,0.123,0.124,RandomForest,0.5514354066985646,0.18181818181818182,0.3076923076923077,0.12903225806451613,0.5439681838267786,0.25798627315126793,0.7144645750478715,0.1119680826701256,-0.8603216678395792,0.8546599390809664
Vigitel smoking,2,4,44,2190,Class weighting,4000,1000,0.123,0.124,CatBoost,0.5962845412084975,0.3496143958868895,0.25660377358490566,0.5483870967741935,0.6617506260126675,0.27571617808236437,0.7312288260421269,0.1700586866195069,-1.6543569725141616,0.7439352848974732
Vigitel smoking,2,4,44,2190,Random oversampling,7016,1000,0.5,0.124,LogisticRegression,0.575977343859684,0.34573304157549234,0.23723723723723725,0.6370967741935484,0.6735712181470025,0.27040135261181236,0.7208443806157019,0.20462171197392592,-1.897345714921621,0.8873118400224883
Vigitel smoking,2,4,44,2190,Random oversampling,7016,1000,0.5,0.124,RandomForest,0.5925065254022621,0.26732673267326734,0.34615384615384615,0.21774193548387097,0.5797613787008395,0.2686480089350282,0.7136820592134334,0.11602886004359796,-1.0012531921828485,0.7934406483029748
Vigitel smoking,2,4,44,2190,Random oversampling,7016,1000,0.5,0.124,CatBoost,0.5898985196761624,0.34096692111959287,0.24907063197026022,0.5403225806451613,0.6548644866696126,0.2711573903533219,0.7162321402268377,0.16714452826593318,-1.6170355779799197,0.6645280197453282
Vigitel smoking,2,4,44,2190,Random undersampling,984,1000,0.5,0.124,LogisticRegression,0.5701070785745597,0.3383947939262473,0.2314540059347181,0.6290322580645161,0.6666850788039476,0.2628232389064176,0.7115922816320518,0.20847250114926422,-1.9151344230877394,0.8173906133132692
Vigitel smoking,2,4,44,2190,Random undersampling,984,1000,0.5,0.124,RandomForest,0.5777208277779393,0.35517970401691334,0.24068767908309455,0.6774193548387096,0.6874539696567977,0.2667188995208586,0.7332725732803064,0.20447117042163246,-1.9041558321182646,1.0263454255520186
Vigitel smoking,2,4,44,2190,Random undersampling,984,1000,0.5,0.124,CatBoost,0.5569472305124734,0.3292181069958848,0.22099447513812154,0.6451612903225806,0.6616217410517014,0.2741580014428433,0.7292679334217116,0.20627594637408617,-1.9023474966737206,0.7278216566620628
Vigitel smoking,2,4,44,2190,SMOTE,7016,1000,0.5,0.124,LogisticRegression,0.5283513258568284,0.23404255319148937,0.1746031746031746,0.3548387096774194,0.558697893651495,0.17711900819188137,0.6083830461039917,0.18855443549463985,-1.7303216785372406,0.2500344577333703
Vigitel smoking,2,4,44,2190,SMOTE,7016,1000,0.5,0.124,RandomForest,0.5404816759199809,0.16091954022988506,0.28,0.11290322580645161,0.5359036676977463,0.22708036944140592,0.6851064221534836,0.1156340160056609,-1.0228108302354868,0.6620298474591509
Vigitel smoking,2,4,44,2190,SMOTE,7016,1000,0.5,0.124,CatBoost,0.5284021467665657,0.13414634146341464,0.275,0.08870967741935484,0.5278023272941523,0.2517909644853482,0.7188558697893652,0.10598587099521734,-0.7217965233194784,0.6947519233974172
Vigitel smoking,2,4,44,2190,Standard CTGAN,7016,1000,0.5,0.124,LogisticRegression,0.5469242333752085,0.2542372881355932,0.1956521739130435,0.3629032258064516,0.5758580055972897,0.2034699281310529,0.6293728826042126,0.1806901365520386,-1.7046326124194817,0.45143448747596365
Vigitel smoking,2,4,44,2190,Standard CTGAN,7016,1000,0.5,0.124,RandomForest,0.5277020890099909,0.13333333333333333,0.2682926829268293,0.08870967741935484,0.5272315510384445,0.20323038784230957,0.6582431138606569,0.1212334015449907,-1.1407363048865236,0.6526644609953538
Vigitel smoking,2,4,44,2190,Standard CTGAN,7016,1000,0.5,0.124,CatBoost,0.5673354801420196,0.20606060606060606,0.4146341463414634,0.13709677419354838,0.5548497569597879,0.24648617527430305,0.7027636618058624,0.10684863274053094,-0.760237515786823,0.6861422514092126
Vigitel smoking,2,4,44,2190,SepAware CTGAN,7016,1000,0.5,0.124,LogisticRegression,0.5786816098527628,0.32041343669250644,0.23574144486692014,0.5,0.6352739726027397,0.2438028367898723,0.6838820150243039,0.18301889670189905,-1.711978332535964,0.5006376846614705
Vigitel smoking,2,4,44,2190,SepAware CTGAN,7016,1000,0.5,0.124,RandomForest,0.539120858073166,0.16304347826086957,0.25,0.12096774193548387,0.5347989394608926,0.22177551129978743,0.6825747532773605,0.12098912463044777,-1.130309177835795,0.6667955059820211
Vigitel smoking,2,4,44,2190,SepAware CTGAN,7016,1000,0.5,0.124,CatBoost,0.5656650639808771,0.20994475138121546,0.3333333333333333,0.1532258064516129,0.5549234055089115,0.24560322951887528,0.710791353660333,0.11058189085403575,-0.920534726531266,0.5915499922924692
Vigitel smoking,2,4,44,2190,Standard TVAE,7016,1000,0.5,0.124,LogisticRegression,0.5402371325509483,0.1784037558685446,0.21348314606741572,0.1532258064516129,0.5366585653262631,0.21172244007896682,0.6550946383856238,0.13013930763477669,-1.300980563565623,0.30171213191375457
Vigitel smoking,2,4,44,2190,Standard TVAE,7016,1000,0.5,0.124,RandomForest,0.48332232216970744,0.031746031746031744,1.0,0.016129032258064516,0.5080645161290323,0.2720306933694767,0.7149432906171748,0.10073455252996955,-0.23281825830975397,0.8774132405952663
Vigitel smoking,2,4,44,2190,Standard TVAE,7016,1000,0.5,0.124,CatBoost,0.5424655429798518,0.15950920245398773,0.3333333333333333,0.10483870967741936,0.5375791721903078,0.2681266860156472,0.721792605685668,0.1063007220010213,-0.705668127607543,0.5925368024479131
Vigitel smoking,2,4,44,2190,SepAware TVAE,7016,1000,0.5,0.124,LogisticRegression,0.5544264217314833,0.20465116279069767,0.24175824175824176,0.1774193548387097,0.5493261157755193,0.21041592923817462,0.6534375460303432,0.129385748851813,-1.3052722903936655,0.29699277752377873
Vigitel smoking,2,4,44,2190,SepAware TVAE,7016,1000,0.5,0.124,RandomForest,0.4825053418803419,0.03125,0.5,0.016129032258064516,0.5069229636176168,0.2787263034945878,0.7133782589482986,0.10061405676331568,-0.23802475279812438,0.8683459672377449
Vigitel smoking,2,4,44,2190,SepAware TVAE,7016,1000,0.5,0.124,CatBoost,0.5491448781188321,0.17177914110429449,0.358974358974359,0.11290322580645161,0.5421822065105317,0.2610545308248515,0.7243334806304316,0.10607482308687674,-0.6798217929527817,0.6014274350699809
Kidney mortality,0,0,42,42,Real only,4000,1000,0.0535,0.053,LogisticRegression,0.48638931689779147,0.0,0.0,0.0,0.5,0.12518630569473788,0.7208563288238927,0.04894783340359479,0.14406897552607997,1.046582592799033
Kidney mortality,0,0,42,42,Real only,4000,1000,0.0535,0.053,RandomForest,0.48638931689779147,0.0,0.0,0.0,0.5,0.12802164109488154,0.7300611663445638,0.04869580912470924,-0.6246283253041054,0.7577401691208788
Kidney mortality,0,0,42,42,Real only,4000,1000,0.0535,0.053,CatBoost,0.48612538540596095,0.0,0.0,0.0,0.49947201689545934,0.1380778210416041,0.7212448446932718,0.04850783845936324,0.0022856794321644293,0.9724753770633089
Kidney mortality,0,0,42,42,Class weighting,4000,1000,0.0535,0.053,LogisticRegression,0.5052083333333334,0.16875,0.10112359550561797,0.5094339622641509,0.6280010360423183,0.12329854788279254,0.7356597796417683,0.21066023183394234,-2.847202688705845,0.9689962853718745
Kidney mortality,0,0,42,42,Class weighting,4000,1000,0.0535,0.053,RandomForest,0.537345806971057,0.11494252873563218,0.14705882352941177,0.09433962264150944,0.5318583012890757,0.10703338668785414,0.5821262776194935,0.09570474451320873,-2.4793207504989803,0.3003605931553989
Kidney mortality,0,0,42,42,Class weighting,4000,1000,0.0535,0.053,CatBoost,0.5472198364390007,0.20491803278688525,0.13089005235602094,0.4716981132075472,0.6482038612500249,0.1221779479571269,0.6793747883086609,0.15612273022734827,-2.531475632540285,0.7502456539475058
Kidney mortality,0,0,42,42,Random oversampling,7572,1000,0.5,0.053,LogisticRegression,0.5058553386911596,0.1723076923076923,0.10294117647058823,0.5283018867924528,0.6353230658883067,0.12127799193300953,0.7358789424398797,0.21126182737109464,-2.850274639081959,0.963112623295644
Kidney mortality,0,0,42,42,Random oversampling,7572,1000,0.5,0.053,RandomForest,0.5478595478595478,0.14545454545454545,0.14035087719298245,0.1509433962264151,0.5496005259907155,0.09095441574772564,0.5554681118128748,0.10680847200733253,-2.590172801584774,0.22057908178082233
Kidney mortality,0,0,42,42,Random oversampling,7572,1000,0.5,0.053,CatBoost,0.5522929752383576,0.1990521327014218,0.13291139240506328,0.39622641509433965,0.6257795222251001,0.11481189463903253,0.6267159450897571,0.14626153832038558,-2.54815964401968,0.4824931864317206
Kidney mortality,0,0,42,42,Random undersampling,428,1000,0.5,0.053,LogisticRegression,0.49204441391941395,0.15476190476190477,0.09187279151943463,0.49056603773584906,0.6095913610009762,0.10852982905371861,0.7020282520770657,0.22086978164593182,-2.8603522587328354,0.729708221901331
Kidney mortality,0,0,42,42,Random undersampling,428,1000,0.5,0.053,RandomForest,0.4920237805675104,0.1725067385444744,0.10062893081761007,0.6037735849056604,0.6508836245542029,0.14020370997238074,0.7352613018270208,0.21296095053003705,-2.90658804355873,0.9394606243459029
Kidney mortality,0,0,42,42,Random undersampling,428,1000,0.5,0.053,CatBoost,0.49108225946128137,0.16893732970027248,0.09872611464968153,0.5849056603773585,0.6430336116036739,0.1256473983076487,0.7089418421629374,0.22218409322267058,-2.9022452219705874,0.6329612672926501
Kidney mortality,0,0,42,42,SMOTE,7572,1000,0.5,0.053,LogisticRegression,0.5182854711524223,0.1892744479495268,0.11363636363636363,0.5660377358490566,0.6594708214620151,0.13477109986534824,0.7263353987766731,0.20756177111137072,-2.839070804507388,0.8707010443205638
Kidney mortality,0,0,42,42,SMOTE,7572,1000,0.5,0.053,RandomForest,0.5650661099512874,0.16666666666666666,0.22580645161290322,0.1320754716981132,0.5533661413400809,0.10423795447025816,0.5937020581379131,0.09253317058649042,-2.421685826411553,0.3321078152282239
Kidney mortality,0,0,42,42,SMOTE,7572,1000,0.5,0.053,CatBoost,0.5578824898196626,0.15555555555555556,0.1891891891891892,0.1320754716981132,0.550198242712837,0.1417340096938156,0.5864298380187682,0.09070556884043819,-2.4218907469950963,0.33312894568347023
Kidney mortality,0,0,42,42,Standard CTGAN,7572,1000,0.5,0.053,LogisticRegression,0.5166813963764914,0.1532258064516129,0.09743589743589744,0.3584905660377358,0.5863202566197127,0.12498651354002929,0.7024267298918133,0.15813453637057026,-2.637298926361158,0.5421109736853748
Kidney mortality,0,0,42,42,Standard CTGAN,7572,1000,0.5,0.053,RandomForest,0.5402127448056466,0.11904761904761904,0.16129032258064516,0.09433962264150944,0.5334422506026977,0.15026605547169045,0.7298021557649779,0.06588083917286125,-1.6552740716283127,0.600394802505565
Kidney mortality,0,0,42,42,Standard CTGAN,7572,1000,0.5,0.053,CatBoost,0.5359307359307359,0.10666666666666667,0.18181818181818182,0.07547169811320754,0.528232153174872,0.12662324142026748,0.7363172680361021,0.05799744688799669,-1.423364943973018,0.6279245065443725
Kidney mortality,0,0,42,42,SepAware CTGAN,7572,1000,0.5,0.053,LogisticRegression,0.5189442621538373,0.1518987341772152,0.09782608695652174,0.33962264150943394,0.5821661254009682,0.18261942030220754,0.6810683190213386,0.14768659381549606,-2.5250509015996494,0.6137396697959903
Kidney mortality,0,0,42,42,SepAware CTGAN,7572,1000,0.5,0.053,RandomForest,0.5547389593174711,0.1553398058252427,0.16,0.1509433962264151,0.5532964077225001,0.1446644605136857,0.7418361857703573,0.06904561945147009,-1.6931456655242345,0.6042875287743323
Kidney mortality,0,0,42,42,SepAware CTGAN,7572,1000,0.5,0.053,CatBoost,0.5355099688968068,0.11235955056179775,0.1388888888888889,0.09433962264150944,0.5308023350799944,0.14553344340375096,0.7497260465023609,0.06286253706524758,-1.565717356835429,0.6072451220093514
Kidney mortality,0,0,42,42,Standard TVAE,7572,1000,0.5,0.053,LogisticRegression,0.5359307359307359,0.10666666666666667,0.18181818181818182,0.07547169811320754,0.528232153174872,0.10014990718064842,0.5647127971150206,0.05913181042541875,-2.2456024232549883,0.1985487693153369
Kidney mortality,0,0,42,42,Standard TVAE,7572,1000,0.5,0.053,RandomForest,0.48638931689779147,0.0,0.0,0.0,0.5,0.11918550031178804,0.7258572253989759,0.049138520873411556,-0.6714648063830327,0.7833120982072576
Kidney mortality,0,0,42,42,Standard TVAE,7572,1000,0.5,0.053,CatBoost,0.48612538540596095,0.0,0.0,0.0,0.49947201689545934,0.1194438924435305,0.7243131238668287,0.04938991370993276,-0.522436686220611,0.8100620471495612
Kidney mortality,0,0,42,42,SepAware TVAE,7572,1000,0.5,0.053,LogisticRegression,0.5464126577550095,0.1282051282051282,0.2,0.09433962264150944,0.5366101492299417,0.09829660247056704,0.5488334561973263,0.059717181938857486,-2.303482348715123,0.1770888310884124
Kidney mortality,0,0,42,42,SepAware TVAE,7572,1000,0.5,0.053,RandomForest,0.48612538540596095,0.0,0.0,0.0,0.49947201689545934,0.11581183554841495,0.7241238469048236,0.04932658757718694,-0.6728883952325803,0.777886676447701
Kidney mortality,0,0,42,42,SepAware TVAE,7572,1000,0.5,0.053,CatBoost,0.48638931689779147,0.0,0.0,0.0,0.5,0.12152663455514143,0.7040106792054353,0.04916345238360829,-0.5012262278569902,0.8143051020914434
Kidney mortality,0,1,42,79,Real only,4000,1000,0.0535,0.053,LogisticRegression,0.48612538540596095,0.0,0.0,0.0,0.49947201689545934,0.11855028490652486,0.6886194736108067,0.049823319251474214,-1.6061433095691993,0.4203946903680056
Kidney mortality,0,1,42,79,Real only,4000,1000,0.0535,0.053,RandomForest,0.48638931689779147,0.0,0.0,0.0,0.5,0.11203204321455282,0.680729612878803,0.049987516691071134,-1.2850419809463491,0.520413101706735
Kidney mortality,0,1,42,79,Real only,4000,1000,0.0535,0.053,CatBoost,0.48612538540596095,0.0,0.0,0.0,0.49947201689545934,0.12537645666430314,0.655565738877488,0.049217876963944016,-0.8571112589792494,0.6679911927244422
Kidney mortality,0,1,42,79,Class weighting,4000,1000,0.0535,0.053,LogisticRegression,0.49378132329794144,0.17941952506596306,0.10429447852760736,0.6415094339622641,0.6665836504552609,0.11097250632043976,0.6930226534637683,0.217599806230345,-2.802051630807263,0.3232544721821949
Kidney mortality,0,1,42,79,Class weighting,4000,1000,0.0535,0.053,RandomForest,0.5139850793419358,0.06976744186046512,0.09090909090909091,0.05660377358490566,0.5124623936562333,0.0687023282950607,0.5689067761152398,0.09076830834406457,-2.558458958705563,0.21365033622062826
Kidney mortality,0,1,42,79,Class weighting,4000,1000,0.0535,0.053,CatBoost,0.5170454545454545,0.15,0.0962566844919786,0.33962264150943394,0.5805821760873463,0.09410263489792708,0.6233089597736645,0.15534396600956887,-2.609309290108926,0.38980181469418934
Kidney mortality,0,1,42,79,Random oversampling,7572,1000,0.5,0.053,LogisticRegression,0.49317738791423005,0.17894736842105263,0.10397553516819572,0.6415094339622641,0.6660556673507203,0.11317457699996825,0.6968878882668207,0.2189117871304423,-2.800257658526463,0.2985014350431635
Kidney mortality,0,1,42,79,Random oversampling,7572,1000,0.5,0.053,RandomForest,0.5218266223028033,0.09433962264150944,0.09433962264150944,0.09433962264150944,0.5218266223028033,0.073856315134464,0.5970592337271623,0.10119123728377184,-2.5991391374748067,0.19486089487365016
Kidney mortality,0,1,42,79,Random oversampling,7572,1000,0.5,0.053,CatBoost,0.5192194014675631,0.14084507042253522,0.09375,0.2830188679245283,0.5649518838038692,0.07697892131291331,0.5859915124225459,0.14760926338323554,-2.6583127602108014,0.239706111125508
Kidney mortality,0,1,42,79,Random undersampling,428,1000,0.5,0.053,LogisticRegression,0.49642625081221575,0.18421052631578946,0.10703363914373089,0.660377358490566,0.6760176127194119,0.14216712746706217,0.6901735370883225,0.2201776751798035,-2.825467629472603,0.458230355233498
Kidney mortality,0,1,42,79,Random undersampling,428,1000,0.5,0.053,RandomForest,0.45918767064821475,0.1552511415525114,0.08831168831168831,0.6415094339622641,0.6354326472873623,0.13217384641420918,0.681367177382399,0.21526847021529963,-2.829490760878826,0.7233505742671431
Kidney mortality,0,1,42,79,Random undersampling,428,1000,0.5,0.053,CatBoost,0.47521188900499245,0.16296296296296298,0.09375,0.6226415094339622,0.6428941443685123,0.1511788460392279,0.680111972265944,0.2260347052549439,-2.886622211800024,0.5994533129943014
Kidney mortality,0,1,42,79,SMOTE,7572,1000,0.5,0.053,LogisticRegression,0.49108225946128137,0.16893732970027248,0.09872611464968153,0.5849056603773585,0.6430336116036739,0.10970569733655189,0.68037098284553,0.21656866912309317,-2.7946217577957166,0.261752397214627
Kidney mortality,0,1,42,79,SMOTE,7572,1000,0.5,0.053,RandomForest,0.5018347063254842,0.046511627906976744,0.06060606060606061,0.03773584905660377,0.5025004482875416,0.07578264571281348,0.6092825406945468,0.08717078265637343,-2.381802650884174,0.3339503674811989
Kidney mortality,0,1,42,79,SMOTE,7572,1000,0.5,0.053,CatBoost,0.48728465955701394,0.021739130434782608,0.02564102564102564,0.018867924528301886,0.48937060429160606,0.06792817143084867,0.5737980912912675,0.08860082476629697,-2.4647810366147103,0.2724802773342734
Kidney mortality,0,1,42,79,Standard CTGAN,7572,1000,0.5,0.053,LogisticRegression,0.5243654602845159,0.15384615384615385,0.10119047619047619,0.32075471698113206,0.5806519097049272,0.11182073475658372,0.6221932218923713,0.14472611193526905,-2.688359905681254,0.17849288065346047
Kidney mortality,0,1,42,79,Standard CTGAN,7572,1000,0.5,0.053,RandomForest,0.5789473684210527,0.2,0.2127659574468085,0.18867924528301888,0.5748042477735053,0.1331016794886425,0.652557231376143,0.07144736096589609,-2.042407579574518,0.38469362554350184
Kidney mortality,0,1,42,79,Standard CTGAN,7572,1000,0.5,0.053,CatBoost,0.5286309557478741,0.0963855421686747,0.13333333333333333,0.07547169811320754,0.5240082883385467,0.10986062561438917,0.6584746269251459,0.06157982604089596,-1.882145186189708,0.39675966656748773
Kidney mortality,0,1,42,79,SepAware CTGAN,7572,1000,0.5,0.053,LogisticRegression,0.515493041734684,0.14096916299559473,0.09195402298850575,0.3018867924528302,0.5675220657089917,0.10352503727267887,0.5795560957143712,0.13636521486283032,-2.72517120580191,0.10600535043365804
Kidney mortality,0,1,42,79,SepAware CTGAN,7572,1000,0.5,0.053,RandomForest,0.5708062404772635,0.1836734693877551,0.2,0.16981132075471697,0.5658982686138949,0.11508551683709062,0.6510031678986272,0.07164867588281536,-2.0576302035872285,0.3811610537305988
Kidney mortality,0,1,42,79,SepAware CTGAN,7572,1000,0.5,0.053,CatBoost,0.5088546490415649,0.05405405405405406,0.09523809523809523,0.03773584905660377,0.5088362455420294,0.09757055771288088,0.6432726982925225,0.06319546660401026,-1.9499186196859755,0.3837110310002402
Kidney mortality,0,1,42,79,Standard TVAE,7572,1000,0.5,0.053,LogisticRegression,0.5034912733877608,0.04819277108433735,0.06666666666666667,0.03773584905660377,0.5040843976011635,0.08514489433696301,0.6353230658883067,0.06552279947976569,-2.347647236419722,0.1524813403180453
Kidney mortality,0,1,42,79,Standard TVAE,7572,1000,0.5,0.053,RandomForest,0.48638931689779147,0.0,0.0,0.0,0.5,0.10554402169514687,0.6775417903608216,0.050435814195608504,-1.3307692563274676,0.523392863061827
Kidney mortality,0,1,42,79,Standard TVAE,7572,1000,0.5,0.053,CatBoost,0.48612538540596095,0.0,0.0,0.0,0.49947201689545934,0.10278340905621332,0.6326532645294973,0.05053617600956315,-1.2976230633713421,0.5217238874750088
Kidney mortality,0,1,42,79,SepAware TVAE,7572,1000,0.5,0.053,LogisticRegression,0.5012948308908797,0.04597701149425287,0.058823529411764705,0.03773584905660377,0.501972465183001,0.08489097019424563,0.6323942539499112,0.06691284071830421,-2.377389345577877,0.14322976119997197
Kidney mortality,0,1,42,79,SepAware TVAE,7572,1000,0.5,0.053,RandomForest,0.48586118251928023,0.0,0.0,0.0,0.4989440337909187,0.10746328110510442,0.6855910422187245,0.05108878956678,-1.3428173289322751,0.5241945274115554
Kidney mortality,0,1,42,79,SepAware TVAE,7572,1000,0.5,0.053,CatBoost,0.5033904885734666,0.03508771929824561,0.25,0.018867924528301886,0.507850012950529,0.11813304936605412,0.6156581857305095,0.050445898791599254,-1.4019669901065557,0.4870794415501489
Kidney mortality,0,2,42,116,Real only,4000,1000,0.0535,0.053,LogisticRegression,0.48638931689779147,0.0,0.0,0.0,0.5,0.12988235006256454,0.6815564543444045,0.04890634243859993,-0.3695911589358425,0.8756890195763783
Kidney mortality,0,2,42,116,Real only,4000,1000,0.0535,0.053,RandomForest,0.48638931689779147,0.0,0.0,0.0,0.5,0.15925637730808062,0.7426630272359588,0.047415340445288064,-0.25379113112660634,0.9048161413956697
Kidney mortality,0,2,42,116,Real only,4000,1000,0.0535,0.053,CatBoost,0.48612538540596095,0.0,0.0,0.0,0.49947201689545934,0.1271373812639611,0.7392161941383913,0.048826245675655744,-0.1526359314899693,0.93723979242411
Kidney mortality,0,2,42,116,Class weighting,4000,1000,0.0535,0.053,LogisticRegression,0.49465842120474107,0.17174515235457063,0.10064935064935066,0.5849056603773585,0.6462015102309179,0.12140203969757173,0.6885696638839632,0.2223221143472876,-2.86864953664244,0.7417640476337948
Kidney mortality,0,2,42,116,Class weighting,4000,1000,0.0535,0.053,RandomForest,0.5720806390262457,0.18181818181818182,0.22857142857142856,0.1509433962264151,0.5612161542906099,0.12444674511931546,0.6080372975234604,0.09035378165283506,-2.207342239339037,0.5212134777520333
Kidney mortality,0,2,42,116,Class weighting,4000,1000,0.0535,0.053,CatBoost,0.5195481245665489,0.17266187050359713,0.10666666666666667,0.4528301886792453,0.620290490326951,0.12734280094130504,0.6659560478970333,0.16769834385669122,-2.5935167404851467,0.6741571535276282
Kidney mortality,0,2,42,116,Random oversampling,7572,1000,0.5,0.053,LogisticRegression,0.49009728539911246,0.1652892561983471,0.0967741935483871,0.5660377358490566,0.635183598653145,0.11728987713505437,0.6866569703731745,0.2227203282479262,-2.867656524544404,0.7312579757494718
Kidney mortality,0,2,42,116,Random oversampling,7572,1000,0.5,0.053,RandomForest,0.5814031366858291,0.21052631578947367,0.19672131147540983,0.22641509433962265,0.5873363750473193,0.12517743683111662,0.6183180251439502,0.10075305754064633,-2.313083231285784,0.4677853314627741
Kidney mortality,0,2,42,116,Random oversampling,7572,1000,0.5,0.053,CatBoost,0.5480225988700566,0.2,0.12994350282485875,0.4339622641509434,0.6356717339762109,0.12967866565114924,0.6649997011416389,0.14806273308972595,-2.495124584040874,0.6576058210760211
Kidney mortality,0,2,42,116,Random undersampling,428,1000,0.5,0.053,LogisticRegression,0.5019081949118274,0.17765042979942694,0.10472972972972973,0.5849056603773585,0.6525373074854057,0.11710487251837827,0.7014205734095754,0.224113435156946,-2.8834427197483663,0.7763782262511432
Kidney mortality,0,2,42,116,Random undersampling,428,1000,0.5,0.053,RandomForest,0.49744296451757686,0.19289340101522842,0.11143695014662756,0.7169811320754716,0.6985116853619174,0.14176266577724933,0.7511306807993463,0.21491349746789712,-2.948160706301086,1.0898020703271405
Kidney mortality,0,2,42,116,Random undersampling,428,1000,0.5,0.053,CatBoost,0.5075172247869003,0.20365535248041775,0.11818181818181818,0.7358490566037735,0.7142814448805562,0.1358338735641144,0.7536610149229943,0.22264330280526423,-2.9922669652707317,0.8362330388262651
Kidney mortality,0,2,42,116,SMOTE,7572,1000,0.5,0.053,LogisticRegression,0.48871448923570265,0.16711590296495957,0.09748427672955975,0.5849056603773585,0.6409216791855114,0.11382725362813384,0.6939291904923194,0.22130550798065618,-2.848638596977704,0.6348370999761176
Kidney mortality,0,2,42,116,SMOTE,7572,1000,0.5,0.053,RandomForest,0.5355099688968068,0.11235955056179775,0.1388888888888889,0.09433962264150944,0.5308023350799944,0.0811525753167951,0.5737881293458986,0.09115964439056239,-2.4147074445082244,0.3173862849341199
Kidney mortality,0,2,42,116,SMOTE,7572,1000,0.5,0.053,CatBoost,0.5435735150925024,0.1346153846153846,0.13725490196078433,0.1320754716981132,0.5428064792492678,0.07895623376090741,0.5715765774740491,0.09383167140155996,-2.4164471403220618,0.3341821833569508
Kidney mortality,0,2,42,116,Standard CTGAN,7572,1000,0.5,0.053,LogisticRegression,0.4994563059875382,0.11353711790393013,0.07386363636363637,0.24528301886792453,0.5365802633938356,0.06806391269608049,0.4599828654539659,0.1613213209653588,-2.847531946080912,0.04087456947826382
Kidney mortality,0,2,42,116,Standard CTGAN,7572,1000,0.5,0.053,RandomForest,0.5303218676612792,0.10526315789473684,0.11904761904761904,0.09433962264150944,0.5276344364527505,0.1109295908445479,0.7193520750732203,0.06812964794106634,-1.7630432763075923,0.5329956748729595
Kidney mortality,0,2,42,116,Standard CTGAN,7572,1000,0.5,0.053,CatBoost,0.5189741629820966,0.0759493670886076,0.11538461538461539,0.05660377358490566,0.5161582753880178,0.1115118338829983,0.7259668067980315,0.061857677640325875,-1.634640448035978,0.5400367341793977
Kidney mortality,0,2,42,116,SepAware CTGAN,7572,1000,0.5,0.053,LogisticRegression,0.5075239398084815,0.12093023255813953,0.08024691358024691,0.24528301886792453,0.5439720268574048,0.0929873879575082,0.602498455898468,0.15414594269069284,-2.699347365616335,0.17654563142848254
Kidney mortality,0,2,42,116,SepAware CTGAN,7572,1000,0.5,0.053,RandomForest,0.5342671873320675,0.11650485436893204,0.12,0.11320754716981132,0.5333725169851169,0.1077582564948829,0.7237154071447073,0.07209417505525445,-1.8357736846329238,0.5193846718736569
Kidney mortality,0,2,42,116,SepAware CTGAN,7572,1000,0.5,0.053,CatBoost,0.5404411764705883,0.125,0.13953488372093023,0.11320754716981132,0.5370683987169015,0.10907446329527774,0.719621047598175,0.06544658873675516,-1.7345691212039998,0.5173006759276376
Kidney mortality,0,2,42,116,Standard TVAE,7572,1000,0.5,0.053,LogisticRegression,0.5280720984045792,0.08823529411764706,0.2,0.05660377358490566,0.521966089537965,0.10022790635618926,0.5971987009623239,0.057682751143784385,-2.5680462212408135,0.08951745074639307
Kidney mortality,0,2,42,116,Standard TVAE,7572,1000,0.5,0.053,RandomForest,0.48638931689779147,0.0,0.0,0.0,0.5,0.1404106880046553,0.7316451156581857,0.04815060212015107,-0.4499321089535093,0.870335716206703
Kidney mortality,0,2,42,116,Standard TVAE,7572,1000,0.5,0.053,CatBoost,0.48612538540596095,0.0,0.0,0.0,0.49947201689545934,0.13593612560850177,0.7244525911019905,0.04887321774512303,-0.40074264128277903,0.8636183022529935
Kidney mortality,0,2,42,116,SepAware TVAE,7572,1000,0.5,0.053,LogisticRegression,0.5389580451821115,0.1111111111111111,0.21052631578947367,0.07547169811320754,0.529816102488494,0.10489244130099323,0.6006455340598913,0.05809609887066185,-2.5578770965065805,0.09212279668664494
Kidney mortality,0,2,42,116,SepAware TVAE,7572,1000,0.5,0.053,RandomForest,0.48638931689779147,0.0,0.0,0.0,0.5,0.14345207486142741,0.7419258432786755,0.04807664833078021,-0.45841350417161886,0.8680204748160982
Kidney mortality,0,2,42,116,SepAware TVAE,7572,1000,0.5,0.053,CatBoost,0.48586118251928023,0.0,0.0,0.0,0.4989440337909187,0.12205709000391066,0.716164252555239,0.049736861801642454,-0.6530825064589231,0.7672139635507906
Kidney mortality,0,3,42,153,Real only,4000,1000,0.05325,0.054,LogisticRegression,0.48612538540596095,0.0,0.0,0.0,0.5,0.12654341827923138,0.7198144233027954,0.04968770414559537,0.3373996129203627,1.1098162571287884
Kidney mortality,0,3,42,153,Real only,4000,1000,0.05325,0.054,RandomForest,0.48612538540596095,0.0,0.0,0.0,0.5,0.1005373002696984,0.6561349933442957,0.05124833640040478,-1.3528587171075148,0.47594181114713474
Kidney mortality,0,3,42,153,Real only,4000,1000,0.05325,0.054,CatBoost,0.48612538540596095,0.0,0.0,0.0,0.5,0.11427136252853153,0.6957951609114399,0.050577923174639536,-0.6208056930759815,0.7446970162327798
Kidney mortality,0,3,42,153,Class weighting,4000,1000,0.05325,0.054,LogisticRegression,0.503879458052241,0.18487394957983194,0.10891089108910891,0.6111111111111112,0.6628494244773315,0.11754663190627075,0.7159384543105471,0.21492605882263854,-2.8273049798668546,0.9021801049734196
Kidney mortality,0,3,42,153,Class weighting,4000,1000,0.05325,0.054,RandomForest,0.5392412839809553,0.11764705882352941,0.16129032258064516,0.09259259259259259,0.5325542244146896,0.08511816755689548,0.5956855375460026,0.08761001801701954,-2.2723214279862622,0.416162374014887
Kidney mortality,0,3,42,153,Class weighting,4000,1000,0.05325,0.054,CatBoost,0.5337142857142857,0.184,0.11734693877551021,0.42592592592592593,0.6215253308276565,0.11301666518467682,0.6747905410696109,0.15633887969408203,-2.5218500477772507,0.6869865483646321
Kidney mortality,0,3,42,153,Random oversampling,7574,1000,0.5,0.054,LogisticRegression,0.5057355273184093,0.1864406779661017,0.11,0.6111111111111112,0.6644350481559784,0.11927408475379447,0.718816067653277,0.21525706073785308,-2.8290119374833447,0.9153419538912227
Kidney mortality,0,3,42,153,Random oversampling,7574,1000,0.5,0.054,RandomForest,0.5433052704417023,0.1391304347826087,0.13114754098360656,0.14814814814814814,0.5460613890846449,0.09006175521373855,0.6182170542635659,0.1000313975837777,-2.34961365153448,0.38137911461095525
Kidney mortality,0,3,42,153,Random oversampling,7574,1000,0.5,0.054,CatBoost,0.5332842053549496,0.17391304347826086,0.11363636363636363,0.37037037037037035,0.6027327538955446,0.09963609682827927,0.6753190822958264,0.14400688849521687,-2.4665033441041406,0.588205048271929
Kidney mortality,0,3,42,153,Random undersampling,426,1000,0.5,0.054,LogisticRegression,0.4895698904019878,0.17616580310880828,0.10240963855421686,0.6296296296296297,0.6573095294025526,0.09285644990641559,0.6845783415550857,0.2260037590017844,-2.8309424882858463,0.7066636376961805
Kidney mortality,0,3,42,153,Random undersampling,426,1000,0.5,0.054,RandomForest,0.46535963063458413,0.1477832512315271,0.08522727272727272,0.5555555555555556,0.6075875029363402,0.11206880379098408,0.648559235768538,0.22123901181842826,-2.8200238490919936,0.6568624553218405
Kidney mortality,0,3,42,153,Random undersampling,426,1000,0.5,0.054,CatBoost,0.4777212576719348,0.16748768472906403,0.09659090909090909,0.6296296296296297,0.6467387048782398,0.09688868506670871,0.6502035862500979,0.23788460990642724,-2.8597385842802163,0.46515994095860924
Kidney mortality,0,3,42,153,SMOTE,7574,1000,0.5,0.054,LogisticRegression,0.5078593633696746,0.1855072463768116,0.10996563573883161,0.5925925925925926,0.6594041187064443,0.11489909772078358,0.7140200454153942,0.21193075266972436,-2.806826624036199,0.7772895869269107
Kidney mortality,0,3,42,153,SMOTE,7574,1000,0.5,0.054,RandomForest,0.537345806971057,0.11494252873563218,0.15151515151515152,0.09259259259259259,0.5314971419622583,0.07535247254624311,0.5879335995615066,0.08566425767175825,-2.288402633267291,0.3769250526028665
Kidney mortality,0,3,42,153,SMOTE,7574,1000,0.5,0.054,CatBoost,0.5189741629820966,0.0759493670886076,0.12,0.05555555555555555,0.5161498708010336,0.08318284839893875,0.60882076579751,0.0847946457863484,-2.228777203860157,0.44054378161377905
Kidney mortality,0,3,42,153,Standard CTGAN,7574,1000,0.5,0.054,LogisticRegression,0.5033736342774943,0.10309278350515463,0.07142857142857142,0.18518518518518517,0.5238822331845587,0.09300126702905236,0.640376634562681,0.13732066952151867,-2.5930470804642876,0.2785189306270022
Kidney mortality,0,3,42,153,Standard CTGAN,7574,1000,0.5,0.054,RandomForest,0.5245340433624952,0.09090909090909091,0.11764705882352941,0.07407407407407407,0.5211808002505677,0.07910041494574652,0.6148500508965625,0.074163343470219,-2.2188780017236676,0.2675104768792154
Kidney mortality,0,3,42,153,Standard CTGAN,7574,1000,0.5,0.054,CatBoost,0.4815966822187662,0.0,0.0,0.0,0.49101479915433405,0.08060081496144875,0.6433521259102654,0.06457984756598849,-1.9811754307145224,0.34720052508314125
Kidney mortality,0,3,42,153,SepAware CTGAN,7574,1000,0.5,0.054,LogisticRegression,0.5276947350938382,0.1574074074074074,0.10493827160493827,0.3148148148148148,0.5807689296061389,0.10816421275882643,0.6597173283219795,0.13778666872521372,-2.5296871171254662,0.34467909577523176
Kidney mortality,0,3,42,153,SepAware CTGAN,7574,1000,0.5,0.054,RandomForest,0.5118646769341118,0.07547169811320754,0.07692307692307693,0.07407407407407407,0.5116670581786861,0.08585044785406984,0.6343081982616867,0.07712425482815763,-2.1778663838262693,0.29963529429906
Kidney mortality,0,3,42,153,SepAware CTGAN,7574,1000,0.5,0.054,CatBoost,0.4892778388641539,0.022988505747126436,0.030303030303030304,0.018518518518518517,0.4923459400203586,0.08692182611200744,0.6649342259807375,0.06917394043655131,-1.9813664531621076,0.368789142108055
Kidney mortality,0,3,42,153,Standard TVAE,7574,1000,0.5,0.054,LogisticRegression,0.522428061271767,0.1589958158995816,0.10270270270270271,0.35185185185185186,0.5881880823741289,0.08376238555694926,0.5934343434343434,0.14534206051541645,-2.639122366882983,0.14692255439969132
Kidney mortality,0,3,42,153,Standard TVAE,7574,1000,0.5,0.054,RandomForest,0.4971442295424013,0.028985507246376812,0.06666666666666667,0.018518518518518517,0.5018596820922403,0.07399828290997969,0.6260668702529166,0.06496728514592866,-2.1090503387552655,0.30095109541235565
Kidney mortality,0,3,42,153,Standard TVAE,7574,1000,0.5,0.054,CatBoost,0.49573536191793455,0.027777777777777776,0.05555555555555555,0.018518518518518517,0.5002740584135933,0.07823543854460821,0.6445462375694934,0.0631852563192621,-1.9617773615582272,0.34699283954567706
Kidney mortality,0,3,42,153,SepAware TVAE,7574,1000,0.5,0.054,LogisticRegression,0.5260947211940418,0.1592920353982301,0.10465116279069768,0.3333333333333333,0.5852713178294574,0.09934368619058992,0.585388771435283,0.14828901883284534,-2.6790844173583612,0.12496968344720061
Kidney mortality,0,3,42,153,SepAware TVAE,7574,1000,0.5,0.054,RandomForest,0.49134006459981183,0.024390243902439025,0.03571428571428571,0.018518518518518517,0.49498864615143684,0.07768181097454016,0.6349541930937279,0.06701498924663153,-2.1164023375706176,0.30740429298672667
Kidney mortality,0,3,42,153,SepAware TVAE,7574,1000,0.5,0.054,CatBoost,0.4900936876055906,0.023529411764705882,0.03225806451612903,0.018518518518518517,0.4934030224727899,0.08021915849907878,0.641120507399577,0.06768732851860429,-2.1035479447032994,0.2994911614595156
Kidney mortality,0,4,42,190,Real only,4000,1000,0.05325,0.054,LogisticRegression,0.48586118251928023,0.0,0.0,0.0,0.49947145877378435,0.10657600807200951,0.6935635424007516,0.05054303923311136,-0.4603072024285155,0.8262054695624402
Kidney mortality,0,4,42,190,Real only,4000,1000,0.05325,0.054,RandomForest,0.48612538540596095,0.0,0.0,0.0,0.5,0.11332941204151728,0.6526505363714666,0.05131975710793512,-1.3085457605033484,0.4997764445553491
Kidney mortality,0,4,42,190,Real only,4000,1000,0.05325,0.054,CatBoost,0.485331960885229,0.0,0.0,0.0,0.49841437632135305,0.10241939988095046,0.6639162947302483,0.051495122909413965,-1.0736939648664336,0.5846139687340917
Kidney mortality,0,4,42,190,Class weighting,4000,1000,0.05325,0.054,LogisticRegression,0.5106989844020383,0.19607843137254902,0.11551155115511551,0.6481481481481481,0.6824250254482813,0.11408439714068701,0.7190118236629864,0.218362183546263,-2.8529353446506724,0.8490158803393779
Kidney mortality,0,4,42,190,Class weighting,4000,1000,0.05325,0.054,RandomForest,0.5320015111276508,0.10752688172043011,0.1282051282051282,0.09259259259259259,0.5283258946049644,0.07725048639521337,0.5586680761099365,0.09453253737314786,-2.5974232398692343,0.1768528967737922
Kidney mortality,0,4,42,190,Class weighting,4000,1000,0.05325,0.054,CatBoost,0.5318482261219419,0.17886178861788618,0.11458333333333333,0.4074074074074074,0.6138516952470441,0.0924354682108686,0.5946871818964843,0.1636163204263067,-2.6417212367731495,0.3478248035457919
Kidney mortality,0,4,42,190,Random oversampling,7574,1000,0.5,0.054,LogisticRegression,0.5071398124467178,0.1956521739130435,0.11464968152866242,0.6666666666666666,0.686398872445384,0.1121960336337734,0.7173283219794847,0.21798881844016352,-2.8491503176884883,0.8139586887144427
Kidney mortality,0,4,42,190,Random oversampling,7574,1000,0.5,0.054,RandomForest,0.5324790863824321,0.11965811965811966,0.1111111111111111,0.12962962962962962,0.5352165061467387,0.08467472059019182,0.5709028267167802,0.10444032781408272,-2.541538490768527,0.22861794132020208
Kidney mortality,0,4,42,190,Random oversampling,7574,1000,0.5,0.054,CatBoost,0.5217527386541472,0.1511111111111111,0.09941520467836257,0.3148148148148148,0.5760120585701981,0.08935414243938128,0.5779696186672931,0.14895863378142002,-2.6657357756178826,0.2207769078663615
Kidney mortality,0,4,42,190,Random undersampling,426,1000,0.5,0.054,LogisticRegression,0.48051948051948057,0.14285714285714285,0.08445945945945946,0.46296296296296297,0.5882468091770418,0.09533093406524104,0.6689765875812387,0.2283936972148319,-2.8432284807246506,0.6405000215731045
Kidney mortality,0,4,42,190,Random undersampling,426,1000,0.5,0.054,RandomForest,0.502916281813788,0.1813031161473088,0.10702341137123746,0.5925925925925926,0.6551757888967191,0.09680320185233737,0.711024978466839,0.21076581922539617,-2.800862561641185,0.7090644499856068
Kidney mortality,0,4,42,190,Random undersampling,426,1000,0.5,0.054,CatBoost,0.5053792179438007,0.1833810888252149,0.10847457627118644,0.5925925925925926,0.6572899538015817,0.0923998135545028,0.6631039072899538,0.22058490781620133,-2.816334806249083,0.4772621261431304
Kidney mortality,0,4,42,190,SMOTE,7574,1000,0.5,0.054,LogisticRegression,0.5035600633423702,0.18732782369146006,0.11003236245954692,0.6296296296296297,0.6694659776055125,0.10520903588808843,0.7200689061154177,0.21958212174001884,-2.8446219248909,0.7687620565492351
Kidney mortality,0,4,42,190,SMOTE,7574,1000,0.5,0.054,RandomForest,0.5337297589785803,0.10989010989010989,0.13513513513513514,0.09259259259259259,0.5293829770573957,0.07704031578235801,0.5718816067653276,0.0878692358855231,-2.4376227370682253,0.27257428383155324
Kidney mortality,0,4,42,190,SMOTE,7574,1000,0.5,0.054,CatBoost,0.521465682253213,0.08695652173913043,0.10526315789473684,0.07407407407407407,0.5190666353457052,0.08824502977474152,0.5852517422284864,0.08868553700519413,-2.383594418618767,0.32848734664792545
Kidney mortality,0,4,42,190,Standard CTGAN,7574,1000,0.5,0.054,LogisticRegression,0.5067148844700126,0.09580838323353294,0.07079646017699115,0.14814814814814814,0.5185772453214313,0.06413588953969468,0.5148774567379217,0.1279506573632173,-2.6808028149795713,0.16218008005099085
Kidney mortality,0,4,42,190,Standard CTGAN,7574,1000,0.5,0.054,RandomForest,0.5245340433624952,0.09090909090909091,0.11764705882352941,0.07407407407407407,0.5211808002505677,0.09882026879874639,0.648989898989899,0.06880706254290307,-2.0078436673835482,0.3655268093188014
Kidney mortality,0,4,42,190,Standard CTGAN,7574,1000,0.5,0.054,CatBoost,0.5114729829755736,0.05714285714285714,0.125,0.037037037037037035,0.5111189413514995,0.09966463633188981,0.6693485239996868,0.059669883951791916,-1.7354148404832968,0.43748605187363643
Kidney mortality,0,4,42,190,SepAware CTGAN,7574,1000,0.5,0.054,LogisticRegression,0.5211645278682244,0.13043478260869565,0.09230769230769231,0.2222222222222222,0.548743246417665,0.086217075354529,0.6016169446402004,0.1506639718561585,-2.614968411492018,0.31482969271391853
Kidney mortality,0,4,42,190,SepAware CTGAN,7574,1000,0.5,0.054,RandomForest,0.5178529830815154,0.08247422680412371,0.09302325581395349,0.07407407407407407,0.5164239292146269,0.09489392023753307,0.6298645368412811,0.07144678624154786,-2.0983206338088354,0.3294389705625469
Kidney mortality,0,4,42,190,SepAware CTGAN,7574,1000,0.5,0.054,CatBoost,0.5057953729268115,0.05063291139240506,0.08,0.037037037037037035,0.5063620703155587,0.09376480588397348,0.6533552580064207,0.06412843305179697,-1.901560452343191,0.386257759922209
Kidney mortality,0,4,42,190,Standard TVAE,7574,1000,0.5,0.054,LogisticRegression,0.5286230555701042,0.11475409836065574,0.10294117647058823,0.12962962962962962,0.5325738000156605,0.10533378541183949,0.5399538015817086,0.08851639167794466,-2.5020918315830007,0.14962470664058428
Kidney mortality,0,4,42,190,Standard TVAE,7574,1000,0.5,0.054,RandomForest,0.48213360952874157,0.0,0.0,0.0,0.49207188160676535,0.07297094751020368,0.5942173674731814,0.06140324252806662,-2.3138473403249935,0.20766951932744646
Kidney mortality,0,4,42,190,Standard TVAE,7574,1000,0.5,0.054,CatBoost,0.48213360952874157,0.0,0.0,0.0,0.49207188160676535,0.07710006790681259,0.6108762038994597,0.06030795667210777,-2.011566194779597,0.31742401852095625
Kidney mortality,0,4,42,190,SepAware TVAE,7574,1000,0.5,0.054,LogisticRegression,0.5243243243243243,0.12,0.09375,0.16666666666666666,0.5373502466525722,0.13004102874371945,0.5671247357293869,0.1043903811935563,-2.5575367235174196,0.13815031549655482
Kidney mortality,0,4,42,190,SepAware TVAE,7574,1000,0.5,0.054,RandomForest,0.4815966822187662,0.0,0.0,0.0,0.49101479915433405,0.06800885870088415,0.5794769399420563,0.06473098075735098,-2.4361433344872387,0.1626990256906661
Kidney mortality,0,4,42,190,SepAware TVAE,7574,1000,0.5,0.054,CatBoost,0.4926165828715266,0.02531645569620253,0.04,0.018518518518518517,0.4965742698300838,0.06753479122239693,0.5937671286508496,0.06639445802398126,-2.2835400978570535,0.21794723136579838
Kidney mortality,1,0,43,1042,Real only,4000,1000,0.0535,0.053,LogisticRegression,0.48638931689779147,0.0,0.0,0.0,0.5,0.0967791429179744,0.7070191867067801,0.04979188949402447,-0.9638907302913959,0.6440703940631851
Kidney mortality,1,0,43,1042,Real only,4000,1000,0.0535,0.053,RandomForest,0.48638931689779147,0.0,0.0,0.0,0.5,0.11550514171241594,0.6865573509194876,0.049333313143007346,-1.0860336169535212,0.5810507618867523
Kidney mortality,1,0,43,1042,Real only,4000,1000,0.0535,0.053,CatBoost,0.48586118251928023,0.0,0.0,0.0,0.4989440337909187,0.10393692423018072,0.7118806160467016,0.05056065139483569,-0.7798022624498812,0.694644337615922
Kidney mortality,1,0,43,1042,Class weighting,4000,1000,0.0535,0.053,LogisticRegression,0.4994762560823955,0.17563739376770537,0.10333333333333333,0.5849056603773585,0.6504253750672431,0.09965691512101006,0.7144906457332988,0.2173079655802295,-2.7946584955737523,0.4989814789543797
Kidney mortality,1,0,43,1042,Class weighting,4000,1000,0.0535,0.053,RandomForest,0.5286309557478741,0.0963855421686747,0.13333333333333333,0.07547169811320754,0.5240082883385467,0.0905375669139483,0.602398836444781,0.09115833220765829,-2.4373247737628057,0.31419116048084544
Kidney mortality,1,0,43,1042,Class weighting,4000,1000,0.0535,0.053,CatBoost,0.5264767161836729,0.1732283464566929,0.10945273631840796,0.41509433962264153,0.6130381940985437,0.10682156472031157,0.6709370205813792,0.16040828498513177,-2.572524187879508,0.61740918681909
Kidney mortality,1,0,43,1042,Random oversampling,7572,1000,0.5,0.053,LogisticRegression,0.5037428968833656,0.1791907514450867,0.10580204778156997,0.5849056603773585,0.6541212567990278,0.10290820457399422,0.7157856986312285,0.21425194769227465,-2.784526322487316,0.44070646726599183
Kidney mortality,1,0,43,1042,Random oversampling,7572,1000,0.5,0.053,RandomForest,0.5426561125769569,0.13333333333333333,0.1346153846153846,0.1320754716981132,0.5422784961447271,0.0898546561595064,0.6031559442928015,0.09997598960909583,-2.500838789861161,0.2805559975765473
Kidney mortality,1,0,43,1042,Random oversampling,7572,1000,0.5,0.053,CatBoost,0.5528687475931158,0.20276497695852536,0.13414634146341464,0.41509433962264153,0.6325735689665478,0.12219024398589337,0.6614632105357534,0.14348826460315708,-2.5044437891998537,0.5617574626120322
Kidney mortality,1,0,43,1042,Random undersampling,428,1000,0.5,0.053,LogisticRegression,0.5062041916209905,0.18128654970760233,0.10726643598615918,0.5849056603773585,0.6562331892171903,0.09837578100937552,0.7094100535952661,0.2212335190963077,-2.8345076859717206,0.6171507303859295
Kidney mortality,1,0,43,1042,Random undersampling,428,1000,0.5,0.053,RandomForest,0.4968131499496813,0.18181818181818182,0.1059190031152648,0.6415094339622641,0.6692235659779642,0.10742301614035556,0.6963798290530174,0.22065362584014359,-2.8674740584011005,0.7940125648729937
Kidney mortality,1,0,43,1042,Random undersampling,428,1000,0.5,0.053,CatBoost,0.5063563075451805,0.18696883852691218,0.11,0.6226415094339622,0.6703492658046264,0.10126584646514053,0.6804905261899544,0.23521683027915763,-2.9035031878718423,0.46327596308051955
Kidney mortality,1,0,43,1042,SMOTE,7572,1000,0.5,0.053,LogisticRegression,0.5035304501323918,0.18181818181818182,0.10702341137123746,0.6037735849056604,0.6609153035404753,0.10160767707204925,0.7285569125938913,0.21681868983748667,-2.7927596559958388,0.4391203666977634
Kidney mortality,1,0,43,1042,SMOTE,7572,1000,0.5,0.053,RandomForest,0.5277860622328263,0.09523809523809523,0.12903225806451613,0.07547169811320754,0.5234803052340061,0.10524554991391104,0.609571437110239,0.08736329607114446,-2.431330371477358,0.29949471809642864
Kidney mortality,1,0,43,1042,SMOTE,7572,1000,0.5,0.053,CatBoost,0.537723367286755,0.12121212121212122,0.13043478260869565,0.11320754716981132,0.5354844494032794,0.09142842534782578,0.5741268354884342,0.09209725409959979,-2.397503030052871,0.3458087843676492
Kidney mortality,1,0,43,1042,Standard CTGAN,7572,1000,0.5,0.053,LogisticRegression,0.5034202229144243,0.12552301255230125,0.08064516129032258,0.2830188679245283,0.5512243230858122,0.08896567411341616,0.6499970114163894,0.15871216846143432,-2.6822794547599216,0.2549279338698527
Kidney mortality,1,0,43,1042,Standard CTGAN,7572,1000,0.5,0.053,RandomForest,0.5139850793419358,0.06976744186046512,0.09090909090909091,0.05660377358490566,0.5124623936562333,0.10945352335471825,0.6804805642445857,0.06808127785043495,-1.9224142120876737,0.4433562383858276
Kidney mortality,1,0,43,1042,Standard CTGAN,7572,1000,0.5,0.053,CatBoost,0.504628825455645,0.04938271604938271,0.07142857142857142,0.03773584905660377,0.5051403638102449,0.09445046163393207,0.6846645812994362,0.06457198419095389,-1.8889555747070985,0.40934710383136175
Kidney mortality,1,0,43,1042,SepAware CTGAN,7572,1000,0.5,0.053,LogisticRegression,0.5050906505356475,0.14232209737827714,0.08878504672897196,0.3584905660377358,0.5762885776334402,0.09121580211066856,0.670877248909167,0.15544422323031903,-2.654193026985938,0.24756559380840695
Kidney mortality,1,0,43,1042,SepAware CTGAN,7572,1000,0.5,0.053,RandomForest,0.5395225119317844,0.12371134020618557,0.13636363636363635,0.11320754716981132,0.5365404156123608,0.11252041846497696,0.6943874399792792,0.0713445782015417,-1.9400781415527828,0.4588264648042341
Kidney mortality,1,0,43,1042,SepAware CTGAN,7572,1000,0.5,0.053,CatBoost,0.4997091332169866,0.044444444444444446,0.05405405405405406,0.03773584905660377,0.500388515869379,0.0996841299844098,0.6919567253093184,0.07018887529181007,-1.9819656129276222,0.3993205373592604
Kidney mortality,1,0,43,1042,Standard TVAE,7572,1000,0.5,0.053,LogisticRegression,0.5270963182588643,0.10101010101010101,0.10869565217391304,0.09433962264150944,0.5255225040345879,0.07216948105058256,0.5464127034727341,0.07735435954241283,-2.551674367320726,0.11456830242518129
Kidney mortality,1,0,43,1042,Standard TVAE,7572,1000,0.5,0.053,RandomForest,0.48480164863472436,0.0,0.0,0.0,0.4968321013727561,0.11625592156714301,0.6729493335458548,0.05225258817057292,-1.482111659771288,0.4982836036833005
Kidney mortality,1,0,43,1042,Standard TVAE,7572,1000,0.5,0.053,CatBoost,0.4834710743801653,0.0,0.0,0.0,0.4941921858500528,0.10987603054170252,0.680759498714909,0.05400484803631606,-1.407086484727784,0.5077267987972518
Kidney mortality,1,0,43,1042,SepAware TVAE,7572,1000,0.5,0.053,LogisticRegression,0.5293551457760509,0.13071895424836602,0.1,0.18867924528301888,0.5468211432328505,0.07107304149729826,0.5331234683508995,0.1018226499261713,-2.654283475974699,0.0828788753855551
Kidney mortality,1,0,43,1042,SepAware TVAE,7572,1000,0.5,0.053,RandomForest,0.5172941842271713,0.06451612903225806,0.2222222222222222,0.03773584905660377,0.5151720427965173,0.12623934268849796,0.6824928772090614,0.05308939993322072,-1.469320533820583,0.5084305932889885
Kidney mortality,1,0,43,1042,SepAware TVAE,7572,1000,0.5,0.053,CatBoost,0.541080680977054,0.11428571428571428,0.23529411764705882,0.07547169811320754,0.5308720686975753,0.11819895719890572,0.6967185351955529,0.05524773114679911,-1.4778783062282608,0.48802034269570177
Kidney mortality,1,1,43,1079,Real only,4000,1000,0.0535,0.053,LogisticRegression,0.48638931689779147,0.0,0.0,0.0,0.5,0.14703241352586435,0.7639616664342214,0.04822128013940376,0.8866089468158814,1.3392118657319703
Kidney mortality,1,1,43,1079,Real only,4000,1000,0.0535,0.053,RandomForest,0.48638931689779147,0.0,0.0,0.0,0.5,0.1264651616799732,0.727759956964396,0.04891290832774305,-0.5469229085591668,0.8036637107378419
Kidney mortality,1,1,43,1079,Real only,4000,1000,0.0535,0.053,CatBoost,0.48612538540596095,0.0,0.0,0.0,0.49947201689545934,0.13249377474820678,0.7241138849594548,0.04874607661017274,-0.1523136466706786,0.9371181934435721
Kidney mortality,1,1,43,1079,Class weighting,4000,1000,0.0535,0.053,LogisticRegression,0.50230124878615,0.1942257217847769,0.11280487804878049,0.6981132075471698,0.6954135203522543,0.13916083980092941,0.771492897132952,0.22103295366740328,-2.9685939069907232,1.2102495032788918
Kidney mortality,1,1,43,1079,Class weighting,4000,1000,0.0535,0.053,RandomForest,0.5253288149443313,0.09195402298850575,0.11764705882352941,0.07547169811320754,0.5218963559203842,0.0788184286375618,0.5594429280149829,0.09320099832583058,-2.492105574869097,0.27608709951564137
Kidney mortality,1,1,43,1079,Class weighting,4000,1000,0.0535,0.053,CatBoost,0.5402298850574713,0.2,0.12560386473429952,0.49056603773584906,0.649718076946066,0.1292271689829796,0.6608754557590004,0.16436774752875463,-2.5805791548809895,0.6969639831076064
Kidney mortality,1,1,43,1079,Random oversampling,7572,1000,0.5,0.053,LogisticRegression,0.5042878295396013,0.19843342036553524,0.11515151515151516,0.7169811320754716,0.7043194995118647,0.13890782960550388,0.7758562292044391,0.2214211817079772,-2.9761787855128357,1.2072638893416203
Kidney mortality,1,1,43,1079,Random oversampling,7572,1000,0.5,0.053,RandomForest,0.5595489781536294,0.16666666666666666,0.16363636363636364,0.16981132075471697,0.5606184375684884,0.0911220157413242,0.5746647805383436,0.10344056154193501,-2.5111578496984803,0.2809003213589597
Kidney mortality,1,1,43,1079,Random oversampling,7572,1000,0.5,0.053,CatBoost,0.5492788461538461,0.19230769230769232,0.12903225806451613,0.37735849056603776,0.6174015261700305,0.11238805805058788,0.6329421609451894,0.1479309945362883,-2.5488604941586335,0.4965039490914033
Kidney mortality,1,1,43,1079,Random undersampling,428,1000,0.5,0.053,LogisticRegression,0.4992998145025027,0.19437340153452684,0.11242603550295859,0.7169811320754716,0.7000956346755394,0.1254542162309211,0.7672291845151521,0.2253651540961687,-2.952671482327015,0.8641671197832527
Kidney mortality,1,1,43,1079,Random undersampling,428,1000,0.5,0.053,RandomForest,0.4858425226380513,0.18660287081339713,0.10684931506849316,0.7358490566037735,0.6958020362216333,0.1333639012087043,0.7579048036500566,0.21739338553306017,-2.9508339240764205,1.0322024960383802
Kidney mortality,1,1,43,1079,Random undersampling,428,1000,0.5,0.053,CatBoost,0.4948943157401382,0.18829516539440203,0.10882352941176471,0.6981132075471698,0.6890777230977665,0.15203154268852204,0.7383196190552092,0.23197961926666413,-2.9979613443892847,0.6641794344033004
Kidney mortality,1,1,43,1079,SMOTE,7572,1000,0.5,0.053,LogisticRegression,0.5069251727342263,0.20812182741116753,0.12023460410557185,0.7735849056603774,0.7283975214679923,0.1355710644446766,0.7725687872327707,0.22214517244561965,-2.976361834687261,1.1267758415104785
Kidney mortality,1,1,43,1079,SMOTE,7572,1000,0.5,0.053,RandomForest,0.5139850793419358,0.06976744186046512,0.09090909090909091,0.05660377358490566,0.5124623936562333,0.07028991041886636,0.5338008806359706,0.09443535321566188,-2.588656506964858,0.1960107897874688
Kidney mortality,1,1,43,1079,SMOTE,7572,1000,0.5,0.053,CatBoost,0.5311558125516287,0.10638297872340426,0.12195121951219512,0.09433962264150944,0.5281624195572912,0.08412903721067191,0.5501982427128369,0.09658485095992289,-2.522045922903215,0.2612714817956169
Kidney mortality,1,1,43,1079,Standard CTGAN,7572,1000,0.5,0.053,LogisticRegression,0.4943820224719101,0.1,0.0658682634730539,0.20754716981132076,0.5214082205973183,0.0834013230519173,0.5749636388994044,0.14604662615669975,-2.6674786849468215,0.23327153975559486
Kidney mortality,1,1,43,1079,Standard CTGAN,7572,1000,0.5,0.053,RandomForest,0.5545556551696917,0.15053763440860216,0.175,0.1320754716981132,0.548614293399215,0.11684230859614272,0.7185351955529877,0.06919829598998078,-1.7881272678182043,0.5500364622036936
Kidney mortality,1,1,43,1079,Standard CTGAN,7572,1000,0.5,0.053,CatBoost,0.5220779220779221,0.08,0.13636363636363635,0.05660377358490566,0.5182702078061804,0.1262856750376774,0.7598971927237951,0.05727879168501617,-1.3415501971026154,0.6771142533320743
Kidney mortality,1,1,43,1079,SepAware CTGAN,7572,1000,0.5,0.053,LogisticRegression,0.49550619765876797,0.14790996784565916,0.08914728682170543,0.4339622641509434,0.5929051025084178,0.11882094968282039,0.6414098145085773,0.18800378813802335,-2.721820576712392,0.4055025329071538
Kidney mortality,1,1,43,1079,SepAware CTGAN,7572,1000,0.5,0.053,RandomForest,0.5365466101694916,0.125,0.11864406779661017,0.1320754716981132,0.5385826144129425,0.11248504661371873,0.7282381303420933,0.0771165400537993,-1.9358642025367494,0.5082089730919009
Kidney mortality,1,1,43,1079,SepAware CTGAN,7572,1000,0.5,0.053,CatBoost,0.5462478184991274,0.13333333333333333,0.16216216216216217,0.11320754716981132,0.5402362973441454,0.12775886473291,0.7633639497120999,0.06448868234948107,-1.623594616731493,0.6129994335057519
Kidney mortality,1,1,43,1079,Standard TVAE,7572,1000,0.5,0.053,LogisticRegression,0.552639427378467,0.14285714285714285,0.1935483870967742,0.11320754716981132,0.5434041959713893,0.1283637310678385,0.603335259309438,0.062217496811343705,-2.1070123326861947,0.25780288297748133
Kidney mortality,1,1,43,1079,Standard TVAE,7572,1000,0.5,0.053,RandomForest,0.48586118251928023,0.0,0.0,0.0,0.4989440337909187,0.1074820185005158,0.7020382140224344,0.05182401318024497,-1.1875916531816997,0.6193036346317391
Kidney mortality,1,1,43,1079,Standard TVAE,7572,1000,0.5,0.053,CatBoost,0.503968253968254,0.03571428571428571,0.3333333333333333,0.018867924528301886,0.5083779960550696,0.11838555848254445,0.720945986332211,0.0504913105051989,-0.8896298318875033,0.7199521822593716
Kidney mortality,1,1,43,1079,SepAware TVAE,7572,1000,0.5,0.053,LogisticRegression,0.5432785831486713,0.12903225806451613,0.15,0.11320754716981132,0.5386523480305234,0.12474044982547071,0.5964415931143034,0.06910529278872561,-2.2122063375808994,0.22132385157734044
Kidney mortality,1,1,43,1079,SepAware TVAE,7572,1000,0.5,0.053,RandomForest,0.5028232536666785,0.034482758620689655,0.2,0.018867924528301886,0.5073220298459884,0.10681615794786492,0.7070191867067801,0.052271419212381334,-1.208426090859508,0.6061611184678948
Kidney mortality,1,1,43,1079,SepAware TVAE,7572,1000,0.5,0.053,CatBoost,0.5180885871541018,0.06557377049180328,0.25,0.03773584905660377,0.515700025901058,0.11872857868652617,0.70854336434819,0.05195272693542124,-1.1241529299517627,0.6290379631428705
Kidney mortality,1,2,43,1116,Real only,4000,1000,0.0535,0.053,LogisticRegression,0.48612538540596095,0.0,0.0,0.0,0.49947201689545934,0.11644666628184094,0.6985316092526549,0.04985190741646069,-0.8766373150993759,0.6856553073656664
Kidney mortality,1,2,43,1116,Real only,4000,1000,0.0535,0.053,RandomForest,0.48638931689779147,0.0,0.0,0.0,0.5,0.1020594575135574,0.6784284034986352,0.050320461928824,-1.2879028882894308,0.5181902857133626
Kidney mortality,1,2,43,1116,Real only,4000,1000,0.0535,0.053,CatBoost,0.48638931689779147,0.0,0.0,0.0,0.5,0.10811116776851329,0.7008925903050348,0.04955469794633441,-0.47713126795769717,0.8044603371642877
Kidney mortality,1,2,43,1116,Class weighting,4000,1000,0.0535,0.053,LogisticRegression,0.5103576157067378,0.187683284457478,0.1111111111111111,0.6037735849056604,0.6667231176904226,0.10384092955005741,0.7014006495188381,0.2177324973332045,-2.837973228969213,0.6114554199446963
Kidney mortality,1,2,43,1116,Class weighting,4000,1000,0.0535,0.053,RandomForest,0.5567554498932183,0.15384615384615385,0.18421052631578946,0.1320754716981132,0.5496702596082963,0.09484655424702432,0.6207885875953856,0.09083270308829108,-2.302809354907446,0.4384322390366511
Kidney mortality,1,2,43,1116,Class weighting,4000,1000,0.0535,0.053,CatBoost,0.5481641012938103,0.20883534136546184,0.1326530612244898,0.49056603773584906,0.6555258910960132,0.11945119710801044,0.691000378553924,0.1575042776565291,-2.5459975900122633,0.7189939384927555
Kidney mortality,1,2,43,1116,Random oversampling,7572,1000,0.5,0.053,LogisticRegression,0.5116138232823458,0.1887905604719764,0.11188811188811189,0.6037735849056604,0.6677790838995039,0.10624583051081538,0.7050865693052539,0.21740871100444667,-2.8361758774251093,0.6130588578597268
Kidney mortality,1,2,43,1116,Random oversampling,7572,1000,0.5,0.053,RandomForest,0.5460814609193596,0.14754098360655737,0.13043478260869565,0.16981132075471697,0.5532266741049192,0.08858456815657936,0.6294554800661474,0.1035708546412488,-2.453272413864349,0.34371623307154525
Kidney mortality,1,2,43,1116,Random oversampling,7572,1000,0.5,0.053,CatBoost,0.550561797752809,0.2,0.1317365269461078,0.41509433962264153,0.6309896196529259,0.10620155719135145,0.6631965890299057,0.14770269566114852,-2.529381517914719,0.5487847359858807
Kidney mortality,1,2,43,1116,Random undersampling,428,1000,0.5,0.053,LogisticRegression,0.49622504634729575,0.17582417582417584,0.10289389067524116,0.6037735849056604,0.6545795062859875,0.09467814372107192,0.6853220696937699,0.23516317405205933,-2.8750464584903583,0.40748022305025344
Kidney mortality,1,2,43,1116,Random undersampling,428,1000,0.5,0.053,RandomForest,0.47016039689802996,0.15384615384615385,0.08857142857142856,0.5849056603773585,0.6240262198402104,0.12011990927955804,0.6949851567014007,0.22379647572836797,-2.8955914095298314,0.7150136265204791
Kidney mortality,1,2,43,1116,Random undersampling,428,1000,0.5,0.053,CatBoost,0.48459997781822683,0.164021164021164,0.09538461538461539,0.5849056603773585,0.6372257974537268,0.11202427410977746,0.6866569703731745,0.23395505471712227,-2.9019674131884456,0.48717259078909314
Kidney mortality,1,2,43,1116,SMOTE,7572,1000,0.5,0.053,LogisticRegression,0.5183702223404332,0.19760479041916168,0.11743772241992882,0.6226415094339622,0.6803809447908988,0.1044167193050371,0.7002052160745951,0.21629925275041967,-2.822784957784093,0.5169223188004931
Kidney mortality,1,2,43,1116,SMOTE,7572,1000,0.5,0.053,RandomForest,0.5160611145678174,0.07228915662650602,0.1,0.05660377358490566,0.5140463429698552,0.08832644421031811,0.6335797254487856,0.08514863868497968,-2.24831636648285,0.44523124214205956
Kidney mortality,1,2,43,1116,SMOTE,7572,1000,0.5,0.053,CatBoost,0.5402127448056466,0.11904761904761904,0.16129032258064516,0.09433962264150944,0.5334422506026977,0.10193687141647091,0.6425454762806081,0.08276821312871638,-2.0775624606128167,0.5898623152110967
Kidney mortality,1,2,43,1116,Standard CTGAN,7572,1000,0.5,0.053,LogisticRegression,0.49986698590050543,0.10476190476190476,0.07006369426751592,0.20754716981132076,0.5266880516427248,0.07253473348273237,0.5167261062740331,0.15395431847965013,-2.763812769649929,0.12353122985187193
Kidney mortality,1,2,43,1116,Standard CTGAN,7572,1000,0.5,0.053,RandomForest,0.5423187693956375,0.1276595744680851,0.14634146341463414,0.11320754716981132,0.5381243649259828,0.10766546626795019,0.6479647745611763,0.06874611026575675,-2.022509465127316,0.3781698232573033
Kidney mortality,1,2,43,1116,Standard CTGAN,7572,1000,0.5,0.053,CatBoost,0.5456112312368775,0.12121212121212122,0.3076923076923077,0.07547169811320754,0.5329840011157378,0.1457922564905694,0.6886294355561754,0.054518014009924565,-1.57292471806235,0.5093683862794812
Kidney mortality,1,2,43,1116,SepAware CTGAN,7572,1000,0.5,0.053,LogisticRegression,0.5149801533358708,0.15849056603773584,0.09905660377358491,0.39622641509433965,0.5972684345799048,0.10468577061297507,0.5955250941403837,0.17288218497952335,-2.737163610652143,0.20687591440792882
Kidney mortality,1,2,43,1116,SepAware CTGAN,7572,1000,0.5,0.053,RandomForest,0.5493465525011266,0.14285714285714285,0.15555555555555556,0.1320754716981132,0.5459743778765117,0.1146699895069283,0.657568089896595,0.0704930992627699,-1.974639147497554,0.4265470604346359
Kidney mortality,1,2,43,1116,SepAware CTGAN,7572,1000,0.5,0.053,CatBoost,0.5254054132988705,0.08450704225352113,0.16666666666666666,0.05660377358490566,0.520382140224343,0.1290048825070536,0.6885298161024885,0.0577894996120044,-1.5971941679989612,0.5411909562075233
Kidney mortality,1,2,43,1116,Standard TVAE,7572,1000,0.5,0.053,LogisticRegression,0.5360824742268041,0.1,0.42857142857142855,0.05660377358490566,0.5261899543742903,0.1347152984911131,0.6736466697216633,0.051326296166974365,-1.671013806960278,0.4248836899324768
Kidney mortality,1,2,43,1116,Standard TVAE,7572,1000,0.5,0.053,RandomForest,0.48559670781893005,0.0,0.0,0.0,0.498416050686378,0.10890084650634443,0.6778506106672512,0.05195764723949135,-1.4094328824567401,0.5125826336459889
Kidney mortality,1,2,43,1116,Standard TVAE,7572,1000,0.5,0.053,CatBoost,0.4850669412976313,0.0,0.0,0.0,0.49736008447729674,0.12216451945623165,0.7328505110477974,0.05181717500457418,-0.9784640066045367,0.6659680969120638
Kidney mortality,1,2,43,1116,SepAware TVAE,7572,1000,0.5,0.053,LogisticRegression,0.5480371900826446,0.125,0.36363636363636365,0.07547169811320754,0.5340399673248192,0.131847574420414,0.6548185929748361,0.05368063535908213,-1.8503683261600183,0.3689878682590034
Kidney mortality,1,2,43,1116,SepAware TVAE,7572,1000,0.5,0.053,RandomForest,0.48559670781893005,0.0,0.0,0.0,0.498416050686378,0.10622036845567699,0.678886652985595,0.05287036244176276,-1.4627999015187723,0.4947613516669219
Kidney mortality,1,2,43,1116,SepAware TVAE,7572,1000,0.5,0.053,CatBoost,0.4991055456171735,0.03076923076923077,0.08333333333333333,0.018867924528301886,0.5036261481142038,0.12208536027544085,0.7316949253850292,0.05354853454196176,-1.1645094385027976,0.599849797277377
Kidney mortality,1,3,43,1153,Real only,4000,1000,0.05325,0.054,LogisticRegression,0.48612538540596095,0.0,0.0,0.0,0.5,0.120770207029992,0.6331434500039151,0.049919455120628994,-0.49735289833244184,0.8012664751520817
Kidney mortality,1,3,43,1153,Real only,4000,1000,0.05325,0.054,RandomForest,0.48612538540596095,0.0,0.0,0.0,0.5,0.13479124659997993,0.6802031947380784,0.05050715200985897,-1.1431260694776724,0.5544491096600319
Kidney mortality,1,3,43,1153,Real only,4000,1000,0.05325,0.054,CatBoost,0.48612538540596095,0.0,0.0,0.0,0.5,0.1304295818206042,0.6646405919661733,0.04992432419864977,-0.8012310033251427,0.676920890802179
Kidney mortality,1,3,43,1153,Class weighting,4000,1000,0.05325,0.054,LogisticRegression,0.4997983057684551,0.16716417910447762,0.099644128113879,0.5185185185185185,0.6255383290267011,0.11742572096888922,0.6326540599796414,0.2099661948047216,-2.774964810180278,0.6425045746500566
Kidney mortality,1,3,43,1153,Class weighting,4000,1000,0.05325,0.054,RandomForest,0.537345806971057,0.11494252873563218,0.15151515151515152,0.09259259259259259,0.5314971419622583,0.08725561243288732,0.6096527288387754,0.08877085377485451,-2.2853589939128516,0.4101096948780286
Kidney mortality,1,3,43,1153,Class weighting,4000,1000,0.05325,0.054,CatBoost,0.5210882249983356,0.17100371747211895,0.10697674418604651,0.42592592592592593,0.6114830475295592,0.12513367885396356,0.6296589930310861,0.15684581450798651,-2.5564106685119374,0.4868485427515411
Kidney mortality,1,3,43,1153,Random oversampling,7574,1000,0.5,0.054,LogisticRegression,0.4974062254141959,0.16519174041297935,0.09824561403508772,0.5185185185185185,0.6234241641218385,0.12237536050379533,0.6378024430350012,0.21124286259008504,-2.7805909388778653,0.6586157665447392
Kidney mortality,1,3,43,1153,Random oversampling,7574,1000,0.5,0.054,RandomForest,0.5381753086528354,0.1322314049586777,0.11940298507462686,0.14814814814814814,0.5428901417273511,0.0839313375399678,0.6080475295591574,0.10221736647587533,-2.408899164255197,0.34368705081250467
Kidney mortality,1,3,43,1153,Random oversampling,7574,1000,0.5,0.054,CatBoost,0.5192784598597514,0.14479638009049775,0.09580838323353294,0.2962962962962963,0.5683384229895858,0.11247612455370234,0.6255089656252447,0.14386780987211167,-2.522579869004242,0.4235235138120876
Kidney mortality,1,3,43,1153,Random undersampling,426,1000,0.5,0.054,LogisticRegression,0.4954383508042095,0.1694915254237288,0.1,0.5555555555555556,0.6350716466995536,0.11455784269118358,0.6568690783807063,0.21600196665794957,-2.8097487296269303,0.7181223130083597
Kidney mortality,1,3,43,1153,Random undersampling,426,1000,0.5,0.054,RandomForest,0.41755991558536537,0.13565891472868216,0.07575757575757576,0.6481481481481481,0.5983869704799938,0.10305766171371113,0.6444581473651242,0.23298118358090772,-2.823614922581446,0.5554627288488674
Kidney mortality,1,3,43,1153,Random undersampling,426,1000,0.5,0.054,CatBoost,0.4432534296293477,0.14316702819956617,0.08108108108108109,0.6111111111111112,0.6078811369509044,0.11128187913863936,0.6473944875107666,0.24197383254199145,-2.8530952545929464,0.45181137446077385
Kidney mortality,1,3,43,1153,SMOTE,7574,1000,0.5,0.054,LogisticRegression,0.49321045783582895,0.15568862275449102,0.09285714285714286,0.48148148148148145,0.606491269281967,0.11427163629530454,0.6320667919505129,0.20822031944759373,-2.7581362512470435,0.5463336130972443
Kidney mortality,1,3,43,1153,SMOTE,7574,1000,0.5,0.054,RandomForest,0.5355099688968068,0.11235955056179775,0.14285714285714285,0.09259259259259259,0.530440059509827,0.08157478378553723,0.6036430193406938,0.08577016228684067,-2.2542457893917596,0.3968968299310996
Kidney mortality,1,3,43,1153,SMOTE,7574,1000,0.5,0.054,CatBoost,0.5483073411943704,0.13636363636363635,0.17647058823529413,0.1111111111111111,0.5407564012215175,0.08820818554471377,0.6048958578028345,0.08260455541922161,-2.2408517757927964,0.41001351355246657
Kidney mortality,1,3,43,1153,Standard CTGAN,7574,1000,0.5,0.054,LogisticRegression,0.5051692993581613,0.1271186440677966,0.08241758241758242,0.2777777777777778,0.5506225041108762,0.10502023545377107,0.6360993657505286,0.17431714556378022,-2.6770469528176757,0.45293246692433464
Kidney mortality,1,3,43,1153,Standard CTGAN,7574,1000,0.5,0.054,RandomForest,0.5432785831486713,0.12903225806451613,0.15384615384615385,0.1111111111111111,0.5381136950904393,0.10537947071049879,0.6434402161146346,0.07215614842104304,-2.041542132026808,0.3683317831677991
Kidney mortality,1,3,43,1153,Standard CTGAN,7574,1000,0.5,0.054,CatBoost,0.5197310493876571,0.07692307692307693,0.125,0.05555555555555555,0.5166784120272492,0.10613680074556964,0.6646405919661733,0.06061193734614954,-1.7185414321694694,0.4571328466227417
Kidney mortality,1,3,43,1153,SepAware CTGAN,7574,1000,0.5,0.054,LogisticRegression,0.521780303030303,0.15833333333333333,0.10215053763440861,0.35185185185185186,0.5876595411479133,0.10528597771878727,0.5812289562289563,0.17796024428928836,-2.7319462259490717,0.14185140043201952
Kidney mortality,1,3,43,1153,SepAware CTGAN,7574,1000,0.5,0.054,RandomForest,0.5423187693956375,0.1276595744680851,0.15,0.1111111111111111,0.5375851538642237,0.09672475764360702,0.6446734789758045,0.07205861194863439,-2.0379066059532667,0.38010012772918966
Kidney mortality,1,3,43,1153,SepAware CTGAN,7574,1000,0.5,0.054,CatBoost,0.5189741629820966,0.0759493670886076,0.12,0.05555555555555555,0.5161498708010336,0.10235736504012133,0.6545102184637068,0.06328278541797297,-1.8429615458840076,0.42568728859069477
Kidney mortality,1,3,43,1153,Standard TVAE,7574,1000,0.5,0.054,LogisticRegression,0.5076155462184874,0.0625,0.07142857142857142,0.05555555555555555,0.5071646699553676,0.07152802654627986,0.5400027405841359,0.0758467523878684,-2.680542916127494,0.06028213329632003
Kidney mortality,1,3,43,1153,Standard TVAE,7574,1000,0.5,0.054,RandomForest,0.5033904885734666,0.03508771929824561,0.3333333333333333,0.018518518518518517,0.508202176806828,0.10957240733345508,0.6625068514603397,0.0536092837774121,-1.5232039123464263,0.47480338155556734
Kidney mortality,1,3,43,1153,Standard TVAE,7574,1000,0.5,0.054,CatBoost,0.5197303504222007,0.06779661016949153,0.4,0.037037037037037035,0.5169328948398716,0.12126146944704616,0.6639945971341321,0.05269054194863427,-1.287398734953777,0.5476146982406929
Kidney mortality,1,3,43,1153,SepAware TVAE,7574,1000,0.5,0.054,LogisticRegression,0.5401041601929076,0.13953488372093023,0.12,0.16666666666666666,0.5484496124031008,0.07083541780899355,0.5385932973142276,0.09705324767264903,-2.690739788343971,0.05821963927944706
Kidney mortality,1,3,43,1153,SepAware TVAE,7574,1000,0.5,0.054,RandomForest,0.516516295039785,0.06349206349206349,0.2222222222222222,0.037037037037037035,0.514818729935009,0.11165019084145743,0.6641316263409287,0.05550452439680437,-1.6037717439075239,0.4440074439335596
Kidney mortality,1,3,43,1153,SepAware TVAE,7574,1000,0.5,0.054,CatBoost,0.515006956867422,0.06153846153846154,0.18181818181818182,0.037037037037037035,0.5137616474825777,0.10897382548790839,0.659130060292851,0.05573357362219134,-1.522911193928439,0.4591979873038465
Kidney mortality,1,4,43,1190,Real only,4000,1000,0.05325,0.054,LogisticRegression,0.48612538540596095,0.0,0.0,0.0,0.5,0.1150490632879158,0.7012469657818495,0.04999982507491191,-0.12998045772718336,0.9464921180568666
Kidney mortality,1,4,43,1190,Real only,4000,1000,0.05325,0.054,RandomForest,0.48612538540596095,0.0,0.0,0.0,0.5,0.13752622770893097,0.722858429253778,0.0491861930730539,-0.49199982235973455,0.8014772448350261
Kidney mortality,1,4,43,1190,Real only,4000,1000,0.05325,0.054,CatBoost,0.48612538540596095,0.0,0.0,0.0,0.5,0.13709534557547376,0.7151652180721948,0.04928150994352486,-0.08762438060410727,0.937181041306488
Kidney mortality,1,4,43,1190,Class weighting,4000,1000,0.05325,0.054,LogisticRegression,0.500082744924978,0.17613636363636365,0.1040268456375839,0.5740740740740741,0.6459165296374598,0.11199700411034266,0.7081767285255657,0.21754301934229206,-2.831323309052162,0.784847642022087
Kidney mortality,1,4,43,1190,Class weighting,4000,1000,0.05325,0.054,RandomForest,0.5472692101905585,0.1348314606741573,0.17142857142857143,0.1111111111111111,0.5402278599953019,0.08712542872805694,0.5610073604259651,0.09507920503386509,-2.4304831301807486,0.314030603138004
Kidney mortality,1,4,43,1190,Class weighting,4000,1000,0.05325,0.054,CatBoost,0.5407146299359037,0.1976284584980237,0.12562814070351758,0.46296296296296297,0.6395153081199593,0.10790712678735463,0.693651632605121,0.15953428834951358,-2.5310319332718607,0.7059172338392712
Kidney mortality,1,4,43,1190,Random oversampling,7574,1000,0.5,0.054,LogisticRegression,0.5012987012987012,0.17714285714285713,0.10472972972972973,0.5740740740740741,0.6469736120898912,0.11248869542126913,0.6991132252760159,0.2182117964267737,-2.8356274455609825,0.8010731936162292
Kidney mortality,1,4,43,1190,Random oversampling,7574,1000,0.5,0.054,RandomForest,0.5544737866445311,0.1592920353982301,0.15254237288135594,0.16666666666666666,0.556906272022551,0.08976135462172748,0.5718718189648422,0.10751189516172366,-2.4754876264263395,0.30400123562705167
Kidney mortality,1,4,43,1190,Random oversampling,7574,1000,0.5,0.054,CatBoost,0.5402371325509483,0.1784037558685446,0.11949685534591195,0.35185185185185186,0.6019301542557356,0.09371930759179671,0.6437827891316263,0.1473857123892626,-2.529694113054435,0.4827154554184576
Kidney mortality,1,4,43,1190,Random undersampling,426,1000,0.5,0.054,LogisticRegression,0.4958573734678393,0.17270194986072424,0.10163934426229508,0.5740740740740741,0.6422167410539503,0.1479331648107099,0.7016189022002975,0.2207272168085312,-2.8601139395323325,0.9118253593400583
Kidney mortality,1,4,43,1190,Random undersampling,426,1000,0.5,0.054,RandomForest,0.4911240287319202,0.1746031746031746,0.10185185185185185,0.6111111111111112,0.6517500587268029,0.1254891123527896,0.7078635189100305,0.21507738288507694,-2.8465051780532074,0.916732835960727
Kidney mortality,1,4,43,1190,Random undersampling,426,1000,0.5,0.054,CatBoost,0.49137024855040523,0.17754569190600522,0.1033434650455927,0.6296296296296297,0.6588951530811996,0.12397051136827611,0.6955700415002741,0.22998351809659104,-2.906210971154769,0.6657838215821453
Kidney mortality,1,4,43,1190,SMOTE,7574,1000,0.5,0.054,LogisticRegression,0.4940602675409305,0.1712707182320442,0.10064935064935066,0.5740740740740741,0.6406311173753034,0.09868530403968358,0.6943759298410461,0.21698014575371155,-2.8046230811113344,0.6473786455730405
Kidney mortality,1,4,43,1190,SMOTE,7574,1000,0.5,0.054,RandomForest,0.515359379660006,0.07142857142857142,0.1,0.05555555555555555,0.5135071646699554,0.07676236777238682,0.5917019027484144,0.09078001722920907,-2.35995788310635,0.3456717935309196
Kidney mortality,1,4,43,1190,SMOTE,7574,1000,0.5,0.054,CatBoost,0.5167730613698213,0.07317073170731707,0.10714285714285714,0.05555555555555555,0.5145642471223867,0.08102972654287105,0.5931309216192937,0.09001860143720301,-2.3162267502497755,0.3941778439896917
Kidney mortality,1,4,43,1190,Standard CTGAN,7574,1000,0.5,0.054,LogisticRegression,0.5121242318551735,0.12962962962962962,0.08641975308641975,0.25925925925925924,0.5514055281497142,0.12178489425852698,0.6116690157387831,0.1464106356682725,-2.595527605249621,0.3457685040358302
Kidney mortality,1,4,43,1190,Standard CTGAN,7574,1000,0.5,0.054,RandomForest,0.5504361983912905,0.13953488372093023,0.1875,0.1111111111111111,0.5418134836739488,0.12147127994377166,0.7151456424712238,0.06583329494409043,-1.6855061966975815,0.5535284022819259
Kidney mortality,1,4,43,1190,Standard CTGAN,7574,1000,0.5,0.054,CatBoost,0.5271654695697205,0.08695652173913043,0.2,0.05555555555555555,0.52143528306319,0.12739407982418982,0.7462316968130922,0.0567243363749767,-1.3238003894520214,0.6342239293681521
Kidney mortality,1,4,43,1190,SepAware CTGAN,7574,1000,0.5,0.054,LogisticRegression,0.5087202161631049,0.13043478260869565,0.08522727272727272,0.2777777777777778,0.5537937514681701,0.08638017564727168,0.6407192075796727,0.15568725788638,-2.610793338840794,0.3455412537805146
Kidney mortality,1,4,43,1190,SepAware CTGAN,7574,1000,0.5,0.054,RandomForest,0.5524243680066308,0.14736842105263157,0.17073170731707318,0.12962962962962962,0.5468444131234829,0.12096249369071177,0.7229171560566909,0.06709148987909691,-1.6874847580664578,0.5721815217430835
Kidney mortality,1,4,43,1190,SepAware CTGAN,7574,1000,0.5,0.054,CatBoost,0.5453317430926667,0.12658227848101267,0.2,0.09259259259259259,0.5357254717719834,0.13743284499274,0.7337620389945971,0.05987652859300861,-1.4624368533494712,0.6095262629262644
Kidney mortality,1,4,43,1190,Standard TVAE,7574,1000,0.5,0.054,LogisticRegression,0.5271339156750808,0.11290322580645161,0.1,0.12962962962962962,0.5315167175632292,0.07785545515520076,0.5980248218620311,0.0892743678767385,-2.4372542785225106,0.1397586551364504
Kidney mortality,1,4,43,1190,Standard TVAE,7574,1000,0.5,0.054,RandomForest,0.5001270169055404,0.031746031746031744,0.1111111111111111,0.018518518518518517,0.5050309294495341,0.1056498796482605,0.7027347114556417,0.055095141550675984,-1.4052718987216766,0.5406079687916042
Kidney mortality,1,4,43,1190,Standard TVAE,7574,1000,0.5,0.054,CatBoost,0.49527621187025045,0.0273972602739726,0.05263157894736842,0.018518518518518517,0.49974551718737764,0.10240387789361353,0.7145192232401534,0.05897375108566779,-1.613878766589626,0.43792982148200144
Kidney mortality,1,4,43,1190,SepAware TVAE,7574,1000,0.5,0.054,LogisticRegression,0.5024500565397663,0.05714285714285714,0.058823529411764705,0.05555555555555555,0.5024077989194268,0.08669069448220362,0.6331434500039151,0.07369188357828073,-2.2662631937312665,0.20193195677534012
Kidney mortality,1,4,43,1190,SepAware TVAE,7574,1000,0.5,0.054,RandomForest,0.5006491560970738,0.03225806451612903,0.125,0.018518518518518517,0.5055594706757498,0.11440945104985571,0.7238567849032964,0.05458856269083533,-1.307085879365981,0.5689736558061731
Kidney mortality,1,4,43,1190,SepAware TVAE,7574,1000,0.5,0.054,CatBoost,0.4971442295424013,0.028985507246376812,0.06666666666666667,0.018518518518518517,0.5018596820922403,0.1117756477539898,0.7144409208362696,0.05685306165186675,-1.4820076510020497,0.4853232494410061
Kidney mortality,2,0,44,2042,Real only,4000,1000,0.0535,0.053,LogisticRegression,0.48638931689779147,0.0,0.0,0.0,0.5,0.10749387239750813,0.6724113884959455,0.04931362955310057,-0.8522674672291636,0.6913047488667717
Kidney mortality,2,0,44,2042,Real only,4000,1000,0.0535,0.053,RandomForest,0.48638931689779147,0.0,0.0,0.0,0.5,0.09517688051685447,0.6309398099260823,0.05090047645933817,-1.7852937001166254,0.3409295348455336
Kidney mortality,2,0,44,2042,Real only,4000,1000,0.0535,0.053,CatBoost,0.48612538540596095,0.0,0.0,0.0,0.49947201689545934,0.11175874760904406,0.6748221792751689,0.04996051703631763,-0.9351802572490405,0.6433823352088105
Kidney mortality,2,0,44,2042,Class weighting,4000,1000,0.0535,0.053,LogisticRegression,0.494245332021105,0.16853932584269662,0.09900990099009901,0.5660377358490566,0.6388794803849296,0.12222296832765822,0.7118606921559643,0.2220947672328717,-2.8242719112251824,0.5525943628052502
Kidney mortality,2,0,44,2042,Class weighting,4000,1000,0.0535,0.053,RandomForest,0.522978475858057,0.08888888888888889,0.10810810810810811,0.07547169811320754,0.5203124066067621,0.07955912554968636,0.5756609750752126,0.0953813198745213,-2.6167070835112125,0.18445556179893866
Kidney mortality,2,0,44,2042,Class weighting,4000,1000,0.0535,0.053,CatBoost,0.5028722934158196,0.12903225806451613,0.08205128205128205,0.3018867924528302,0.5564344205136379,0.0820448535399661,0.6110059572433305,0.16459715692854401,-2.6554582932590143,0.35681121031997665
Kidney mortality,2,0,44,2042,Random oversampling,7572,1000,0.5,0.053,LogisticRegression,0.4954383508042095,0.1694915254237288,0.09966777408637874,0.5660377358490566,0.6399354465940108,0.1196030030017953,0.7088123368731446,0.22161998587965326,-2.816277596961184,0.478619091850789
Kidney mortality,2,0,44,2042,Random oversampling,7572,1000,0.5,0.053,RandomForest,0.5264,0.112,0.09722222222222222,0.1320754716981132,0.5317188340539141,0.08271657642029183,0.5719352075073221,0.10606617613903717,-2.6889046813138817,0.13439495820564742
Kidney mortality,2,0,44,2042,Random oversampling,7572,1000,0.5,0.053,CatBoost,0.5043877709531782,0.1222707423580786,0.07954545454545454,0.2641509433962264,0.5465422087625271,0.08246176224231905,0.5850052798310454,0.15011134691543168,-2.6372318203690392,0.2926178051434099
Kidney mortality,2,0,44,2042,Random undersampling,428,1000,0.5,0.053,LogisticRegression,0.4992538550820759,0.1837837837837838,0.10725552050473186,0.6415094339622641,0.6713354983961268,0.1099405805787417,0.7002052160745951,0.22566660194318736,-2.8631442747385054,0.6715827973415194
Kidney mortality,2,0,44,2042,Random undersampling,428,1000,0.5,0.053,RandomForest,0.4869467411251653,0.1657754010695187,0.09657320872274143,0.5849056603773585,0.6393377298718894,0.11821459393862986,0.6860991014325277,0.21085237800498838,-2.8287022900523846,0.8108345430488982
Kidney mortality,2,0,44,2042,Random undersampling,428,1000,0.5,0.053,CatBoost,0.49975164348377904,0.17008797653958943,0.10069444444444445,0.5471698113207547,0.6368372815843477,0.1063665481274944,0.680400868681636,0.22340815767198766,-2.8694165591260528,0.5268008278706144
Kidney mortality,2,0,44,2042,SMOTE,7572,1000,0.5,0.053,LogisticRegression,0.49622504634729575,0.17582417582417584,0.10289389067524116,0.6037735849056604,0.6545795062859875,0.11851743776469939,0.7123587894243988,0.22246190176473582,-2.822040779616764,0.4935379685598469
Kidney mortality,2,0,44,2042,SMOTE,7572,1000,0.5,0.053,RandomForest,0.5483073411943704,0.13636363636363635,0.17142857142857143,0.11320754716981132,0.5412922635532267,0.08029512428163013,0.5689466238967145,0.08880162356690051,-2.61018213660424,0.1699419092642154
Kidney mortality,2,0,44,2042,SMOTE,7572,1000,0.5,0.053,CatBoost,0.5392412839809553,0.11764705882352941,0.15625,0.09433962264150944,0.5329142674981571,0.08173387998332683,0.5545615747843239,0.08843465616149211,-2.4770775935978473,0.2794262200950377
Kidney mortality,2,0,44,2042,Standard CTGAN,7572,1000,0.5,0.053,LogisticRegression,0.5145835971465957,0.1320754716981132,0.0880503144654088,0.2641509433962264,0.5555179215397182,0.0790755567371137,0.5684684505190173,0.1372371825397138,-2.629335719086188,0.26744670553779676
Kidney mortality,2,0,44,2042,Standard CTGAN,7572,1000,0.5,0.053,RandomForest,0.5432291767188415,0.12345679012345678,0.17857142857142858,0.09433962264150944,0.5350261999163197,0.10194350262428034,0.6298938056623696,0.0664300023308381,-2.094014953313187,0.32012405815787826
Kidney mortality,2,0,44,2042,Standard CTGAN,7572,1000,0.5,0.053,CatBoost,0.5533656062701706,0.1388888888888889,0.2631578947368421,0.09433962264150944,0.5397780478571855,0.1154563439942133,0.6595206311888585,0.05709131440793319,-1.7226704425937542,0.43895509259218163
Kidney mortality,2,0,44,2042,SepAware CTGAN,7572,1000,0.5,0.053,LogisticRegression,0.5469946672530127,0.1895734597156398,0.12658227848101267,0.37735849056603776,0.6158175768564085,0.0995962667282082,0.6573290032077463,0.1561497323955542,-2.6811251016903475,0.25358332037621406
Kidney mortality,2,0,44,2042,SepAware CTGAN,7572,1000,0.5,0.053,RandomForest,0.555646704949412,0.15217391304347827,0.1794871794871795,0.1320754716981132,0.5491422765037557,0.09638308591694081,0.6236377039708314,0.0700857662979134,-2.1644540195203765,0.30560329632179317
Kidney mortality,2,0,44,2042,SepAware CTGAN,7572,1000,0.5,0.053,CatBoost,0.5289975368887585,0.08955223880597014,0.21428571428571427,0.05660377358490566,0.5224940726425057,0.11988220286074708,0.633569763503417,0.059702431162288815,-1.8648362700642256,0.4101709668151494
Kidney mortality,2,0,44,2042,Standard TVAE,7572,1000,0.5,0.053,LogisticRegression,0.5196949335092835,0.09174311926605505,0.08928571428571429,0.09433962264150944,0.5202426729891814,0.12145444581446879,0.6039329760315596,0.07513545592781821,-2.318896633725463,0.18380042044098727
Kidney mortality,2,0,44,2042,Standard TVAE,7572,1000,0.5,0.053,RandomForest,0.48480164863472436,0.0,0.0,0.0,0.4968321013727561,0.07843316825326152,0.5962224303161923,0.05488560251498802,-2.153618310031331,0.24058837253480575
Kidney mortality,2,0,44,2042,Standard TVAE,7572,1000,0.5,0.053,CatBoost,0.485331960885229,0.0,0.0,0.0,0.4978880675818374,0.08988492169711308,0.6617620688968142,0.05314005195723785,-1.4880228937061721,0.47276007605729237
Kidney mortality,2,0,44,2042,SepAware TVAE,7572,1000,0.5,0.053,LogisticRegression,0.523401010389858,0.10256410256410256,0.09375,0.11320754716981132,0.5259807535215477,0.121821341845801,0.6146520292482716,0.08523690437347609,-2.3781217887898345,0.1710096605837621
Kidney mortality,2,0,44,2042,SepAware TVAE,7572,1000,0.5,0.053,RandomForest,0.4834710743801653,0.0,0.0,0.0,0.4941921858500528,0.0751398606316645,0.5932936183777968,0.05817294877005133,-2.1608767858024285,0.24335109404520625
Kidney mortality,2,0,44,2042,SepAware TVAE,7572,1000,0.5,0.053,CatBoost,0.48293691830403307,0.0,0.0,0.0,0.4931362196409715,0.07882873850993778,0.6367476240760296,0.05810150454670401,-1.9010570347373976,0.32826730733844844
Kidney mortality,2,1,44,2079,Real only,4000,1000,0.0535,0.053,LogisticRegression,0.48638931689779147,0.0,0.0,0.0,0.5,0.1311409087885633,0.7213345022015899,0.04856331587708844,0.31329307721353455,1.1161144407406192
Kidney mortality,2,1,44,2079,Real only,4000,1000,0.0535,0.053,RandomForest,0.48638931689779147,0.0,0.0,0.0,0.5,0.11898516893153789,0.7230678806957422,0.049108053790321744,-0.6150387612122014,0.763393771839896
Kidney mortality,2,1,44,2079,Real only,4000,1000,0.0535,0.053,CatBoost,0.48638931689779147,0.0,0.0,0.0,0.5,0.11282995218739778,0.7258771492897134,0.049583873306260254,-0.41206793036673256,0.8305800032697817
Kidney mortality,2,1,44,2079,Class weighting,4000,1000,0.0535,0.053,LogisticRegression,0.5004696948773423,0.1792717086834734,0.10526315789473684,0.6037735849056604,0.6582753880177721,0.11662216219984586,0.718425614153932,0.21378428760297583,-2.848930047663308,0.9043392824078821
Kidney mortality,2,1,44,2079,Class weighting,4000,1000,0.0535,0.053,RandomForest,0.5174956092100438,0.07407407407407407,0.10714285714285714,0.05660377358490566,0.5151023091789365,0.07281171395392474,0.5824849076527665,0.091289434150505,-2.3757238978959205,0.3621448017873107
Kidney mortality,2,1,44,2079,Class weighting,4000,1000,0.0535,0.053,CatBoost,0.5346874811644867,0.17872340425531916,0.11538461538461539,0.39622641509433965,0.6131079277161244,0.11006127713533453,0.6680779422605646,0.16027800212595758,-2.5963826956649676,0.5048392910231427
Kidney mortality,2,1,44,2079,Random oversampling,7572,1000,0.5,0.053,LogisticRegression,0.5047619047619047,0.18285714285714286,0.10774410774410774,0.6037735849056604,0.6619712697495567,0.11809802928727817,0.716194138391345,0.2122573143305204,-2.8427154677312156,0.8475766653731102
Kidney mortality,2,1,44,2079,Random oversampling,7572,1000,0.5,0.053,RandomForest,0.5301855766972046,0.1111111111111111,0.10909090909090909,0.11320754716981132,0.5307326014624136,0.06974066452219121,0.5644537865354347,0.10157043795150963,-2.547264460592856,0.23567686443789113
Kidney mortality,2,1,44,2079,Random oversampling,7572,1000,0.5,0.053,CatBoost,0.5284937936311636,0.15458937198067632,0.1038961038961039,0.3018867924528302,0.5780817277998047,0.10053685225419069,0.6227112430515431,0.14653231470834124,-2.614800454418713,0.3283634909711328
Kidney mortality,2,1,44,2079,Random undersampling,428,1000,0.5,0.053,LogisticRegression,0.5029420457293319,0.18681318681318682,0.10932475884244373,0.6415094339622641,0.6745033970233707,0.15854530186970686,0.7351218345918591,0.21518738947431523,-2.9010498726848217,1.1305624013336921
Kidney mortality,2,1,44,2079,Random undersampling,428,1000,0.5,0.053,RandomForest,0.5056137018304769,0.20947630922693267,0.1206896551724138,0.7924528301886793,0.7346635851048993,0.12278652863886377,0.763712617800004,0.20832798213282866,-2.8774883928166086,1.120888573994512
Kidney mortality,2,1,44,2079,Random undersampling,428,1000,0.5,0.053,CatBoost,0.5047975798820339,0.1962864721485411,0.11419753086419752,0.6981132075471698,0.697525452770417,0.11351431150330159,0.7449941224522325,0.21505569123124357,-2.8844598477069945,0.6790628656645185
Kidney mortality,2,1,44,2079,SMOTE,7572,1000,0.5,0.053,LogisticRegression,0.500082744924978,0.17613636363636365,0.10367892976588629,0.5849056603773585,0.6509533581717838,0.11640781697310491,0.7093602438684227,0.21227360205091392,-2.8215202298270503,0.7348557426578017
Kidney mortality,2,1,44,2079,SMOTE,7572,1000,0.5,0.053,RandomForest,0.4797086368366285,0.0,0.0,0.0,0.48680042238648363,0.0708201821431805,0.5701520192863262,0.08631285387614539,-2.4303806442417835,0.28732246105995285
Kidney mortality,2,1,44,2079,SMOTE,7572,1000,0.5,0.053,CatBoost,0.48105864037363777,0.0,0.0,0.0,0.4894403379091869,0.07382204130259987,0.5908529417624674,0.08224273743590856,-2.3132133845775553,0.3792264238320755
Kidney mortality,2,1,44,2079,Standard CTGAN,7572,1000,0.5,0.053,LogisticRegression,0.5067292644757433,0.12444444444444444,0.08139534883720931,0.2641509433962264,0.5486541411806898,0.10912179149329695,0.44889522025861206,0.15040384793082037,-2.7178760076383797,0.18914250959305354
Kidney mortality,2,1,44,2079,Standard CTGAN,7572,1000,0.5,0.053,RandomForest,0.5076155462184874,0.0625,0.06976744186046512,0.05660377358490566,0.5071825626108266,0.08277833067201225,0.6527763941742544,0.07207844823742449,-2.0689838672937135,0.3639573040490174
Kidney mortality,2,1,44,2079,Standard CTGAN,7572,1000,0.5,0.053,CatBoost,0.5128486177079528,0.058823529411764705,0.13333333333333333,0.03773584905660377,0.5120041441692734,0.08800809613443372,0.6775218664700843,0.06045651077969282,-1.7648263942420777,0.45654044931564375
Kidney mortality,2,1,44,2079,SepAware CTGAN,7572,1000,0.5,0.053,LogisticRegression,0.4793148880105402,0.10181818181818182,0.06306306306306306,0.2641509433962264,0.522254985953657,0.10198042987605235,0.520382140224343,0.19039736343041985,-2.7778363112215603,0.15511475108722428
Kidney mortality,2,1,44,2079,SepAware CTGAN,7572,1000,0.5,0.053,RandomForest,0.4997594997594998,0.05454545454545454,0.05263157894736842,0.05660377358490566,0.4997907991472575,0.08349080754084588,0.6706680480564245,0.07779336921584042,-2.105082691959954,0.37140665385143723
Kidney mortality,2,1,44,2079,SepAware CTGAN,7572,1000,0.5,0.053,CatBoost,0.490921432207704,0.024096385542168676,0.03333333333333333,0.018867924528301886,0.494122452232472,0.0815796049267191,0.6706680480564244,0.06777722340961946,-1.9791636921444937,0.39275605055936974
Kidney mortality,2,1,44,2079,Standard TVAE,7572,1000,0.5,0.053,LogisticRegression,0.4802494802494803,0.0,0.0,0.0,0.48785638859556496,0.07760148154732022,0.6229702536311291,0.06238199742297139,-2.0620032578423766,0.2945679802159136
Kidney mortality,2,1,44,2079,Standard TVAE,7572,1000,0.5,0.053,RandomForest,0.4845360824742268,0.0,0.0,0.0,0.4963041182682154,0.09465270768338983,0.698043473929589,0.05368816761679626,-1.3236268227616919,0.5591808934805905
Kidney mortality,2,1,44,2079,Standard TVAE,7572,1000,0.5,0.053,CatBoost,0.48373773877129583,0.0,0.0,0.0,0.4947201689545935,0.09980276372559883,0.686965790679604,0.05462697697444703,-1.4306736491154388,0.504618730659199
Kidney mortality,2,1,44,2079,SepAware TVAE,7572,1000,0.5,0.053,LogisticRegression,0.4921875,0.025,0.037037037037037035,0.018867924528301886,0.4957064015460939,0.06728400002511511,0.5975872168317029,0.06627738608209836,-2.2164397201719126,0.23624798789812818
Kidney mortality,2,1,44,2079,SepAware TVAE,7572,1000,0.5,0.053,RandomForest,0.48427024239298605,0.0,0.0,0.0,0.49577613516367475,0.09107617623243418,0.687025562351816,0.055258746233642075,-1.5055728176100314,0.48956440346330876
Kidney mortality,2,1,44,2079,SepAware TVAE,7572,1000,0.5,0.053,CatBoost,0.48293691830403307,0.0,0.0,0.0,0.4931362196409715,0.09083607934651616,0.6833197186746628,0.05763000257408374,-1.7351221891807065,0.38992330603440895
Kidney mortality,2,2,44,2116,Real only,4000,1000,0.0535,0.053,LogisticRegression,0.48638931689779147,0.0,0.0,0.0,0.5,0.141662023578588,0.7151481341276325,0.048423041058708476,0.26981882025690657,1.0987596688961998
Kidney mortality,2,2,44,2116,Real only,4000,1000,0.0535,0.053,RandomForest,0.48638931689779147,0.0,0.0,0.0,0.5,0.15786228269990785,0.7127572672391466,0.048333089724412984,-0.747809224995067,0.7258305821377681
Kidney mortality,2,2,44,2116,Real only,4000,1000,0.0535,0.053,CatBoost,0.5051577785390735,0.037037037037037035,1.0,0.018867924528301886,0.5094339622641509,0.16000418613825848,0.7409894204140184,0.047821762958115514,-0.13133492983777909,0.9526195990838517
Kidney mortality,2,2,44,2116,Class weighting,4000,1000,0.0535,0.053,LogisticRegression,0.4980386324341408,0.1772853185595568,0.1038961038961039,0.6037735849056604,0.6561634555996094,0.13678481273173204,0.7153872208164811,0.21222216871330618,-2.859764321808854,0.9458324309470278
Kidney mortality,2,2,44,2116,Class weighting,4000,1000,0.0535,0.053,RandomForest,0.5590284514843102,0.15730337078651685,0.19444444444444445,0.1320754716981132,0.5507262258173776,0.10888721652181306,0.6129784224263315,0.08791512157032998,-2.1834315443715235,0.5350890020014417
Kidney mortality,2,2,44,2116,Class weighting,4000,1000,0.0535,0.053,CatBoost,0.5400059528641394,0.1968503937007874,0.12437810945273632,0.4716981132075472,0.6429240302046184,0.13948548624868945,0.6983722181267558,0.15624515748769802,-2.534489716813111,0.7532969294836926
Kidney mortality,2,2,44,2116,Random oversampling,7572,1000,0.5,0.053,LogisticRegression,0.49533307189931813,0.1778975741239892,0.10377358490566038,0.6226415094339622,0.6608455699228946,0.13922738016643374,0.7254886334203343,0.21271240691062998,-2.864498670582218,0.9580838160278159
Kidney mortality,2,2,44,2116,Random oversampling,7572,1000,0.5,0.053,RandomForest,0.5544737866445311,0.1592920353982301,0.15,0.16981132075471697,0.5579785220457851,0.10623761607177902,0.6327229981470781,0.09870762184112325,-2.299613141485844,0.4768705725737236
Kidney mortality,2,2,44,2116,Random oversampling,7572,1000,0.5,0.053,CatBoost,0.5339765607470183,0.17467248908296942,0.11363636363636363,0.37735849056603776,0.6063138809746768,0.11210393982627548,0.6692434898687015,0.14509588142294177,-2.5204860545775647,0.5179183679634085
Kidney mortality,2,2,44,2116,Random undersampling,428,1000,0.5,0.053,LogisticRegression,0.48871448923570265,0.16711590296495957,0.09748427672955975,0.5849056603773585,0.6409216791855114,0.11834356100004154,0.7036520491721623,0.22595130341178418,-2.8989926046563816,0.7219956301569606
Kidney mortality,2,2,44,2116,Random undersampling,428,1000,0.5,0.053,RandomForest,0.4614494702828387,0.16740088105726872,0.09476309226932668,0.7169811320754716,0.6668326990894782,0.15221806626882647,0.7129365822557829,0.2348247723022933,-2.9851906429859203,0.7664975947357094
Kidney mortality,2,2,44,2116,Random undersampling,428,1000,0.5,0.053,CatBoost,0.46840141999891877,0.16113744075829384,0.0921409214092141,0.6415094339622641,0.6438803769600128,0.12421660374124475,0.7187344344603614,0.24937050519579765,-3.0026406152941845,0.5519409744112762
Kidney mortality,2,2,44,2116,SMOTE,7572,1000,0.5,0.053,LogisticRegression,0.5016909970461064,0.18028169014084508,0.10596026490066225,0.6037735849056604,0.6593313542268534,0.12637361753738874,0.7082345440417606,0.21143731808454258,-2.840121282505871,0.8012161623606056
Kidney mortality,2,2,44,2116,SMOTE,7572,1000,0.5,0.053,RandomForest,0.5898277276456112,0.21739130434782608,0.2564102564102564,0.18867924528301888,0.5790281126098304,0.13204935270367665,0.6463509394114483,0.08446252458677463,-2.031465844523126,0.6500744931016968
Kidney mortality,2,2,44,2116,SMOTE,7572,1000,0.5,0.053,CatBoost,0.581151832460733,0.2,0.24324324324324326,0.16981132075471697,0.5701221334502201,0.12445008480558749,0.6578470243669183,0.08518265826497319,-2.0088609680641767,0.6795880086109105
Kidney mortality,2,2,44,2116,Standard CTGAN,7572,1000,0.5,0.053,LogisticRegression,0.5098771425370626,0.13934426229508196,0.08900523560209424,0.32075471698113206,0.5685082983004921,0.08689765031825503,0.627821721025682,0.16458942083669656,-2.694121613460372,0.3156030251663578
Kidney mortality,2,2,44,2116,Standard CTGAN,7572,1000,0.5,0.053,RandomForest,0.508829898863611,0.06382978723404255,0.07317073170731707,0.05660377358490566,0.5082385288199079,0.08746174130981305,0.6669123946524278,0.07518638852346489,-2.071825388762066,0.39122610561192495
Kidney mortality,2,2,44,2116,Standard CTGAN,7572,1000,0.5,0.053,CatBoost,0.504628825455645,0.04938271604938271,0.07142857142857142,0.03773584905660377,0.5051403638102449,0.09333038647376254,0.6791357016198123,0.06463922868666801,-1.8518157880297974,0.44960584787353475
Kidney mortality,2,2,44,2116,SepAware CTGAN,7572,1000,0.5,0.053,LogisticRegression,0.5214756258234519,0.17454545454545456,0.10810810810810811,0.4528301886792453,0.6218744396405731,0.10955995233606283,0.6499571636349147,0.1679220688752426,-2.642286442391339,0.3806431451900836
Kidney mortality,2,2,44,2116,SepAware CTGAN,7572,1000,0.5,0.053,RandomForest,0.5240313013393657,0.0970873786407767,0.1,0.09433962264150944,0.5234105716164252,0.09334345574960493,0.6852025263493455,0.07583286178766944,-2.0245310293221883,0.41477530657540335
Kidney mortality,2,2,44,2116,SepAware CTGAN,7572,1000,0.5,0.053,CatBoost,0.515359379660006,0.07142857142857142,0.0967741935483871,0.05660377358490566,0.5135183598653145,0.09971723599366686,0.6881313382877408,0.06846648003852582,-1.8944369519408744,0.4468444615433698
Kidney mortality,2,2,44,2116,Standard TVAE,7572,1000,0.5,0.053,LogisticRegression,0.5258328142287345,0.13559322033898305,0.0967741935483871,0.22641509433962265,0.554073439461258,0.09250995686136007,0.6139746169632007,0.11652888385885057,-2.532148786970641,0.18221993947001086
Kidney mortality,2,2,44,2116,Standard TVAE,7572,1000,0.5,0.053,RandomForest,0.5028232536666785,0.034482758620689655,0.2,0.018867924528301886,0.5073220298459884,0.1254911130585227,0.7185949672251998,0.05305588463706796,-1.2968973544177376,0.6263981771613927
Kidney mortality,2,2,44,2116,Standard TVAE,7572,1000,0.5,0.053,CatBoost,0.516516295039785,0.06349206349206349,0.2,0.03773584905660377,0.5146440596919767,0.12440908111408058,0.7206172421350441,0.05286161554083097,-1.1871774011673604,0.6247866204408026
Kidney mortality,2,2,44,2116,SepAware TVAE,7572,1000,0.5,0.053,LogisticRegression,0.5527524674418958,0.16901408450704225,0.1348314606741573,0.22641509433962265,0.5725528481201809,0.10312531857644637,0.6737462891753502,0.09695607846568607,-2.356219376183149,0.2559497699689578
Kidney mortality,2,2,44,2116,SepAware TVAE,7572,1000,0.5,0.053,RandomForest,0.5142740747704553,0.06060606060606061,0.15384615384615385,0.03773584905660377,0.5130601103783548,0.1288737834503489,0.7204478890637763,0.05389547015528335,-1.3347787200340713,0.5982616606418062
Kidney mortality,2,2,44,2116,SepAware TVAE,7572,1000,0.5,0.053,CatBoost,0.5121548495560609,0.057971014492753624,0.125,0.03773584905660377,0.5114761610647327,0.13263175254170806,0.7351816062640713,0.05400223794828831,-1.2636358023037815,0.5926323273459854
Kidney mortality,2,3,44,2153,Real only,4000,1000,0.05325,0.054,LogisticRegression,0.48586118251928023,0.0,0.0,0.0,0.49947145877378435,0.128406076404223,0.7028815284629237,0.050700614337918,-1.0544828617776205,0.6105442011778784
Kidney mortality,2,3,44,2153,Real only,4000,1000,0.05325,0.054,RandomForest,0.48612538540596095,0.0,0.0,0.0,0.5,0.10885757293341383,0.6880432229269438,0.05080621147483687,-1.0911095864124143,0.5812916505865466
Kidney mortality,2,3,44,2153,Real only,4000,1000,0.05325,0.054,CatBoost,0.48559670781893005,0.0,0.0,0.0,0.4989429175475687,0.13085858061105102,0.708695481951296,0.050125721841952894,-0.37329427452511643,0.8344702601981518
Kidney mortality,2,3,44,2153,Class weighting,4000,1000,0.05325,0.054,LogisticRegression,0.5082251082251082,0.18857142857142858,0.11148648648648649,0.6111111111111112,0.666549213060841,0.12376663537800037,0.7089891159658601,0.2147385490883731,-2.809581979248308,0.6101464681507288
Kidney mortality,2,3,44,2153,Class weighting,4000,1000,0.05325,0.054,RandomForest,0.5567554498932183,0.15384615384615385,0.1891891891891892,0.12962962962962962,0.5489585780283455,0.09710301154965352,0.6069219325033279,0.09035148050686835,-2.328565666936481,0.38684283872493735
Kidney mortality,2,3,44,2153,Class weighting,4000,1000,0.05325,0.054,CatBoost,0.5388223719463453,0.1984732824427481,0.125,0.48148148148148145,0.6445462375694934,0.12334300308700971,0.6796844413123483,0.1599815736479383,-2.5456844110748196,0.6279538409793736
Kidney mortality,2,3,44,2153,Random oversampling,7574,1000,0.5,0.054,LogisticRegression,0.5074415308291992,0.18235294117647058,0.10839160839160839,0.5740740740740741,0.6522590243520476,0.12299638442967478,0.7096351107979014,0.21281770312382775,-2.802907022853017,0.5800770448511506
Kidney mortality,2,3,44,2153,Random oversampling,7574,1000,0.5,0.054,RandomForest,0.5398478370614593,0.13445378151260504,0.12307692307692308,0.14814814814814814,0.5439472241797823,0.09038157375285306,0.6066087228877927,0.10029038860270734,-2.4517373522849026,0.30740478555114203
Kidney mortality,2,3,44,2153,Random oversampling,7574,1000,0.5,0.054,CatBoost,0.5653760302197802,0.22115384615384615,0.14935064935064934,0.42592592592592593,0.6437240623287135,0.11635978139868733,0.6477957873306711,0.1427935369697171,-2.5029647557851082,0.5032436996797514
Kidney mortality,2,3,44,2153,Random undersampling,426,1000,0.5,0.054,LogisticRegression,0.4676181047204528,0.14925373134328357,0.08620689655172414,0.5555555555555556,0.6097016678412027,0.10224906273950703,0.6829927178764388,0.22618154529513146,-2.829020393110555,0.514824922228599
Kidney mortality,2,3,44,2153,Random undersampling,426,1000,0.5,0.054,RandomForest,0.45404861539868746,0.15486725663716813,0.08793969849246232,0.6481481481481481,0.632213608957795,0.10189908869359635,0.6889045493696657,0.22695890518324305,-2.8654377266317623,0.7737153542416814
Kidney mortality,2,3,44,2153,Random undersampling,426,1000,0.5,0.054,CatBoost,0.4545605285090303,0.14965986394557823,0.08527131782945736,0.6111111111111112,0.6184519614752173,0.10052619755567357,0.6694464020045415,0.24455513581362281,-2.8882600498076783,0.4609925939145133
Kidney mortality,2,3,44,2153,SMOTE,7574,1000,0.5,0.054,LogisticRegression,0.5109249252895661,0.19889502762430938,0.11688311688311688,0.6666666666666666,0.6895701198026779,0.12262452811421762,0.7127867825542243,0.21573303421123866,-2.803094841364724,0.5405450925969468
Kidney mortality,2,3,44,2153,SMOTE,7574,1000,0.5,0.054,RandomForest,0.521465682253213,0.08695652173913043,0.10526315789473684,0.07407407407407407,0.5190666353457052,0.08467744035847262,0.6163182209693838,0.08852426679448837,-2.2913783296692976,0.39103156925501387
Kidney mortality,2,3,44,2153,SMOTE,7574,1000,0.5,0.054,CatBoost,0.5052083333333334,0.05,0.07692307692307693,0.037037037037037035,0.5058335290893431,0.0787848080993232,0.6152415629159815,0.08684756231357318,-2.275290809967343,0.4113267724283694
Kidney mortality,2,3,44,2153,Standard CTGAN,7574,1000,0.5,0.054,LogisticRegression,0.4879307856407093,0.12794612794612795,0.07818930041152264,0.35185185185185186,0.5575326912536215,0.07614875202738751,0.6605395035627594,0.19103799167629076,-2.7231758797601295,0.270254548066109
Kidney mortality,2,3,44,2153,Standard CTGAN,7574,1000,0.5,0.054,RandomForest,0.5368421052631579,0.12,0.13043478260869565,0.1111111111111111,0.5344139065069298,0.0956991007096665,0.6451139299976508,0.07355144481580243,-2.0588971519232766,0.3681220314149333
Kidney mortality,2,3,44,2153,Standard CTGAN,7574,1000,0.5,0.054,CatBoost,0.5237113548634758,0.0821917808219178,0.15789473684210525,0.05555555555555555,0.5193211181583275,0.10480359724510988,0.6892177589852008,0.06170844723872318,-1.734329982824355,0.46077230953331727
Kidney mortality,2,3,44,2153,SepAware CTGAN,7574,1000,0.5,0.054,LogisticRegression,0.5334311118850052,0.1867704280155642,0.11822660098522167,0.4444444444444444,0.6276133427296218,0.1005482737801,0.6535314384151594,0.17004859296449565,-2.6822003279021707,0.28900733773114506
Kidney mortality,2,3,44,2153,SepAware CTGAN,7574,1000,0.5,0.054,RandomForest,0.5382395382395382,0.12727272727272726,0.125,0.12962962962962962,0.5389162947302482,0.12677384326701316,0.6580729778404197,0.07535938327624726,-2.005803819982832,0.41186521371557094
Kidney mortality,2,3,44,2153,SepAware CTGAN,7574,1000,0.5,0.054,CatBoost,0.5534817262396463,0.14893617021276595,0.175,0.12962962962962962,0.5473729543496986,0.11534313902015181,0.6881998277347114,0.06675650421779918,-1.8099014348438478,0.4555544619378792
Kidney mortality,2,3,44,2153,Standard TVAE,7574,1000,0.5,0.054,LogisticRegression,0.5167730613698213,0.07317073170731707,0.10714285714285714,0.05555555555555555,0.5145642471223867,0.09073877068393812,0.6051992796178842,0.06700130843292143,-2.3727004686577335,0.15932453701229238
Kidney mortality,2,3,44,2153,Standard TVAE,7574,1000,0.5,0.054,RandomForest,0.48586118251928023,0.0,0.0,0.0,0.49947145877378435,0.08862671424881759,0.6617336152219873,0.05358786929192763,-1.482427142587118,0.49214336523345537
Kidney mortality,2,3,44,2153,Standard TVAE,7574,1000,0.5,0.054,CatBoost,0.48480164863472436,0.0,0.0,0.0,0.4973572938689218,0.10155122202249547,0.6849502779735337,0.05269132698062286,-1.1275038468020802,0.6032492437504987
Kidney mortality,2,3,44,2153,SepAware TVAE,7574,1000,0.5,0.054,LogisticRegression,0.5192706174886034,0.08421052631578947,0.0975609756097561,0.07407407407407407,0.5174810116670582,0.08834351995814853,0.5908112129042361,0.072712301910566,-2.457134165853453,0.1281756783895925
Kidney mortality,2,3,44,2153,SepAware TVAE,7574,1000,0.5,0.054,RandomForest,0.485331960885229,0.0,0.0,0.0,0.49841437632135305,0.08608739730359552,0.6459556808394018,0.05512498417890474,-1.6817511499742157,0.4277842862639323
Kidney mortality,2,3,44,2153,SepAware TVAE,7574,1000,0.5,0.054,CatBoost,0.4840041279669763,0.0,0.0,0.0,0.49577167019027485,0.09582458094414521,0.6827382350638165,0.053888406780293344,-1.3110209351515911,0.5515299721887267
Kidney mortality,2,4,44,2190,Real only,4000,1000,0.05325,0.054,LogisticRegression,0.48612538540596095,0.0,0.0,0.0,0.5,0.08630833169423155,0.6645231383603477,0.05128492249669884,-1.0310427196358662,0.6188455803096082
Kidney mortality,2,4,44,2190,Real only,4000,1000,0.05325,0.054,RandomForest,0.48612538540596095,0.0,0.0,0.0,0.5,0.12324561851241853,0.6726665883642627,0.05043790370672088,-1.219251243087348,0.5166275183140631
Kidney mortality,2,4,44,2190,Real only,4000,1000,0.05325,0.054,CatBoost,0.48612538540596095,0.0,0.0,0.0,0.5,0.10443648300315322,0.6807317359642943,0.05080454641913865,-0.773646883333111,0.6869909774209549
Kidney mortality,2,4,44,2190,Class weighting,4000,1000,0.05325,0.054,LogisticRegression,0.5003543586109143,0.17058823529411765,0.10139860139860139,0.5370370370370371,0.6326834233810978,0.08726692018216747,0.6703762430506617,0.21978442834720305,-2.8038015723257863,0.5613038878609364
Kidney mortality,2,4,44,2190,Class weighting,4000,1000,0.05325,0.054,RandomForest,0.5245340433624952,0.09090909090909091,0.11764705882352941,0.07407407407407407,0.5211808002505677,0.06856360564824754,0.5204271396131861,0.09586502423664027,-2.688707284964579,0.11365142979793066
Kidney mortality,2,4,44,2190,Class weighting,4000,1000,0.05325,0.054,CatBoost,0.5160244310867187,0.1452991452991453,0.09444444444444444,0.3148148148148148,0.5712551875342573,0.11355643206364655,0.5836171795474121,0.16017209157061035,-2.6171686632382114,0.39331162010377935
Kidney mortality,2,4,44,2190,Random oversampling,7574,1000,0.5,0.054,LogisticRegression,0.5009581248812334,0.1710914454277286,0.10175438596491228,0.5370370370370371,0.6332119646073135,0.08860406043793334,0.6730189491817399,0.21854092235609135,-2.8004079286583683,0.5635416261801829
Kidney mortality,2,4,44,2190,Random oversampling,7574,1000,0.5,0.054,RandomForest,0.5441945266134584,0.14035087719298245,0.13333333333333333,0.14814814814814814,0.5465899303108606,0.07158017496506108,0.5195658131704644,0.10583468087983093,-2.678153741946614,0.12436885180209442
Kidney mortality,2,4,44,2190,Random oversampling,7574,1000,0.5,0.054,CatBoost,0.5388888888888889,0.17,0.11643835616438356,0.3148148148148148,0.5892255892255892,0.08363577560538299,0.5815617414454624,0.14608388705816208,-2.6112001388084707,0.29403319255192323
Kidney mortality,2,4,44,2190,Random undersampling,426,1000,0.5,0.054,LogisticRegression,0.504603583787747,0.17417417417417416,0.1039426523297491,0.5370370370370371,0.6363832119646073,0.0818323016443429,0.64210907524861,0.22987898336001183,-2.823247212807458,0.47964687512069903
Kidney mortality,2,4,44,2190,Random undersampling,426,1000,0.5,0.054,RandomForest,0.49914996578700466,0.1695906432748538,0.10069444444444445,0.5370370370370371,0.6316263409286665,0.09194464260610294,0.652307963354475,0.21743011754921485,-2.8184964172619495,0.3623366882221318
Kidney mortality,2,4,44,2190,Random undersampling,426,1000,0.5,0.054,CatBoost,0.5089092654895149,0.17791411042944785,0.10661764705882353,0.5370370370370371,0.6400830005481168,0.11148472640780863,0.650330827656409,0.22975715855518866,-2.851591743616396,0.3743678430296576
Kidney mortality,2,4,44,2190,SMOTE,7574,1000,0.5,0.054,LogisticRegression,0.5039932140520879,0.17365269461077845,0.10357142857142858,0.5370370370370371,0.6358546707383916,0.08577471632766609,0.6646014407642316,0.21743878417948884,-2.7939549214695543,0.4998871590126476
Kidney mortality,2,4,44,2190,SMOTE,7574,1000,0.5,0.054,RandomForest,0.5355099688968068,0.11235955056179775,0.14285714285714285,0.09259259259259259,0.530440059509827,0.0730211250110446,0.5463648108996947,0.0942693906070588,-2.6732529751896914,0.11548161300301922
Kidney mortality,2,4,44,2190,SMOTE,7574,1000,0.5,0.054,CatBoost,0.5070182186563809,0.061855670103092786,0.06976744186046512,0.05555555555555555,0.506636128729152,0.06479391691249534,0.5032006107587503,0.09860901737222054,-2.7423042387072436,0.07911414115517762
Kidney mortality,2,4,44,2190,Standard CTGAN,7574,1000,0.5,0.054,LogisticRegression,0.5267605633802817,0.16,0.10526315789473684,0.3333333333333333,0.585799859055673,0.09301489730056836,0.6299330514446794,0.15115627179366703,-2.6134000720160615,0.3348861321503843
Kidney mortality,2,4,44,2190,Standard CTGAN,7574,1000,0.5,0.054,RandomForest,0.538285825374839,0.11627906976744186,0.15625,0.09259259259259259,0.5320256831884739,0.1435201537404323,0.7411420405606453,0.0633592845918754,-1.5563642856456543,0.6256254706812172
Kidney mortality,2,4,44,2190,Standard CTGAN,7574,1000,0.5,0.054,CatBoost,0.5349600612758507,0.10526315789473684,0.18181818181818182,0.07407407407407407,0.5275232949651554,0.1397366701423488,0.7474062328713491,0.05744274847267796,-1.3404837848343791,0.6538333382210482
Kidney mortality,2,4,44,2190,SepAware CTGAN,7574,1000,0.5,0.054,LogisticRegression,0.515493041734684,0.14096916299559473,0.09248554913294797,0.2962962962962963,0.5651671756322919,0.08896502066868436,0.6539718894370057,0.14488953385901557,-2.5577815387288387,0.36225525955945315
Kidney mortality,2,4,44,2190,SepAware CTGAN,7574,1000,0.5,0.054,RandomForest,0.570787692778062,0.1797752808988764,0.22857142857142856,0.14814814814814814,0.5598034609662517,0.1559189750293979,0.7591907446558609,0.06439903940352167,-1.5421266137354235,0.6785824159494305
Kidney mortality,2,4,44,2190,SepAware CTGAN,7574,1000,0.5,0.054,CatBoost,0.5560959604732403,0.14814814814814814,0.2222222222222222,0.1111111111111111,0.544456189805027,0.14430096847679624,0.7398989898989898,0.059973132552310286,-1.4703498036591875,0.6371753744636546
Kidney mortality,2,4,44,2190,Standard TVAE,7574,1000,0.5,0.054,LogisticRegression,0.5417684375144511,0.14173228346456693,0.1232876712328767,0.16666666666666666,0.549506694855532,0.09561235603723103,0.6423439824602615,0.0790638292069168,-2.205130805773228,0.24450496830189228
Kidney mortality,2,4,44,2190,Standard TVAE,7574,1000,0.5,0.054,RandomForest,0.4840041279669763,0.0,0.0,0.0,0.49577167019027485,0.11158696127732287,0.7008358781614595,0.0556364065380898,-1.4540636855316145,0.5282405688029819
Kidney mortality,2,4,44,2190,Standard TVAE,7574,1000,0.5,0.054,CatBoost,0.5309083681176705,0.09230769230769231,0.2727272727272727,0.05555555555555555,0.5235494479680526,0.11936807765294113,0.6609310155821785,0.05409012428283928,-1.4236361449550936,0.5148647042320154
Kidney mortality,2,4,44,2190,SepAware TVAE,7574,1000,0.5,0.054,LogisticRegression,0.5285560344827587,0.125,0.1,0.16666666666666666,0.5405214940098662,0.08642790428268671,0.6286802129825386,0.09354910710742691,-2.3393659509623785,0.1948783791512054
Kidney mortality,2,4,44,2190,SepAware TVAE,7574,1000,0.5,0.054,RandomForest,0.5142740747704553,0.06060606060606061,0.16666666666666666,0.037037037037037035,0.5132331062563621,0.1077748081543204,0.6989370448672774,0.05652748621357695,-1.5227247585488526,0.5017096077349983
Kidney mortality,2,4,44,2190,SepAware TVAE,7574,1000,0.5,0.054,CatBoost,0.5289975368887585,0.08955223880597014,0.23076923076923078,0.05555555555555555,0.5224923655156213,0.1074250993437591,0.6435380941194895,0.056705007249820694,-1.650899638206586,0.4350854721806535
