dataset,task,repeat,fold,partition_seed,generator_seed,condition,regime,classifier,macro_f1,minority_f1,minority_precision,minority_recall,balanced_accuracy,auprc,auroc,brier,calibration_intercept,calibration_slope
Vigitel obesity,vigitel_obesity,0,0,42,10042,Standard CTGAN,TSTR,LogisticRegression,0.453551912568306,0.0,0.0,0.0,0.5,0.27344382350014457,0.6387207654145997,0.13848864337044273,3.7294897905861943,3.3971419145411597
Vigitel obesity,vigitel_obesity,0,0,42,10042,Standard CTGAN,TSTR,RandomForest,0.453551912568306,0.0,0.0,0.0,0.5,0.18289642205678452,0.5298051027639972,0.1422800603127169,-1.0880033211473463,0.30215113211980443
Vigitel obesity,vigitel_obesity,0,0,42,10042,Standard CTGAN,TSTR,CatBoost,0.453551912568306,0.0,0.0,0.0,0.5,0.1887343385073705,0.5376293408929836,0.14250759517915265,-1.1306654728172025,0.25858300829235914
Vigitel obesity,vigitel_obesity,0,0,42,10042,SepAware CTGAN,TSTR,LogisticRegression,0.4971011660478145,0.10232558139534884,0.24444444444444444,0.06470588235294118,0.5118710134656272,0.25714113045378745,0.6503791637136782,0.14245210548399564,-0.7668202458999989,0.5624316206472418
Vigitel obesity,vigitel_obesity,0,0,42,10042,SepAware CTGAN,TSTR,RandomForest,0.4872326696165192,0.07291666666666667,0.3181818181818182,0.041176470588235294,0.5115520907158044,0.2948836395300181,0.6711304039688164,0.13619849298301756,-0.5489233824615993,0.7271658970857341
Vigitel obesity,vigitel_obesity,0,0,42,10042,SepAware CTGAN,TSTR,CatBoost,0.5017438963627304,0.1111111111111111,0.2608695652173913,0.07058823529411765,0.5148121899362155,0.2717721678193628,0.6780333097094259,0.1399239646247856,-0.6967637276821342,0.5449785019365244
Vigitel obesity,vigitel_obesity,0,0,42,20042,Standard TVAE,TSTR,LogisticRegression,0.5514001038862917,0.26519337016574585,0.25,0.2823529411764706,0.554429482636428,0.22805531786583694,0.597962437987243,0.23537224177050484,-1.3227487624413623,0.047574711595495464
Vigitel obesity,vigitel_obesity,0,0,42,20042,Standard TVAE,TSTR,RandomForest,0.5619235977630992,0.32229580573951433,0.2579505300353357,0.4294117647058823,0.5881998582565556,0.2751688067552244,0.6540574060949682,0.1995783270247346,-1.3515885748446843,0.4422979963813476
Vigitel obesity,vigitel_obesity,0,0,42,20042,Standard TVAE,TSTR,CatBoost,0.5047555872933145,0.3378582202111614,0.22718052738336714,0.6588235294117647,0.5998936924167257,0.27434889084689057,0.6545109851169384,0.3792573971498285,-1.7113661577788002,0.11091366554913647
Vigitel obesity,vigitel_obesity,0,0,42,20042,SepAware TVAE,TSTR,LogisticRegression,0.30684403990897957,0.29644670050761424,0.17914110429447852,0.8588235294117647,0.5263997165131112,0.18605318052203548,0.5395818568391212,0.676866510430742,-1.77033210428825,0.021173407971886618
Vigitel obesity,vigitel_obesity,0,0,42,20042,SepAware TVAE,TSTR,RandomForest,0.3416813737849119,0.32719836400818,0.19801980198019803,0.9411764705882353,0.5802267895109852,0.259356070579772,0.6712012756909993,0.4710251761673624,-2.5247851760821978,0.6879866801793343
Vigitel obesity,vigitel_obesity,0,0,42,20042,SepAware TVAE,TSTR,CatBoost,0.3415548911063879,0.324435318275154,0.19651741293532338,0.9294117647058824,0.5755492558469171,0.19389615907925753,0.5750460666194188,0.6250312744878336,-1.899258121671301,0.085790639132892
Vigitel obesity,vigitel_obesity,0,1,42,10079,Standard CTGAN,TSTR,LogisticRegression,0.453551912568306,0.0,0.0,0.0,0.5,0.208955371445186,0.5349681077250177,0.14053346873280073,-0.11173224186145056,0.9452674251122533
Vigitel obesity,vigitel_obesity,0,1,42,10079,Standard CTGAN,TSTR,RandomForest,0.453551912568306,0.0,0.0,0.0,0.5,0.18805057462539412,0.5302409638554217,0.1423586973075991,-1.1090489664606658,0.31178550779646
Vigitel obesity,vigitel_obesity,0,1,42,10079,Standard CTGAN,TSTR,CatBoost,0.4593150475802758,0.011627906976744186,0.5,0.0058823529411764705,0.502338766832034,0.17406246094554767,0.4782140326009922,0.14471156545941152,-1.643834183239512,-0.033690196706372015
Vigitel obesity,vigitel_obesity,0,1,42,10079,SepAware CTGAN,TSTR,LogisticRegression,0.574064485686825,0.3155216284987277,0.27802690582959644,0.36470588235294116,0.5853649893692416,0.2754055095397893,0.6469029057406095,0.17601024532447423,-1.2212433510757086,0.4269252892617937
Vigitel obesity,vigitel_obesity,0,1,42,10079,SepAware CTGAN,TSTR,RandomForest,0.5609948394495412,0.234375,0.3488372093023256,0.17647058823529413,0.5545003543586109,0.27813801849301667,0.6450815024805103,0.15127833539290078,-0.9449146864952035,0.6471634732011395
Vigitel obesity,vigitel_obesity,0,1,42,10079,SepAware CTGAN,TSTR,CatBoost,0.5548747233005037,0.23972602739726026,0.28688524590163933,0.20588235294117646,0.5505315379163713,0.27697070144068925,0.6410489014883062,0.15795653545690386,-1.0808772794101005,0.44978588256691276
Vigitel obesity,vigitel_obesity,0,1,42,20079,Standard TVAE,TSTR,LogisticRegression,0.5437729150422217,0.3037974683544304,0.23684210526315788,0.4235294117647059,0.5720056697377747,0.23798320239315698,0.5987526576895819,0.3080435893461123,-1.4589476851326457,0.03418026760349385
Vigitel obesity,vigitel_obesity,0,1,42,20079,Standard TVAE,TSTR,RandomForest,0.5518968381017527,0.27989821882951654,0.24663677130044842,0.3235294117647059,0.5605598866052445,0.23654994022967218,0.6068603827072997,0.19596997049898268,-1.422948957027333,0.10724078628507604
Vigitel obesity,vigitel_obesity,0,1,42,20079,Standard TVAE,TSTR,CatBoost,0.5206322787243465,0.31833910034602075,0.22549019607843138,0.5411764705882353,0.5802267895109852,0.21577043652389988,0.5850389794472006,0.3333243256963555,-1.547182741716634,0.06077625509823691
Vigitel obesity,vigitel_obesity,0,1,42,20079,SepAware TVAE,TSTR,LogisticRegression,0.34829140540404424,0.292896174863388,0.17986577181208055,0.788235294117647,0.526045357902197,0.18188520931236507,0.5387491141034727,0.6284528026406534,-1.7348164279328246,0.0203894276608961
Vigitel obesity,vigitel_obesity,0,1,42,20079,SepAware TVAE,TSTR,RandomForest,0.3985459082772316,0.31554524361948955,0.19653179190751446,0.8,0.5650602409638554,0.24541739996067485,0.6124734231041814,0.495556354734568,-1.8215235292942356,0.06807514239262946
Vigitel obesity,vigitel_obesity,0,1,42,20079,SepAware TVAE,TSTR,CatBoost,0.3931025493766063,0.3117782909930716,0.1939655172413793,0.7941176470588235,0.5591070163004961,0.23237517374835565,0.5969631467044648,0.5407048203164859,-1.7556986772693925,0.059834332630900725
Vigitel obesity,vigitel_obesity,0,2,42,10116,Standard CTGAN,TSTR,LogisticRegression,0.453551912568306,0.0,0.0,0.0,0.5,0.13521833333429636,0.39403260099220405,0.14411430746092152,-4.9537972502524905,-2.0756534142781318
Vigitel obesity,vigitel_obesity,0,2,42,10116,Standard CTGAN,TSTR,RandomForest,0.453551912568306,0.0,0.0,0.0,0.5,0.14604112824488935,0.44430191353649895,0.1475967936580252,-2.3554753525500645,-0.5045389577260829
Vigitel obesity,vigitel_obesity,0,2,42,10116,Standard CTGAN,TSTR,CatBoost,0.453551912568306,0.0,0.0,0.0,0.5,0.15033787465015294,0.4364528703047484,0.14683406432052573,-2.472482382112446,-0.5589919064004407
Vigitel obesity,vigitel_obesity,0,2,42,10116,SepAware CTGAN,TSTR,LogisticRegression,0.47953922556462303,0.0730593607305936,0.16326530612244897,0.047058823529411764,0.498830616583983,0.21945761223544136,0.5933238837703756,0.14830050746506868,-1.0283835586766683,0.34232623179979377
Vigitel obesity,vigitel_obesity,0,2,42,10116,SepAware CTGAN,TSTR,RandomForest,0.4983428867488507,0.09852216748768473,0.30303030303030304,0.058823529411764705,0.5155563430191353,0.2565825909683812,0.6483912119064494,0.14156410766182864,-0.7432789263284031,0.5567963015372424
Vigitel obesity,vigitel_obesity,0,2,42,10116,SepAware CTGAN,TSTR,CatBoost,0.5483377728425417,0.21455938697318008,0.3076923076923077,0.16470588235294117,0.544401133947555,0.25404143083531816,0.6364812189936215,0.1509157346556515,-0.9823581198809249,0.34384631958519013
Vigitel obesity,vigitel_obesity,0,2,42,20116,Standard TVAE,TSTR,LogisticRegression,0.451333260177768,0.23076923076923078,0.16121495327102803,0.40588235294117647,0.48667611622962437,0.16111351048611477,0.48089298369950384,0.43633220970671593,-1.5903256129962797,-0.007530395729417238
Vigitel obesity,vigitel_obesity,0,2,42,20116,Standard TVAE,TSTR,RandomForest,0.5007274211876115,0.27255985267034993,0.19839142091152814,0.43529411764705883,0.5375265768958186,0.22728458461000411,0.5600354358610914,0.23808609749167442,-1.4902885019278662,0.18362649846221185
Vigitel obesity,vigitel_obesity,0,2,42,20116,Standard TVAE,TSTR,CatBoost,0.47779822872905925,0.2783171521035599,0.19196428571428573,0.5058823529411764,0.5348688873139618,0.20653392766063666,0.5654075124025514,0.36557439950840087,-1.5786395941070757,0.05389257201391846
Vigitel obesity,vigitel_obesity,0,2,42,20116,SepAware TVAE,TSTR,LogisticRegression,0.2566887990415092,0.28790786948176583,0.1720183486238532,0.8823529411764706,0.5062367115520907,0.16178757150431183,0.48233876683203397,0.7137332113121422,-1.5814546857394154,-0.00047253700663509404
Vigitel obesity,vigitel_obesity,0,2,42,20116,SepAware TVAE,TSTR,RandomForest,0.3457903663874504,0.3176593521421108,0.193138500635324,0.8941176470588236,0.564528703047484,0.19684321701785798,0.5713607370659107,0.636957293083009,-1.8955590207081716,0.03961156116827372
Vigitel obesity,vigitel_obesity,0,2,42,20116,SepAware TVAE,TSTR,CatBoost,0.38711477419295826,0.30927835051546393,0.19203413940256045,0.7941176470588235,0.5548901488306166,0.1747238927727262,0.5408504606661942,0.5680728593353487,-1.7336688448754274,0.04818885003822807
Vigitel obesity,vigitel_obesity,0,3,42,10153,Standard CTGAN,TSTR,LogisticRegression,0.453551912568306,0.0,0.0,0.0,0.5,0.19311026392545966,0.5379978738483344,0.14090927982797694,-0.6301952625383251,0.5984402746278598
Vigitel obesity,vigitel_obesity,0,3,42,10153,Standard CTGAN,TSTR,RandomForest,0.453551912568306,0.0,0.0,0.0,0.5,0.16285936846284219,0.48372430900070873,0.144402816606727,-1.6648761613570113,-0.05137525552790826
Vigitel obesity,vigitel_obesity,0,3,42,10153,Standard CTGAN,TSTR,CatBoost,0.453551912568306,0.0,0.0,0.0,0.5,0.16214264084772212,0.47094613749114106,0.1464103168762597,-1.941055698197757,-0.2086019477446609
Vigitel obesity,vigitel_obesity,0,3,42,10153,SepAware CTGAN,TSTR,LogisticRegression,0.5421551140319919,0.19327731092436976,0.3382352941176471,0.13529411764705881,0.5405386250885896,0.2746534600222141,0.653951098511694,0.1420464281742611,-0.7929653959322362,0.589050244719571
Vigitel obesity,vigitel_obesity,0,3,42,10153,SepAware CTGAN,TSTR,RandomForest,0.5573384342624639,0.2248995983935743,0.35443037974683544,0.16470588235294117,0.5516300496102056,0.2818543548326626,0.6678348688873139,0.1427723094521251,-0.8027577310169736,0.6288175355569158
Vigitel obesity,vigitel_obesity,0,3,42,10153,SepAware CTGAN,TSTR,CatBoost,0.585134850835334,0.29431438127090304,0.34108527131782945,0.25882352941176473,0.5782069454287739,0.28819830930534396,0.6742629340892983,0.15542584284883373,-1.0200511902046474,0.4093915979090514
Vigitel obesity,vigitel_obesity,0,3,42,20153,Standard TVAE,TSTR,LogisticRegression,0.5236838098590467,0.2698072805139186,0.21212121212121213,0.37058823529411766,0.5443302622253721,0.2123834541466152,0.5716761162296244,0.31794501907732114,-1.4869771014609703,0.022195495497564232
Vigitel obesity,vigitel_obesity,0,3,42,20153,Standard TVAE,TSTR,RandomForest,0.5270702711274985,0.27074235807860264,0.2152777777777778,0.36470588235294116,0.5462083628632176,0.2166207770380386,0.5876789510985118,0.2303375461636208,-1.4539296563194195,0.16733828065186915
Vigitel obesity,vigitel_obesity,0,3,42,20153,Standard TVAE,TSTR,CatBoost,0.42834658529885594,0.29172141918528255,0.18781725888324874,0.6529411764705882,0.53731396172927,0.2228328767915248,0.5820092133238838,0.44896982695363846,-1.6766614558639534,0.06650918400342073
Vigitel obesity,vigitel_obesity,0,3,42,20153,SepAware TVAE,TSTR,LogisticRegression,0.24629613417337604,0.30583873957367935,0.18151815181518152,0.9705882352941176,0.5371013465627215,0.17227443490473227,0.5221474131821403,0.7364482047356694,-2.188195908296738,0.05215646882590534
Vigitel obesity,vigitel_obesity,0,3,42,20153,SepAware TVAE,TSTR,RandomForest,0.290227057265362,0.31364956437560504,0.18771726535341832,0.9529411764705882,0.5541814316087881,0.20836271989705657,0.5780758327427356,0.42490221294128855,-1.8514604951982065,0.26424089259973077
Vigitel obesity,vigitel_obesity,0,3,42,20153,SepAware TVAE,TSTR,CatBoost,0.25836599336750077,0.3102803738317757,0.18444444444444444,0.9764705882352941,0.5460666194188518,0.19208144051609932,0.5682211197732105,0.7114385880846367,-2.1785534690527606,0.10850813653559362
Vigitel obesity,vigitel_obesity,0,4,42,10190,Standard CTGAN,TSTR,LogisticRegression,0.45325314379442316,0.0,0.0,0.0,0.5,0.21300376172844543,0.5769474953971175,0.14100314652508564,2.434725009151405,2.519255893547771
Vigitel obesity,vigitel_obesity,0,4,42,10190,Standard CTGAN,TSTR,RandomForest,0.45325314379442316,0.0,0.0,0.0,0.5,0.16661745681549348,0.49638823637299917,0.1448445219355326,-1.7068029977450918,-0.08350445090531552
Vigitel obesity,vigitel_obesity,0,4,42,10190,Standard CTGAN,TSTR,CatBoost,0.45325314379442316,0.0,0.0,0.0,0.5,0.15182590380555566,0.46597746880268626,0.1466167135590252,-1.900808813588749,-0.19429375905065682
Vigitel obesity,vigitel_obesity,0,4,42,10190,SepAware CTGAN,TSTR,LogisticRegression,0.47004843943211505,0.03389830508474576,0.5,0.017543859649122806,0.5069625208981441,0.29737119358426883,0.6536198759867099,0.13503340385297138,-0.3731402566112111,0.8024965510974414
Vigitel obesity,vigitel_obesity,0,4,42,10190,SepAware CTGAN,TSTR,RandomForest,0.4704445773524721,0.03409090909090909,0.6,0.017543859649122806,0.5075656572069498,0.29047688049042875,0.6741688358411106,0.1355172109052995,-0.33454055847487535,0.9348420952419657
Vigitel obesity,vigitel_obesity,0,4,42,10190,SepAware CTGAN,TSTR,CatBoost,0.5328849028400598,0.16666666666666666,0.4,0.10526315789473684,0.536346898609612,0.29821144858632487,0.6927002871069914,0.13517320912882866,-0.5251800998389223,0.7000179897513207
Vigitel obesity,vigitel_obesity,0,4,42,20190,Standard TVAE,TSTR,LogisticRegression,0.41523410202655486,0.22518518518518518,0.15079365079365079,0.4444444444444444,0.46407988205334405,0.15113757008884365,0.44904732680112025,0.4893712269285265,-1.5664544905118614,-0.01921582241923901
Vigitel obesity,vigitel_obesity,0,4,42,20190,Standard TVAE,TSTR,RandomForest,0.4907221717928691,0.24015748031496062,0.18100890207715134,0.3567251461988304,0.5118969518690171,0.18030246479849185,0.5092939425362764,0.22809647866287758,-1.526704882709628,0.07541456367886609
Vigitel obesity,vigitel_obesity,0,4,42,20190,Standard TVAE,TSTR,CatBoost,0.42363482874026714,0.2749326145552561,0.1786339754816112,0.5964912280701754,0.5153746852051722,0.17786501046606076,0.5016683244097376,0.45866683800944813,-1.5868981830817503,0.015624237412646695
Vigitel obesity,vigitel_obesity,0,4,42,20190,SepAware TVAE,TSTR,LogisticRegression,0.3137310887831601,0.28422152560083597,0.17302798982188294,0.7953216374269005,0.5056222179896868,0.16571111953783707,0.4940744502994519,0.659819134339589,-1.6042136884815419,0.003566973036091105
Vigitel obesity,vigitel_obesity,0,4,42,20190,SepAware TVAE,TSTR,RandomForest,0.4315446144288266,0.3263803680981595,0.20652173913043478,0.7777777777777778,0.5806862350891302,0.20790258916529628,0.5891089807349092,0.3338590889879408,-1.6907244370975316,0.29515532001174993
Vigitel obesity,vigitel_obesity,0,4,42,20190,SepAware TVAE,TSTR,CatBoost,0.4187906525077897,0.3217286914765906,0.20241691842900303,0.783625730994152,0.5733568944476188,0.18271534694308683,0.5666659612440833,0.5297059141204028,-1.7185570732512576,0.05368707746479279
Vigitel obesity,vigitel_obesity,1,0,43,10043,Standard CTGAN,TSTR,LogisticRegression,0.453551912568306,0.0,0.0,0.0,0.5,0.22488691988693926,0.5810701630049611,0.13988960584972868,1.301783637146103,1.778625185479542
Vigitel obesity,vigitel_obesity,1,0,43,10043,Standard CTGAN,TSTR,RandomForest,0.453551912568306,0.0,0.0,0.0,0.5,0.20655106200830553,0.5433664068036853,0.1409976431864835,-0.7593850147370437,0.5297287952251938
Vigitel obesity,vigitel_obesity,1,0,43,10043,Standard CTGAN,TSTR,CatBoost,0.453551912568306,0.0,0.0,0.0,0.5,0.2141307100961452,0.539624379872431,0.1410516769917065,-0.8575423024760204,0.4375030291849523
Vigitel obesity,vigitel_obesity,1,0,43,10043,SepAware CTGAN,TSTR,LogisticRegression,0.517084478021978,0.1346153846153846,0.3684210526315789,0.08235294117647059,0.526718639262934,0.27683427168093927,0.6500779588944012,0.13767042425290144,-0.6108914203195028,0.6150198705955549
Vigitel obesity,vigitel_obesity,1,0,43,10043,SepAware CTGAN,TSTR,RandomForest,0.5152048193409434,0.13270142180094788,0.34146341463414637,0.08235294117647059,0.5249114103472714,0.29082814127046297,0.6789369241672573,0.1364069098387612,-0.5907128346724371,0.719541988195031
Vigitel obesity,vigitel_obesity,1,0,43,10043,SepAware CTGAN,TSTR,CatBoost,0.5628194780737154,0.2288135593220339,0.4090909090909091,0.1588235294117647,0.5559177888022679,0.292058498462165,0.6784408221119773,0.14017259100305762,-0.7380262566456761,0.5611004349397511
Vigitel obesity,vigitel_obesity,1,0,43,20043,Standard TVAE,TSTR,LogisticRegression,0.5317012253817935,0.18796992481203006,0.2604166666666667,0.14705882352941177,0.5307583274273565,0.20833782363688014,0.5552374202693126,0.2040266422846678,-1.3313231805276533,0.028383238736278748
Vigitel obesity,vigitel_obesity,1,0,43,20043,Standard TVAE,TSTR,RandomForest,0.5830041646799249,0.30903790087463556,0.3063583815028902,0.31176470588235294,0.5835931963146704,0.2808009403227097,0.6456945428773919,0.16531766677094625,-1.1683349390543916,0.35118790654787974
Vigitel obesity,vigitel_obesity,1,0,43,20043,Standard TVAE,TSTR,CatBoost,0.5135158001607513,0.3257328990228013,0.22522522522522523,0.5882352941176471,0.5868887313961729,0.25410855721035397,0.6304677533664069,0.33147488026054844,-1.5474811184954365,0.11916851163708914
Vigitel obesity,vigitel_obesity,1,0,43,20043,SepAware TVAE,TSTR,LogisticRegression,0.3964194373401535,0.3058823529411765,0.19117647058823528,0.7647058823529411,0.5510276399716513,0.1890364830356494,0.5599468462083629,0.5485402339428462,-1.7262128490610835,0.03222594821404127
Vigitel obesity,vigitel_obesity,1,0,43,20043,SepAware TVAE,TSTR,RandomForest,0.4362030919355482,0.28454172366621067,0.18538324420677363,0.611764705882353,0.5305811481218994,0.22655068376587711,0.5701523742026932,0.3665503248897868,-1.6081051183506854,0.10619729422642762
Vigitel obesity,vigitel_obesity,1,0,43,20043,SepAware TVAE,TSTR,CatBoost,0.4362030919355482,0.28454172366621067,0.18538324420677363,0.611764705882353,0.5305811481218994,0.17266371699346783,0.5433699503897944,0.49800371499411944,-1.6199044533241695,0.037291232928665485
Vigitel obesity,vigitel_obesity,1,1,43,10080,Standard CTGAN,TSTR,LogisticRegression,0.453551912568306,0.0,0.0,0.0,0.5,0.20075808004850282,0.5594046775336641,0.1402514595635324,0.38288675643228137,1.2176004793000899
Vigitel obesity,vigitel_obesity,1,1,43,10080,Standard CTGAN,TSTR,RandomForest,0.453551912568306,0.0,0.0,0.0,0.5,0.18242113129284665,0.515797306874557,0.14282663743782678,-1.2694963638093264,0.20015829332357715
Vigitel obesity,vigitel_obesity,1,1,43,10080,Standard CTGAN,TSTR,CatBoost,0.453551912568306,0.0,0.0,0.0,0.5,0.16206638525838346,0.4978490432317505,0.14317804567573097,-1.3918148032529227,0.11728364226628694
Vigitel obesity,vigitel_obesity,1,1,43,10080,SepAware CTGAN,TSTR,LogisticRegression,0.5305436981541172,0.17094017094017094,0.3125,0.11764705882352941,0.5323175053153791,0.2646147914409298,0.6394684620836286,0.14492752765217926,-0.8552913127400941,0.4640003096085655
Vigitel obesity,vigitel_obesity,1,1,43,10080,SepAware CTGAN,TSTR,RandomForest,0.5425519997012584,0.19672131147540983,0.32432432432432434,0.1411764705882353,0.5404677533664068,0.279584723505702,0.6406024096385542,0.14448071254787992,-0.9127649846881541,0.4716026946499248
Vigitel obesity,vigitel_obesity,1,1,43,10080,SepAware CTGAN,TSTR,CatBoost,0.5598006644518272,0.24285714285714285,0.3090909090909091,0.2,0.5542168674698795,0.28687763542704725,0.6469241672572643,0.1498494766522193,-0.9747493060073056,0.3855908220633051
Vigitel obesity,vigitel_obesity,1,1,43,20080,Standard TVAE,TSTR,LogisticRegression,0.42999156387514537,0.2698191933240612,0.1766848816029144,0.5705882352941176,0.5130049610205528,0.1624233618523438,0.49824592487597447,0.5012271675946107,-1.5971908794091934,0.003855796299612093
Vigitel obesity,vigitel_obesity,1,1,43,20080,Standard TVAE,TSTR,RandomForest,0.53821687508643,0.33687943262411346,0.24111675126903553,0.5588235294117647,0.5992912827781716,0.25219297082821734,0.6012650602409638,0.23906612343955747,-1.5070511270155849,0.2344075888458484
Vigitel obesity,vigitel_obesity,1,1,43,20080,Standard TVAE,TSTR,CatBoost,0.41885744865877317,0.29797979797979796,0.18971061093247588,0.6941176470588235,0.5434443656980865,0.2563503646460046,0.5822608079376328,0.48524934449861634,-1.726628974370608,0.08342610530762354
Vigitel obesity,vigitel_obesity,1,1,43,20080,SepAware TVAE,TSTR,LogisticRegression,0.28751836241299117,0.3060428849902534,0.18341121495327103,0.9235294117647059,0.5406803685329553,0.1820557174724853,0.5445747696669029,0.6963044586656284,-1.9613016121166627,0.03781108489174638
Vigitel obesity,vigitel_obesity,1,1,43,20080,SepAware TVAE,TSTR,RandomForest,0.3219566052227343,0.3165322580645161,0.19099756690997566,0.9235294117647059,0.5611622962437988,0.24798083828482942,0.6216265060240964,0.4617775911577169,-2.0624873720807724,0.40326387316258844
Vigitel obesity,vigitel_obesity,1,1,43,20080,SepAware TVAE,TSTR,CatBoost,0.347302333369093,0.31401475237091675,0.19127086007702182,0.8764705882352941,0.5587172218284904,0.18917737329064216,0.5432707299787385,0.6473963339504103,-1.8839098581629752,0.06251751150045341
Vigitel obesity,vigitel_obesity,1,2,43,10117,Standard CTGAN,TSTR,LogisticRegression,0.453551912568306,0.0,0.0,0.0,0.5,0.22081075854174062,0.5825301204819278,0.13991230011195507,1.6038867565837847,2.0396776878453298
Vigitel obesity,vigitel_obesity,1,2,43,10117,Standard CTGAN,TSTR,RandomForest,0.453551912568306,0.0,0.0,0.0,0.5,0.19988318061077331,0.5527923458540043,0.14213710407181412,-0.9741943619101948,0.40395439029489233
Vigitel obesity,vigitel_obesity,1,2,43,10117,Standard CTGAN,TSTR,CatBoost,0.4642145135566188,0.022727272727272728,0.3333333333333333,0.011764705882352941,0.5034727143869596,0.19373486373586196,0.500326009922041,0.14526868011477373,-1.502201003962958,0.04828264004428997
Vigitel obesity,vigitel_obesity,1,2,43,10117,SepAware CTGAN,TSTR,LogisticRegression,0.5930653264740298,0.3460559796437659,0.30493273542600896,0.4,0.6066265060240964,0.2889947407828632,0.6735364989369241,0.1694039694345084,-1.1676903138249972,0.5055508375246613
Vigitel obesity,vigitel_obesity,1,2,43,10117,SepAware CTGAN,TSTR,RandomForest,0.589466893437335,0.2975778546712803,0.36134453781512604,0.2529411764705882,0.5806874557051735,0.30049053144072724,0.6941389085754784,0.14791940926369518,-0.8560633443916106,0.807343013268594
Vigitel obesity,vigitel_obesity,1,2,43,10117,SepAware CTGAN,TSTR,CatBoost,0.5844155844155844,0.3142857142857143,0.3055555555555556,0.3235294117647059,0.5864635010630759,0.30074691324646763,0.6769383416017009,0.16140328222691327,-1.1075527318896232,0.48549785840453896
Vigitel obesity,vigitel_obesity,1,2,43,20117,Standard TVAE,TSTR,LogisticRegression,0.5007300645282842,0.15873015873015872,0.1724137931034483,0.14705882352941177,0.5012402551381998,0.19034433772990308,0.518384124734231,0.24138658421584508,-1.516879055998705,0.009380888082817389
Vigitel obesity,vigitel_obesity,1,2,43,20117,Standard TVAE,TSTR,RandomForest,0.5533852949511766,0.29836829836829837,0.2471042471042471,0.3764705882352941,0.5707654145995747,0.26358720726794793,0.6233876683203401,0.19706660460032666,-1.3696676377965578,0.36638981812694865
Vigitel obesity,vigitel_obesity,1,2,43,20117,Standard TVAE,TSTR,CatBoost,0.43317936271823376,0.3169811320754717,0.2016,0.7411764705882353,0.5699858256555634,0.2530114930905213,0.6030049610205528,0.46028529577579064,-1.690919024323645,0.09592807313389062
Vigitel obesity,vigitel_obesity,1,2,43,20117,SepAware TVAE,TSTR,LogisticRegression,0.26087508788985336,0.2512664640324215,0.15177478580171358,0.7294117647058823,0.44723600283486886,0.15096436933952237,0.43753720765414594,0.7198838008741643,-1.3707259924472732,-0.028433504631383725
Vigitel obesity,vigitel_obesity,1,2,43,20117,SepAware TVAE,TSTR,RandomForest,0.33670748800220895,0.32277834525025534,0.19530284301606923,0.9294117647058824,0.572537207654146,0.2241516745064788,0.6126470588235294,0.4462239094850525,-2.1595695667133255,0.5113941560517333
Vigitel obesity,vigitel_obesity,1,2,43,20117,SepAware TVAE,TSTR,CatBoost,0.34637186336068965,0.32610939112487103,0.19774718397997496,0.9294117647058824,0.5785613040396882,0.16709780052964934,0.5288625088589654,0.6358553005789723,-1.8939853851671653,0.07775637866328682
Vigitel obesity,vigitel_obesity,1,3,43,10154,Standard CTGAN,TSTR,LogisticRegression,0.453551912568306,0.0,0.0,0.0,0.5,0.16732600416299517,0.5156874557051736,0.14167027134650648,-1.2214329871314344,0.22775918733477732
Vigitel obesity,vigitel_obesity,1,3,43,10154,Standard CTGAN,TSTR,RandomForest,0.453551912568306,0.0,0.0,0.0,0.5,0.20127001192308908,0.5420729978738483,0.14262795905972872,-1.1116670739164431,0.31836369888626814
Vigitel obesity,vigitel_obesity,1,3,43,10154,Standard CTGAN,TSTR,CatBoost,0.452354874041621,0.0,0.0,0.0,0.4975903614457831,0.19038009596160918,0.550272856130404,0.1426782075247527,-1.0415494149734796,0.34853488524742215
Vigitel obesity,vigitel_obesity,1,3,43,10154,SepAware CTGAN,TSTR,LogisticRegression,0.5519988756050211,0.22137404580152673,0.31521739130434784,0.17058823529411765,0.5473423104181432,0.2606412910740886,0.6425761871013465,0.15099400867271073,-0.9677195137933283,0.43823579686689657
Vigitel obesity,vigitel_obesity,1,3,43,10154,SepAware CTGAN,TSTR,RandomForest,0.5628296449350225,0.24150943396226415,0.3368421052631579,0.18823529411764706,0.5561658398299079,0.2770439976708694,0.6639085754783842,0.14577795583401001,-0.8496693952316656,0.5528643282151908
Vigitel obesity,vigitel_obesity,1,3,43,10154,SepAware CTGAN,TSTR,CatBoost,0.5669051361842739,0.2602739726027397,0.3114754098360656,0.2235294117647059,0.5611622962437988,0.2860574960083954,0.6703649893692416,0.15361181987650752,-0.9839343716475281,0.4286381793723158
Vigitel obesity,vigitel_obesity,1,3,43,20154,Standard TVAE,TSTR,LogisticRegression,0.5305799663370858,0.1897810218978102,0.25,0.15294117647058825,0.5294826364280651,0.21550808366175472,0.5583203401842665,0.19801664537965968,-1.3361125167750294,0.03749147588300077
Vigitel obesity,vigitel_obesity,1,3,43,20154,Standard TVAE,TSTR,RandomForest,0.5249441997948965,0.3102189781021898,0.22486772486772486,0.5,0.5734939759036144,0.22685266850357647,0.6118922749822822,0.24655107178587507,-1.5099462907068888,0.272347937212183
Vigitel obesity,vigitel_obesity,1,3,43,20154,Standard TVAE,TSTR,CatBoost,0.3637928799076143,0.3186221743810549,0.19499341238471674,0.8705882352941177,0.5672218284904323,0.20552827440142296,0.5725407512402552,0.5731604476858331,-1.8298556324012274,0.0768277513796406
Vigitel obesity,vigitel_obesity,1,3,43,20154,SepAware TVAE,TSTR,LogisticRegression,0.35081901316450603,0.3053763440860215,0.1868421052631579,0.8352941176470589,0.5453579021970234,0.1818507388092792,0.5452161587526577,0.6183609639046401,-1.8002794806038447,0.029066138470601965
Vigitel obesity,vigitel_obesity,1,3,43,20154,SepAware TVAE,TSTR,RandomForest,0.2791250041357571,0.31588962892483347,0.188422247446084,0.9764705882352941,0.557512402551382,0.2314100599372429,0.6230439404677534,0.4062139712761027,-2.3997122906315544,0.8878005135484065
Vigitel obesity,vigitel_obesity,1,3,43,20154,SepAware TVAE,TSTR,CatBoost,0.27063027777248283,0.3122043519394513,0.18602029312288612,0.9705882352941176,0.5503543586109142,0.20700247342457834,0.5717399007795889,0.6975181589338988,-2.28319699374279,0.12922153215462617
Vigitel obesity,vigitel_obesity,1,4,43,10191,Standard CTGAN,TSTR,LogisticRegression,0.45325314379442316,0.0,0.0,0.0,0.5,0.2819436560578845,0.6508757821372894,0.13869136141969232,3.4787267769228616,3.161772920006809
Vigitel obesity,vigitel_obesity,1,4,43,10191,Standard CTGAN,TSTR,RandomForest,0.45325314379442316,0.0,0.0,0.0,0.5,0.20801842910590107,0.5492455505470552,0.14152686197464676,-0.6824120436315231,0.5806787535377665
Vigitel obesity,vigitel_obesity,1,4,43,10191,Standard CTGAN,TSTR,CatBoost,0.458649645604361,0.011494252873563218,0.3333333333333333,0.005847953216374269,0.5017177039905756,0.20024373018367758,0.5122461360477993,0.14333890159943855,-1.311681092558641,0.1612517975853549
Vigitel obesity,vigitel_obesity,1,4,43,10191,SepAware CTGAN,TSTR,LogisticRegression,0.5889847924373202,0.3333333333333333,0.30434782608695654,0.3684210526315789,0.5973588978477556,0.2861079484073079,0.6722007068334286,0.17163249642307377,-1.1685321703788432,0.4438831330317587
Vigitel obesity,vigitel_obesity,1,4,43,10191,SepAware CTGAN,TSTR,RandomForest,0.6211849335279247,0.35374149659863946,0.42276422764227645,0.30409356725146197,0.6092241057005199,0.3044471737447153,0.6925274585740587,0.1458089577983914,-0.848689972093971,0.7036440963675736
Vigitel obesity,vigitel_obesity,1,4,43,10191,SepAware CTGAN,TSTR,CatBoost,0.5770366882143927,0.30422535211267604,0.29347826086956524,0.3157894736842105,0.5794870166973525,0.2885334089819179,0.678006334694799,0.16423213932929645,-1.1183627933135094,0.42572341995167007
Vigitel obesity,vigitel_obesity,1,4,43,20191,Standard TVAE,TSTR,LogisticRegression,0.5215686274509804,0.18666666666666668,0.21705426356589147,0.16374269005847952,0.520954577839855,0.19380742156403363,0.5103026968305363,0.224129015200398,-1.510443073043869,0.008975443385709908
Vigitel obesity,vigitel_obesity,1,4,43,20191,Standard TVAE,TSTR,RandomForest,0.5614035087719298,0.2894736842105263,0.2631578947368421,0.3216374269005848,0.5679357218942007,0.23782914320005089,0.6427034615086167,0.17372915083026672,-1.1955659328154564,0.4231463744520218
Vigitel obesity,vigitel_obesity,1,4,43,20191,Standard TVAE,TSTR,CatBoost,0.4745514226033707,0.3305785123966942,0.21621621621621623,0.7017543859649122,0.5885128986519375,0.23932140513439654,0.6159009304523875,0.4106335994208495,-1.645093009460087,0.10279952880625368
Vigitel obesity,vigitel_obesity,1,4,43,20191,SepAware TVAE,TSTR,LogisticRegression,0.5263365753245484,0.3079777365491651,0.22554347826086957,0.4853801169590643,0.5707962104698819,0.2569292205234391,0.6085045746654533,0.3431212287318919,-1.5053974308606226,0.038955290406992416
Vigitel obesity,vigitel_obesity,1,4,43,20191,SepAware TVAE,TSTR,RandomForest,0.3743566568752981,0.3336898395721925,0.20418848167539266,0.9122807017543859,0.5894334751232726,0.23105965070999324,0.6215125671033234,0.4626731175502764,-1.9994421082840832,0.3471285867431842
Vigitel obesity,vigitel_obesity,1,4,43,20191,SepAware TVAE,TSTR,CatBoost,0.3832236842105263,0.32894736842105265,0.20242914979757085,0.8771929824561403,0.5821429327238482,0.1952947911184379,0.5767887753158529,0.5618092613688807,-1.7259138528029663,0.0739677614910319
Vigitel obesity,vigitel_obesity,2,0,44,10044,Standard CTGAN,TSTR,LogisticRegression,0.453551912568306,0.0,0.0,0.0,0.5,0.16039320881624722,0.4896669029057406,0.14221986929704064,-2.003245319734609,-0.26910156223082715
Vigitel obesity,vigitel_obesity,2,0,44,10044,Standard CTGAN,TSTR,RandomForest,0.453551912568306,0.0,0.0,0.0,0.5,0.1604493190783875,0.49888022678951094,0.14612793583316006,-1.6172696800884647,-0.021128193938328765
Vigitel obesity,vigitel_obesity,2,0,44,10044,Standard CTGAN,TSTR,CatBoost,0.453551912568306,0.0,0.0,0.0,0.5,0.17945307526345947,0.5507016300496101,0.14262514972080503,-1.0013889661595832,0.3587369950790021
Vigitel obesity,vigitel_obesity,2,0,44,10044,SepAware CTGAN,TSTR,LogisticRegression,0.5445156984242949,0.2047244094488189,0.30952380952380953,0.15294117647058825,0.5415308291991495,0.24911493608063903,0.6286534372785259,0.1524650467308523,-1.0286861049967517,0.3981467265194465
Vigitel obesity,vigitel_obesity,2,0,44,10044,SepAware CTGAN,TSTR,RandomForest,0.526366796126409,0.1630901287553648,0.30158730158730157,0.11176470588235295,0.5293763288447909,0.24856776525871838,0.6311339475549256,0.1454803520014376,-0.8985561542466178,0.49322624265700277
Vigitel obesity,vigitel_obesity,2,0,44,10044,SepAware CTGAN,TSTR,CatBoost,0.5524645206173868,0.2271062271062271,0.30097087378640774,0.18235294117647058,0.5478029766123317,0.2552777551988718,0.6531785967399008,0.15393865579923058,-1.004260318522953,0.38257969602579633
Vigitel obesity,vigitel_obesity,2,0,44,20044,Standard TVAE,TSTR,LogisticRegression,0.5092838196286472,0.14615384615384616,0.2111111111111111,0.11176470588235295,0.513111268603827,0.20052954183080285,0.5699433026222538,0.20556445539818288,-1.2624832569291382,0.040202305733159235
Vigitel obesity,vigitel_obesity,2,0,44,20044,Standard TVAE,TSTR,RandomForest,0.5534529734207444,0.2774869109947644,0.25,0.31176470588235294,0.560099220411056,0.2359920967239759,0.6298547129695251,0.1874195089872807,-1.3126659471186592,0.25894575490129906
Vigitel obesity,vigitel_obesity,2,0,44,20044,Standard TVAE,TSTR,CatBoost,0.5106490121152878,0.31735537190082647,0.2206896551724138,0.5647058823529412,0.578136073706591,0.2335503076510612,0.6203579021970234,0.3354714640858504,-1.5416589662713764,0.09073525462315214
Vigitel obesity,vigitel_obesity,2,0,44,20044,SepAware TVAE,TSTR,LogisticRegression,0.3778049775601795,0.29069767441860467,0.18115942028985507,0.7352941176470589,0.5272856130403969,0.1787354685683829,0.5382813607370659,0.5554224605097717,-1.6758147050767243,0.021818351617353866
Vigitel obesity,vigitel_obesity,2,0,44,20044,SepAware TVAE,TSTR,RandomForest,0.37850850111585976,0.3200883002207506,0.19701086956521738,0.8529411764705882,0.5704464918497519,0.21666178961193494,0.593405386250886,0.4689818211978851,-1.8736195757670593,0.2383922653651729
Vigitel obesity,vigitel_obesity,2,0,44,20044,SepAware TVAE,TSTR,CatBoost,0.3824483950227968,0.3188405797101449,0.19669876203576342,0.8411764705882353,0.568781006378455,0.20155284572059753,0.5708894401133948,0.5413945466124664,-1.69992409122262,0.052964627011760426
Vigitel obesity,vigitel_obesity,2,1,44,10081,Standard CTGAN,TSTR,LogisticRegression,0.453551912568306,0.0,0.0,0.0,0.5,0.190651308479158,0.5472785258681786,0.14070285888093015,0.22112533201169313,1.1551016987271017
Vigitel obesity,vigitel_obesity,2,1,44,10081,Standard CTGAN,TSTR,RandomForest,0.453551912568306,0.0,0.0,0.0,0.5,0.17674204588947193,0.5106165839829908,0.14379222927129548,-1.5189287836132481,0.0411406376669657
Vigitel obesity,vigitel_obesity,2,1,44,10081,Standard CTGAN,TSTR,CatBoost,0.453551912568306,0.0,0.0,0.0,0.5,0.1759116782089753,0.49081502480510275,0.14388457252944828,-1.7182900219603154,-0.08294558774636393
Vigitel obesity,vigitel_obesity,2,1,44,10081,SepAware CTGAN,TSTR,LogisticRegression,0.5468254340318472,0.21011673151750973,0.3103448275862069,0.1588235294117647,0.5432671863926293,0.24142054519569983,0.6130687455705174,0.15065285144704962,-1.0049525537576756,0.38593007235307186
Vigitel obesity,vigitel_obesity,2,1,44,10081,SepAware CTGAN,TSTR,RandomForest,0.5631791199619341,0.2582781456953642,0.29545454545454547,0.22941176470588234,0.558681785967399,0.2573610381910011,0.6202197023387668,0.15507051604473274,-1.0680618353971882,0.39413309647509814
Vigitel obesity,vigitel_obesity,2,1,44,10081,SepAware CTGAN,TSTR,CatBoost,0.5738349079772327,0.2891566265060241,0.2962962962962963,0.2823529411764706,0.5725017717930545,0.2638140022816501,0.6345145287030475,0.16383823391659547,-1.1193030795685497,0.33478799097050665
Vigitel obesity,vigitel_obesity,2,1,44,20081,Standard TVAE,TSTR,LogisticRegression,0.5756930478331165,0.3189873417721519,0.28,0.37058823529411766,0.5877037562012757,0.23271211854057045,0.6043054571226081,0.23930196383997718,-1.3506940879701708,0.07332506546289885
Vigitel obesity,vigitel_obesity,2,1,44,20081,Standard TVAE,TSTR,RandomForest,0.5542650997904629,0.3184713375796178,0.24916943521594684,0.4411764705882353,0.5844436569808646,0.24258492509817925,0.6066867469879518,0.2165545911868908,-1.4370473695679988,0.32544408563075
Vigitel obesity,vigitel_obesity,2,1,44,20081,Standard TVAE,TSTR,CatBoost,0.3434235599674819,0.31125131440588855,0.18950064020486557,0.8705882352941177,0.5539688164422396,0.22217494707271457,0.612661233167966,0.542023966750563,-1.9928730209662595,0.14537326974278478
Vigitel obesity,vigitel_obesity,2,1,44,20081,SepAware TVAE,TSTR,LogisticRegression,0.382596198395161,0.2819593787335723,0.17691154422788605,0.6941176470588235,0.5163359319631466,0.17477772201815367,0.5009709425939051,0.560435925926573,-1.595200937933272,0.0026943365486616134
Vigitel obesity,vigitel_obesity,2,1,44,20081,SepAware TVAE,TSTR,RandomForest,0.3648636074938003,0.2975391498881432,0.18370165745856354,0.7823529411764706,0.5351523742026931,0.17834219973447732,0.5285683912119065,0.4331974533095389,-1.6340633873734274,0.04575989228734996
Vigitel obesity,vigitel_obesity,2,1,44,20081,SepAware TVAE,TSTR,CatBoost,0.3696969696969697,0.30666666666666664,0.18904109589041096,0.8117647058823529,0.5492558469170801,0.2105754568926945,0.5581537916371367,0.5873357648124012,-1.6721671634093143,0.041775536406924364
Vigitel obesity,vigitel_obesity,2,2,44,10118,Standard CTGAN,TSTR,LogisticRegression,0.453551912568306,0.0,0.0,0.0,0.5,0.25262100644687585,0.6275584691708009,0.1380391679304855,1.4827886686393144,1.902279290977166
Vigitel obesity,vigitel_obesity,2,2,44,10118,Standard CTGAN,TSTR,RandomForest,0.453551912568306,0.0,0.0,0.0,0.5,0.21507499412642922,0.5785931963146704,0.14014658749073636,-0.5924333045835986,0.6261117889126869
Vigitel obesity,vigitel_obesity,2,2,44,10118,Standard CTGAN,TSTR,CatBoost,0.453551912568306,0.0,0.0,0.0,0.5,0.23526087222179096,0.5651913536498937,0.13955304076941344,-0.43976209907504743,0.6978642447118398
Vigitel obesity,vigitel_obesity,2,2,44,10118,SepAware CTGAN,TSTR,LogisticRegression,0.5563621697922968,0.2413793103448276,0.2916666666666667,0.20588235294117646,0.5517363571934798,0.2760919131377298,0.670846917080085,0.14879014647830605,-0.9129941147958857,0.5789159566801259
Vigitel obesity,vigitel_obesity,2,2,44,10118,SepAware CTGAN,TSTR,RandomForest,0.5527512677781371,0.21686746987951808,0.34177215189873417,0.1588235294117647,0.548086463501063,0.28361231154245714,0.6918745570517364,0.14272126660139228,-0.6902989160620153,0.8743473552456165
Vigitel obesity,vigitel_obesity,2,2,44,10118,SepAware CTGAN,TSTR,CatBoost,0.6190092803588501,0.3652694610778443,0.3719512195121951,0.3588235294117647,0.617363571934798,0.3029947409904683,0.6903649893692416,0.1564971299445803,-1.0853217331750746,0.5446085005555068
Vigitel obesity,vigitel_obesity,2,2,44,20118,Standard TVAE,TSTR,LogisticRegression,0.45148890764873006,0.30997304582210244,0.20104895104895104,0.6764705882352942,0.56293408929837,0.2087991138216355,0.5924238128986534,0.48061987451036026,-1.7087329282379249,0.038911872974658146
Vigitel obesity,vigitel_obesity,2,2,44,20118,Standard TVAE,TSTR,RandomForest,0.5166613729578944,0.34169278996865204,0.2329059829059829,0.6411764705882353,0.6043231750531538,0.22709356656320812,0.6091743444365698,0.3092268810210842,-1.5927000792328199,0.13157247956250268
Vigitel obesity,vigitel_obesity,2,2,44,20118,Standard TVAE,TSTR,CatBoost,0.5145448825910617,0.2829827915869981,0.2096317280453258,0.43529411764705883,0.5495747696669029,0.2306026928681103,0.6171970233876684,0.32778368244615463,-1.5243769437397459,0.07640119048305927
Vigitel obesity,vigitel_obesity,2,2,44,20118,SepAware TVAE,TSTR,LogisticRegression,0.2878974572338417,0.2964426877470356,0.17814726840855108,0.8823529411764706,0.5243090007087172,0.18506840053188572,0.5429943302622254,0.6930028930911458,-1.83323118901316,0.02733824705596966
Vigitel obesity,vigitel_obesity,2,2,44,20118,SepAware TVAE,TSTR,RandomForest,0.36447761164060155,0.3244397011739594,0.1981747066492829,0.8941176470588236,0.5765768958185684,0.2114110262800103,0.5997200566973777,0.6110925198704171,-1.8399314785452563,0.052145810457921216
Vigitel obesity,vigitel_obesity,2,2,44,20118,SepAware TVAE,TSTR,CatBoost,0.4138455002940984,0.3294392523364486,0.2055393586005831,0.8294117647058824,0.586392629340893,0.18137391590858876,0.5691672572643515,0.508687545645945,-1.727037702386196,0.0674053277555112
Vigitel obesity,vigitel_obesity,2,3,44,10155,Standard CTGAN,TSTR,LogisticRegression,0.453551912568306,0.0,0.0,0.0,0.5,0.18194009684018192,0.5230120481927711,0.14118221989018126,-0.9474951060799629,0.40167915915190566
Vigitel obesity,vigitel_obesity,2,3,44,10155,Standard CTGAN,TSTR,RandomForest,0.453551912568306,0.0,0.0,0.0,0.5,0.1952917104725504,0.4890574060949681,0.14373861959441825,-1.6237464213763353,-0.023786371041895345
Vigitel obesity,vigitel_obesity,2,3,44,10155,Standard CTGAN,TSTR,CatBoost,0.45295404814004375,0.0,0.0,0.0,0.4987951807228916,0.1784533698089982,0.479227498228207,0.14532248579751605,-1.762908116663312,-0.09630908393080675
Vigitel obesity,vigitel_obesity,2,3,44,10155,SepAware CTGAN,TSTR,LogisticRegression,0.5454915653217945,0.18779342723004694,0.46511627906976744,0.11764705882352941,0.5449681077250177,0.2881520375908423,0.6381644223954642,0.13808962388589793,-0.6741130025198708,0.6087619635572005
Vigitel obesity,vigitel_obesity,2,3,44,10155,SepAware CTGAN,TSTR,RandomForest,0.5469475591799751,0.1926605504587156,0.4375,0.12352941176470589,0.5454996456413891,0.3087235896762689,0.654103472714387,0.1369877051811893,-0.6251224987575323,0.718522317499396
Vigitel obesity,vigitel_obesity,2,3,44,10155,SepAware CTGAN,TSTR,CatBoost,0.5767001815388912,0.26515151515151514,0.3723404255319149,0.20588235294117646,0.5673990077958895,0.28537811645356626,0.6549184975194899,0.1448403735452009,-0.8825097519198764,0.4506394524731467
Vigitel obesity,vigitel_obesity,2,3,44,20155,Standard TVAE,TSTR,LogisticRegression,0.519263310071694,0.20630372492836677,0.2011173184357542,0.21176470588235294,0.5197377746279235,0.19104518109720714,0.5491743444365698,0.24575075799842244,-1.4311481220837192,0.02865298232134326
Vigitel obesity,vigitel_obesity,2,3,44,20155,Standard TVAE,TSTR,RandomForest,0.5331946646896087,0.23163841807909605,0.22282608695652173,0.2411764705882353,0.5344436569808646,0.22028420952750924,0.6160878809355067,0.18763738990604698,-1.3334611375722856,0.18359030273298296
Vigitel obesity,vigitel_obesity,2,3,44,20155,Standard TVAE,TSTR,CatBoost,0.5086481461188506,0.31751227495908346,0.2199546485260771,0.5705882352941176,0.5780652019844081,0.2137279315594406,0.6059992912827782,0.33034453204380626,-1.5340400530510954,0.09073175280996142
Vigitel obesity,vigitel_obesity,2,3,44,20155,SepAware TVAE,TSTR,LogisticRegression,0.394806338028169,0.3125,0.19452449567723343,0.7941176470588235,0.5603118355776044,0.20985038275637924,0.5901559177888023,0.5659207013465201,-1.8464746787494848,0.04297220871529152
Vigitel obesity,vigitel_obesity,2,3,44,20155,SepAware TVAE,TSTR,RandomForest,0.3690826381186607,0.3261802575107296,0.1994750656167979,0.8941176470588236,0.5795889440113395,0.2416683147003871,0.6268851878100637,0.612317860388431,-2.0717762496473657,0.1221748448872953
Vigitel obesity,vigitel_obesity,2,3,44,20155,SepAware TVAE,TSTR,CatBoost,0.37347580138277814,0.3264864864864865,0.2,0.888235294117647,0.5802622253720765,0.20257961402364363,0.5876257973068746,0.5918629583845518,-1.8214024636738004,0.07596049112768664
Vigitel obesity,vigitel_obesity,2,4,44,10192,Standard CTGAN,TSTR,LogisticRegression,0.45325314379442316,0.0,0.0,0.0,0.5,0.1848525104653262,0.526403967296609,0.14192287150649827,-0.9075725009700564,0.4187409771416718
Vigitel obesity,vigitel_obesity,2,4,44,10192,Standard CTGAN,TSTR,RandomForest,0.45325314379442316,0.0,0.0,0.0,0.5,0.1969218552293197,0.5162740989990053,0.1431508086134523,-1.1992350331587251,0.24334604567485218
Vigitel obesity,vigitel_obesity,2,4,44,10192,Standard CTGAN,TSTR,CatBoost,0.4583170254403131,0.011428571428571429,0.25,0.005847953216374269,0.5011145676817698,0.16612285271014288,0.44705803511593617,0.14697578736461991,-2.1448195581933054,-0.3429784187122425
Vigitel obesity,vigitel_obesity,2,4,44,10192,SepAware CTGAN,TSTR,LogisticRegression,0.5267605633802817,0.16,0.3333333333333333,0.10526315789473684,0.53091867183036,0.2923946131957827,0.6866689240189335,0.13652217229171443,-0.5221318721134672,0.741369149491944
Vigitel obesity,vigitel_obesity,2,4,44,10192,SepAware CTGAN,TSTR,RandomForest,0.49041501614624244,0.08121827411167512,0.3076923076923077,0.04678362573099415,0.5125353593069928,0.30026866003763075,0.6883337213157541,0.1372170958111987,-0.5548674914930694,0.8364539196213698
Vigitel obesity,vigitel_obesity,2,4,44,10192,SepAware CTGAN,TSTR,CatBoost,0.5959379485702677,0.29571984435797666,0.4418604651162791,0.2222222222222222,0.5821605682884332,0.31389107082494655,0.6924816061061378,0.13966242966479972,-0.7759518882452888,0.6019461004128503
Vigitel obesity,vigitel_obesity,2,4,44,20192,Standard TVAE,TSTR,LogisticRegression,0.48164667590862514,0.0851063829787234,0.15625,0.05847953216374269,0.49667040540635865,0.18262581641554754,0.5275961314625526,0.19788288841561053,-1.4749096540258908,0.01063458017539831
Vigitel obesity,vigitel_obesity,2,4,44,20192,Standard TVAE,TSTR,RandomForest,0.5846805472606078,0.3163841807909605,0.30601092896174864,0.32748538011695905,0.5871443788401443,0.2698817517806208,0.6525899590149479,0.17706619494659054,-1.2308883860907678,0.5008341212469878
Vigitel obesity,vigitel_obesity,2,4,44,20192,Standard TVAE,TSTR,CatBoost,0.46357499407310454,0.307475317348378,0.20260223048327136,0.6374269005847953,0.5599679738147137,0.2512103562501263,0.6207754005036716,0.37767506380404636,-1.611577452975893,0.12539696263625696
Vigitel obesity,vigitel_obesity,2,4,44,20192,SepAware TVAE,TSTR,LogisticRegression,0.22338843000245406,0.3002729754322111,0.17780172413793102,0.9649122807017544,0.5222631367320594,0.16429375006337243,0.5027264582848355,0.7498386052580767,-1.9531620699146743,0.034218970418639624
Vigitel obesity,vigitel_obesity,2,4,44,20192,SepAware TVAE,TSTR,RandomForest,0.2713769570453633,0.3150943396226415,0.18785151856017998,0.9766081871345029,0.552839678609471,0.2560134133508382,0.6480823087070309,0.6695059039499865,-2.757039190008732,0.34913003888588023
Vigitel obesity,vigitel_obesity,2,4,44,20192,SepAware TVAE,TSTR,CatBoost,0.27246745922556415,0.3153918791312559,0.18806306306306306,0.9766081871345029,0.5534428149182768,0.18888643616904624,0.565755966111499,0.7067900931966776,-2.207989276561712,0.11539400860175061
COVID-19 hospital mortality,covid_mortality,0,0,42,10042,Standard CTGAN,TSTR,LogisticRegression,0.5013709361535448,0.17391304347826086,0.2857142857142857,0.125,0.5134803921568627,0.29446624336702765,0.4852941176470588,0.22127660318581865,-1.1475534812551123,0.007999375035694182
COVID-19 hospital mortality,covid_mortality,0,0,42,10042,Standard CTGAN,TSTR,RandomForest,0.4322033898305085,0.0,0.0,0.0,0.5,0.2946129113188582,0.41299019607843135,0.19454208603344372,-1.690369485190032,-0.44845789564392624
COVID-19 hospital mortality,covid_mortality,0,0,42,10042,Standard CTGAN,TSTR,CatBoost,0.6193181818181819,0.36363636363636365,0.6666666666666666,0.25,0.6053921568627452,0.3602925362825147,0.4779411764705882,0.2045705342468047,-1.057162045392698,0.06350621017383579
COVID-19 hospital mortality,covid_mortality,0,0,42,10042,SepAware CTGAN,TSTR,LogisticRegression,0.5328440366972478,0.24,0.3333333333333333,0.1875,0.5349264705882353,0.2938778773452837,0.5490196078431373,0.240195487405992,-1.0979474421184752,0.026538222806011813
COVID-19 hospital mortality,covid_mortality,0,0,42,10042,SepAware CTGAN,TSTR,RandomForest,0.4635482511588706,0.09523809523809523,0.2,0.0625,0.49203431372549017,0.30027497196989195,0.5980392156862745,0.18785542549902906,-0.7004240604580836,0.3633379485096874
COVID-19 hospital mortality,covid_mortality,0,0,42,10042,SepAware CTGAN,TSTR,CatBoost,0.6182336182336182,0.38461538461538464,0.5,0.3125,0.6072303921568627,0.3356139326359915,0.5649509803921569,0.20602795394199477,-0.8694859970465505,0.12944692921805942
COVID-19 hospital mortality,covid_mortality,0,0,42,20042,Standard TVAE,TSTR,LogisticRegression,0.5214285714285715,0.4,0.29411764705882354,0.625,0.5772058823529411,0.2831806587980135,0.5765931372549019,0.39007367814958605,-1.1627651369170187,0.035217388165485176
COVID-19 hospital mortality,covid_mortality,0,0,42,20042,Standard TVAE,TSTR,RandomForest,0.4654255319148936,0.25,0.20833333333333334,0.3125,0.4699754901960784,0.2597191617701541,0.539828431372549,0.2871403683527431,-1.0492650028886994,0.10354894302874221
COVID-19 hospital mortality,covid_mortality,0,0,42,20042,Standard TVAE,TSTR,CatBoost,0.48574561403508776,0.2631578947368421,0.22727272727272727,0.3125,0.4895833333333333,0.26474613515670425,0.5300245098039216,0.2936154579784863,-1.056998388798254,0.04371089931447119
COVID-19 hospital mortality,covid_mortality,0,0,42,20042,SepAware TVAE,TSTR,LogisticRegression,0.5093314434207418,0.39215686274509803,0.2857142857142857,0.625,0.5674019607843137,0.320491630388409,0.5790441176470589,0.42654732406372325,-1.1934420818182936,0.03043673227305774
COVID-19 hospital mortality,covid_mortality,0,0,42,20042,SepAware TVAE,TSTR,RandomForest,0.5062358276643991,0.2777777777777778,0.25,0.3125,0.5091911764705883,0.2621829256226545,0.5686274509803922,0.305994266578771,-1.0000346872702355,0.0747401627731396
COVID-19 hospital mortality,covid_mortality,0,0,42,20042,SepAware TVAE,TSTR,CatBoost,0.5367021276595745,0.35,0.2916666666666667,0.4375,0.5520833333333333,0.31265670215630936,0.5704656862745098,0.35958905533242097,-1.0965729758731662,0.049928086860315406
COVID-19 hospital mortality,covid_mortality,0,1,42,10079,Standard CTGAN,TSTR,LogisticRegression,0.41228070175438597,0.0,0.0,0.0,0.47,0.21540146418453907,0.3788235294117647,0.23658974166294758,-1.7219855102043142,-0.39904820298568866
COVID-19 hospital mortality,covid_mortality,0,1,42,10079,Standard CTGAN,TSTR,RandomForest,0.42735042735042733,0.0,0.0,0.0,0.5,0.2293083097803263,0.45294117647058824,0.20124196386382615,-1.5367652712399622,-0.41103408717841944
COVID-19 hospital mortality,covid_mortality,0,1,42,10079,Standard CTGAN,TSTR,CatBoost,0.3987179487179487,0.06666666666666667,0.07692307692307693,0.058823529411764705,0.40941176470588236,0.1932560890239883,0.3211764705882353,0.2869581456513688,-1.9095398470262475,-0.5304478695303435
COVID-19 hospital mortality,covid_mortality,0,1,42,10079,SepAware CTGAN,TSTR,LogisticRegression,0.5592105263157895,0.3684210526315789,0.3333333333333333,0.4117647058823529,0.5658823529411765,0.40951746002686507,0.5823529411764706,0.2765672307820998,-0.9576705720734628,0.08784683291191098
COVID-19 hospital mortality,covid_mortality,0,1,42,10079,SepAware CTGAN,TSTR,RandomForest,0.548406862745098,0.3125,0.3333333333333333,0.29411764705882354,0.5470588235294118,0.3163131293253311,0.5941176470588234,0.20617713836426904,-0.7667575657798044,0.450563138607622
COVID-19 hospital mortality,covid_mortality,0,1,42,10079,SepAware CTGAN,TSTR,CatBoost,0.4755735492577598,0.2564102564102564,0.22727272727272727,0.29411764705882354,0.47705882352941176,0.2618000916400359,0.48823529411764705,0.310265858014005,-1.1153517701738684,-0.025200594098066145
COVID-19 hospital mortality,covid_mortality,0,1,42,20079,Standard TVAE,TSTR,LogisticRegression,0.5093314434207418,0.39215686274509803,0.29411764705882354,0.5882352941176471,0.5541176470588236,0.2869573808296702,0.5711764705882353,0.43352486445925764,-1.1225980097756518,0.03303903575647824
COVID-19 hospital mortality,covid_mortality,0,1,42,20079,Standard TVAE,TSTR,RandomForest,0.5376948632762586,0.37209302325581395,0.3076923076923077,0.47058823529411764,0.5552941176470588,0.3149674544298978,0.5911764705882352,0.2813364145698624,-1.029205921268362,0.05076373454910157
COVID-19 hospital mortality,covid_mortality,0,1,42,20079,Standard TVAE,TSTR,CatBoost,0.571939688218758,0.4186046511627907,0.34615384615384615,0.5294117647058824,0.5947058823529412,0.29957903853643747,0.5535294117647059,0.32142764338776136,-1.038029584147264,0.0370863892508223
COVID-19 hospital mortality,covid_mortality,0,1,42,20079,SepAware TVAE,TSTR,LogisticRegression,0.46029919447640966,0.36363636363636365,0.2631578947368421,0.5882352941176471,0.5141176470588236,0.2788170676471499,0.49588235294117644,0.47740241772360337,-1.081423097318106,0.0015865559892523204
COVID-19 hospital mortality,covid_mortality,0,1,42,20079,SepAware TVAE,TSTR,RandomForest,0.4451345755693582,0.23809523809523808,0.2,0.29411764705882354,0.44705882352941173,0.26079761351517006,0.48235294117647054,0.3316059421778638,-1.1267555131489688,-0.025819925503130527
COVID-19 hospital mortality,covid_mortality,0,1,42,20079,SepAware TVAE,TSTR,CatBoost,0.4451345755693582,0.23809523809523808,0.2,0.29411764705882354,0.44705882352941173,0.2949143285879077,0.4770588235294117,0.4317268274053524,-1.137069928737112,-0.026040432069416218
COVID-19 hospital mortality,covid_mortality,0,2,42,10116,Standard CTGAN,TSTR,LogisticRegression,0.5013709361535448,0.17391304347826086,0.3333333333333333,0.11764705882352941,0.5188235294117647,0.29319766126268876,0.5294117647058824,0.20933399959382207,-1.0247029051611591,0.04696569487250522
COVID-19 hospital mortality,covid_mortality,0,2,42,10116,Standard CTGAN,TSTR,RandomForest,0.42735042735042733,0.0,0.0,0.0,0.5,0.24542521247317228,0.49058823529411766,0.1965069529868524,-1.245177853514898,-0.15607425736868927
COVID-19 hospital mortality,covid_mortality,0,2,42,10116,Standard CTGAN,TSTR,CatBoost,0.5593631014191762,0.2962962962962963,0.4,0.23529411764705882,0.5576470588235294,0.28269055445989827,0.46470588235294114,0.2206811437019282,-1.1887549666149488,-0.0812197259652075
COVID-19 hospital mortality,covid_mortality,0,2,42,10116,SepAware CTGAN,TSTR,LogisticRegression,0.5706324881582614,0.3783783783783784,0.35,0.4117647058823529,0.5758823529411765,0.38881148050149406,0.5305882352941176,0.2879845982322881,-0.9943647626957514,0.06627280209961263
COVID-19 hospital mortality,covid_mortality,0,2,42,10116,SepAware CTGAN,TSTR,RandomForest,0.5819376026272578,0.3448275862068966,0.4166666666666667,0.29411764705882354,0.5770588235294117,0.3065056116729696,0.5270588235294117,0.21301486926297436,-0.9705551949097736,0.128861533631504
COVID-19 hospital mortality,covid_mortality,0,2,42,10116,SepAware CTGAN,TSTR,CatBoost,0.548406862745098,0.3125,0.3333333333333333,0.29411764705882354,0.5470588235294118,0.37185965457781445,0.5152941176470589,0.255737860636143,-0.9541520889323541,0.09314996861505005
COVID-19 hospital mortality,covid_mortality,0,2,42,20116,Standard TVAE,TSTR,LogisticRegression,0.43169642857142854,0.40625,0.2765957446808511,0.7647058823529411,0.5423529411764706,0.31393846575866147,0.5605882352941176,0.464540626742426,-1.1994641004343594,0.03162207954668384
COVID-19 hospital mortality,covid_mortality,0,2,42,20116,Standard TVAE,TSTR,RandomForest,0.42657657657657655,0.36666666666666664,0.2558139534883721,0.6470588235294118,0.5035294117647059,0.37437746557838203,0.4764705882352941,0.33091142296281373,-1.0346808105289962,0.06049736411689275
COVID-19 hospital mortality,covid_mortality,0,2,42,20116,Standard TVAE,TSTR,CatBoost,0.4733887267011003,0.4262295081967213,0.29545454545454547,0.7647058823529411,0.5723529411764705,0.3830561563706445,0.5764705882352942,0.4384597079106738,-1.1057690851929594,0.0763587026908706
COVID-19 hospital mortality,covid_mortality,0,2,42,20116,SepAware TVAE,TSTR,LogisticRegression,0.5130813953488372,0.375,0.2903225806451613,0.5294117647058824,0.5447058823529412,0.29744591834856765,0.5511764705882354,0.42651821145214297,-1.1083561982951193,0.02107931609552908
COVID-19 hospital mortality,covid_mortality,0,2,42,20116,SepAware TVAE,TSTR,RandomForest,0.44901315789473684,0.21052631578947367,0.19047619047619047,0.23529411764705882,0.4476470588235294,0.2439287708290059,0.4870588235294117,0.30691062746601255,-1.0015886809629815,0.023019883206433965
COVID-19 hospital mortality,covid_mortality,0,2,42,20116,SepAware TVAE,TSTR,CatBoost,0.44166666666666665,0.13333333333333333,0.15384615384615385,0.11764705882352941,0.44882352941176473,0.24700326497106384,0.47823529411764704,0.3397182111476469,-1.1465300333288624,-0.020531270772924347
COVID-19 hospital mortality,covid_mortality,0,3,42,10153,Standard CTGAN,TSTR,LogisticRegression,0.4635482511588706,0.09523809523809523,0.25,0.058823529411764705,0.49941176470588233,0.2790612993211961,0.4188235294117647,0.2238790337169128,-1.6292302768465778,-0.35641895093277604
COVID-19 hospital mortality,covid_mortality,0,3,42,10153,Standard CTGAN,TSTR,RandomForest,0.48659003831417624,0.1111111111111111,1.0,0.058823529411764705,0.5294117647058824,0.2977716330415711,0.4329411764705882,0.19883648373252769,-1.5057603052070307,-0.3651387774358329
COVID-19 hospital mortality,covid_mortality,0,3,42,10153,Standard CTGAN,TSTR,CatBoost,0.5013709361535448,0.17391304347826086,0.3333333333333333,0.11764705882352941,0.5188235294117647,0.28344240955786926,0.35058823529411764,0.22524264906547697,-1.4567748461792982,-0.25908709327578233
COVID-19 hospital mortality,covid_mortality,0,3,42,10153,SepAware CTGAN,TSTR,LogisticRegression,0.5173817726276229,0.25806451612903225,0.2857142857142857,0.23529411764705882,0.5176470588235295,0.2688890728732011,0.4929411764705882,0.27152157744840905,-1.0981125830236584,-0.01421851192508939
COVID-19 hospital mortality,covid_mortality,0,3,42,10153,SepAware CTGAN,TSTR,RandomForest,0.39090909090909093,0.0,0.0,0.0,0.43,0.2696496276596161,0.5294117647058824,0.21201695648917718,-1.0152283090984418,0.05868891829430029
COVID-19 hospital mortality,covid_mortality,0,3,42,10153,SepAware CTGAN,TSTR,CatBoost,0.49744974497449745,0.24242424242424243,0.25,0.23529411764705882,0.49764705882352944,0.2902050378434331,0.5905882352941176,0.2738103374588376,-0.8972493072323647,0.11513227916762676
COVID-19 hospital mortality,covid_mortality,0,3,42,20153,Standard TVAE,TSTR,LogisticRegression,0.5034584980237153,0.34782608695652173,0.27586206896551724,0.47058823529411764,0.5252941176470588,0.39594121977163554,0.5888235294117647,0.403982668922524,-1.0691485476983367,0.05688685847721613
COVID-19 hospital mortality,covid_mortality,0,3,42,20153,Standard TVAE,TSTR,RandomForest,0.5332961827807189,0.32432432432432434,0.3,0.35294117647058826,0.5364705882352941,0.27793975434944274,0.5576470588235294,0.25468463697621724,-0.9027821737907973,0.13428341105630276
COVID-19 hospital mortality,covid_mortality,0,3,42,20153,Standard TVAE,TSTR,CatBoost,0.4635482511588706,0.09523809523809523,0.25,0.058823529411764705,0.49941176470588233,0.2915029419582332,0.5629411764705883,0.27068183640446386,-0.9249911184609709,0.040944237399175236
COVID-19 hospital mortality,covid_mortality,0,3,42,20153,SepAware TVAE,TSTR,LogisticRegression,0.5013205282112845,0.3673469387755102,0.28125,0.5294117647058824,0.5347058823529411,0.3806474968767578,0.5829411764705882,0.4237762695131937,-1.1057149469239282,0.056673353889458135
COVID-19 hospital mortality,covid_mortality,0,3,42,20153,SepAware TVAE,TSTR,RandomForest,0.5214285714285715,0.4,0.30303030303030304,0.5882352941176471,0.5641176470588236,0.2737423199551784,0.5570588235294117,0.31923059392593456,-0.9689137565000181,0.09380245998419531
COVID-19 hospital mortality,covid_mortality,0,3,42,20153,SepAware TVAE,TSTR,CatBoost,0.5013205282112845,0.3673469387755102,0.28125,0.5294117647058824,0.5347058823529411,0.2706394697449512,0.5329411764705881,0.4195276418647739,-1.0391352136989602,0.03275259074960508
COVID-19 hospital mortality,covid_mortality,0,4,42,10190,Standard CTGAN,TSTR,LogisticRegression,0.4774103400093153,0.10526315789473684,0.3333333333333333,0.0625,0.51125,0.24605702969461396,0.4025,0.20710737781388544,-1.6367601860598646,-0.32143873334001527
COVID-19 hospital mortality,covid_mortality,0,4,42,10190,Standard CTGAN,TSTR,RandomForest,0.43103448275862066,0.0,0.0,0.0,0.5,0.25978693044689993,0.4825,0.19064099494414002,-1.2457425400261128,-0.08791681153617018
COVID-19 hospital mortality,covid_mortality,0,4,42,10190,Standard CTGAN,TSTR,CatBoost,0.5388914764788076,0.21052631578947367,0.6666666666666666,0.125,0.5525,0.3498691589379335,0.485,0.19790756575140964,-0.9444998102826231,0.12641806921609391
COVID-19 hospital mortality,covid_mortality,0,4,42,10190,SepAware CTGAN,TSTR,LogisticRegression,0.6373626373626373,0.42857142857142855,0.5,0.375,0.6275,0.40250533651435755,0.72875,0.1869692821850846,-0.6401551927384626,0.43336123138039545
COVID-19 hospital mortality,covid_mortality,0,4,42,10190,SepAware CTGAN,TSTR,RandomForest,0.4936061381074169,0.11764705882352941,1.0,0.0625,0.53125,0.4717621470165808,0.71375,0.16432601259935772,0.277084185363078,1.3902306361816124
COVID-19 hospital mortality,covid_mortality,0,4,42,10190,SepAware CTGAN,TSTR,CatBoost,0.5805607476635514,0.32,0.4444444444444444,0.25,0.575,0.3984883510061852,0.6987500000000001,0.18200822000776565,-0.40236703090577197,0.47536406145013543
COVID-19 hospital mortality,covid_mortality,0,4,42,20190,Standard TVAE,TSTR,LogisticRegression,0.39338235294117646,0.375,0.25,0.75,0.515,0.3920198103962671,0.610625,0.5379419283753575,-1.4985578299877436,0.07299919901840872
COVID-19 hospital mortality,covid_mortality,0,4,42,20190,Standard TVAE,TSTR,RandomForest,0.6178660049627791,0.46153846153846156,0.391304347826087,0.5625,0.64125,0.41438797727255544,0.6187500000000001,0.2278158176739172,-1.030306079873299,0.4508594584902794
COVID-19 hospital mortality,covid_mortality,0,4,42,20190,Standard TVAE,TSTR,CatBoost,0.5798611111111112,0.3888888888888889,0.35,0.4375,0.58875,0.3747992747674951,0.660625,0.22805783599627366,-0.8928406913476836,0.23601572390201817
COVID-19 hospital mortality,covid_mortality,0,4,42,20190,SepAware TVAE,TSTR,LogisticRegression,0.5909090909090909,0.45454545454545453,0.35714285714285715,0.625,0.6325000000000001,0.5337747805004449,0.725625,0.3227493722101058,-1.1747445243400756,0.10795430432282502
COVID-19 hospital mortality,covid_mortality,0,4,42,20190,SepAware TVAE,TSTR,RandomForest,0.5492682926829269,0.44,0.3235294117647059,0.6875,0.61375,0.436952075264029,0.66875,0.2730330971816732,-1.0936688077101926,0.19225247417748634
COVID-19 hospital mortality,covid_mortality,0,4,42,20190,SepAware TVAE,TSTR,CatBoost,0.4361579311937197,0.39344262295081966,0.26666666666666666,0.75,0.545,0.40130647919803264,0.6250000000000001,0.45637884116290556,-1.1396811696519888,0.05583006043991489
COVID-19 hospital mortality,covid_mortality,1,0,43,10043,Standard CTGAN,TSTR,LogisticRegression,0.4344954128440367,0.08,0.1111111111111111,0.0625,0.4528186274509804,0.24893335409266093,0.5232843137254902,0.21659759044690416,-1.1105120829417559,0.05329577414074141
COVID-19 hospital mortality,covid_mortality,1,0,43,10043,Standard CTGAN,TSTR,RandomForest,0.4322033898305085,0.0,0.0,0.0,0.5,0.3087566292454761,0.6115196078431373,0.17989031899406077,-0.4018565235238462,0.7810472562837887
COVID-19 hospital mortality,covid_mortality,1,0,43,10043,Standard CTGAN,TSTR,CatBoost,0.4273504273504274,0.07692307692307693,0.1,0.0625,0.4430147058823529,0.31087995185531303,0.6151960784313726,0.20560325195155418,-0.8731291725289174,0.25114684030209344
COVID-19 hospital mortality,covid_mortality,1,0,43,10043,SepAware CTGAN,TSTR,LogisticRegression,0.5442176870748299,0.3333333333333333,0.3,0.375,0.5502450980392157,0.32432986122927226,0.6237745098039216,0.2551461562964888,-1.0022470882934953,0.17799247466622303
COVID-19 hospital mortality,covid_mortality,1,0,43,10043,SepAware CTGAN,TSTR,RandomForest,0.49242424242424243,0.16666666666666666,0.25,0.125,0.5036764705882353,0.32885454098669836,0.625,0.19322209120779063,-0.7947212646348515,0.5244383539445809
COVID-19 hospital mortality,covid_mortality,1,0,43,10043,SepAware CTGAN,TSTR,CatBoost,0.5062358276643991,0.2777777777777778,0.25,0.3125,0.5091911764705883,0.27019661584371957,0.5723039215686275,0.253081460256621,-1.0634681175174305,0.09832596178512748
COVID-19 hospital mortality,covid_mortality,1,0,43,20043,Standard TVAE,TSTR,LogisticRegression,0.4334481678672095,0.12903225806451613,0.13333333333333333,0.125,0.43504901960784315,0.23702763242744018,0.4675245098039216,0.30508183468404687,-1.2493551526903475,-0.030163526381654492
COVID-19 hospital mortality,covid_mortality,1,0,43,20043,Standard TVAE,TSTR,RandomForest,0.41228070175438597,0.0,0.0,0.0,0.46078431372549017,0.2238384696140909,0.4319852941176471,0.23645529499840143,-1.161822063062294,-0.0012866820030400367
COVID-19 hospital mortality,covid_mortality,1,0,43,20043,Standard TVAE,TSTR,CatBoost,0.44888366627497067,0.08695652173913043,0.14285714285714285,0.0625,0.4724264705882353,0.25151071239119893,0.5189950980392156,0.3002939354767119,-1.3387997775873288,-0.045535567528789726
COVID-19 hospital mortality,covid_mortality,1,0,43,20043,SepAware TVAE,TSTR,LogisticRegression,0.47268518518518515,0.37037037037037035,0.2631578947368421,0.625,0.5379901960784313,0.3905668541039746,0.565563725490196,0.46807365634958387,-1.2443378227511708,0.04962417390359069
COVID-19 hospital mortality,covid_mortality,1,0,43,20043,SepAware TVAE,TSTR,RandomForest,0.41228070175438597,0.0,0.0,0.0,0.46078431372549017,0.32548290049674555,0.5894607843137255,0.2065603686145063,-0.9016216377990346,0.1860457910867115
COVID-19 hospital mortality,covid_mortality,1,0,43,20043,SepAware TVAE,TSTR,CatBoost,0.6079687935358038,0.43243243243243246,0.38095238095238093,0.5,0.6225490196078431,0.3364955692579311,0.5931372549019608,0.2717910117216944,-0.9562386415680934,0.08575421250036021
COVID-19 hospital mortality,covid_mortality,1,1,43,10080,Standard CTGAN,TSTR,LogisticRegression,0.47105263157894733,0.1,0.3333333333333333,0.058823529411764705,0.5094117647058823,0.28059493576356437,0.4188235294117647,0.21538417851494018,-1.5773564587899216,-0.38888723033880557
COVID-19 hospital mortality,covid_mortality,1,1,43,10080,Standard CTGAN,TSTR,RandomForest,0.42735042735042733,0.0,0.0,0.0,0.5,0.21246918827767952,0.35764705882352943,0.20633532516689648,-2.6357016733834415,-1.37298705273437
COVID-19 hospital mortality,covid_mortality,1,1,43,10080,Standard CTGAN,TSTR,CatBoost,0.46659743856005537,0.14814814814814814,0.2,0.11764705882352941,0.4788235294117647,0.21450075806233387,0.3564705882352941,0.26262953066157885,-1.6763309780359834,-0.46494393783004095
COVID-19 hospital mortality,covid_mortality,1,1,43,10080,SepAware CTGAN,TSTR,LogisticRegression,0.4344954128440367,0.08,0.125,0.058823529411764705,0.45941176470588235,0.2579833875183988,0.5235294117647058,0.2779932092668954,-1.015909777552126,0.030004675601253757
COVID-19 hospital mortality,covid_mortality,1,1,43,10080,SepAware CTGAN,TSTR,RandomForest,0.42735042735042733,0.0,0.0,0.0,0.5,0.3200780680009482,0.5458823529411765,0.19422133295689253,-0.5382955712752138,0.4369110164973106
COVID-19 hospital mortality,covid_mortality,1,1,43,10080,SepAware CTGAN,TSTR,CatBoost,0.48366972477064224,0.16,0.25,0.11764705882352941,0.4988235294117647,0.28907621572126363,0.5776470588235294,0.2280383841023124,-0.7749244649318492,0.15570794913352465
COVID-19 hospital mortality,covid_mortality,1,1,43,20080,Standard TVAE,TSTR,LogisticRegression,0.48139825218476906,0.3111111111111111,0.25,0.4117647058823529,0.49588235294117644,0.3240158150320918,0.5647058823529412,0.39553329417555655,-0.988126863802707,0.03645899256571259
COVID-19 hospital mortality,covid_mortality,1,1,43,20080,Standard TVAE,TSTR,RandomForest,0.4582210242587601,0.14285714285714285,0.18181818181818182,0.11764705882352941,0.4688235294117647,0.30246202178552806,0.5229411764705881,0.2528480456059159,-0.8668649598840588,0.08020882724416693
COVID-19 hospital mortality,covid_mortality,1,1,43,20080,Standard TVAE,TSTR,CatBoost,0.4754149702474162,0.1935483870967742,0.21428571428571427,0.17647058823529413,0.4782352941176471,0.3227042157412496,0.5529411764705883,0.31205180538964183,-0.949414360900329,0.0342330151962183
COVID-19 hospital mortality,covid_mortality,1,1,43,20080,SepAware TVAE,TSTR,LogisticRegression,0.5474027486606103,0.4528301886792453,0.3333333333333333,0.7058823529411765,0.6129411764705883,0.3385721810900096,0.5870588235294117,0.418540607981533,-1.1094667166963428,0.045066192563585634
COVID-19 hospital mortality,covid_mortality,1,1,43,20080,SepAware TVAE,TSTR,RandomForest,0.5130813953488372,0.375,0.2903225806451613,0.5294117647058824,0.5447058823529412,0.2828557432235671,0.5335294117647058,0.2886865047390326,-1.0380915342539183,0.029043629556087292
COVID-19 hospital mortality,covid_mortality,1,1,43,20080,SepAware TVAE,TSTR,CatBoost,0.44166666666666665,0.3333333333333333,0.24324324324324326,0.5294117647058824,0.4847058823529412,0.3249601347337151,0.5370588235294118,0.4101492383247753,-1.059890788355018,0.019844219442038565
COVID-19 hospital mortality,covid_mortality,1,2,43,10117,Standard CTGAN,TSTR,LogisticRegression,0.5033692722371967,0.21428571428571427,0.2727272727272727,0.17647058823529413,0.508235294117647,0.2923297020628072,0.49176470588235294,0.22512528194518286,-1.209298582599648,-0.12276384808942906
COVID-19 hospital mortality,covid_mortality,1,2,43,10117,Standard CTGAN,TSTR,RandomForest,0.42735042735042733,0.0,0.0,0.0,0.5,0.2271471087161761,0.4411764705882353,0.20032836503328644,-1.5172619587463503,-0.4184491321194502
COVID-19 hospital mortality,covid_mortality,1,2,43,10117,Standard CTGAN,TSTR,CatBoost,0.3963963963963964,0.0,0.0,0.0,0.44,0.18998531589500967,0.31176470588235294,0.25952420047446745,-2.012089042485154,-0.7288858758796101
COVID-19 hospital mortality,covid_mortality,1,2,43,10117,SepAware CTGAN,TSTR,LogisticRegression,0.5593631014191762,0.2962962962962963,0.4,0.23529411764705882,0.5576470588235294,0.3158756747690918,0.5423529411764706,0.2180970867431584,-1.084771719481099,-0.002811417627819858
COVID-19 hospital mortality,covid_mortality,1,2,43,10117,SepAware CTGAN,TSTR,RandomForest,0.41739130434782606,0.0,0.0,0.0,0.48,0.32141034918869543,0.62,0.18684706236650803,-0.39377162587755393,0.7354112407825212
COVID-19 hospital mortality,covid_mortality,1,2,43,10117,SepAware CTGAN,TSTR,CatBoost,0.4754149702474162,0.1935483870967742,0.21428571428571427,0.17647058823529413,0.4782352941176471,0.3490512313904354,0.5858823529411765,0.23398758024520003,-0.7938802768838327,0.22698366490958927
COVID-19 hospital mortality,covid_mortality,1,2,43,20117,Standard TVAE,TSTR,LogisticRegression,0.5286116322701688,0.4230769230769231,0.3142857142857143,0.6470588235294118,0.5835294117647059,0.3909629734166157,0.6223529411764706,0.36545096257894694,-1.0360603394009518,0.10192309763346172
COVID-19 hospital mortality,covid_mortality,1,2,43,20117,Standard TVAE,TSTR,RandomForest,0.49242424242424243,0.3181818181818182,0.25925925925925924,0.4117647058823529,0.5058823529411764,0.3908480271711211,0.6341176470588235,0.23361201043677937,-0.8268169009254963,0.2979525243791396
COVID-19 hospital mortality,covid_mortality,1,2,43,20117,Standard TVAE,TSTR,CatBoost,0.48139825218476906,0.3111111111111111,0.25,0.4117647058823529,0.49588235294117644,0.34955801461085506,0.6188235294117647,0.4026931258817785,-1.0057316602314024,0.07523966611004573
COVID-19 hospital mortality,covid_mortality,1,2,43,20117,SepAware TVAE,TSTR,LogisticRegression,0.47767540751240256,0.35294117647058826,0.2647058823529412,0.5294117647058824,0.5147058823529411,0.3059282706536695,0.5623529411764706,0.46012750653664786,-1.0942491141902546,0.02768695531241896
COVID-19 hospital mortality,covid_mortality,1,2,43,20117,SepAware TVAE,TSTR,RandomForest,0.4212872666480914,0.16216216216216217,0.15,0.17647058823529413,0.4182352941176471,0.25370289892259706,0.5347058823529411,0.3040469037980583,-0.8408160242876248,0.07918497318339929
COVID-19 hospital mortality,covid_mortality,1,2,43,20117,SepAware TVAE,TSTR,CatBoost,0.4273504273504274,0.07692307692307693,0.1111111111111111,0.058823529411764705,0.44941176470588234,0.23281945119130498,0.4505882352941176,0.3514124252660236,-1.3730131687031522,-0.07837462941303283
COVID-19 hospital mortality,covid_mortality,1,3,43,10154,Standard CTGAN,TSTR,LogisticRegression,0.45616883116883117,0.09090909090909091,0.2,0.058823529411764705,0.4894117647058824,0.2601334655338439,0.4541176470588235,0.22403982852348564,-1.279695115750306,-0.1589217233923297
COVID-19 hospital mortality,covid_mortality,1,3,43,10154,Standard CTGAN,TSTR,RandomForest,0.4224137931034483,0.0,0.0,0.0,0.49,0.20998523567625277,0.33529411764705885,0.20772648610204636,-2.733552960827789,-1.395681860933032
COVID-19 hospital mortality,covid_mortality,1,3,43,10154,Standard CTGAN,TSTR,CatBoost,0.4017857142857143,0.0,0.0,0.0,0.45,0.18881395460238273,0.30117647058823527,0.2658266929907846,-2.3358097972064233,-0.7194590195885352
COVID-19 hospital mortality,covid_mortality,1,3,43,10154,SepAware CTGAN,TSTR,LogisticRegression,0.6079687935358038,0.43243243243243246,0.4,0.47058823529411764,0.6152941176470588,0.3157691283340465,0.5823529411764705,0.27154672479701253,-1.012262138443977,0.10857689034673984
COVID-19 hospital mortality,covid_mortality,1,3,43,10154,SepAware CTGAN,TSTR,RandomForest,0.5200168563000421,0.19047619047619047,0.5,0.11764705882352941,0.5388235294117647,0.37285942757669444,0.6129411764705882,0.18778184427531885,-0.4274029738231819,0.9395091301809783
COVID-19 hospital mortality,covid_mortality,1,3,43,10154,SepAware CTGAN,TSTR,CatBoost,0.48764705882352943,0.23529411764705882,0.23529411764705882,0.23529411764705882,0.48764705882352943,0.3137184326386882,0.5670588235294118,0.24120321664697864,-0.9290922611480902,0.13738439682272238
COVID-19 hospital mortality,covid_mortality,1,3,43,20154,Standard TVAE,TSTR,LogisticRegression,0.540987479329081,0.43137254901960786,0.3235294117647059,0.6470588235294118,0.5935294117647059,0.39938868787557524,0.6611764705882353,0.3922654376091796,-1.137671419222886,0.07625536823236503
COVID-19 hospital mortality,covid_mortality,1,3,43,20154,Standard TVAE,TSTR,RandomForest,0.5696640316205533,0.43478260869565216,0.3448275862068966,0.5882352941176471,0.6041176470588235,0.3135115727062099,0.5988235294117646,0.2728847365984045,-0.998924005760729,0.11433042974987034
COVID-19 hospital mortality,covid_mortality,1,3,43,20154,Standard TVAE,TSTR,CatBoost,0.5073529411764706,0.25,0.26666666666666666,0.23529411764705882,0.5076470588235295,0.31321134979521614,0.53,0.3468117230566023,-1.0786188212184789,6.628704755339227e-05
COVID-19 hospital mortality,covid_mortality,1,3,43,20154,SepAware TVAE,TSTR,LogisticRegression,0.48693693693693696,0.43333333333333335,0.3023255813953488,0.7647058823529411,0.5823529411764705,0.37949254044959974,0.6423529411764705,0.463696914536228,-1.4326789049234694,0.07741921394174142
COVID-19 hospital mortality,covid_mortality,1,3,43,20154,SepAware TVAE,TSTR,RandomForest,0.4896953405017921,0.45161290322580644,0.3111111111111111,0.8235294117647058,0.601764705882353,0.4091495174523064,0.6729411764705882,0.4025261323416228,-1.3428546395273437,0.09075611633553778
COVID-19 hospital mortality,covid_mortality,1,3,43,20154,SepAware TVAE,TSTR,CatBoost,0.5171171171171172,0.4666666666666667,0.32558139534883723,0.8235294117647058,0.6217647058823529,0.3975760570120921,0.6523529411764706,0.4491486121935927,-1.35513550428205,0.11153405935014596
COVID-19 hospital mortality,covid_mortality,1,4,43,10191,Standard CTGAN,TSTR,LogisticRegression,0.531214953271028,0.24,0.3333333333333333,0.1875,0.53375,0.32923944468500366,0.5125,0.2082456738141148,-1.0861212064025216,0.04734830307532665
COVID-19 hospital mortality,covid_mortality,1,4,43,10191,Standard CTGAN,TSTR,RandomForest,0.43103448275862066,0.0,0.0,0.0,0.5,0.2619206712193194,0.50375,0.19041777617959313,-1.040610761329931,0.09597319431968238
COVID-19 hospital mortality,covid_mortality,1,4,43,10191,Standard CTGAN,TSTR,CatBoost,0.40540540540540543,0.0,0.0,0.0,0.45,0.23884641578442128,0.46125,0.21727074485371003,-1.3190961892508932,-0.12835032125742135
COVID-19 hospital mortality,covid_mortality,1,4,43,10191,SepAware CTGAN,TSTR,LogisticRegression,0.5111111111111111,0.2222222222222222,0.2727272727272727,0.1875,0.5137499999999999,0.3404740675623809,0.57125,0.21157800604534774,-0.8797554017164738,0.12709451099426405
COVID-19 hospital mortality,covid_mortality,1,4,43,10191,SepAware CTGAN,TSTR,RandomForest,0.5285714285714286,0.2,0.5,0.125,0.5425,0.415399314673237,0.6162500000000001,0.17920371542789879,-0.5398227897497991,0.5407536449410266
COVID-19 hospital mortality,covid_mortality,1,4,43,10191,SepAware CTGAN,TSTR,CatBoost,0.6299065420560748,0.4,0.5555555555555556,0.3125,0.61625,0.45079107207946567,0.5974999999999999,0.19264651132784735,-0.7157238485390198,0.2512189397168799
COVID-19 hospital mortality,covid_mortality,1,4,43,20191,Standard TVAE,TSTR,LogisticRegression,0.3333333333333333,0.3333333333333333,0.22,0.6875,0.45375,0.26633732279629346,0.49250000000000005,0.6147443329884996,-1.1545489100020878,0.0027798889583764575
COVID-19 hospital mortality,covid_mortality,1,4,43,20191,Standard TVAE,TSTR,RandomForest,0.5111111111111111,0.35555555555555557,0.27586206896551724,0.5,0.54,0.29992533108341934,0.5631250000000001,0.31800583919285635,-1.1277966691765413,0.08247451042015724
COVID-19 hospital mortality,covid_mortality,1,4,43,20191,Standard TVAE,TSTR,CatBoost,0.44172932330827064,0.35714285714285715,0.25,0.625,0.5125,0.29480370244095555,0.536875,0.5199882850333124,-1.1771068567322052,0.022062378710914644
COVID-19 hospital mortality,covid_mortality,1,4,43,20191,SepAware TVAE,TSTR,LogisticRegression,0.3775017253278123,0.3492063492063492,0.23404255319148937,0.6875,0.48375,0.27475435560279116,0.49312500000000004,0.5852566667086411,-1.14322552460259,0.0009482728711001517
COVID-19 hospital mortality,covid_mortality,1,4,43,20191,SepAware TVAE,TSTR,RandomForest,0.40567998152851537,0.36065573770491804,0.24444444444444444,0.6875,0.50375,0.29037943996718113,0.5525,0.448722211261926,-1.2528353262815468,0.0451888427631786
COVID-19 hospital mortality,covid_mortality,1,4,43,20191,SepAware TVAE,TSTR,CatBoost,0.4194444444444444,0.36666666666666664,0.25,0.6875,0.51375,0.3037229371907703,0.545625,0.5320431744906884,-1.1745461425997126,0.020617616882559895
COVID-19 hospital mortality,covid_mortality,2,0,44,10044,Standard CTGAN,TSTR,LogisticRegression,0.4322033898305085,0.0,0.0,0.0,0.5,0.2641210154282412,0.5563725490196079,0.192976659391947,-0.8775831001384237,0.1732598292156416
COVID-19 hospital mortality,covid_mortality,2,0,44,10044,Standard CTGAN,TSTR,RandomForest,0.4322033898305085,0.0,0.0,0.0,0.5,0.2873081188748616,0.5575980392156863,0.182575934625951,-0.4598784881037024,0.5427162328607996
COVID-19 hospital mortality,covid_mortality,2,0,44,10044,Standard CTGAN,TSTR,CatBoost,0.48659003831417624,0.1111111111111111,0.5,0.0625,0.5214460784313726,0.45241725089406104,0.6838235294117646,0.17300073299595364,0.4069147691070836,0.9325327238841696
COVID-19 hospital mortality,covid_mortality,2,0,44,10044,SepAware CTGAN,TSTR,LogisticRegression,0.4122807017543859,0.15789473684210525,0.13636363636363635,0.1875,0.4074754901960784,0.20550163164969532,0.32598039215686275,0.41103364478887755,-1.5173069241459274,-0.16168474830480606
COVID-19 hospital mortality,covid_mortality,2,0,44,10044,SepAware CTGAN,TSTR,RandomForest,0.4344954128440367,0.08,0.1111111111111111,0.0625,0.4528186274509804,0.18754562795455498,0.34068627450980393,0.24419948902468142,-1.8422665750796616,-0.5717535641220831
COVID-19 hospital mortality,covid_mortality,2,0,44,10044,SepAware CTGAN,TSTR,CatBoost,0.4302721088435374,0.16666666666666666,0.15,0.1875,0.4270833333333333,0.1888549448132063,0.3431372549019608,0.3386277001178142,-1.6107269932591,-0.21967579306361384
COVID-19 hospital mortality,covid_mortality,2,0,44,20044,Standard TVAE,TSTR,LogisticRegression,0.3277591973244147,0.3076923076923077,0.20408163265306123,0.625,0.43014705882352944,0.21321750551018712,0.36887254901960786,0.6416017905458455,-0.9694123317539621,-0.05815062640022641
COVID-19 hospital mortality,covid_mortality,2,0,44,20044,Standard TVAE,TSTR,RandomForest,0.3431372549019608,0.3333333333333333,0.22,0.6875,0.46139705882352944,0.2938348559214217,0.4264705882352941,0.45551314880134314,-1.1486339338379512,-0.014772711251012828
COVID-19 hospital mortality,covid_mortality,2,0,44,20044,Standard TVAE,TSTR,CatBoost,0.4349603884487605,0.23255813953488372,0.18518518518518517,0.3125,0.44056372549019607,0.2953271425012069,0.40870098039215685,0.46349426438812874,-1.1375143157398484,-0.05406517509833057
COVID-19 hospital mortality,covid_mortality,2,0,44,20044,SepAware TVAE,TSTR,LogisticRegression,0.31205357142857143,0.28125,0.1875,0.5625,0.39889705882352944,0.20948866773063457,0.37745098039215685,0.6379636233022135,-0.970753807151813,-0.058955760780863044
COVID-19 hospital mortality,covid_mortality,2,0,44,20044,SepAware TVAE,TSTR,RandomForest,0.3419642857142857,0.3125,0.20833333333333334,0.625,0.43995098039215685,0.20470423904249285,0.3915441176470589,0.5258447101478774,-1.0516321492048288,-0.06423181574993332
COVID-19 hospital mortality,covid_mortality,2,0,44,20044,SepAware TVAE,TSTR,CatBoost,0.3489265536723164,0.2711864406779661,0.18604651162790697,0.5,0.4068627450980392,0.26918861792800675,0.46752450980392163,0.6200787021129706,-1.0692407868076257,-0.05571135322236283
COVID-19 hospital mortality,covid_mortality,2,1,44,10081,Standard CTGAN,TSTR,LogisticRegression,0.42735042735042733,0.0,0.0,0.0,0.5,0.38491637779026866,0.5376470588235295,0.19969413850560447,-1.041453503358698,0.01904328615212095
COVID-19 hospital mortality,covid_mortality,2,1,44,10081,Standard CTGAN,TSTR,RandomForest,0.42735042735042733,0.0,0.0,0.0,0.5,0.3797036523319868,0.6670588235294118,0.1846113127603289,1.4674580554639454,1.8966736487019002
COVID-19 hospital mortality,covid_mortality,2,1,44,10081,Standard CTGAN,TSTR,CatBoost,0.47871853546910753,0.10526315789473684,0.5,0.058823529411764705,0.5194117647058824,0.403312535549635,0.7129411764705883,0.20027373354195516,0.2432524219183175,0.6345157676055898
COVID-19 hospital mortality,covid_mortality,2,1,44,10081,SepAware CTGAN,TSTR,LogisticRegression,0.5939393939393939,0.3333333333333333,0.5714285714285714,0.23529411764705882,0.5876470588235294,0.42042957206311954,0.5647058823529412,0.21312773799958953,-0.7311874160789482,0.1534551992108693
COVID-19 hospital mortality,covid_mortality,2,1,44,10081,SepAware CTGAN,TSTR,RandomForest,0.48659003831417624,0.1111111111111111,1.0,0.058823529411764705,0.5294117647058824,0.3861792273084804,0.6047058823529411,0.18710688850839252,-0.3564859225331449,0.5179029108349124
COVID-19 hospital mortality,covid_mortality,2,1,44,10081,SepAware CTGAN,TSTR,CatBoost,0.5764854614412136,0.2857142857142857,0.75,0.17647058823529413,0.5782352941176471,0.39606461577881247,0.6458823529411765,0.20537272312524812,-0.37420147069084075,0.30513941917500736
COVID-19 hospital mortality,covid_mortality,2,1,44,20081,Standard TVAE,TSTR,LogisticRegression,0.6277777777777778,0.5,0.4074074074074074,0.6470588235294118,0.6635294117647059,0.47363229595841183,0.7217647058823529,0.2947487107996942,-0.8300075539914519,0.09938391799496986
COVID-19 hospital mortality,covid_mortality,2,1,44,20081,Standard TVAE,TSTR,RandomForest,0.5013709361535448,0.17391304347826086,0.3333333333333333,0.11764705882352941,0.5188235294117647,0.42669680527773285,0.7476470588235293,0.20148318946558025,-0.07379974558941574,0.20804410676126942
COVID-19 hospital mortality,covid_mortality,2,1,44,20081,Standard TVAE,TSTR,CatBoost,0.6715686274509804,0.5,0.5333333333333333,0.47058823529411764,0.6652941176470588,0.43279131122584635,0.5923529411764706,0.2050684120638984,-0.45791565144643825,0.16667158180241518
COVID-19 hospital mortality,covid_mortality,2,1,44,20081,SepAware TVAE,TSTR,LogisticRegression,0.581772784019975,0.4444444444444444,0.35714285714285715,0.5882352941176471,0.6141176470588235,0.45561680442737507,0.7194117647058823,0.3057888653201718,-0.8039233199286288,0.1067058730204701
COVID-19 hospital mortality,covid_mortality,2,1,44,20081,SepAware TVAE,TSTR,RandomForest,0.5485175202156334,0.2857142857142857,0.36363636363636365,0.23529411764705882,0.5476470588235294,0.3920576984229311,0.7088235294117646,0.19532550513793967,-0.18612340252406323,0.1357011687460963
COVID-19 hospital mortality,covid_mortality,2,1,44,20081,SepAware TVAE,TSTR,CatBoost,0.5200168563000421,0.19047619047619047,0.5,0.11764705882352941,0.5388235294117647,0.42921113081342804,0.6982352941176471,0.23905805333885166,-0.20160126463121267,0.17728972661101616
COVID-19 hospital mortality,covid_mortality,2,2,44,10118,Standard CTGAN,TSTR,LogisticRegression,0.47507122507122507,0.15384615384615385,0.2222222222222222,0.11764705882352941,0.4888235294117647,0.23340858778920792,0.32588235294117646,0.2503873558838904,-1.818956130291544,-0.6307417439416776
COVID-19 hospital mortality,covid_mortality,2,2,44,10118,Standard CTGAN,TSTR,RandomForest,0.42735042735042733,0.0,0.0,0.0,0.5,0.2747053390288961,0.4223529411764706,0.20466561348748846,-1.5283793008190345,-0.4063413203921775
COVID-19 hospital mortality,covid_mortality,2,2,44,10118,Standard CTGAN,TSTR,CatBoost,0.5033692722371967,0.21428571428571427,0.2727272727272727,0.17647058823529413,0.508235294117647,0.258212993701434,0.49058823529411766,0.24575042133754832,-1.1357883303214902,-0.0460853786615387
COVID-19 hospital mortality,covid_mortality,2,2,44,10118,SepAware CTGAN,TSTR,LogisticRegression,0.6182336182336182,0.38461538461538464,0.5555555555555556,0.29411764705882354,0.6070588235294118,0.38981843687835405,0.5952941176470589,0.21484163153561114,-0.7254372284052436,0.15818404293839836
COVID-19 hospital mortality,covid_mortality,2,2,44,10118,SepAware CTGAN,TSTR,RandomForest,0.42735042735042733,0.0,0.0,0.0,0.5,0.30145128801242116,0.5752941176470587,0.19435792741941138,-0.5256754734732074,0.3918904136307676
COVID-19 hospital mortality,covid_mortality,2,2,44,10118,SepAware CTGAN,TSTR,CatBoost,0.45616883116883117,0.09090909090909091,0.2,0.058823529411764705,0.4894117647058824,0.30578971670849125,0.5729411764705883,0.22780681268129682,-0.7702159016694504,0.1288218695534102
COVID-19 hospital mortality,covid_mortality,2,2,44,20118,Standard TVAE,TSTR,LogisticRegression,0.5306214689265537,0.4745762711864407,0.3333333333333333,0.8235294117647058,0.6317647058823529,0.45861514017029326,0.7158823529411765,0.4009273233685141,-1.5448886503278703,0.10355575698581693
COVID-19 hospital mortality,covid_mortality,2,2,44,20118,Standard TVAE,TSTR,RandomForest,0.49624060150375937,0.42105263157894735,0.3,0.7058823529411765,0.5729411764705883,0.376777707069418,0.6770588235294118,0.24519354324416393,-1.1272039497186923,0.651503114839502
COVID-19 hospital mortality,covid_mortality,2,2,44,20118,Standard TVAE,TSTR,CatBoost,0.45862357202563386,0.21621621621621623,0.2,0.23529411764705882,0.4576470588235294,0.26045772471187084,0.5341176470588236,0.3887204808737016,-1.0650107353737666,0.0171778835859163
COVID-19 hospital mortality,covid_mortality,2,2,44,20118,SepAware TVAE,TSTR,LogisticRegression,0.5472972972972974,0.5,0.3488372093023256,0.8823529411764706,0.6611764705882353,0.43205968906451664,0.7111764705882353,0.3968387213917017,-1.6368251391574276,0.11671738348802771
COVID-19 hospital mortality,covid_mortality,2,2,44,20118,SepAware TVAE,TSTR,RandomForest,0.5286116322701688,0.4230769230769231,0.3142857142857143,0.6470588235294118,0.5835294117647059,0.38195414157210994,0.6947058823529412,0.28358049994267337,-1.0816040145281784,0.228764624976047
COVID-19 hospital mortality,covid_mortality,2,2,44,20118,SepAware TVAE,TSTR,CatBoost,0.5091575091575091,0.42857142857142855,0.3076923076923077,0.7058823529411765,0.5829411764705883,0.38328834712260107,0.5847058823529412,0.4131786503949226,-1.1540118300074045,0.1257201290696042
COVID-19 hospital mortality,covid_mortality,2,3,44,10155,Standard CTGAN,TSTR,LogisticRegression,0.5224780701754386,0.3157894736842105,0.2857142857142857,0.35294117647058826,0.5264705882352941,0.2992702648887672,0.4952941176470588,0.2539475748308982,-1.0720945210074995,0.01253235160136335
COVID-19 hospital mortality,covid_mortality,2,3,44,10155,Standard CTGAN,TSTR,RandomForest,0.42735042735042733,0.0,0.0,0.0,0.5,0.2794684588530177,0.5105882352941177,0.20058487806031655,-1.124498177526278,-0.05560570322070915
COVID-19 hospital mortality,covid_mortality,2,3,44,10155,Standard CTGAN,TSTR,CatBoost,0.48574561403508776,0.2631578947368421,0.23809523809523808,0.29411764705882354,0.48705882352941177,0.31493442036209085,0.5447058823529412,0.25628221224186065,-1.0253539812865813,0.06764047744775493
COVID-19 hospital mortality,covid_mortality,2,3,44,10155,SepAware CTGAN,TSTR,LogisticRegression,0.5820183486238533,0.32,0.5,0.23529411764705882,0.5776470588235294,0.38186841140241,0.6035294117647059,0.20715117132569916,-0.6694538723377735,0.15716880553202153
COVID-19 hospital mortality,covid_mortality,2,3,44,10155,SepAware CTGAN,TSTR,RandomForest,0.47871853546910753,0.10526315789473684,0.5,0.058823529411764705,0.5194117647058824,0.4123940194336266,0.6317647058823529,0.1885874798488065,-0.35710769101309847,0.4469962171950888
COVID-19 hospital mortality,covid_mortality,2,3,44,10155,SepAware CTGAN,TSTR,CatBoost,0.5200168563000421,0.19047619047619047,0.5,0.11764705882352941,0.5388235294117647,0.3619772255782667,0.591764705882353,0.21556744272491235,-0.5844420803093116,0.1635180332172599
COVID-19 hospital mortality,covid_mortality,2,3,44,20155,Standard TVAE,TSTR,LogisticRegression,0.4832123411978222,0.41379310344827586,0.2926829268292683,0.7058823529411765,0.5629411764705883,0.3278779469884281,0.5447058823529412,0.4468463026077511,-1.1135460526362773,0.033799156973012875
COVID-19 hospital mortality,covid_mortality,2,3,44,20155,Standard TVAE,TSTR,RandomForest,0.5117408906882591,0.3076923076923077,0.2727272727272727,0.35294117647058826,0.5164705882352941,0.28255199113559726,0.5305882352941176,0.22225983634055999,-0.9794641834189212,0.10828001574058678
COVID-19 hospital mortality,covid_mortality,2,3,44,20155,Standard TVAE,TSTR,CatBoost,0.4920518464172169,0.3404255319148936,0.26666666666666666,0.47058823529411764,0.5152941176470589,0.38089221411473617,0.5547058823529412,0.3192358163731659,-1.0242683932120769,0.05862799349935804
COVID-19 hospital mortality,covid_mortality,2,3,44,20155,SepAware TVAE,TSTR,LogisticRegression,0.46920521339125987,0.27906976744186046,0.23076923076923078,0.35294117647058826,0.4764705882352941,0.31447389620537897,0.47941176470588237,0.3784211220457376,-1.094380271340296,-0.006440231621417419
COVID-19 hospital mortality,covid_mortality,2,3,44,20155,SepAware TVAE,TSTR,RandomForest,0.4779220779220779,0.22857142857142856,0.2222222222222222,0.23529411764705882,0.4776470588235294,0.2633652819699331,0.5052941176470588,0.25324316192228274,-1.1259148281790048,-0.04363474389548726
COVID-19 hospital mortality,covid_mortality,2,3,44,20155,SepAware TVAE,TSTR,CatBoost,0.44901315789473684,0.21052631578947367,0.19047619047619047,0.23529411764705882,0.4476470588235294,0.2322885941250819,0.43117647058823527,0.3499336308014585,-1.3085920883141529,-0.07713021699294252
COVID-19 hospital mortality,covid_mortality,2,4,44,10192,Standard CTGAN,TSTR,LogisticRegression,0.4774103400093153,0.10526315789473684,0.3333333333333333,0.0625,0.51125,0.27844778384929886,0.5375000000000001,0.20054052702244443,-0.9881972162857834,0.10044500745672481
COVID-19 hospital mortality,covid_mortality,2,4,44,10192,Standard CTGAN,TSTR,RandomForest,0.43103448275862066,0.0,0.0,0.0,0.5,0.2666457001750845,0.54,0.1873649714753295,-0.7037308791101099,0.3547328492375325
COVID-19 hospital mortality,covid_mortality,2,4,44,10192,Standard CTGAN,TSTR,CatBoost,0.4107142857142857,0.0,0.0,0.0,0.46,0.26596264492778293,0.54,0.20815112807829736,-1.0520462927714638,0.05071239962099812
COVID-19 hospital mortality,covid_mortality,2,4,44,10192,SepAware CTGAN,TSTR,LogisticRegression,0.5524531312325489,0.2608695652173913,0.42857142857142855,0.1875,0.55375,0.29683835282556686,0.47750000000000004,0.22371853797814634,-1.2199627296294404,-0.025098237512696724
COVID-19 hospital mortality,covid_mortality,2,4,44,10192,SepAware CTGAN,TSTR,RandomForest,0.5285714285714286,0.2,0.5,0.125,0.5425,0.39387055611623634,0.5875,0.18772277245447033,-0.6183274099145926,0.39199757420684844
COVID-19 hospital mortality,covid_mortality,2,4,44,10192,SepAware CTGAN,TSTR,CatBoost,0.531214953271028,0.24,0.3333333333333333,0.1875,0.53375,0.2825366485115126,0.5525,0.23682687823898674,-0.9257380840561286,0.09133520036140133
COVID-19 hospital mortality,covid_mortality,2,4,44,20192,Standard TVAE,TSTR,LogisticRegression,0.49230769230769234,0.38461538461538464,0.2777777777777778,0.625,0.5525,0.332387074162759,0.61625,0.37339415532070186,-1.2365921227654437,0.08730630404053182
COVID-19 hospital mortality,covid_mortality,2,4,44,20192,Standard TVAE,TSTR,RandomForest,0.5089285714285714,0.375,0.28125,0.5625,0.55125,0.38733676957055746,0.645,0.23635232824540223,-1.0302793231255343,0.3515469023121777
COVID-19 hospital mortality,covid_mortality,2,4,44,20192,Standard TVAE,TSTR,CatBoost,0.5798611111111112,0.3888888888888889,0.35,0.4375,0.58875,0.3733920745338698,0.594375,0.26855844568767423,-1.0251829307776104,0.11897929065407896
COVID-19 hospital mortality,covid_mortality,2,4,44,20192,SepAware TVAE,TSTR,LogisticRegression,0.41565703634669154,0.3448275862068966,0.23809523809523808,0.625,0.4925,0.2922115053969031,0.52125,0.48079299375596396,-1.177400803704008,0.016448195135966556
COVID-19 hospital mortality,covid_mortality,2,4,44,20192,SepAware TVAE,TSTR,RandomForest,0.5151708719259023,0.25806451612903225,0.26666666666666666,0.25,0.515,0.2987843347530976,0.569375,0.21506707466323455,-0.9211214550838505,0.19878848309690209
COVID-19 hospital mortality,covid_mortality,2,4,44,20192,SepAware TVAE,TSTR,CatBoost,0.5328614762386249,0.391304347826087,0.3,0.5625,0.57125,0.3397542561837813,0.620625,0.34474213063657966,-1.0213969774752893,0.09627030097484007
Vigitel current smoking,vigitel_smoking,0,0,42,10042,Standard CTGAN,TSTR,LogisticRegression,0.4672349493873202,0.0,0.0,0.0,0.5,0.13134065723010704,0.5295399134150978,0.1080079082683028,-1.1431043056932835,0.41851888973978274
Vigitel current smoking,vigitel_smoking,0,0,42,10042,Standard CTGAN,TSTR,RandomForest,0.4672349493873202,0.0,0.0,0.0,0.5,0.12892990301374657,0.4896125928192007,0.10957111310426534,-2.0408760796290237,-0.03916083109549287
Vigitel current smoking,vigitel_smoking,0,0,42,10042,Standard CTGAN,TSTR,CatBoost,0.4672349493873202,0.0,0.0,0.0,0.5,0.12168960691836504,0.4609301851285332,0.11025122978256827,-2.559124393471401,-0.275146355357774
Vigitel current smoking,vigitel_smoking,0,0,42,10042,SepAware CTGAN,TSTR,LogisticRegression,0.6245792424136374,0.3516483516483517,0.32,0.3902439024390244,0.636969157604917,0.335688327549516,0.7228819608606577,0.12486021378190558,-1.2697766383564326,0.4627085390589769
Vigitel current smoking,vigitel_smoking,0,0,42,10042,SepAware CTGAN,TSTR,RandomForest,0.6079947147818888,0.2955665024630542,0.375,0.24390243902439024,0.5934449481324916,0.3123367361206015,0.7450844063742804,0.10637250141315531,-0.8520586877423265,0.7942504581107721
Vigitel current smoking,vigitel_smoking,0,0,42,10042,SepAware CTGAN,TSTR,CatBoost,0.6276540663921442,0.3524904214559387,0.3333333333333333,0.37398373983739835,0.6345403305800447,0.3059652482004997,0.7392348267838436,0.12615360914789275,-1.2857241798349175,0.44584638875396093
Vigitel current smoking,vigitel_smoking,0,0,42,20042,Standard TVAE,TSTR,LogisticRegression,0.3168065586570369,0.22935779816513763,0.13351134846461948,0.8130081300813008,0.5364926625320985,0.1103845149103092,0.47525748347563296,0.6504484984584002,-2.065501600300693,0.013645025140637732
Vigitel current smoking,vigitel_smoking,0,0,42,20042,Standard TVAE,TSTR,RandomForest,0.43704340816730075,0.2833562585969739,0.17052980132450332,0.8373983739837398,0.6330663477672405,0.29890232555245333,0.7135513715456425,0.3784331458610374,-2.596481382659516,0.5438411608924658
Vigitel current smoking,vigitel_smoking,0,0,42,20042,Standard TVAE,TSTR,CatBoost,0.5288763255909046,0.3116883116883117,0.20192307692307693,0.6829268292682927,0.6521817726729149,0.22713751629145343,0.6595006999100778,0.3647345784358814,-1.9810971611369583,0.10960107978389248
Vigitel current smoking,vigitel_smoking,0,0,42,20042,SepAware TVAE,TSTR,LogisticRegression,0.3188398724705576,0.231651376146789,0.1348464619492657,0.8211382113821138,0.5411278286100991,0.10845354296642011,0.46866627731271615,0.6502059521062751,-2.036837387853148,0.010051855875714517
Vigitel current smoking,vigitel_smoking,0,0,42,20042,SepAware TVAE,TSTR,RandomForest,0.48133484931531667,0.303951367781155,0.18691588785046728,0.8130081300813008,0.6584995040372297,0.26976934791051765,0.7139407254961945,0.34563074277354755,-2.4352229605427316,0.4916644917354352
Vigitel current smoking,vigitel_smoking,0,0,42,20042,SepAware TVAE,TSTR,CatBoost,0.5288763255909046,0.3116883116883117,0.20192307692307693,0.6829268292682927,0.6521817726729149,0.22343301783266228,0.6628426546523163,0.36915817663412326,-2.0118906449873424,0.09500244898731915
Vigitel current smoking,vigitel_smoking,0,1,42,10079,Standard CTGAN,TSTR,LogisticRegression,0.4672349493873202,0.0,0.0,0.0,0.5,0.20931146893672034,0.6456879049976361,0.10547253359756624,2.208082646298128,2.1490911358422324
Vigitel current smoking,vigitel_smoking,0,1,42,10079,Standard CTGAN,TSTR,RandomForest,0.4672349493873202,0.0,0.0,0.0,0.5,0.17263801686380442,0.580610173262508,0.10723056994409967,-0.4503997134330978,0.8408990091452266
Vigitel current smoking,vigitel_smoking,0,1,42,10079,Standard CTGAN,TSTR,CatBoost,0.4672349493873202,0.0,0.0,0.0,0.5,0.1483430322033783,0.5608829064345375,0.1080945051880811,-0.9049770012809162,0.5462625252698595
Vigitel current smoking,vigitel_smoking,0,1,42,10079,SepAware CTGAN,TSTR,LogisticRegression,0.6215027364329191,0.3508771929824561,0.30864197530864196,0.4065040650406504,0.6393979846297893,0.2966154223090672,0.749663950459345,0.13025333991602991,-1.265205839142845,0.46478403948412705
Vigitel current smoking,vigitel_smoking,0,1,42,10079,SepAware CTGAN,TSTR,RandomForest,0.5838836321531309,0.25806451612903225,0.2978723404255319,0.22764227642276422,0.5761928599901734,0.27412574518302807,0.7287222701189383,0.11050050181493236,-0.953006554554861,0.6767246133647655
Vigitel current smoking,vigitel_smoking,0,1,42,10079,SepAware CTGAN,TSTR,CatBoost,0.6198054818744474,0.3384615384615385,0.32116788321167883,0.35772357723577236,0.6258401238516376,0.27887086678031664,0.7390123388120997,0.12686062981684695,-1.2464736405029997,0.455123979088745
Vigitel current smoking,vigitel_smoking,0,1,42,20079,Standard TVAE,TSTR,LogisticRegression,0.3145780051150895,0.21176470588235294,0.12379642365887207,0.7317073170731707,0.5026837611591624,0.10633085718154453,0.4455414337495713,0.654072159183767,-1.9065009148732517,-0.009619532710934076
Vigitel current smoking,vigitel_smoking,0,1,42,20079,Standard TVAE,TSTR,RandomForest,0.31946334824032663,0.24324324324324326,0.1411764705882353,0.8780487804878049,0.564451984314598,0.24812456841215452,0.6808919913600504,0.39500829970905765,-2.4101084442583285,0.4734329451198385
Vigitel current smoking,vigitel_smoking,0,1,42,20079,Standard TVAE,TSTR,CatBoost,0.4519851290684624,0.2897727272727273,0.17555938037865748,0.8292682926829268,0.6415440665239035,0.21609750677423645,0.6822964466816845,0.4054430510784445,-2.1987479133966716,0.17134735043711385
Vigitel current smoking,vigitel_smoking,0,1,42,20079,SepAware TVAE,TSTR,LogisticRegression,0.3298059964726631,0.20246913580246914,0.11935953420669577,0.6666666666666666,0.4884074496389206,0.10624214231387384,0.44503620064706917,0.6312893701656829,-1.9052043965357661,-0.012418251669358454
Vigitel current smoking,vigitel_smoking,0,1,42,20079,SepAware TVAE,TSTR,RandomForest,0.36923888502907587,0.25759416767922233,0.15142857142857144,0.8617886178861789,0.5922398049522115,0.21547628152308085,0.6509673591604787,0.3684737815078255,-2.3701774884787037,0.5222360417341887
Vigitel current smoking,vigitel_smoking,0,1,42,20079,SepAware TVAE,TSTR,CatBoost,0.4351695966105806,0.27080394922425954,0.16382252559726962,0.7804878048780488,0.6108824429179298,0.20182766584494305,0.6506150865385506,0.4324010031487824,-1.9835618576532814,0.11996004469662823
Vigitel current smoking,vigitel_smoking,0,2,42,10116,Standard CTGAN,TSTR,LogisticRegression,0.4672349493873202,0.0,0.0,0.0,0.5,0.12473550941485662,0.5037683900214145,0.10848792486789571,-1.9083325538604017,0.02764902988632412
Vigitel current smoking,vigitel_smoking,0,2,42,10116,Standard CTGAN,TSTR,RandomForest,0.4672349493873202,0.0,0.0,0.0,0.5,0.15325288697737088,0.5633488147880338,0.107977715859753,-0.6454672773057767,0.736335830529613
Vigitel current smoking,vigitel_smoking,0,2,42,10116,Standard CTGAN,TSTR,CatBoost,0.4672349493873202,0.0,0.0,0.0,0.5,0.13629029530051864,0.5268144357612333,0.10982736734552195,-1.549324200338555,0.1910424131175481
Vigitel current smoking,vigitel_smoking,0,2,42,10116,SepAware CTGAN,TSTR,LogisticRegression,0.581211346181171,0.29559748427672955,0.24102564102564103,0.3821138211382114,0.6066783472851832,0.25918935076306676,0.7009947066403389,0.154215054188396,-1.4863459020737702,0.390262603248232
Vigitel current smoking,vigitel_smoking,0,2,42,10116,SepAware CTGAN,TSTR,RandomForest,0.6047048902397245,0.31297709923664124,0.2949640287769784,0.3333333333333333,0.6107943747624477,0.2705355945112072,0.7150856115174606,0.12687974452031267,-1.1937149825190014,0.692720351822263
Vigitel current smoking,vigitel_smoking,0,2,42,10116,SepAware CTGAN,TSTR,CatBoost,0.5798887773339314,0.30177514792899407,0.2372093023255814,0.4146341463414634,0.6138165030453041,0.27170007393127366,0.7004199460466669,0.16231009612417036,-1.5452277152394043,0.3519911101497876
Vigitel current smoking,vigitel_smoking,0,2,42,20116,Standard TVAE,TSTR,LogisticRegression,0.2607840925570828,0.19868995633187772,0.11475409836065574,0.7398373983739838,0.46969064901595425,0.09738558909866685,0.4026058903690519,0.7237103576855558,-1.8314762395391282,-0.01821788790689996
Vigitel current smoking,vigitel_smoking,0,2,42,20116,Standard TVAE,TSTR,RandomForest,0.26629490940794104,0.2435500515995872,0.13947990543735225,0.959349593495935,0.564623485459484,0.2169368006776151,0.6747643018049336,0.4841006983919875,-2.519025661270307,0.35102690790910496
Vigitel current smoking,vigitel_smoking,0,2,42,20116,Standard TVAE,TSTR,CatBoost,0.3088885396391713,0.24945295404814005,0.14412136536030343,0.926829268292683,0.5774397196651556,0.23650040604319042,0.6702913665396631,0.6208620601518846,-2.6665587456839037,0.19705493210000902
Vigitel current smoking,vigitel_smoking,0,2,42,20116,SepAware TVAE,TSTR,LogisticRegression,0.35578544332358975,0.18893387314439947,0.11326860841423948,0.5691056910569106,0.47212411120690456,0.10039031175684371,0.42849792808076315,0.5772173686382831,-1.922003124287087,-0.017061136073409866
Vigitel current smoking,vigitel_smoking,0,2,42,20116,SepAware TVAE,TSTR,RandomForest,0.4432236363097258,0.2767475035663338,0.16782006920415224,0.7886178861788617,0.6200786124166828,0.21358059767491885,0.6811886419890425,0.330929927540193,-2.221135127932021,0.36651256177181246
Vigitel current smoking,vigitel_smoking,0,2,42,20116,SepAware TVAE,TSTR,CatBoost,0.4752655122507936,0.2952815829528158,0.18164794007490637,0.7886178861788617,0.6451641312308221,0.24582639480739363,0.7056391430504956,0.4115267735712513,-2.1524374929641756,0.14904103559745166
Vigitel current smoking,vigitel_smoking,0,3,42,10153,Standard CTGAN,TSTR,LogisticRegression,0.4672349493873202,0.0,0.0,0.0,0.5,0.107874145658018,0.427770207006517,0.1099544056002268,-3.9665402233740896,-1.0344550260117737
Vigitel current smoking,vigitel_smoking,0,3,42,10153,Standard CTGAN,TSTR,RandomForest,0.4672349493873202,0.0,0.0,0.0,0.5,0.12310507465975193,0.5031565480991184,0.11111822103937424,-1.971083608258405,-0.0037118115907505476
Vigitel current smoking,vigitel_smoking,0,3,42,10153,Standard CTGAN,TSTR,CatBoost,0.4658119658119658,0.0,0.0,0.0,0.49714937286202965,0.13161597655379714,0.516765395704128,0.11094371200771345,-1.6786780220296658,0.14190646259353923
Vigitel current smoking,vigitel_smoking,0,3,42,10153,SepAware CTGAN,TSTR,LogisticRegression,0.6062361640996656,0.33650793650793653,0.2760416666666667,0.43089430894308944,0.6361997200359689,0.29390818864532975,0.6962390262443103,0.14900530921935218,-1.4674426088798522,0.34871560719377265
Vigitel current smoking,vigitel_smoking,0,3,42,10153,SepAware CTGAN,TSTR,RandomForest,0.6282423039747307,0.3378995433789954,0.3854166666666667,0.3008130081300813,0.6167691038369905,0.30800244304825697,0.7107656367327643,0.11757313621656167,-1.1189354184539333,0.6751490638122918
Vigitel current smoking,vigitel_smoking,0,3,42,10153,SepAware CTGAN,TSTR,CatBoost,0.606772376590218,0.34055727554179566,0.275,0.44715447154471544,0.6409090487712175,0.29517330577118284,0.7084665943580758,0.14611428709318183,-1.461192325427493,0.3916825952015421
Vigitel current smoking,vigitel_smoking,0,3,42,20153,Standard TVAE,TSTR,LogisticRegression,0.25750223752704093,0.21443736730360935,0.12332112332112333,0.8211382113821138,0.5012190486785142,0.11679682308621182,0.48517673888255414,0.7214973227438143,-1.993575494973228,0.0033919815554263196
Vigitel current smoking,vigitel_smoking,0,3,42,20153,Standard TVAE,TSTR,RandomForest,0.5177157401422108,0.2977941176470588,0.19239904988123516,0.6585365853658537,0.6354256473009428,0.25518641283150784,0.6934903727600561,0.2592110550339395,-2.116717804614953,0.5626120047005864
Vigitel current smoking,vigitel_smoking,0,3,42,20153,Standard TVAE,TSTR,CatBoost,0.5741580719301915,0.331002331002331,0.23202614379084968,0.5772357723577236,0.6546384106942552,0.23260870081949073,0.6697722279389271,0.25561624332744654,-1.874423170710365,0.11272277548683905
Vigitel current smoking,vigitel_smoking,0,3,42,20153,SepAware TVAE,TSTR,LogisticRegression,0.36428403663978703,0.2339622641509434,0.13839285714285715,0.7560975609756098,0.547946157910838,0.12036911091352645,0.49852601718719586,0.5992958025552922,-2.010245868704928,0.007470928720281261
Vigitel current smoking,vigitel_smoking,0,3,42,20153,SepAware TVAE,TSTR,RandomForest,0.48011139815680026,0.2950310559006211,0.18234165067178504,0.7723577235772358,0.6433054296335438,0.2717074093262658,0.7101816058069359,0.3485699479961221,-2.451241585607338,0.5031771737307862
Vigitel current smoking,vigitel_smoking,0,3,42,20153,SepAware TVAE,TSTR,CatBoost,0.5343747513730728,0.30947775628626695,0.20304568527918782,0.6504065040650406,0.6461838677679821,0.2269082334116723,0.6732949541582075,0.3518083219387121,-1.9807810944098154,0.11401600311913242
Vigitel current smoking,vigitel_smoking,0,4,42,10190,Standard CTGAN,TSTR,LogisticRegression,0.4669509594882729,0.0,0.0,0.0,0.5,0.1596423325813353,0.5283178671380174,0.10839207997497735,-0.3930318162044492,0.7866509673732949
Vigitel current smoking,vigitel_smoking,0,4,42,10190,Standard CTGAN,TSTR,RandomForest,0.4669509594882729,0.0,0.0,0.0,0.5,0.17147581213579288,0.602527986448667,0.1071723174838734,0.1427686347559386,1.1137619202871636
Vigitel current smoking,vigitel_smoking,0,4,42,10190,Standard CTGAN,TSTR,CatBoost,0.4669509594882729,0.0,0.0,0.0,0.5,0.13789330126309665,0.539576889085285,0.10970055661058863,-1.3543783870580985,0.26985744345210944
Vigitel current smoking,vigitel_smoking,0,4,42,10190,SepAware CTGAN,TSTR,LogisticRegression,0.5660012018428257,0.23529411764705882,0.24561403508771928,0.22580645161290322,0.563816467815584,0.2151545693408321,0.6697599057298571,0.13136621115254035,-1.2942886496634567,0.34116773196410133
Vigitel current smoking,vigitel_smoking,0,4,42,10190,SepAware CTGAN,TSTR,RandomForest,0.5646826127223697,0.21164021164021163,0.3076923076923077,0.16129032258064516,0.5549602297834733,0.2738386880963029,0.6800154661953159,0.11321972527362446,-0.9993550398752715,0.6104059150622668
Vigitel current smoking,vigitel_smoking,0,4,42,10190,SepAware CTGAN,TSTR,CatBoost,0.5816979503199565,0.2713178294573643,0.26119402985074625,0.28225806451612906,0.5846221829429961,0.2566579700143422,0.6804113271468551,0.1345758964930053,-1.3249166596452544,0.3540467373411706
Vigitel current smoking,vigitel_smoking,0,4,42,20190,Standard TVAE,TSTR,LogisticRegression,0.3244773967665534,0.20963855421686747,0.12322946175637393,0.7016129032258065,0.49749594932979824,0.11225825726176439,0.46547724259832085,0.6339104736070635,-1.9154759445317358,-0.006889091954937714
Vigitel current smoking,vigitel_smoking,0,4,42,20190,Standard TVAE,TSTR,RandomForest,0.4322158108090265,0.2607449856733524,0.15853658536585366,0.7338709677419355,0.5912505523641185,0.17771654989113356,0.601437067314774,0.3380429975456224,-2.0568832068585565,0.21635387961119323
Vigitel current smoking,vigitel_smoking,0,4,42,20190,Standard TVAE,TSTR,CatBoost,0.5148900003268935,0.2796116504854369,0.18414322250639387,0.5806451612903226,0.608244955074385,0.1712946066660637,0.6052759979378406,0.3656073886596216,-1.8781322786484718,0.07061236205551638
Vigitel current smoking,vigitel_smoking,0,4,42,20190,SepAware TVAE,TSTR,LogisticRegression,0.3751185120063436,0.20765027322404372,0.125,0.6129032258064516,0.5027986448666961,0.11211534194254429,0.46451060539107375,0.560201552226769,-1.924713685541782,-0.00921602475351776
Vigitel current smoking,vigitel_smoking,0,4,42,20190,SepAware TVAE,TSTR,RandomForest,0.5071489684956478,0.26614481409001955,0.17571059431524547,0.5483870967741935,0.5921159228163204,0.16782320158130626,0.60444284872588,0.23806271492347394,-1.875363341831623,0.22940025259260663
Vigitel current smoking,vigitel_smoking,0,4,42,20190,SepAware TVAE,TSTR,CatBoost,0.5096906687203183,0.2792452830188679,0.18226600985221675,0.5967741935483871,0.6088893798792163,0.1579110917676984,0.5951585285019885,0.32465826507379614,-1.8722682172518499,0.08154805607517034
Vigitel current smoking,vigitel_smoking,1,0,43,10043,Standard CTGAN,TSTR,LogisticRegression,0.4672349493873202,0.0,0.0,0.0,0.5,0.11020883418068163,0.43887606492940645,0.10973494739572033,-3.2884408235606633,-0.6604057297415623
Vigitel current smoking,vigitel_smoking,1,0,43,10043,Standard CTGAN,TSTR,RandomForest,0.4672349493873202,0.0,0.0,0.0,0.5,0.11794947031972258,0.4676048242808539,0.11036268635918067,-2.620968308156215,-0.34525350537441046
Vigitel current smoking,vigitel_smoking,1,0,43,10043,Standard CTGAN,TSTR,CatBoost,0.4669509594882729,0.0,0.0,0.0,0.49942987457240595,0.09971060372279722,0.3902624431033364,0.11341934376398143,-3.775884343868522,-0.7992073396811092
Vigitel current smoking,vigitel_smoking,1,0,43,10043,SepAware CTGAN,TSTR,LogisticRegression,0.6211849335279247,0.35374149659863946,0.30409356725146197,0.42276422764227645,0.6435371879374439,0.2809328150546866,0.7266179047195261,0.1381516942225983,-1.3737334327471846,0.4435389922770967
Vigitel current smoking,vigitel_smoking,1,0,43,10043,SepAware CTGAN,TSTR,RandomForest,0.5690480750814021,0.21739130434782608,0.32786885245901637,0.16260162601626016,0.5579256704767732,0.26191020332971676,0.7280826172001744,0.11415625557586727,-0.9140045194012555,0.8749039864447504
Vigitel current smoking,vigitel_smoking,1,0,43,10043,SepAware CTGAN,TSTR,CatBoost,0.6016008768825369,0.31833910034602075,0.27710843373493976,0.37398373983739835,0.6185768186074107,0.28193431272823744,0.7362683204939232,0.13276770329937096,-1.3271684375819353,0.49216062417959666
Vigitel current smoking,vigitel_smoking,1,0,43,20043,Standard TVAE,TSTR,LogisticRegression,0.32620863255327837,0.21368547418967587,0.12535211267605634,0.7235772357723578,0.507740727350261,0.1080872224425663,0.4670949560122739,0.6331019537700115,-1.9881163616197894,0.003946959245003427
Vigitel current smoking,vigitel_smoking,1,0,43,20043,Standard TVAE,TSTR,RandomForest,0.49714415833317527,0.2980132450331126,0.18711018711018712,0.7317073170731707,0.6429346163473038,0.2281905421741386,0.6948438412548322,0.28166211028757426,-2.162119139906578,0.5124507022328113
Vigitel current smoking,vigitel_smoking,1,0,43,20043,Standard TVAE,TSTR,CatBoost,0.5320746783173662,0.3126177024482109,0.2034313725490196,0.6747967479674797,0.6521076100156669,0.21276922362195108,0.6422532469338376,0.3546711699505274,-1.937440474045889,0.10938916829274235
Vigitel current smoking,vigitel_smoking,1,0,43,20043,SepAware TVAE,TSTR,LogisticRegression,0.25374554626326856,0.22314911366006257,0.12799043062200957,0.8699186991869918,0.5193379128774184,0.10334066992758537,0.44305234956568496,0.7253075073430252,-2.0609547973797295,0.010930072189550789
Vigitel current smoking,vigitel_smoking,1,0,43,20043,SepAware TVAE,TSTR,RandomForest,0.48342272315965007,0.2938388625592417,0.18235294117647058,0.7560975609756098,0.6403064771810774,0.20637558819548424,0.6882155537632914,0.2901292074346647,-2.145760412047376,0.4412242308869638
Vigitel current smoking,vigitel_smoking,1,0,43,20043,SepAware TVAE,TSTR,CatBoost,0.4978132704341458,0.2934232715008432,0.1851063829787234,0.7073170731707317,0.6353004978168368,0.19387820664844993,0.6684651111049309,0.35721008258828824,-2.089836568183822,0.140013634428909
Vigitel current smoking,vigitel_smoking,1,1,43,10080,Standard CTGAN,TSTR,LogisticRegression,0.4672349493873202,0.0,0.0,0.0,0.5,0.15703336560174624,0.5688553920886985,0.1071828980476468,-0.091718805957684,0.9614317333251114
Vigitel current smoking,vigitel_smoking,1,1,43,10080,Standard CTGAN,TSTR,RandomForest,0.4672349493873202,0.0,0.0,0.0,0.5,0.14226989256641714,0.5354080336698465,0.10876841834597713,-1.3139505218446592,0.3525485539296057
Vigitel current smoking,vigitel_smoking,1,1,43,10080,Standard CTGAN,TSTR,CatBoost,0.4672349493873202,0.0,0.0,0.0,0.5,0.16940513364675316,0.6006804423802505,0.10678874028119156,-0.4497316877754928,0.7378916035953812
Vigitel current smoking,vigitel_smoking,1,1,43,10080,SepAware CTGAN,TSTR,LogisticRegression,0.5887678379622525,0.29473684210526313,0.25925925925925924,0.34146341463414637,0.6023166560057847,0.2706339810896928,0.6983433916437226,0.14019842944656796,-1.3753888470823703,0.36861414605326276
Vigitel current smoking,vigitel_smoking,1,1,43,10080,SepAware CTGAN,TSTR,RandomForest,0.5904964658064549,0.27149321266968324,0.30612244897959184,0.24390243902439024,0.5831826904357983,0.2840022212353913,0.7188586367049531,0.1160620876395401,-1.0740223510200946,0.6725713463081544
Vigitel current smoking,vigitel_smoking,1,1,43,10080,SepAware CTGAN,TSTR,CatBoost,0.6162831154629952,0.34576271186440677,0.29651162790697677,0.4146341463414634,0.6383318964318492,0.29049453532345815,0.7287315404510943,0.14096644013264428,-1.4188952454081076,0.3900199138858661
Vigitel current smoking,vigitel_smoking,1,1,43,20080,Standard TVAE,TSTR,LogisticRegression,0.277757855011145,0.22936763129689175,0.13209876543209875,0.8699186991869918,0.5341611739948642,0.11161922558584671,0.47797369079734126,0.6965537792580071,-2.073636366337148,0.013070082506548269
Vigitel current smoking,vigitel_smoking,1,1,43,20080,Standard TVAE,TSTR,RandomForest,0.3922077271075354,0.26700251889168763,0.15797317436661698,0.8617886178861789,0.6087734423524395,0.2933796317060668,0.7039519425981033,0.43345952238886454,-2.6874831912354447,0.44311467399436144
Vigitel current smoking,vigitel_smoking,1,1,43,20080,Standard TVAE,TSTR,CatBoost,0.5306942328234718,0.3180987202925046,0.20518867924528303,0.7073170731707317,0.6615262674861639,0.20293701618628351,0.6542907732384051,0.3701535128059436,-2.043047873783546,0.10583224905126738
Vigitel current smoking,vigitel_smoking,1,1,43,20080,SepAware TVAE,TSTR,LogisticRegression,0.2455654456967213,0.22745901639344263,0.13012895662368112,0.9024390243902439,0.5281864449203215,0.11576541825193737,0.4820294611155918,0.7387883509935518,-2.045230022305191,0.008570387265116282
Vigitel current smoking,vigitel_smoking,1,1,43,20080,SepAware TVAE,TSTR,RandomForest,0.45714285714285713,0.29428571428571426,0.17850953206239167,0.8373983739837398,0.6484597343122804,0.2716087669309363,0.7069694357148817,0.37169573881588086,-2.5224650309876773,0.5207044947478537
Vigitel current smoking,vigitel_smoking,1,1,43,20080,SepAware TVAE,TSTR,CatBoost,0.5306942328234718,0.3180987202925046,0.20518867924528303,0.7073170731707317,0.6615262674861639,0.20247268989675263,0.6681128384830028,0.36615233342660886,-2.131925971720824,0.12922035742689736
Vigitel current smoking,vigitel_smoking,1,2,43,10117,Standard CTGAN,TSTR,LogisticRegression,0.4672349493873202,0.0,0.0,0.0,0.5,0.09370294042342986,0.3463581500125149,0.11188503100841032,-6.0399852144552355,-2.0701547455705254
Vigitel current smoking,vigitel_smoking,1,2,43,10117,Standard CTGAN,TSTR,RandomForest,0.4672349493873202,0.0,0.0,0.0,0.5,0.12514318281486636,0.4962872319715216,0.10976041061864,-1.8558891485986035,0.059416047873785786
Vigitel current smoking,vigitel_smoking,1,2,43,10117,Standard CTGAN,TSTR,CatBoost,0.4672349493873202,0.0,0.0,0.0,0.5,0.13299379127829164,0.5051311288483467,0.10988545350586182,-1.7802945352459494,0.08248081678645096
Vigitel current smoking,vigitel_smoking,1,2,43,10117,SepAware CTGAN,TSTR,LogisticRegression,0.6127791394335512,0.33088235294117646,0.30201342281879195,0.36585365853658536,0.6236337847985094,0.30710272087644785,0.7287964327761863,0.12333354292614922,-1.1928354817777476,0.5220377789893007
Vigitel current smoking,vigitel_smoking,1,2,43,10117,SepAware CTGAN,TSTR,RandomForest,0.5824103495861438,0.24875621890547264,0.32051282051282054,0.2032520325203252,0.5714093685976769,0.2604178844566128,0.716457620676549,0.11500327747423333,-0.9848929896382506,0.7572644554197412
Vigitel current smoking,vigitel_smoking,1,2,43,10117,SepAware CTGAN,TSTR,CatBoost,0.5871828532269916,0.2907801418439716,0.2578616352201258,0.3333333333333333,0.5993918662105663,0.2702412380489611,0.7258391968184219,0.13377658449590796,-1.328772135456975,0.45484524159227135
Vigitel current smoking,vigitel_smoking,1,2,43,20117,Standard TVAE,TSTR,LogisticRegression,0.31634838886103644,0.1891891891891892,0.11143270622286541,0.6260162601626016,0.4629511175385414,0.09611356804380553,0.40154443733718975,0.6405118242218837,-1.8539293960435776,-0.024374805426979552
Vigitel current smoking,vigitel_smoking,1,2,43,20117,Standard TVAE,TSTR,RandomForest,0.38168358128869717,0.24936386768447838,0.1478129713423831,0.7967479674796748,0.5762531171491875,0.19032896782719325,0.6383318964318492,0.38628781712127236,-2.225511635351453,0.28647481745308384
Vigitel current smoking,vigitel_smoking,1,2,43,20117,Standard TVAE,TSTR,CatBoost,0.5354696375190597,0.30181086519114686,0.20053475935828877,0.6097560975609756,0.6344105459298607,0.1956303372959738,0.6239165299292674,0.30083583996142776,-1.8899683855349234,0.11710785964829201
Vigitel current smoking,vigitel_smoking,1,2,43,20117,SepAware TVAE,TSTR,LogisticRegression,0.35319829853105356,0.1701534170153417,0.1026936026936027,0.4959349593495935,0.44409062676715705,0.0992175290869239,0.4093593273446987,0.5818163512698924,-1.9175780061127798,-0.02661701204962123
Vigitel current smoking,vigitel_smoking,1,2,43,20117,SepAware TVAE,TSTR,RandomForest,0.38618808159202106,0.2579013906447535,0.15269461077844312,0.8292682926829268,0.5919431543232194,0.21930389931358915,0.6581657720796137,0.3778255591852848,-2.289872498326577,0.34453424716457026
Vigitel current smoking,vigitel_smoking,1,2,43,20117,SepAware TVAE,TSTR,CatBoost,0.5324348488360542,0.300990099009901,0.19895287958115182,0.6178861788617886,0.6344847085871087,0.20731071520931715,0.6077676113135133,0.3372545078734571,-1.9187496110312088,0.08009448247437041
Vigitel current smoking,vigitel_smoking,1,3,43,10154,Standard CTGAN,TSTR,LogisticRegression,0.4672349493873202,0.0,0.0,0.0,0.5,0.11165404950719714,0.4731392125779867,0.11006437100582905,-2.5798970962749075,-0.31643701234837474
Vigitel current smoking,vigitel_smoking,1,3,43,10154,Standard CTGAN,TSTR,RandomForest,0.4672349493873202,0.0,0.0,0.0,0.5,0.13640355147426175,0.5221236476902967,0.10915896370069934,-1.5780942937360543,0.20345149448309996
Vigitel current smoking,vigitel_smoking,1,3,43,10154,Standard CTGAN,TSTR,CatBoost,0.4755485246578169,0.016129032258064516,1.0,0.008130081300813009,0.5040650406504065,0.13851007419573413,0.523643982163881,0.10875763991491082,-1.3447109152547134,0.31291728802668595
Vigitel current smoking,vigitel_smoking,1,3,43,10154,SepAware CTGAN,TSTR,LogisticRegression,0.5992334428761923,0.2918454935622318,0.3090909090909091,0.2764227642276423,0.5948818496166718,0.23200282263713837,0.6506753436975645,0.12885070036069776,-1.3486569332167684,0.3185620442008425
Vigitel current smoking,vigitel_smoking,1,3,43,10154,SepAware CTGAN,TSTR,RandomForest,0.5983981175618807,0.2755102040816326,0.3698630136986301,0.21951219512195122,0.5835303278916484,0.26478467617190166,0.6847994363638049,0.1123134742630331,-1.038475297223408,0.6008784625836024
Vigitel current smoking,vigitel_smoking,1,3,43,10154,SepAware CTGAN,TSTR,CatBoost,0.5785867393775385,0.26294820717131473,0.2578125,0.2682926829268293,0.579984425841978,0.24655706212679646,0.6747225853102315,0.13265609986266957,-1.347178973040337,0.35785729420188644
Vigitel current smoking,vigitel_smoking,1,3,43,20154,Standard TVAE,TSTR,LogisticRegression,0.338428055596775,0.2246376811594203,0.13191489361702127,0.7560975609756098,0.5291320188002336,0.11577898998181792,0.4884538012997005,0.6201626142480613,-1.9753654174954816,0.00201959017407253
Vigitel current smoking,vigitel_smoking,1,3,43,20154,Standard TVAE,TSTR,RandomForest,0.5332852475709619,0.2910602910602911,0.19553072625698323,0.5691056910569106,0.6203567223813629,0.20212599695709624,0.6414652687005776,0.21986147116437832,-1.879968987867622,0.4591880230664856
Vigitel current smoking,vigitel_smoking,1,3,43,20154,Standard TVAE,TSTR,CatBoost,0.5316059203791093,0.2566585956416465,0.18275862068965518,0.43089430894308944,0.58032742813175,0.1942115129926159,0.6260440711590697,0.24457219642954187,-1.7778718076169984,0.10955151949973424
Vigitel current smoking,vigitel_smoking,1,3,43,20154,SepAware TVAE,TSTR,LogisticRegression,0.3631778058007566,0.2230769230769231,0.1324200913242009,0.7073170731707317,0.5286870428567455,0.11747839072662931,0.49643092211993955,0.5796083237013036,-1.9757395845887231,0.002608776196659016
Vigitel current smoking,vigitel_smoking,1,3,43,20154,SepAware TVAE,TSTR,RandomForest,0.500395209759444,0.27956989247311825,0.1793103448275862,0.6341463414634146,0.6135383930806241,0.1882522694940724,0.6324545058449444,0.25884475385527944,-1.9504297905286327,0.3622037755691984
Vigitel current smoking,vigitel_smoking,1,3,43,20154,SepAware TVAE,TSTR,CatBoost,0.5080947720414322,0.2798507462686567,0.18159806295399517,0.6097560975609756,0.6121756542536919,0.17343891272714826,0.6120505047695859,0.3689465058752566,-1.9255059845938245,0.08305627620013081
Vigitel current smoking,vigitel_smoking,1,4,43,10191,Standard CTGAN,TSTR,LogisticRegression,0.4669509594882729,0.0,0.0,0.0,0.5,0.16177938833509226,0.5649764324642805,0.10810940626728519,-0.10022385976952106,0.9393636589089408
Vigitel current smoking,vigitel_smoking,1,4,43,10191,Standard CTGAN,TSTR,RandomForest,0.4669509594882729,0.0,0.0,0.0,0.5,0.1459422412189137,0.5543894535277655,0.10864282639414406,-0.810713064927981,0.6155739473711654
Vigitel current smoking,vigitel_smoking,1,4,43,10191,Standard CTGAN,TSTR,CatBoost,0.4669509594882729,0.0,0.0,0.0,0.5,0.13233914987186624,0.5259611135660628,0.10974241856744535,-1.4198863054462334,0.25023974149908385
Vigitel current smoking,vigitel_smoking,1,4,43,10191,SepAware CTGAN,TSTR,LogisticRegression,0.6179401993355482,0.34285714285714286,0.3076923076923077,0.3870967741935484,0.6319045514803359,0.2834294719875059,0.7042642509942555,0.13532530130693834,-1.3264779608269226,0.3779742830271239
Vigitel current smoking,vigitel_smoking,1,4,43,10191,SepAware CTGAN,TSTR,RandomForest,0.6062782654961426,0.29523809523809524,0.36046511627906974,0.25,0.5936073059360731,0.27640025063100915,0.7032423773751657,0.11375712174327336,-1.024653055100891,0.6468249515011505
Vigitel current smoking,vigitel_smoking,1,4,43,10191,SepAware CTGAN,TSTR,CatBoost,0.6100131752305665,0.32727272727272727,0.2980132450331126,0.3629032258064516,0.6209493297982029,0.28958848530885734,0.709557740462513,0.13668547509103762,-1.3662911291446616,0.3681032017579006
Vigitel current smoking,vigitel_smoking,1,4,43,20191,Standard TVAE,TSTR,LogisticRegression,0.3408123791102514,0.22545454545454546,0.1326676176890157,0.75,0.5279680365296804,0.11397699882017741,0.4757466121667403,0.6142209586171034,-1.9387701917526285,-0.0028904216310847285
Vigitel current smoking,vigitel_smoking,1,4,43,20191,Standard TVAE,TSTR,RandomForest,0.5727622846266913,0.3194103194103194,0.22968197879858657,0.5241935483870968,0.6376675504492562,0.23008967988991288,0.6625055236411842,0.19993612543509784,-1.788693562218862,0.35322850224269553
Vigitel current smoking,vigitel_smoking,1,4,43,20191,Standard TVAE,TSTR,CatBoost,0.606702133958099,0.32116788321167883,0.29333333333333333,0.3548387096774194,0.6169170717336869,0.23545195584045944,0.6658565326263073,0.17416910909623634,-1.5715230389993728,0.12465745027075678
Vigitel current smoking,vigitel_smoking,1,4,43,20191,SepAware TVAE,TSTR,LogisticRegression,0.37792343472964596,0.20498614958448755,0.12374581939799331,0.5967741935483871,0.49930033878332597,0.11361909049944012,0.46925173074090437,0.5580394104900863,-1.9302310366030395,-0.008628750803845812
Vigitel current smoking,vigitel_smoking,1,4,43,20191,SepAware TVAE,TSTR,RandomForest,0.5451594573765823,0.3136456211812627,0.2098092643051771,0.6209677419354839,0.6449587568124908,0.2564843506629627,0.6698105391073796,0.22429785608428235,-1.7980634705757352,0.3603995640383793
Vigitel current smoking,vigitel_smoking,1,4,43,20191,SepAware TVAE,TSTR,CatBoost,0.5286521388216303,0.3047619047619048,0.19950124688279303,0.6451612903225806,0.6393614670790986,0.22669638626078858,0.647780416850788,0.3275019456057805,-1.878347799932489,0.11937301491149312
Vigitel current smoking,vigitel_smoking,2,0,44,10044,Standard CTGAN,TSTR,LogisticRegression,0.4672349493873202,0.0,0.0,0.0,0.5,0.13916186470405778,0.5400617404121589,0.10767572882846664,-0.5191483286948188,0.7387696280762633
Vigitel current smoking,vigitel_smoking,2,0,44,10044,Standard CTGAN,TSTR,RandomForest,0.4672349493873202,0.0,0.0,0.0,0.5,0.12331725524037886,0.4903634897238368,0.11026222680504423,-2.0810665226401603,-0.06544098370757431
Vigitel current smoking,vigitel_smoking,2,0,44,10044,Standard CTGAN,TSTR,CatBoost,0.4672349493873202,0.0,0.0,0.0,0.5,0.11743861274170239,0.5017752686078742,0.11012503841478201,-1.9226536432583856,0.020972210921855028
Vigitel current smoking,vigitel_smoking,2,0,44,10044,SepAware CTGAN,TSTR,LogisticRegression,0.5795620188706225,0.2730627306273063,0.25,0.3008130081300813,0.5871225816020988,0.27213370600865094,0.6894994947668974,0.14344914520633387,-1.3900832783333457,0.33092128376285695
Vigitel current smoking,vigitel_smoking,2,0,44,10044,SepAware CTGAN,TSTR,RandomForest,0.5683137580528356,0.24066390041493776,0.2457627118644068,0.23577235772357724,0.5671450158059164,0.24058798658842054,0.6731373585115554,0.12506893334307492,-1.277644486381728,0.42516030297168167
Vigitel current smoking,vigitel_smoking,2,0,44,10044,SepAware CTGAN,TSTR,CatBoost,0.5830461100716364,0.2815884476534296,0.2532467532467532,0.3170731707317073,0.5929721611925355,0.26275821043698966,0.6795524283635082,0.14636474747000966,-1.4229908421569717,0.3097114875419561
Vigitel current smoking,vigitel_smoking,2,0,44,20044,Standard TVAE,TSTR,LogisticRegression,0.36649945699953457,0.19672131147540983,0.11822660098522167,0.5853658536585366,0.4865255722112523,0.099021467889883,0.4172020283486757,0.5641456908705598,-1.9044806164902965,-0.023291521303012118
Vigitel current smoking,vigitel_smoking,2,0,44,20044,Standard TVAE,TSTR,RandomForest,0.47984241239373204,0.2743801652892562,0.17219917012448133,0.6747967479674797,0.6099183283737056,0.18025568213696194,0.619832948614549,0.2682885782522317,-1.9541624822979318,0.1757468441992826
Vigitel current smoking,vigitel_smoking,2,0,44,20044,Standard TVAE,TSTR,CatBoost,0.47444255479969766,0.17592592592592593,0.12297734627831715,0.3089430894308943,0.499967553837454,0.16341139371524407,0.5473667621510879,0.2812785966757598,-1.8697181887534813,0.041400704349136806
Vigitel current smoking,vigitel_smoking,2,0,44,20044,SepAware TVAE,TSTR,LogisticRegression,0.37217478653942737,0.19889502762430938,0.11980033277870217,0.5853658536585366,0.49108657563200486,0.10105576617177878,0.4287435918828972,0.5581388805334868,-1.9160920906511596,-0.01946630761848935
Vigitel current smoking,vigitel_smoking,2,0,44,20044,SepAware TVAE,TSTR,RandomForest,0.4896331738437002,0.27017543859649124,0.17225950782997762,0.6260162601626016,0.6020617218714946,0.18292772589783052,0.6169266994836424,0.24995777046890016,-1.929048992477948,0.27658697023515555
Vigitel current smoking,vigitel_smoking,2,0,44,20044,SepAware TVAE,TSTR,CatBoost,0.5207892882311487,0.2787878787878788,0.18548387096774194,0.5609756097560976,0.6077398003170453,0.19098835650854462,0.6072438375466993,0.3215852444964035,-1.8234359800356623,0.0815839205872618
Vigitel current smoking,vigitel_smoking,2,1,44,10081,Standard CTGAN,TSTR,LogisticRegression,0.4672349493873202,0.0,0.0,0.0,0.5,0.12986441458528503,0.4981876500635018,0.10921333381612494,-2.0004547678719207,-0.01922096780627083
Vigitel current smoking,vigitel_smoking,2,1,44,10081,Standard CTGAN,TSTR,RandomForest,0.4672349493873202,0.0,0.0,0.0,0.5,0.13901070782446312,0.5361218492458585,0.11012548205738756,-1.3967920304874069,0.3358825612922008
Vigitel current smoking,vigitel_smoking,2,1,44,10081,Standard CTGAN,TSTR,CatBoost,0.4672349493873202,0.0,0.0,0.0,0.5,0.12176050854676004,0.4961018253284015,0.11077763255946835,-1.941749226000877,0.011581781969861041
Vigitel current smoking,vigitel_smoking,2,1,44,10081,SepAware CTGAN,TSTR,LogisticRegression,0.6372211137311808,0.3825503355704698,0.32571428571428573,0.4634146341463415,0.6644325166170704,0.31467751411601214,0.72586700781489,0.1319568284797727,-1.3274530560366917,0.4634211606240182
Vigitel current smoking,vigitel_smoking,2,1,44,10081,SepAware CTGAN,TSTR,RandomForest,0.6324289054428797,0.3622641509433962,0.3380281690140845,0.3902439024390244,0.6415301610256696,0.3046708176994309,0.7333296252004711,0.11894790558315305,-1.1013846553006534,0.7609974084621701
Vigitel current smoking,vigitel_smoking,2,1,44,10081,SepAware CTGAN,TSTR,CatBoost,0.6177817299666923,0.3509933774834437,0.29608938547486036,0.43089430894308944,0.6436113505946919,0.29773744739312763,0.7350446366493312,0.13650316442250493,-1.381324104592835,0.44890185936710203
Vigitel current smoking,vigitel_smoking,2,1,44,20081,Standard TVAE,TSTR,LogisticRegression,0.3497732502730019,0.22688039457459927,0.13372093023255813,0.7479674796747967,0.5341889849913322,0.11726261928773031,0.49517942727887937,0.6062486428247625,-1.9828035590008317,0.003389166990038904
Vigitel current smoking,vigitel_smoking,2,1,44,20081,Standard TVAE,TSTR,RandomForest,0.4476143223352353,0.27913669064748203,0.16958041958041958,0.7886178861788617,0.6234993649822473,0.21404516709927235,0.6865144478126651,0.35532593132101703,-2.2791905117221427,0.3658047093774981
Vigitel current smoking,vigitel_smoking,2,1,44,20081,Standard TVAE,TSTR,CatBoost,0.5303409825468649,0.3161764705882353,0.2042755344418052,0.6991869918699187,0.6586014776909457,0.18964888039108627,0.6625135578607781,0.36413751363158553,-1.9273568049970453,0.10330366745024182
Vigitel current smoking,vigitel_smoking,2,1,44,20081,SepAware TVAE,TSTR,LogisticRegression,0.36959053050811,0.22018348623853212,0.13125,0.6829268292682927,0.5244736768918431,0.11833866518698917,0.4947993436604834,0.5801467143180127,-1.9633003675146685,-0.00023704540871477184
Vigitel current smoking,vigitel_smoking,2,1,44,20081,SepAware TVAE,TSTR,RandomForest,0.4931094942847205,0.29187396351575456,0.18333333333333332,0.7154471544715447,0.6342344096188967,0.24282260884829893,0.6888459363498994,0.2971673825346602,-2.187518477041516,0.5049809673201121
Vigitel current smoking,vigitel_smoking,2,1,44,20081,SepAware TVAE,TSTR,CatBoost,0.5303409825468649,0.3161764705882353,0.2042755344418052,0.6991869918699187,0.6586014776909457,0.1936287091925315,0.6385868305661392,0.35620299657345783,-1.8979828090421775,0.10489443426719183
Vigitel current smoking,vigitel_smoking,2,2,44,10118,Standard CTGAN,TSTR,LogisticRegression,0.4672349493873202,0.0,0.0,0.0,0.5,0.10894796187038758,0.435167932067006,0.11043265354786692,-3.458939331327043,-0.7489488099046658
Vigitel current smoking,vigitel_smoking,2,2,44,10118,Standard CTGAN,TSTR,RandomForest,0.4672349493873202,0.0,0.0,0.0,0.5,0.1207173654630217,0.4651296455952017,0.1116890155872135,-2.6011247899552723,-0.3606446444465689
Vigitel current smoking,vigitel_smoking,2,2,44,10118,Standard CTGAN,TSTR,CatBoost,0.4672349493873202,0.0,0.0,0.0,0.5,0.12086274653225629,0.45131685068276,0.11161383712006666,-2.8006838527671833,-0.4104825163736177
Vigitel current smoking,vigitel_smoking,2,2,44,10118,SepAware CTGAN,TSTR,LogisticRegression,0.6010434248887525,0.3157894736842105,0.2777777777777778,0.36585365853658536,0.6162221542397864,0.2740028064950788,0.6837240778337088,0.13837965408138256,-1.3762226525342847,0.34045145245300645
Vigitel current smoking,vigitel_smoking,2,2,44,10118,SepAware CTGAN,TSTR,RandomForest,0.6190536241136428,0.3192488262910798,0.37777777777777777,0.2764227642276423,0.6062843581685532,0.3137317958095752,0.7056762243791195,0.11263539417437492,-1.02908364679718,0.6372514830847574
Vigitel current smoking,vigitel_smoking,2,2,44,10118,SepAware CTGAN,TSTR,CatBoost,0.6133190118152524,0.3368421052631579,0.2962962962962963,0.3902439024390244,0.6301276524737882,0.2887240345646543,0.7058616310222395,0.1377263531936415,-1.3736194849105736,0.3706812763940999
Vigitel current smoking,vigitel_smoking,2,2,44,20118,Standard TVAE,TSTR,LogisticRegression,0.3265369168983627,0.21204819277108433,0.12446958981612447,0.7154471544715447,0.5048159375550426,0.10671494528282252,0.45188234094427604,0.635644158525484,-1.93371864040422,-0.005364775621616327
Vigitel current smoking,vigitel_smoking,2,2,44,20118,Standard TVAE,TSTR,RandomForest,0.4205384984473681,0.2600276625172891,0.15666666666666668,0.7642276422764228,0.5936303547756117,0.239844271685334,0.6534239971818191,0.33970139208119654,-2.251629581180145,0.432028074428906
Vigitel current smoking,vigitel_smoking,2,2,44,20118,Standard TVAE,TSTR,CatBoost,0.5504862854102587,0.2956120092378753,0.2064516129032258,0.5203252032520326,0.6199117464378749,0.23008549353130167,0.6449648190894679,0.2633628349208655,-1.8168108182208496,0.12244190134003424
Vigitel current smoking,vigitel_smoking,2,2,44,20118,SepAware TVAE,TSTR,LogisticRegression,0.3547709121479613,0.2128205128205128,0.1263318112633181,0.6747967479674797,0.5101463785447433,0.10705871020277466,0.4527583873330181,0.5945672825097186,-1.9395658322282547,-0.005845324926862692
Vigitel current smoking,vigitel_smoking,2,2,44,20118,SepAware TVAE,TSTR,RandomForest,0.44080728306824485,0.2635431918008785,0.16071428571428573,0.7317073170731707,0.5978947075673722,0.20790824523560109,0.6553383207720332,0.31467835997000454,-2.145903712785921,0.34840658642038985
Vigitel current smoking,vigitel_smoking,2,2,44,20118,SepAware TVAE,TSTR,CatBoost,0.47005829358770534,0.27344992050874406,0.16996047430830039,0.6991869918699187,0.6101408163454497,0.2115071188930866,0.6422393414356038,0.31034367984987454,-1.8765364978016832,0.10052228321308562
Vigitel current smoking,vigitel_smoking,2,3,44,10155,Standard CTGAN,TSTR,LogisticRegression,0.4672349493873202,0.0,0.0,0.0,0.5,0.14587822544302703,0.5421568354794153,0.10774685595125381,-0.7631089340511913,0.6055389818268967
Vigitel current smoking,vigitel_smoking,2,3,44,10155,Standard CTGAN,TSTR,RandomForest,0.4672349493873202,0.0,0.0,0.0,0.5,0.15679260604552447,0.5720351160182069,0.10795522416820943,-0.6443651209478375,0.7460628537574917
Vigitel current smoking,vigitel_smoking,2,3,44,10155,Standard CTGAN,TSTR,CatBoost,0.4672349493873202,0.0,0.0,0.0,0.5,0.15296289951749542,0.5466900279036998,0.10870501406062275,-1.2555855528601496,0.3665293508164206
Vigitel current smoking,vigitel_smoking,2,3,44,10155,SepAware CTGAN,TSTR,LogisticRegression,0.6089263791533008,0.30701754385964913,0.3333333333333333,0.2845528455284553,0.6023676428326428,0.2962455533483674,0.726441768408562,0.11729434265136635,-1.1085119208345724,0.4473647713795632
Vigitel current smoking,vigitel_smoking,2,3,44,10155,SepAware CTGAN,TSTR,RandomForest,0.5960522293549937,0.27450980392156865,0.345679012345679,0.22764227642276422,0.5836044905488963,0.2731845785739011,0.7323655106562469,0.11121789237001309,-0.9402024520978641,0.6952073820364837
Vigitel current smoking,vigitel_smoking,2,3,44,10155,SepAware CTGAN,TSTR,CatBoost,0.6051109920176008,0.30578512396694213,0.31092436974789917,0.3008130081300813,0.6036562190023269,0.28516990035225237,0.7404306996319678,0.12322675877015905,-1.1893360354775004,0.4503655760994475
Vigitel current smoking,vigitel_smoking,2,3,44,20155,Standard TVAE,TSTR,LogisticRegression,0.3489908317942062,0.22139303482587064,0.13069016152716592,0.7235772357723578,0.524274364750489,0.10401602848349821,0.44971771838584973,0.6152023429177447,-1.966844954231098,0.00040431855582024625
Vigitel current smoking,vigitel_smoking,2,3,44,20155,Standard TVAE,TSTR,RandomForest,0.47163778738162654,0.2930513595166163,0.17996289424860853,0.7886178861788617,0.6423135040928516,0.21892142766821848,0.6749450732819757,0.30546546583952816,-2.187831143680216,0.5181062425107169
Vigitel current smoking,vigitel_smoking,2,3,44,20155,Standard TVAE,TSTR,CatBoost,0.5366999801442849,0.31477927063339733,0.20603015075376885,0.6666666666666666,0.6531736982136069,0.27072898972247095,0.6556303362349474,0.3025220268935179,-1.9103509072355214,0.11984684259043193
Vigitel current smoking,vigitel_smoking,2,3,44,20155,SepAware TVAE,TSTR,LogisticRegression,0.3428755641521599,0.22787878787878788,0.1339031339031339,0.7642276422764228,0.5354775611610164,0.1040715615657017,0.45184062444957407,0.6218559913951497,-1.9991130809028472,0.005282992111816667
Vigitel current smoking,vigitel_smoking,2,3,44,20155,SepAware TVAE,TSTR,RandomForest,0.5061764082403499,0.30272108843537415,0.1913978494623656,0.7235772357723578,0.6474214571108083,0.20125392632717623,0.6752370887448897,0.2810552578148404,-2.110823335746583,0.4697709733639521
Vigitel current smoking,vigitel_smoking,2,3,44,20155,SepAware TVAE,TSTR,CatBoost,0.5366999801442849,0.31477927063339733,0.20603015075376885,0.6666666666666666,0.6531736982136069,0.20413368145264224,0.6491735498882925,0.3506062004746824,-1.9293176635654181,0.09503832482183491
Vigitel current smoking,vigitel_smoking,2,4,44,10192,Standard CTGAN,TSTR,LogisticRegression,0.4669509594882729,0.0,0.0,0.0,0.5,0.18875037060354,0.6071494329061717,0.10711104313184443,0.9947423157289815,1.4910198685785192
Vigitel current smoking,vigitel_smoking,2,4,44,10192,Standard CTGAN,TSTR,RandomForest,0.4669509594882729,0.0,0.0,0.0,0.5,0.17640438737506098,0.6005947120341729,0.10732541903979442,0.08731672452370413,1.1254154766899287
Vigitel current smoking,vigitel_smoking,2,4,44,10192,Standard CTGAN,TSTR,CatBoost,0.4669509594882729,0.0,0.0,0.0,0.5,0.16565828644433028,0.5671490646634262,0.10811561379828978,-0.893130456023821,0.5260255643818401
Vigitel current smoking,vigitel_smoking,2,4,44,10192,SepAware CTGAN,TSTR,LogisticRegression,0.6242499958117038,0.33755274261603374,0.35398230088495575,0.3225806451612903,0.6196236559139785,0.2617170363076814,0.7086187214611873,0.12443006355674635,-1.2083952974284473,0.3908712733316342
Vigitel current smoking,vigitel_smoking,2,4,44,10192,SepAware CTGAN,TSTR,RandomForest,0.5708362044995708,0.21978021978021978,0.3448275862068966,0.16129032258064516,0.5589556635734276,0.25632183440655926,0.7197212402415671,0.10866703214914235,-0.8732625467406865,0.6697161099283655
Vigitel current smoking,vigitel_smoking,2,4,44,10192,SepAware CTGAN,TSTR,CatBoost,0.5994856552625477,0.2962962962962963,0.3025210084033613,0.2903225806451613,0.5977868610988364,0.2593585716619563,0.712190676093681,0.1281180444150038,-1.2638373859146417,0.38316497242935266
Vigitel current smoking,vigitel_smoking,2,4,44,20192,Standard TVAE,TSTR,LogisticRegression,0.3536253278787651,0.22305764411027568,0.13204747774480713,0.717741935483871,0.5249668581528943,0.11808451908533872,0.49152581381646776,0.5956700966262416,-1.9643259281628018,0.0017921238384459384
Vigitel current smoking,vigitel_smoking,2,4,44,20192,Standard TVAE,TSTR,RandomForest,0.5320746783173662,0.3126177024482109,0.20393120393120392,0.6693548387096774,0.6497459125055236,0.21747615989471528,0.6723744292237444,0.22300395806670664,-1.8954826402421248,0.3827505559829355
Vigitel current smoking,vigitel_smoking,2,4,44,20192,Standard TVAE,TSTR,CatBoost,0.5360845277122027,0.31758034026465026,0.2074074074074074,0.6774193548387096,0.6554904993371631,0.21659194608087268,0.6629842392104875,0.3089759847199484,-1.8271002071485847,0.1283280218124326
Vigitel current smoking,vigitel_smoking,2,4,44,20192,SepAware TVAE,TSTR,LogisticRegression,0.36032510535821793,0.22727272727272727,0.1347305389221557,0.7258064516129032,0.5329945500073648,0.11682141620744343,0.4883911474443954,0.5944268947422825,-1.954393506116972,-0.0001355695390954921
Vigitel current smoking,vigitel_smoking,2,4,44,20192,SepAware TVAE,TSTR,RandomForest,0.5395818651632605,0.30707070707070705,0.20485175202156333,0.6129032258064516,0.6380726174694358,0.22010968718363275,0.6760706657828842,0.22015209198447352,-1.857305572805678,0.4226790268277531
Vigitel current smoking,vigitel_smoking,2,4,44,20192,SepAware TVAE,TSTR,CatBoost,0.5539039225422046,0.24342105263157895,0.20555555555555555,0.29838709677419356,0.5675725438208867,0.20379144984138658,0.6439368831934011,0.21169365549786745,-1.7729755355274304,0.10635494151422956
Kidney-cohort 365-day mortality,kidney_mortality,0,0,42,10042,Standard CTGAN,TSTR,LogisticRegression,0.48638931689779147,0.0,0.0,0.0,0.5,0.06392291971390905,0.543832559622243,0.05019327037603269,-0.2960379444453704,0.8757473815430875
Kidney-cohort 365-day mortality,kidney_mortality,0,0,42,10042,Standard CTGAN,TSTR,RandomForest,0.48638931689779147,0.0,0.0,0.0,0.5,0.05963319646360295,0.5203223685521309,0.05087554771910597,-2.2010978790925257,0.23178115103520253
Kidney-cohort 365-day mortality,kidney_mortality,0,0,42,10042,Standard CTGAN,TSTR,CatBoost,0.48638931689779147,0.0,0.0,0.0,0.5,0.07888173917458222,0.5287302504433066,0.0503537772227876,-1.43221946365288,0.49890475174946086
Kidney-cohort 365-day mortality,kidney_mortality,0,0,42,10042,SepAware CTGAN,TSTR,LogisticRegression,0.48638931689779147,0.0,0.0,0.0,0.5,0.07891495818527616,0.4773465362315953,0.05960773644588074,-2.8358049811279127,0.017788071669439357
Kidney-cohort 365-day mortality,kidney_mortality,0,0,42,10042,SepAware CTGAN,TSTR,RandomForest,0.48638931689779147,0.0,0.0,0.0,0.5,0.08090490799680253,0.49818692594289815,0.05429792191379515,-2.2095123573304685,0.28739553299201
Kidney-cohort 365-day mortality,kidney_mortality,0,0,42,10042,SepAware CTGAN,TSTR,CatBoost,0.5329055731740295,0.09523809523809523,0.3,0.05660377358490566,0.5246060050606682,0.11042467311543272,0.5742364168874898,0.056294389670365035,-2.387003382585492,0.19027749988149886
Kidney-cohort 365-day mortality,kidney_mortality,0,0,42,20042,Standard TVAE,TSTR,LogisticRegression,0.5011523380989913,0.11504424778761062,0.07514450867052024,0.24528301886792453,0.5381642127074575,0.07956257639361239,0.5760993006714351,0.18949654794876244,-2.742868686992487,0.03635932709941366
Kidney-cohort 365-day mortality,kidney_mortality,0,0,42,20042,Standard TVAE,TSTR,RandomForest,0.5301418439716312,0.11666666666666667,0.1044776119402985,0.1320754716981132,0.5343587495766173,0.13061478769978674,0.7384491243450021,0.0779062307319952,-1.9289135646347206,0.4163378604374863
Kidney-cohort 365-day mortality,kidney_mortality,0,0,42,20042,Standard TVAE,TSTR,CatBoost,0.5185363505055368,0.0967741935483871,0.08450704225352113,0.11320754716981132,0.5222848717897631,0.12694510401709536,0.7295730310214978,0.08993648281252628,-1.869716708114019,0.1558139779594457
Kidney-cohort 365-day mortality,kidney_mortality,0,0,42,20042,SepAware TVAE,TSTR,LogisticRegression,0.5459163506048459,0.16766467065868262,0.12280701754385964,0.2641509433962264,0.5792771612440477,0.07923798735230586,0.5612560020720847,0.1293220356491504,-2.7159550571281095,0.03697656851321895
Kidney-cohort 365-day mortality,kidney_mortality,0,0,42,20042,SepAware TVAE,TSTR,RandomForest,0.5214457205891895,0.10606060606060606,0.08860759493670886,0.1320754716981132,0.5280229523221295,0.11851471713617726,0.7280189675439821,0.08819196765025125,-2.096045881200431,0.5088679554330277
Kidney-cohort 365-day mortality,kidney_mortality,0,0,42,20042,SepAware TVAE,TSTR,CatBoost,0.5511865753152616,0.16296296296296298,0.13414634146341464,0.20754716981132076,0.5662867844832739,0.10576297121999181,0.6983522942360183,0.09532863612152617,-2.0440495166120187,0.15028230657548192
Kidney-cohort 365-day mortality,kidney_mortality,0,1,42,10079,Standard CTGAN,TSTR,LogisticRegression,0.48638931689779147,0.0,0.0,0.0,0.5,0.061334975439099236,0.4668167599768883,0.050433738353422984,-2.2149795132798378,0.22317035402177382
Kidney-cohort 365-day mortality,kidney_mortality,0,1,42,10079,Standard CTGAN,TSTR,RandomForest,0.48638931689779147,0.0,0.0,0.0,0.5,0.046524416622047884,0.44948297503536494,0.051994875959178614,-3.689013947340596,-0.29367072730271976
Kidney-cohort 365-day mortality,kidney_mortality,0,1,42,10079,Standard CTGAN,TSTR,CatBoost,0.48638931689779147,0.0,0.0,0.0,0.5,0.0583130566602498,0.39198262636727704,0.05116737901362261,-5.516227448700899,-0.9347008570916729
Kidney-cohort 365-day mortality,kidney_mortality,0,1,42,10079,SepAware CTGAN,TSTR,LogisticRegression,0.48638931689779147,0.0,0.0,0.0,0.5,0.047622384407535884,0.3912155565738877,0.05907963988937821,-3.0913052092549296,-0.060611556566114694
Kidney-cohort 365-day mortality,kidney_mortality,0,1,42,10079,SepAware CTGAN,TSTR,RandomForest,0.48638931689779147,0.0,0.0,0.0,0.5,0.050707630878026114,0.4915423083819808,0.05702210630393111,-2.8507576112622557,0.01298624748077851
Kidney-cohort 365-day mortality,kidney_mortality,0,1,42,10079,SepAware CTGAN,TSTR,CatBoost,0.48638931689779147,0.0,0.0,0.0,0.5,0.04046640173753889,0.3868323006116634,0.08360799757625977,-3.5090361919941784,-0.23774578446717948
Kidney-cohort 365-day mortality,kidney_mortality,0,1,42,20079,Standard TVAE,TSTR,LogisticRegression,0.5122763608679102,0.16891891891891891,0.102880658436214,0.4716981132075472,0.6207487398139109,0.09051968943763822,0.6535733498037497,0.2348861198626382,-2.7756883369873515,0.05539397302912541
Kidney-cohort 365-day mortality,kidney_mortality,0,1,42,20079,Standard TVAE,TSTR,RandomForest,0.5492899469492101,0.1643835616438356,0.12903225806451613,0.22641509433962265,0.5704409157020183,0.11468454127955208,0.6813871012731365,0.09274302544445347,-2.2350278946829674,0.2824036424052097
Kidney-cohort 365-day mortality,kidney_mortality,0,1,42,20079,Standard TVAE,TSTR,CatBoost,0.5443290460141688,0.14516129032258066,0.1267605633802817,0.16981132075471697,0.5521707078958379,0.10694371764895827,0.6629375784503198,0.08598984208074553,-1.9780911343226402,0.13666975716800447
Kidney-cohort 365-day mortality,kidney_mortality,0,1,42,20079,SepAware TVAE,TSTR,LogisticRegression,0.4950303597600778,0.16326530612244897,0.09655172413793103,0.5283018867924528,0.6258193700065748,0.09746996987384696,0.6601283098563487,0.26902445329698493,-2.839420869295971,0.06458711745802642
Kidney-cohort 365-day mortality,kidney_mortality,0,1,42,20079,SepAware TVAE,TSTR,RandomForest,0.5354666806903141,0.15873015873015872,0.11029411764705882,0.2830188679245283,0.5776234783128449,0.12737849928130368,0.692195811998167,0.10839455514271742,-2.2949043759950727,0.2863518041074007
Kidney-cohort 365-day mortality,kidney_mortality,0,1,42,20079,SepAware TVAE,TSTR,CatBoost,0.5297282670092557,0.1596244131455399,0.10625,0.32075471698113206,0.5848757745412524,0.09603193711222602,0.6715745850849755,0.1654629749022215,-2.4278724045748032,0.08820094853596044
Kidney-cohort 365-day mortality,kidney_mortality,0,2,42,10116,Standard CTGAN,TSTR,LogisticRegression,0.48638931689779147,0.0,0.0,0.0,0.5,0.0822331158584193,0.656890677611524,0.04978692507548799,0.278109437028488,1.0313317833886029
Kidney-cohort 365-day mortality,kidney_mortality,0,2,42,10116,Standard CTGAN,TSTR,RandomForest,0.48638931689779147,0.0,0.0,0.0,0.5,0.06552886316959208,0.46663744496025183,0.05070317239688481,-3.5924574340810365,-0.22834805766345784
Kidney-cohort 365-day mortality,kidney_mortality,0,2,42,10116,Standard CTGAN,TSTR,CatBoost,0.48612538540596095,0.0,0.0,0.0,0.49947201689545934,0.06839391261111909,0.5574704628319819,0.05061147491046785,-1.9137714419829122,0.2992785609063636
Kidney-cohort 365-day mortality,kidney_mortality,0,2,42,10116,SepAware CTGAN,TSTR,LogisticRegression,0.48612538540596095,0.0,0.0,0.0,0.49947201689545934,0.09949364440454196,0.5515929150644538,0.054670089525710966,-2.368165274748094,0.19818288822102376
Kidney-cohort 365-day mortality,kidney_mortality,0,2,42,10116,SepAware CTGAN,TSTR,RandomForest,0.48638931689779147,0.0,0.0,0.0,0.5,0.10191569909787652,0.5762586917973341,0.05241664035173014,-2.027430465311764,0.34163221637033614
Kidney-cohort 365-day mortality,kidney_mortality,0,2,42,10116,SepAware CTGAN,TSTR,CatBoost,0.48638931689779147,0.0,0.0,0.0,0.5,0.10138102431525753,0.584825964814409,0.05061733134231913,-1.739755991392741,0.4153813018400236
Kidney-cohort 365-day mortality,kidney_mortality,0,2,42,20116,Standard TVAE,TSTR,LogisticRegression,0.4898589808416203,0.10980392156862745,0.06930693069306931,0.2641509433962264,0.5328146480444701,0.07132158436210839,0.5845370683987169,0.2217829024366892,-2.8045273265544868,0.021940705405486635
Kidney-cohort 365-day mortality,kidney_mortality,0,2,42,20116,Standard TVAE,TSTR,RandomForest,0.5270230104597697,0.15668202764976957,0.10365853658536585,0.32075471698113206,0.5827638421230897,0.10751321265661082,0.713125859217788,0.11052142456997528,-2.2160086304796787,0.32386710471864266
Kidney-cohort 365-day mortality,kidney_mortality,0,2,42,20116,Standard TVAE,TSTR,CatBoost,0.5755878108819286,0.20168067226890757,0.18181818181818182,0.22641509433962265,0.584696459524616,0.1289633692891876,0.7191727600565838,0.08467065462283216,-1.880013068538143,0.15773820166098218
Kidney-cohort 365-day mortality,kidney_mortality,0,2,42,20116,SepAware TVAE,TSTR,LogisticRegression,0.4902245166107828,0.10126582278481013,0.06521739130434782,0.22641509433962265,0.5223944531888187,0.07557460343988989,0.5544719172760056,0.20372743233585555,-2.799923283444994,0.015617161863302654
Kidney-cohort 365-day mortality,kidney_mortality,0,2,42,20116,SepAware TVAE,TSTR,RandomForest,0.5215694733669064,0.13930348258706468,0.0945945945945946,0.2641509433962264,0.5613257356896655,0.08950296201854929,0.6753302384889721,0.12213568093731018,-2.314237599982516,0.2734363155824338
Kidney-cohort 365-day mortality,kidney_mortality,0,2,42,20116,SepAware TVAE,TSTR,CatBoost,0.5289328293108462,0.14736842105263157,0.10218978102189781,0.2641509433962264,0.5671335498396127,0.09290092562236854,0.6795441413799287,0.12776403055025048,-2.2393665632227746,0.12292988334588277
Kidney-cohort 365-day mortality,kidney_mortality,0,3,42,10153,Standard CTGAN,TSTR,LogisticRegression,0.48612538540596095,0.0,0.0,0.0,0.5,0.045571318270905395,0.4337953175162478,0.05298398315658487,-2.513355059672133,0.10949287958681643
Kidney-cohort 365-day mortality,kidney_mortality,0,3,42,10153,Standard CTGAN,TSTR,RandomForest,0.48612538540596095,0.0,0.0,0.0,0.5,0.054672851297199475,0.49412731970871504,0.05236340836247166,-3.028149398904348,-0.05908154685819285
Kidney-cohort 365-day mortality,kidney_mortality,0,3,42,10153,Standard CTGAN,TSTR,CatBoost,0.48612538540596095,0.0,0.0,0.0,0.5,0.052894855391129286,0.41814462453997336,0.05418615613322506,-3.685387451827504,-0.2756052158508348
Kidney-cohort 365-day mortality,kidney_mortality,0,3,42,10153,SepAware CTGAN,TSTR,LogisticRegression,0.48586118251928023,0.0,0.0,0.0,0.49947145877378435,0.08511881279807901,0.5519536449769008,0.06027653134567258,-2.5306195047976843,0.12870784450507056
Kidney-cohort 365-day mortality,kidney_mortality,0,3,42,10153,SepAware CTGAN,TSTR,RandomForest,0.48612538540596095,0.0,0.0,0.0,0.5,0.12430622161607963,0.6247553049878631,0.05553502208745407,-1.6969167693152656,0.5298517128778658
Kidney-cohort 365-day mortality,kidney_mortality,0,3,42,10153,SepAware CTGAN,TSTR,CatBoost,0.5135548331801932,0.05970149253731343,0.15384615384615385,0.037037037037037035,0.5127045650301464,0.0994671591612081,0.5785764622973926,0.05924332835362242,-2.3325030963775615,0.21022740387353514
Kidney-cohort 365-day mortality,kidney_mortality,0,3,42,20153,Standard TVAE,TSTR,LogisticRegression,0.4764696923545538,0.15816326530612246,0.09171597633136094,0.5740740740740741,0.624774880588834,0.07988073820859568,0.6148598386970479,0.3219019807631178,-2.9647650608530407,0.051967296180690216
Kidney-cohort 365-day mortality,kidney_mortality,0,3,42,20153,Standard TVAE,TSTR,RandomForest,0.5298655897775902,0.1702127659574468,0.11049723756906077,0.37037037037037035,0.6000900477644664,0.09863730225987233,0.6531105629942839,0.12630933218069942,-2.408536939095006,0.24284544515665862
Kidney-cohort 365-day mortality,kidney_mortality,0,3,42,20153,Standard TVAE,TSTR,CatBoost,0.5333041349253645,0.17721518987341772,0.11475409836065574,0.3888888888888889,0.60882076579751,0.09982789981579288,0.6634954193093727,0.1589812469663593,-2.4369835661347428,0.12656238464915034
Kidney-cohort 365-day mortality,kidney_mortality,0,3,42,20153,SepAware TVAE,TSTR,LogisticRegression,0.4676957881429237,0.15789473684210525,0.09065934065934066,0.6111111111111112,0.6306084096781772,0.08121098410120096,0.6381254404510218,0.340386711830696,-3.024997864823494,0.06035704607182822
Kidney-cohort 365-day mortality,kidney_mortality,0,3,42,20153,SepAware TVAE,TSTR,RandomForest,0.5147906609538064,0.12807881773399016,0.087248322147651,0.24074074074074073,0.5484887636050427,0.08285861564277223,0.6451041421971655,0.12291307392298469,-2.4442028253402452,0.24242706338509146
Kidney-cohort 365-day mortality,kidney_mortality,0,3,42,20153,SepAware TVAE,TSTR,CatBoost,0.5087705910968247,0.13445378151260504,0.08695652173913043,0.2962962962962963,0.5593532221439198,0.077993972072148,0.6425495262704564,0.17173424399615697,-2.6248323393318724,0.08856874044569064
Kidney-cohort 365-day mortality,kidney_mortality,0,4,42,10190,Standard CTGAN,TSTR,LogisticRegression,0.48612538540596095,0.0,0.0,0.0,0.5,0.08577512245248858,0.6285138203742855,0.050647267708426744,0.5048508866980201,1.1229357499316708
Kidney-cohort 365-day mortality,kidney_mortality,0,4,42,10190,Standard CTGAN,TSTR,RandomForest,0.48612538540596095,0.0,0.0,0.0,0.5,0.07825315563821343,0.4661244225197714,0.051688347190695254,-3.2842516673661675,-0.13778940731015243
Kidney-cohort 365-day mortality,kidney_mortality,0,4,42,10190,Standard CTGAN,TSTR,CatBoost,0.48612538540596095,0.0,0.0,0.0,0.5,0.06348804311173784,0.392187377652494,0.051722356988366684,-4.529922694702265,-0.5528335969448619
Kidney-cohort 365-day mortality,kidney_mortality,0,4,42,10190,SepAware CTGAN,TSTR,LogisticRegression,0.48612538540596095,0.0,0.0,0.0,0.5,0.053962696834726626,0.4863949573251899,0.056876963967303885,-2.758407800486175,0.03856621828863239
Kidney-cohort 365-day mortality,kidney_mortality,0,4,42,10190,SepAware CTGAN,TSTR,RandomForest,0.48612538540596095,0.0,0.0,0.0,0.5,0.044570871824409816,0.4369078380706287,0.07471882389000024,-3.2788890962885584,-0.1817306812057283
Kidney-cohort 365-day mortality,kidney_mortality,0,4,42,10190,SepAware CTGAN,TSTR,CatBoost,0.5017182130584192,0.03333333333333333,0.16666666666666666,0.018518518518518517,0.5066165531281811,0.0487807759276448,0.45466290815128024,0.06347782527023542,-2.886700902785532,-0.009118618841825521
Kidney-cohort 365-day mortality,kidney_mortality,0,4,42,20190,Standard TVAE,TSTR,LogisticRegression,0.5240727421733442,0.17712177121771217,0.11059907834101383,0.4444444444444444,0.6202137655626028,0.09815647708115062,0.6709928744812466,0.21486210469258674,-2.827955868048567,0.056378124430137594
Kidney-cohort 365-day mortality,kidney_mortality,0,4,42,20190,Standard TVAE,TSTR,RandomForest,0.5001857286494708,0.15181518151815182,0.09236947791164658,0.42592592592592593,0.5935126458382272,0.10754536527408536,0.6628983634797588,0.1580489476313902,-2.4820425319997206,0.2346651992625554
Kidney-cohort 365-day mortality,kidney_mortality,0,4,42,20190,Standard TVAE,TSTR,CatBoost,0.5031506557622694,0.15436241610738255,0.0942622950819672,0.42592592592592593,0.5961553519693055,0.1051669065189204,0.6470714900947458,0.211651183985358,-2.612116465713424,0.09028714720465139
Kidney-cohort 365-day mortality,kidney_mortality,0,4,42,20190,SepAware TVAE,TSTR,LogisticRegression,0.4782017587951727,0.15938303341902313,0.09253731343283582,0.5740740740740741,0.626360504267481,0.09305606698447559,0.6471106412966878,0.3136406218515145,-2.926529150985951,0.0531375770304598
Kidney-cohort 365-day mortality,kidney_mortality,0,4,42,20190,SepAware TVAE,TSTR,RandomForest,0.5156053623795559,0.1590909090909091,0.1,0.3888888888888889,0.5945501526896876,0.10971905590444919,0.646268890454937,0.14809652100558116,-2.4918056358267417,0.25279106996360745
Kidney-cohort 365-day mortality,kidney_mortality,0,4,42,20190,SepAware TVAE,TSTR,CatBoost,0.49745697586424686,0.1461794019933555,0.08906882591093117,0.4074074074074074,0.5847819278051836,0.09408873168590201,0.6248531829927179,0.23434519176861307,-2.692116430706065,0.07434960607021833
Kidney-cohort 365-day mortality,kidney_mortality,1,0,43,10043,Standard CTGAN,TSTR,LogisticRegression,0.48638931689779147,0.0,0.0,0.0,0.5,0.0560042279736018,0.5141957721503855,0.05053154565596066,-2.4804336638319566,0.12365857482421212
Kidney-cohort 365-day mortality,kidney_mortality,1,0,43,10043,Standard CTGAN,TSTR,RandomForest,0.48638931689779147,0.0,0.0,0.0,0.5,0.0641859522484822,0.4740192464784523,0.051111306577790706,-3.6908553404331075,-0.28259829326586683
Kidney-cohort 365-day mortality,kidney_mortality,1,0,43,10043,Standard CTGAN,TSTR,CatBoost,0.48638931689779147,0.0,0.0,0.0,0.5,0.05957995857620098,0.5485545217270028,0.050609782499732504,-2.039346467322957,0.27336296063320004
Kidney-cohort 365-day mortality,kidney_mortality,1,0,43,10043,SepAware CTGAN,TSTR,LogisticRegression,0.48638931689779147,0.0,0.0,0.0,0.5,0.07008671547453688,0.5259309437947042,0.05570402612052139,-2.546490758447456,0.12872649923533017
Kidney-cohort 365-day mortality,kidney_mortality,1,0,43,10043,SepAware CTGAN,TSTR,RandomForest,0.48638931689779147,0.0,0.0,0.0,0.5,0.052890320178802144,0.47376023589886634,0.05774888251031195,-2.7240614485253425,0.06939281543183566
Kidney-cohort 365-day mortality,kidney_mortality,1,0,43,10043,SepAware CTGAN,TSTR,CatBoost,0.48480164863472436,0.0,0.0,0.0,0.4968321013727561,0.07455431660433912,0.5809208822298818,0.0560729911645968,-2.2195185406613245,0.2609007058258685
Kidney-cohort 365-day mortality,kidney_mortality,1,0,43,20043,Standard TVAE,TSTR,LogisticRegression,0.5025550581106137,0.15384615384615385,0.09349593495934959,0.4339622641509434,0.5992408997629057,0.07233812953969743,0.6035245362714431,0.2405512279372978,-2.7947816742577736,0.03919015282658723
Kidney-cohort 365-day mortality,kidney_mortality,1,0,43,20043,Standard TVAE,TSTR,RandomForest,0.5333041349253645,0.17721518987341772,0.11413043478260869,0.39622641509433965,0.6120519615070431,0.11552205197197137,0.6951445478272997,0.12335837351116342,-2.338342984925336,0.2452528954561458
Kidney-cohort 365-day mortality,kidney_mortality,1,0,43,20043,Standard TVAE,TSTR,CatBoost,0.5373858964698252,0.18487394957983194,0.11891891891891893,0.41509433962264153,0.621485923771194,0.1067960587921998,0.6684664581299437,0.17549026222778127,-2.4267194589624705,0.08932845206587915
Kidney-cohort 365-day mortality,kidney_mortality,1,0,43,20043,SepAware TVAE,TSTR,LogisticRegression,0.5001895832615215,0.13432835820895522,0.08372093023255814,0.33962264150943394,0.565798649160208,0.0663655914988574,0.5505767966368472,0.21901435116379606,-2.7932549889995646,0.027595364928942073
Kidney-cohort 365-day mortality,kidney_mortality,1,0,43,20043,SepAware TVAE,TSTR,RandomForest,0.5210882249983356,0.17100371747211895,0.10648148148148148,0.4339622641509434,0.6150803928991253,0.1082855661139554,0.6884800063756451,0.15308662509922674,-2.4511067033273024,0.20731152978037048
Kidney-cohort 365-day mortality,kidney_mortality,1,0,43,20043,SepAware TVAE,TSTR,CatBoost,0.5425811492293486,0.17435897435897435,0.11971830985915492,0.32075471698113206,0.5943794704229842,0.0947539487533137,0.657438584606802,0.15288504246181253,-2.478510087475615,0.08856043879668671
Kidney-cohort 365-day mortality,kidney_mortality,1,1,43,10080,Standard CTGAN,TSTR,LogisticRegression,0.48638931689779147,0.0,0.0,0.0,0.5,0.08853102387618722,0.6766153294415334,0.04978958076851316,-0.27743835145314655,0.8757467173389271
Kidney-cohort 365-day mortality,kidney_mortality,1,1,43,10080,Standard CTGAN,TSTR,RandomForest,0.48638931689779147,0.0,0.0,0.0,0.5,0.08226219671600765,0.6205295770157996,0.05018720389020295,-1.1694241796085187,0.5668704280782418
Kidney-cohort 365-day mortality,kidney_mortality,1,1,43,10080,Standard CTGAN,TSTR,CatBoost,0.48638931689779147,0.0,0.0,0.0,0.5,0.09239073286877945,0.6433025841286286,0.05004024291978984,-0.6484168234081105,0.7417934568478258
Kidney-cohort 365-day mortality,kidney_mortality,1,1,43,10080,SepAware CTGAN,TSTR,LogisticRegression,0.49762513701132627,0.029411764705882353,0.06666666666666667,0.018867924528301886,0.5020421988005818,0.10201781328894975,0.5556972365563547,0.058283571432042165,-2.2849659889346423,0.22219194450690236
Kidney-cohort 365-day mortality,kidney_mortality,1,1,43,10080,SepAware CTGAN,TSTR,RandomForest,0.48638931689779147,0.0,0.0,0.0,0.5,0.09622435805709403,0.6798629236317268,0.05645438241860439,-1.5472578124543401,0.558264821622231
Kidney-cohort 365-day mortality,kidney_mortality,1,1,43,10080,SepAware CTGAN,TSTR,CatBoost,0.5364206922784328,0.11363636363636363,0.14285714285714285,0.09433962264150944,0.5313303181845351,0.12679522563405135,0.6518897810364408,0.06242568927013319,-1.8738212567503654,0.3783009102675928
Kidney-cohort 365-day mortality,kidney_mortality,1,1,43,20080,Standard TVAE,TSTR,LogisticRegression,0.5123278665556606,0.12560386473429952,0.08441558441558442,0.24528301886792453,0.54819589169373,0.08668343571172728,0.5809408061206193,0.17366750485245244,-2.730958559275299,0.035159902477980134
Kidney-cohort 365-day mortality,kidney_mortality,1,1,43,20080,Standard TVAE,TSTR,RandomForest,0.54369342835572,0.1791044776119403,0.12162162162162163,0.33962264150943394,0.6011735171644319,0.12622769000780465,0.7383295810005779,0.10450606425333275,-2.1672758460747934,0.359949819571377
Kidney-cohort 365-day mortality,kidney_mortality,1,1,43,20080,Standard TVAE,TSTR,CatBoost,0.5345241100732139,0.1323529411764706,0.10843373493975904,0.16981132075471697,0.54583491064135,0.1015929135976576,0.7243728955390408,0.09857939781930115,-2.075563457200748,0.1459112856288837
Kidney-cohort 365-day mortality,kidney_mortality,1,1,43,20080,SepAware TVAE,TSTR,LogisticRegression,0.5087705910968247,0.13445378151260504,0.08648648648648649,0.3018867924528302,0.5617142515590444,0.08330389259656672,0.5638560698133132,0.19105499624422378,-2.764096922619702,0.040199032212157274
Kidney-cohort 365-day mortality,kidney_mortality,1,1,43,20080,SepAware TVAE,TSTR,RandomForest,0.539382772915707,0.15568862275449102,0.11403508771929824,0.24528301886792453,0.5693152158753562,0.12780413139019808,0.7355402362973442,0.09820882302525888,-2.1127652556087684,0.4242622337539675
Kidney-cohort 365-day mortality,kidney_mortality,1,1,43,20080,SepAware TVAE,TSTR,CatBoost,0.5277777777777778,0.15,0.10204081632653061,0.2830188679245283,0.5718156641628978,0.09947712174019896,0.722101571994979,0.1374974954755134,-2.239748477101974,0.15175518818803987
Kidney-cohort 365-day mortality,kidney_mortality,1,2,43,10117,Standard CTGAN,TSTR,LogisticRegression,0.48638931689779147,0.0,0.0,0.0,0.5,0.05457924133653383,0.45741268354884346,0.050727825006861786,-2.4515520843668495,0.137422269994254
Kidney-cohort 365-day mortality,kidney_mortality,1,2,43,10117,Standard CTGAN,TSTR,RandomForest,0.48638931689779147,0.0,0.0,0.0,0.5,0.0509009272442543,0.5132991970672033,0.051551832335957254,-2.669028159748241,0.05991214629971484
Kidney-cohort 365-day mortality,kidney_mortality,1,2,43,10117,Standard CTGAN,TSTR,CatBoost,0.48638931689779147,0.0,0.0,0.0,0.5,0.05421455692038584,0.543962064912036,0.05079505389199895,-2.168538287197428,0.22022017390017373
Kidney-cohort 365-day mortality,kidney_mortality,1,2,43,10117,SepAware CTGAN,TSTR,LogisticRegression,0.48638931689779147,0.0,0.0,0.0,0.5,0.059086776181738236,0.47960789783028834,0.05790507202006159,-2.7336832184503077,0.046862919153239126
Kidney-cohort 365-day mortality,kidney_mortality,1,2,43,10117,SepAware CTGAN,TSTR,RandomForest,0.48638931689779147,0.0,0.0,0.0,0.5,0.0794642412666853,0.5294176246737463,0.0519692684008278,-2.514869187472907,0.13598918951526873
Kidney-cohort 365-day mortality,kidney_mortality,1,2,43,10117,SepAware CTGAN,TSTR,CatBoost,0.48638931689779147,0.0,0.0,0.0,0.5,0.11068569400143684,0.5494809826462912,0.05202471155630661,-2.5184375236555496,0.1231056496017442
Kidney-cohort 365-day mortality,kidney_mortality,1,2,43,20117,Standard TVAE,TSTR,LogisticRegression,0.5036850288565431,0.13740458015267176,0.0861244019138756,0.33962264150943394,0.5689665477874519,0.07466357674286839,0.6190253232651272,0.21452501349019326,-2.7442829029301237,0.040739333202180913
Kidney-cohort 365-day mortality,kidney_mortality,1,2,43,20117,Standard TVAE,TSTR,RandomForest,0.5595904494910992,0.19889502762430938,0.140625,0.33962264150943394,0.611733179255245,0.1270299437976302,0.6975055288796796,0.10066707350760117,-2.2913704926424154,0.2599940623986173
Kidney-cohort 365-day mortality,kidney_mortality,1,2,43,20117,Standard TVAE,TSTR,CatBoost,0.559406667645763,0.18181818181818182,0.14444444444444443,0.24528301886792453,0.5819868103843319,0.13099053335140082,0.667908589189297,0.10581024484664832,-2.1488950161024376,0.12327928737522739
Kidney-cohort 365-day mortality,kidney_mortality,1,2,43,20117,SepAware TVAE,TSTR,LogisticRegression,0.50874759534012,0.15602836879432624,0.09606986899563319,0.41509433962264153,0.5982546671714053,0.07396464851893805,0.6033153354187005,0.22414624721166887,-2.7799867424470492,0.04707062384746069
Kidney-cohort 365-day mortality,kidney_mortality,1,2,43,20117,SepAware TVAE,TSTR,RandomForest,0.560457124590426,0.20618556701030927,0.14184397163120568,0.37735849056603776,0.6247932896335997,0.1439446429417896,0.6765655197146898,0.11347570204071787,-2.3710069211613654,0.35584184260758167
Kidney-cohort 365-day mortality,kidney_mortality,1,2,43,20117,SepAware TVAE,TSTR,CatBoost,0.55,0.19,0.1292517006802721,0.3584905660377358,0.6116634456376641,0.13149558635557548,0.6792950927457113,0.159198624344363,-2.3966539708027064,0.10069028987791158
Kidney-cohort 365-day mortality,kidney_mortality,1,3,43,10154,Standard CTGAN,TSTR,LogisticRegression,0.48612538540596095,0.0,0.0,0.0,0.5,0.09849405234509236,0.5163945658131704,0.05098059774333488,-1.6089078902845197,0.4260097848879495
Kidney-cohort 365-day mortality,kidney_mortality,1,3,43,10154,Standard CTGAN,TSTR,RandomForest,0.48612538540596095,0.0,0.0,0.0,0.5,0.049704049884704476,0.4752662281732049,0.0543876963792745,-3.1775142032193657,-0.1200382218272342
Kidney-cohort 365-day mortality,kidney_mortality,1,3,43,10154,Standard CTGAN,TSTR,CatBoost,0.48612538540596095,0.0,0.0,0.0,0.5,0.052433329069630066,0.43268929606138906,0.05167286239378782,-4.174924953462941,-0.4645822387911155
Kidney-cohort 365-day mortality,kidney_mortality,1,3,43,10154,SepAware CTGAN,TSTR,LogisticRegression,0.48612538540596095,0.0,0.0,0.0,0.5,0.06597101664232337,0.4851127554615926,0.05888414438826591,-2.643269079410279,0.07795493014285912
Kidney-cohort 365-day mortality,kidney_mortality,1,3,43,10154,SepAware CTGAN,TSTR,RandomForest,0.48612538540596095,0.0,0.0,0.0,0.5,0.05792899016348355,0.4936085662829849,0.057148909695449925,-2.8550252351161856,0.003311961202589961
Kidney-cohort 365-day mortality,kidney_mortality,1,3,43,10154,SepAware CTGAN,TSTR,CatBoost,0.48612538540596095,0.0,0.0,0.0,0.5,0.06735077736872926,0.5245380158170856,0.05729068346192755,-2.9168855095152777,-0.01924463765574559
Kidney-cohort 365-day mortality,kidney_mortality,1,3,43,20154,Standard TVAE,TSTR,LogisticRegression,0.524988453060322,0.17490494296577946,0.11004784688995216,0.42592592592592593,0.614654294886853,0.09724100997510407,0.6552051522981756,0.21008720270775205,-2.794088018746635,0.05668234952612578
Kidney-cohort 365-day mortality,kidney_mortality,1,3,43,20154,Standard TVAE,TSTR,RandomForest,0.5319153794339602,0.15463917525773196,0.10714285714285714,0.2777777777777778,0.5728212356119333,0.09453133095273036,0.6490682013937827,0.11540132271027387,-2.380535867524638,0.2093599094063173
Kidney-cohort 365-day mortality,kidney_mortality,1,3,43,20154,Standard TVAE,TSTR,CatBoost,0.5485608431015426,0.15942028985507245,0.13095238095238096,0.2037037037037037,0.5632683423381097,0.09639537955879188,0.6491367159971811,0.10322589563081545,-2.19538174311574,0.10271228254387973
Kidney-cohort 365-day mortality,kidney_mortality,1,3,43,20154,SepAware TVAE,TSTR,LogisticRegression,0.49800269156003674,0.16568047337278108,0.09859154929577464,0.5185185185185185,0.6239527053480542,0.09555828953429173,0.6838638321196461,0.2666670172553637,-2.891368533114845,0.06336802742113125
Kidney-cohort 365-day mortality,kidney_mortality,1,3,43,20154,SepAware TVAE,TSTR,RandomForest,0.5559886037074951,0.19101123595505617,0.13709677419354838,0.3148148148148148,0.6008534962023334,0.10631819216568258,0.6635345705113147,0.10973941502726942,-2.3721117632741904,0.24757367016048096
Kidney-cohort 365-day mortality,kidney_mortality,1,3,43,20154,SepAware TVAE,TSTR,CatBoost,0.5598533720487183,0.1927710843373494,0.14285714285714285,0.2962962962962963,0.5974081904314462,0.11041664609441287,0.6649146503797666,0.10874483658605533,-2.192558773499711,0.13098132083711478
Kidney-cohort 365-day mortality,kidney_mortality,1,4,43,10191,Standard CTGAN,TSTR,LogisticRegression,0.485331960885229,0.0,0.0,0.0,0.49841437632135305,0.04993487782739608,0.43073173596429415,0.05349856635689054,-4.257324328379207,-0.5000410230184559
Kidney-cohort 365-day mortality,kidney_mortality,1,4,43,10191,Standard CTGAN,TSTR,RandomForest,0.48612538540596095,0.0,0.0,0.0,0.5,0.055138216215880304,0.4608977370605277,0.05214973162731097,-3.555240388234659,-0.24088279088259526
Kidney-cohort 365-day mortality,kidney_mortality,1,4,43,10191,Standard CTGAN,TSTR,CatBoost,0.48612538540596095,0.0,0.0,0.0,0.5,0.046738204866819316,0.4014466369117532,0.05469712979918312,-6.121237102498749,-1.0946495222910908
Kidney-cohort 365-day mortality,kidney_mortality,1,4,43,10191,SepAware CTGAN,TSTR,LogisticRegression,0.4933236433612602,0.038834951456310676,0.04081632653061224,0.037037037037037035,0.4936770808863832,0.05239398062911681,0.4289112050739957,0.10199294508069696,-3.3437654368075513,-0.16209216632019605
Kidney-cohort 365-day mortality,kidney_mortality,1,4,43,10191,SepAware CTGAN,TSTR,RandomForest,0.48612538540596095,0.0,0.0,0.0,0.5,0.09473662488731383,0.6314795239213844,0.053934720727169184,-1.792105503365069,0.40009335805626284
Kidney-cohort 365-day mortality,kidney_mortality,1,4,43,10191,SepAware CTGAN,TSTR,CatBoost,0.5094937833668631,0.0547945205479452,0.10526315789473684,0.037037037037037035,0.5095333176728526,0.062444869816401315,0.4795728603868139,0.06473284983552051,-2.770617574242624,0.03394762816550779
Kidney-cohort 365-day mortality,kidney_mortality,1,4,43,20191,Standard TVAE,TSTR,LogisticRegression,0.4950695021979328,0.10526315789473684,0.06896551724137931,0.2222222222222222,0.5254874324641766,0.06323740702403757,0.4766952470440843,0.19608279154202748,-2.8105152464125824,0.010862452520419348
Kidney-cohort 365-day mortality,kidney_mortality,1,4,43,20191,Standard TVAE,TSTR,RandomForest,0.5457789890338071,0.15151515151515152,0.1282051282051282,0.18518518518518517,0.5566517892099287,0.10968099698791618,0.7218502858037742,0.08369923566807555,-2.064565179899904,0.3363734453744191
Kidney-cohort 365-day mortality,kidney_mortality,1,4,43,20191,Standard TVAE,TSTR,CatBoost,0.5076047707626655,0.05263157894736842,0.09090909090909091,0.037037037037037035,0.5079476939942056,0.1090918174103961,0.7094980815911047,0.06491520092979237,-1.7654975051794262,0.1894619949309695
Kidney-cohort 365-day mortality,kidney_mortality,1,4,43,20191,SepAware TVAE,TSTR,LogisticRegression,0.5102783923303835,0.11458333333333333,0.07971014492753623,0.2037037037037037,0.5347271161224649,0.06678400455760089,0.47492365515621326,0.1577463204096913,-2.776395190801878,0.020157563929359613
Kidney-cohort 365-day mortality,kidney_mortality,1,4,43,20191,SepAware TVAE,TSTR,RandomForest,0.5519999999999999,0.16,0.14084507042253522,0.18518518518518517,0.5603515777934382,0.13306183200306562,0.6967152141570746,0.086726699243825,-2.1226164158842584,0.48598109605793843
Kidney-cohort 365-day mortality,kidney_mortality,1,4,43,20191,SepAware TVAE,TSTR,CatBoost,0.5567554498932183,0.15384615384615385,0.1891891891891892,0.12962962962962962,0.5489585780283455,0.1300330777209982,0.7095959595959596,0.06447321622371785,-1.6269601753269194,0.217370157701412
Kidney-cohort 365-day mortality,kidney_mortality,2,0,44,10044,Standard CTGAN,TSTR,LogisticRegression,0.48638931689779147,0.0,0.0,0.0,0.5,0.05243898341623499,0.3866230997589209,0.050543137976915606,-2.5746127162964676,0.10028857717407912
Kidney-cohort 365-day mortality,kidney_mortality,2,0,44,10044,Standard CTGAN,TSTR,RandomForest,0.48638931689779147,0.0,0.0,0.0,0.5,0.06221111305995274,0.5647526448964955,0.0506739611857022,-1.8971830970357564,0.361342325491262
Kidney-cohort 365-day mortality,kidney_mortality,2,0,44,10044,Standard CTGAN,TSTR,CatBoost,0.48638931689779147,0.0,0.0,0.0,0.5,0.06785671540121704,0.575939909545536,0.05016437173275583,-0.9879234797476989,0.6649900111661228
Kidney-cohort 365-day mortality,kidney_mortality,2,0,44,10044,SepAware CTGAN,TSTR,LogisticRegression,0.48559670781893005,0.0,0.0,0.0,0.498416050686378,0.04887942734331318,0.413819210615449,0.08186678899771468,-2.9767222757493563,-0.0335194563273197
Kidney-cohort 365-day mortality,kidney_mortality,2,0,44,10044,SepAware CTGAN,TSTR,RandomForest,0.48638931689779147,0.0,0.0,0.0,0.5,0.06221720584732865,0.4883843717001056,0.05726273552932829,-2.929114246595638,-0.01979746368410829
Kidney-cohort 365-day mortality,kidney_mortality,2,0,44,10044,SepAware CTGAN,TSTR,CatBoost,0.5001270169055404,0.031746031746031744,0.1,0.018867924528301886,0.504682114323285,0.05991664101880827,0.4519734613775378,0.060660653004021216,-3.2020442796704485,-0.10999186808470453
Kidney-cohort 365-day mortality,kidney_mortality,2,0,44,20044,Standard TVAE,TSTR,LogisticRegression,0.49997092854235714,0.12244897959183673,0.078125,0.2830188679245283,0.5480564244585683,0.08178832265231262,0.6426650196250323,0.20841793627768368,-2.7744198910308935,0.03580793230607522
Kidney-cohort 365-day mortality,kidney_mortality,2,0,44,20044,Standard TVAE,TSTR,RandomForest,0.526634688210048,0.11764705882352941,0.0963855421686747,0.1509433962264151,0.5358729652726585,0.08663581053457357,0.6417684445418502,0.09573558535313771,-2.332151426855004,0.20071672886798084
Kidney-cohort 365-day mortality,kidney_mortality,2,0,44,20044,Standard TVAE,TSTR,CatBoost,0.5395197226966015,0.1476510067114094,0.11458333333333333,0.20754716981132076,0.5588950210197048,0.09847350821318408,0.6778306867765137,0.1063506165027564,-2.1128182299186222,0.11076505956245108
Kidney-cohort 365-day mortality,kidney_mortality,2,0,44,20044,SepAware TVAE,TSTR,LogisticRegression,0.5128757668078501,0.16312056737588654,0.10043668122270742,0.4339622641509434,0.6082166125400968,0.08642403032364235,0.6159869299276762,0.2155591071333645,-2.7717080792004314,0.04786411345052305
Kidney-cohort 365-day mortality,kidney_mortality,2,0,44,20044,SepAware TVAE,TSTR,RandomForest,0.5184834490804326,0.11834319526627218,0.08620689655172414,0.18867924528301888,0.5383734135602001,0.08661777390941008,0.6402143810643344,0.11012498802092874,-2.3850049552986725,0.23005435450647524
Kidney-cohort 365-day mortality,kidney_mortality,2,0,44,20044,SepAware TVAE,TSTR,CatBoost,0.5346718941824087,0.17543859649122806,0.11428571428571428,0.37735849056603776,0.6068418640792175,0.09609852448070405,0.6711163355980156,0.16230509468508222,-2.3276367411759735,0.11233519897073294
Kidney-cohort 365-day mortality,kidney_mortality,2,1,44,10081,Standard CTGAN,TSTR,LogisticRegression,0.48638931689779147,0.0,0.0,0.0,0.5,0.084608740792877,0.6393078440357832,0.049900646995302535,-0.3048316630437801,0.9071475485368595
Kidney-cohort 365-day mortality,kidney_mortality,2,1,44,10081,Standard CTGAN,TSTR,RandomForest,0.48638931689779147,0.0,0.0,0.0,0.5,0.06004269196655487,0.5207806180390907,0.05172893710582356,-2.3700543011906663,0.177865286768371
Kidney-cohort 365-day mortality,kidney_mortality,2,1,44,10081,Standard CTGAN,TSTR,CatBoost,0.48638931689779147,0.0,0.0,0.0,0.5,0.06847788729577597,0.584985355940308,0.051958101914953675,-2.31985198072126,0.19059928541853044
Kidney-cohort 365-day mortality,kidney_mortality,2,1,44,10081,SepAware CTGAN,TSTR,LogisticRegression,0.4850669412976313,0.0,0.0,0.0,0.49736008447729674,0.07227331793847862,0.5308421828614691,0.056578558675142075,-3.043332224676318,-0.05764247095860384
Kidney-cohort 365-day mortality,kidney_mortality,2,1,44,10081,SepAware CTGAN,TSTR,RandomForest,0.48638931689779147,0.0,0.0,0.0,0.5,0.09459528362660562,0.5304237811559842,0.051416208209872576,-2.1454564754635883,0.271782115754186
Kidney-cohort 365-day mortality,kidney_mortality,2,1,44,10081,SepAware CTGAN,TSTR,CatBoost,0.48586118251928023,0.0,0.0,0.0,0.4989440337909187,0.09497014361996543,0.5846765356338786,0.05173381072777362,-2.378504577168742,0.1701311989385835
Kidney-cohort 365-day mortality,kidney_mortality,2,1,44,20081,Standard TVAE,TSTR,LogisticRegression,0.5107632093933463,0.1643835616438356,0.100418410041841,0.4528301886792453,0.6128987268633819,0.09021839069362667,0.6486322249008786,0.22863139943944494,-2.850716639834176,0.06218169383782445
Kidney-cohort 365-day mortality,kidney_mortality,2,1,44,20081,Standard TVAE,TSTR,RandomForest,0.5334311118850052,0.1867704280155642,0.11764705882352941,0.4528301886792453,0.6313781355223048,0.10449706230927949,0.7008627044689287,0.12190899982754423,-2.3039910637545864,0.2844152297489308
Kidney-cohort 365-day mortality,kidney_mortality,2,1,44,20081,Standard TVAE,TSTR,CatBoost,0.5087705910968247,0.13445378151260504,0.08648648648648649,0.3018867924528302,0.5617142515590444,0.08958587425657077,0.6869757526249727,0.16082523125834763,-2.395630201773126,0.12798728868065834
Kidney-cohort 365-day mortality,kidney_mortality,2,1,44,20081,SepAware TVAE,TSTR,LogisticRegression,0.4942498405787541,0.15337423312883436,0.09157509157509157,0.4716981132075472,0.6049092466776913,0.09282322793758824,0.6480046223426511,0.2607635080379649,-2.882197661947382,0.05469307646473341
Kidney-cohort 365-day mortality,kidney_mortality,2,1,44,20081,SepAware TVAE,TSTR,RandomForest,0.5271412885800614,0.15311004784688995,0.10256410256410256,0.3018867924528302,0.5770257615907234,0.09623467545604619,0.7004144169273375,0.10568291801925514,-2.2223579324183453,0.36444712542605584
Kidney-cohort 365-day mortality,kidney_mortality,2,1,44,20081,SepAware TVAE,TSTR,CatBoost,0.5228061932414674,0.15584415584415584,0.10112359550561797,0.33962264150943394,0.5853340240282122,0.08951021019119136,0.6929927676276624,0.15772940975023553,-2.3912586590879634,0.1212672464685787
Kidney-cohort 365-day mortality,kidney_mortality,2,2,44,10118,Standard CTGAN,TSTR,LogisticRegression,0.48427024239298605,0.0,0.0,0.0,0.49577613516367475,0.05168819151822355,0.5069434759219781,0.05949193897297157,-4.430762332646093,-0.5174388756309494
Kidney-cohort 365-day mortality,kidney_mortality,2,2,44,10118,Standard CTGAN,TSTR,RandomForest,0.48638931689779147,0.0,0.0,0.0,0.5,0.04996803378613898,0.48118188519854155,0.051474536602919986,-3.6247282086729222,-0.24920317078211957
Kidney-cohort 365-day mortality,kidney_mortality,2,2,44,10118,Standard CTGAN,TSTR,CatBoost,0.48638931689779147,0.0,0.0,0.0,0.5,0.04981723240312921,0.5086967783068678,0.05311988385047603,-3.7015611678530953,-0.2580448287081025
Kidney-cohort 365-day mortality,kidney_mortality,2,2,44,10118,SepAware CTGAN,TSTR,LogisticRegression,0.48638931689779147,0.0,0.0,0.0,0.5,0.058868829873736615,0.4932358390946584,0.05853849508956391,-2.707690828381725,0.05832762380056044
Kidney-cohort 365-day mortality,kidney_mortality,2,2,44,10118,SepAware CTGAN,TSTR,RandomForest,0.48638931689779147,0.0,0.0,0.0,0.5,0.11962539429584043,0.6337988882468968,0.04959209036391829,-0.8696179524032718,0.7763505045299139
Kidney-cohort 365-day mortality,kidney_mortality,2,2,44,10118,SepAware CTGAN,TSTR,CatBoost,0.48612538540596095,0.0,0.0,0.0,0.49947201689545934,0.09962921997753217,0.5830627004841505,0.05147027234918791,-2.0527662216386653,0.2803925289626994
Kidney-cohort 365-day mortality,kidney_mortality,2,2,44,20118,Standard TVAE,TSTR,LogisticRegression,0.48829613500272184,0.14545454545454545,0.08664259927797834,0.4528301886792453,0.592835368890837,0.08977421618213488,0.6265964017453327,0.26954703696243276,-2.842902638319512,0.04275262135596078
Kidney-cohort 365-day mortality,kidney_mortality,2,2,44,20118,Standard TVAE,TSTR,RandomForest,0.5602253923960123,0.19653179190751446,0.14166666666666666,0.32075471698113206,0.6059950987228786,0.11580053800209172,0.7020979856946463,0.1020335536773222,-2.2696750581653693,0.29181507770130405
Kidney-cohort 365-day mortality,kidney_mortality,2,2,44,20118,Standard TVAE,TSTR,CatBoost,0.5499027209106484,0.20512820512820512,0.13259668508287292,0.4528301886792453,0.6435217469267398,0.11852442621423476,0.69955768962563,0.15035466344588844,-2.269050317704414,0.13100548375964147
Kidney-cohort 365-day mortality,kidney_mortality,2,2,44,20118,SepAware TVAE,TSTR,LogisticRegression,0.5107731445840741,0.17956656346749225,0.10740740740740741,0.5471698113207547,0.6463409774660795,0.11010240768059465,0.6704986949851567,0.24469549962788023,-2.8434306747243374,0.0745166098289607
Kidney-cohort 365-day mortality,kidney_mortality,2,2,44,20118,SepAware TVAE,TSTR,RandomForest,0.517073808166566,0.1853035143769968,0.11153846153846154,0.5471698113207547,0.6516208085114861,0.11906939471934865,0.7058038293717998,0.16561571255279978,-2.497990619146025,0.2512977408801854
Kidney-cohort 365-day mortality,kidney_mortality,2,2,44,20118,SepAware TVAE,TSTR,CatBoost,0.5172962097611631,0.1736111111111111,0.10638297872340426,0.4716981132075472,0.6249726046502361,0.11417243548187443,0.6882608435775338,0.20987003928897133,-2.527544082453374,0.10919418015614574
Kidney-cohort 365-day mortality,kidney_mortality,2,3,44,10155,Standard CTGAN,TSTR,LogisticRegression,0.48612538540596095,0.0,0.0,0.0,0.5,0.05839869595696556,0.4530772844726333,0.05143911234144343,-2.1755003891354225,0.2195977957624217
Kidney-cohort 365-day mortality,kidney_mortality,2,3,44,10155,Standard CTGAN,TSTR,RandomForest,0.48612538540596095,0.0,0.0,0.0,0.5,0.050128257631575204,0.4666040247435596,0.05209065337098041,-3.274565806005585,-0.13248761597114286
Kidney-cohort 365-day mortality,kidney_mortality,2,3,44,10155,Standard CTGAN,TSTR,CatBoost,0.48612538540596095,0.0,0.0,0.0,0.5,0.06335186563159027,0.5576892960613891,0.05112131412149914,-1.1625827684010797,0.5462377292549914
Kidney-cohort 365-day mortality,kidney_mortality,2,3,44,10155,SepAware CTGAN,TSTR,LogisticRegression,0.48612538540596095,0.0,0.0,0.0,0.5,0.10426440089148568,0.5242933208049487,0.06663957983580765,-2.6308425184415354,0.0883982920351351
Kidney-cohort 365-day mortality,kidney_mortality,2,3,44,10155,SepAware CTGAN,TSTR,RandomForest,0.48612538540596095,0.0,0.0,0.0,0.5,0.1429229411361478,0.5725471771983399,0.05523088371896334,-2.285385163289614,0.25216407524002643
Kidney-cohort 365-day mortality,kidney_mortality,2,3,44,10155,SepAware CTGAN,TSTR,CatBoost,0.48586118251928023,0.0,0.0,0.0,0.49947145877378435,0.1260574862272705,0.6104259650771278,0.05311554219278571,-2.042935514869482,0.32461767185320844
Kidney-cohort 365-day mortality,kidney_mortality,2,3,44,20155,Standard TVAE,TSTR,LogisticRegression,0.5014880952380952,0.1625,0.09774436090225563,0.48148148148148145,0.613890846448986,0.08608510826031737,0.6722555007438729,0.2527696877536725,-2.8665609636207785,0.047910881004678114
Kidney-cohort 365-day mortality,kidney_mortality,2,3,44,20155,Standard TVAE,TSTR,RandomForest,0.5556917783971165,0.2175732217573222,0.14054054054054055,0.48148148148148145,0.6567026857724532,0.1385075904089492,0.7124442095372329,0.13068979405594097,-2.3167000863166587,0.33076690098365663
Kidney-cohort 365-day mortality,kidney_mortality,2,3,44,20155,Standard TVAE,TSTR,CatBoost,0.5439010827663336,0.21505376344086022,0.13333333333333333,0.5555555555555556,0.674712238665727,0.13250351059843274,0.6964705191449378,0.1918935190077829,-2.5208341392806313,0.1287442643994124
Kidney-cohort 365-day mortality,kidney_mortality,2,3,44,20155,SepAware TVAE,TSTR,LogisticRegression,0.48259065151625796,0.17369727047146402,0.10028653295128939,0.6481481481481481,0.6581121290423616,0.08493010965514193,0.6715703547098896,0.3142588804795266,-3.0039091311864885,0.06463054715616784
Kidney-cohort 365-day mortality,kidney_mortality,2,3,44,20155,SepAware TVAE,TSTR,RandomForest,0.5264439700532186,0.20253164556962025,0.12213740458015267,0.5925925925925926,0.674731814266698,0.13482756351917186,0.7118373659071333,0.16897152301703863,-2.4779121430272073,0.30607067924862374
Kidney-cohort 365-day mortality,kidney_mortality,2,3,44,20155,SepAware TVAE,TSTR,CatBoost,0.4937793603651699,0.16524216524216523,0.09764309764309764,0.5370370370370371,0.6268694698927257,0.11391222491607597,0.6920660089264741,0.25266751156663525,-2.7120540196792433,0.12626723774500834
Kidney-cohort 365-day mortality,kidney_mortality,2,4,44,10192,Standard CTGAN,TSTR,LogisticRegression,0.48612538540596095,0.0,0.0,0.0,0.5,0.06752741322053304,0.5810527758202176,0.05122217304212388,-1.340747541284868,0.48586020368009397
Kidney-cohort 365-day mortality,kidney_mortality,2,4,44,10192,Standard CTGAN,TSTR,RandomForest,0.48612538540596095,0.0,0.0,0.0,0.5,0.05072656085898411,0.45850951374207194,0.05236968039860374,-3.7151865930736276,-0.2854567826422019
Kidney-cohort 365-day mortality,kidney_mortality,2,4,44,10192,Standard CTGAN,TSTR,CatBoost,0.48612538540596095,0.0,0.0,0.0,0.5,0.06724279926959653,0.5617316576618903,0.051628715199106466,-1.8042173928484992,0.35545472891040153
Kidney-cohort 365-day mortality,kidney_mortality,2,4,44,10192,SepAware CTGAN,TSTR,LogisticRegression,0.48586118251928023,0.0,0.0,0.0,0.49947145877378435,0.055032690230397044,0.47180134680134683,0.05788187740013384,-2.6328844554435356,0.07671278635649595
Kidney-cohort 365-day mortality,kidney_mortality,2,4,44,10192,SepAware CTGAN,TSTR,RandomForest,0.48612538540596095,0.0,0.0,0.0,0.5,0.058586563759697154,0.48068866964215806,0.05468301202981877,-3.047519543891099,-0.06485976180164171
Kidney-cohort 365-day mortality,kidney_mortality,2,4,44,10192,SepAware CTGAN,TSTR,CatBoost,0.503968253968254,0.03571428571428571,0.5,0.018518518518518517,0.5087307180330436,0.06746072262251365,0.4426924281575444,0.05629242381697634,-3.1166628854815275,-0.08977687269713241
Kidney-cohort 365-day mortality,kidney_mortality,2,4,44,20192,Standard TVAE,TSTR,LogisticRegression,0.47943254789220563,0.14835164835164835,0.08709677419354839,0.5,0.6004228329809725,0.07781532410821182,0.5995810821392217,0.3001235867223641,-2.86196005902877,0.04059674707668436
Kidney-cohort 365-day mortality,kidney_mortality,2,4,44,20192,Standard TVAE,TSTR,RandomForest,0.5154015832895988,0.1718213058419244,0.10548523206751055,0.46296296296296297,0.6194307415237648,0.10076077142562762,0.6909697752721008,0.14612087848281374,-2.3706672107410935,0.24017813540365052
Kidney-cohort 365-day mortality,kidney_mortality,2,4,44,20192,Standard TVAE,TSTR,CatBoost,0.5106146332027661,0.17049180327868851,0.10358565737051793,0.48148148148148145,0.6218189648422207,0.0988425492027607,0.6747122386657269,0.2243181162515102,-2.5387770389063515,0.09605585082191107
Kidney-cohort 365-day mortality,kidney_mortality,2,4,44,20192,SepAware TVAE,TSTR,LogisticRegression,0.4743771538283427,0.13850415512465375,0.08143322475570032,0.46296296296296297,0.5824328556886696,0.07690993267589881,0.6092807924203273,0.30104970323364977,-2.90518874653532,0.03924407185911898
Kidney-cohort 365-day mortality,kidney_mortality,2,4,44,20192,SepAware TVAE,TSTR,RandomForest,0.5049276964170581,0.16233766233766234,0.0984251968503937,0.46296296296296297,0.6104455406780989,0.09828195874571959,0.6945227468483283,0.15844936069137122,-2.423711343036863,0.2577507623739461
Kidney-cohort 365-day mortality,kidney_mortality,2,4,44,20192,SepAware TVAE,TSTR,CatBoost,0.5019607843137255,0.15333333333333332,0.09349593495934959,0.42592592592592593,0.5950982695168742,0.10828153828797728,0.685635424007517,0.21461349466840926,-2.58639982703959,0.10614964294502194
