dataset_group,condition,attribute_1,attribute_2,spearman_rho,signed_correlation_percent,absolute_correlation_percent,rho_squared_percent
covid,Real_train,idade,sexo,0.15676807639874304,15.676807639874305,15.676807639874305,2.4576229777762135
covid,Real_train,idade,etilismo,-0.22408596613346968,-22.40859661334697,22.40859661334697,5.021452021797052
covid,Real_train,idade,tabagismo,0.10637038928862741,10.63703892886274,10.63703892886274,1.1314659717414142
covid,Real_train,idade,motivo_cancer,-0.10202446435025944,-10.202446435025944,10.202446435025944,1.040899132595736
covid,Real_train,idade,motivo_msk,0.02554233793353538,2.554233793353538,2.554233793353538,0.06524110271109204
covid,Real_train,idade,motivo_digestivo2,0.027781294466551493,2.778129446655149,2.778129446655149,0.07718003222372447
covid,Real_train,idade,motivo_cardio2,0.22794659736437142,22.794659736437143,22.794659736437143,5.1959651249994865
covid,Real_train,idade,motivo_procedimentos2,-0.07185650176905045,-7.185650176905045,7.185650176905045,0.5163356846485551
covid,Real_train,idade,motivo_lesao2,-0.04118552644348313,-4.118552644348314,4.118552644348314,0.16962475884268483
covid,Real_train,idade,motivo_respiratorio,-0.10407773311463911,-10.407773311463911,10.407773311463911,1.0832174530282046
covid,Real_train,idade,motivo_neuro,-0.04017065942199558,-4.017065942199558,4.017065942199558,0.16136818783979626
covid,Real_train,idade,motivo_pele,-0.03051121709785091,-3.0511217097850913,3.0511217097850913,0.09309343687921898
covid,Real_train,idade,motivo_genitourinaria,0.07651210238921788,7.651210238921788,7.651210238921788,0.5854101812018161
covid,Real_train,idade,motivo_dm,0.011144137310461776,1.1144137310461777,1.1144137310461777,0.012419179639442625
covid,Real_train,idade,motivo_mental_subst,-0.15988226567614167,-15.988226567614166,15.988226567614166,2.556233887773635
covid,Real_train,idade,motivo_infec2,-0.021779395905948212,-2.1779395905948213,2.1779395905948213,0.047434208602803375
covid,Real_train,idade,motivo_propedeutica,-0.08804514514884758,-8.804514514884758,8.804514514884758,0.7751947584281638
covid,Real_train,idade,n_comorbidades,0.4651836565953231,46.518365659532314,46.518365659532314,21.639583436339553
covid,Real_train,idade,comorb_hipertensao,0.46268205772396576,46.26820577239658,46.26820577239658,21.407468653968316
covid,Real_train,idade,comorb_ic,0.14178424453121688,14.178424453121687,14.178424453121687,2.0102771997287903
covid,Real_train,idade,comorb_dac,0.17314607826124612,17.31460782612461,17.31460782612461,2.9979564417249565
covid,Real_train,idade,comorb_fibrilacao,0.17911273308447184,17.911273308447186,17.911273308447186,3.2081371152989258
covid,Real_train,idade,comorb_avc,0.1694557878395526,16.94557878395526,16.94557878395526,2.871526403232346
covid,Real_train,idade,comorb_dpoc,0.23080958501335883,23.080958501335882,23.080958501335882,5.327306453403891
covid,Real_train,idade,comorb_asma,0.02045459717694465,2.0454597176944653,2.0454597176944653,0.04183905456710721
covid,Real_train,idade,comorb_dm,0.21279872260530128,21.279872260530126,21.279872260530126,4.528329634244796
covid,Real_train,idade,comorb_obesidade,-0.061237874894599045,-6.123787489459905,6.123787489459905,0.3750077321606564
covid,Real_train,idade,comorb_drc,0.06906715920657838,6.906715920657838,6.906715920657838,0.4770272480866845
covid,Real_train,idade,comorb_cancer,0.04185124331393608,4.185124331393608,4.185124331393608,0.17515265669222796
covid,Real_train,idade,comorb_reumatologica,0.03545412603462293,3.5454126034622933,3.5454126034622933,0.12569950528789275
covid,Real_train,idade,comorb_cirrose,-0.018379794656883088,-1.8379794656883088,1.8379794656883088,0.03378168516291881
covid,Real_train,idade,comorb_hiv,-0.1908636714765205,-19.08636714765205,19.08636714765205,3.6428941089497147
covid,Real_train,idade,obito,0.2185123545719867,21.85123545719867,21.85123545719867,4.774764910059363
covid,Real_train,sexo,etilismo,-0.2994041034538447,-29.94041034538447,29.94041034538447,8.964281716500055
covid,Real_train,sexo,tabagismo,-0.09381980594295411,-9.381980594295412,9.381980594295412,0.8802155987173568
covid,Real_train,sexo,motivo_cancer,0.06456827332138806,6.456827332138807,6.456827332138807,0.4169061919705474
covid,Real_train,sexo,motivo_msk,-0.06514285584156314,-6.514285584156314,6.514285584156314,0.42435916671946766
covid,Real_train,sexo,motivo_digestivo2,-0.009834288867738152,-0.9834288867738152,0.9834288867738152,0.009671323753411855
covid,Real_train,sexo,motivo_cardio2,0.10481185463584242,10.481185463584241,10.481185463584241,1.0985524872204961
covid,Real_train,sexo,motivo_procedimentos2,0.09293066012885598,9.293066012885598,9.293066012885598,0.8636107591984943
covid,Real_train,sexo,motivo_lesao2,-0.0577504097232119,-5.77504097232119,5.77504097232119,0.3335109823198848
covid,Real_train,sexo,motivo_respiratorio,-0.0032913536314704847,-0.3291353631470485,0.3291353631470485,0.0010833008727393948
covid,Real_train,sexo,motivo_neuro,-0.03938633211628517,-3.938633211628517,3.938633211628517,0.15512831575743166
covid,Real_train,sexo,motivo_pele,-0.005608034076239393,-0.5608034076239393,0.5608034076239393,0.003145004620026222
covid,Real_train,sexo,motivo_genitourinaria,-0.06818729839510651,-6.818729839510651,6.818729839510651,0.4649507662423295
covid,Real_train,sexo,motivo_dm,-0.07941012970934501,-7.9410129709345005,7.9410129709345005,0.6305968700454999
covid,Real_train,sexo,motivo_mental_subst,0.0022323374437229144,0.22323374437229143,0.22323374437229143,0.0004983330462647356
covid,Real_train,sexo,motivo_infec2,-0.01576978953377614,-1.5769789533776142,1.5769789533776142,0.02486862619395955
covid,Real_train,sexo,motivo_propedeutica,0.026786316889734124,2.6786316889734123,2.6786316889734123,0.07175067725172556
covid,Real_train,sexo,n_comorbidades,0.23068999453998,23.068999453998,23.068999453998,5.321787358085599
covid,Real_train,sexo,comorb_hipertensao,0.23509745755187464,23.509745755187463,23.509745755187463,5.52708145473555
covid,Real_train,sexo,comorb_ic,0.14515078554891192,14.515078554891192,14.515078554891192,2.106875054546622
covid,Real_train,sexo,comorb_dac,-0.03624118935525114,-3.624118935525114,3.624118935525114,0.13134238058831685
covid,Real_train,sexo,comorb_fibrilacao,0.08157242644429205,8.157242644429205,8.157242644429205,0.6654060756009437
covid,Real_train,sexo,comorb_avc,0.04929874693406394,4.929874693406394,4.929874693406394,0.24303664492688787
covid,Real_train,sexo,comorb_dpoc,0.14704099608451288,14.704099608451287,14.704099608451287,2.1621054529525727
covid,Real_train,sexo,comorb_asma,0.14544795513973222,14.544795513973222,14.544795513973222,2.1155107654329557
covid,Real_train,sexo,comorb_dm,0.04490816271237302,4.4908162712373025,4.4908162712373025,0.2016743078200971
covid,Real_train,sexo,comorb_obesidade,0.07948222171022776,7.948222171022776,7.948222171022776,0.6317423567993801
covid,Real_train,sexo,comorb_drc,0.013918225156271164,1.3918225156271165,1.3918225156271165,0.019371699150065945
covid,Real_train,sexo,comorb_cancer,0.13644561823839912,13.644561823839913,13.644561823839913,1.8617406736458957
covid,Real_train,sexo,comorb_reumatologica,0.01709492865506109,1.709492865506109,1.709492865506109,0.02922365857216288
covid,Real_train,sexo,comorb_cirrose,-0.09911392510101139,-9.91139251010114,9.91139251010114,0.9823570148928895
covid,Real_train,sexo,comorb_hiv,-0.01709136510211608,-1.709136510211608,1.709136510211608,0.02921147610538314
covid,Real_train,sexo,obito,0.017022642213490945,1.7022642213490944,1.7022642213490944,0.02897703479285239
covid,Real_train,etilismo,tabagismo,0.1901881141096582,19.018811410965817,19.018811410965817,3.6171518748588363
covid,Real_train,etilismo,motivo_cancer,-0.08448368855564316,-8.448368855564317,8.448368855564317,0.7137493631966911
covid,Real_train,etilismo,motivo_msk,0.058636527406345805,5.86365274063458,5.86365274063458,0.34382423462751427
covid,Real_train,etilismo,motivo_digestivo2,0.08823311552901789,8.823311552901789,8.823311552901789,0.7785082675957017
covid,Real_train,etilismo,motivo_cardio2,-0.07840578756684748,-7.840578756684748,7.840578756684748,0.6147467523977614
covid,Real_train,etilismo,motivo_procedimentos2,-0.03156712628933702,-3.156712628933702,3.156712628933702,0.09964834621669526
covid,Real_train,etilismo,motivo_lesao2,0.12875388427229853,12.875388427229852,12.875388427229852,1.6577562715204441
covid,Real_train,etilismo,motivo_respiratorio,0.0602468767491817,6.02468767491817,6.02468767491817,0.362968615803109
covid,Real_train,etilismo,motivo_neuro,0.013414813670989855,1.3414813670989856,1.3414813670989856,0.01799572258273763
covid,Real_train,etilismo,motivo_pele,0.0028323155056213314,0.2832315505621331,0.2832315505621331,0.000802201112338302
covid,Real_train,etilismo,motivo_genitourinaria,-0.0850214022641991,-8.502140226419911,8.502140226419911,0.722863884297076
covid,Real_train,etilismo,motivo_dm,0.02862466996655231,2.8624669966552307,2.8624669966552307,0.08193717306940418
covid,Real_train,etilismo,motivo_mental_subst,0.08662020364360304,8.662020364360304,8.662020364360304,0.7503059679259261
covid,Real_train,etilismo,motivo_infec2,-0.024073821882336845,-2.4073821882336843,2.4073821882336843,0.05795489000224803
covid,Real_train,etilismo,motivo_propedeutica,-0.012088465218757408,-1.2088465218757407,1.2088465218757407,0.014613099134510758
covid,Real_train,etilismo,n_comorbidades,-0.2817398406648859,-28.17398406648859,28.17398406648859,7.937733781787529
covid,Real_train,etilismo,comorb_hipertensao,-0.27526593159287804,-27.526593159287806,27.526593159287806,7.5771333095695015
covid,Real_train,etilismo,comorb_ic,-0.08111309372427432,-8.111309372427431,8.111309372427431,0.657933397352291
covid,Real_train,etilismo,comorb_dac,-0.08267370209589965,-8.267370209589965,8.267370209589965,0.6834941018241563
covid,Real_train,etilismo,comorb_fibrilacao,-0.04675327281294124,-4.675327281294124,4.675327281294124,0.21858685187213103
covid,Real_train,etilismo,comorb_avc,-0.12278442996708953,-12.278442996708954,12.278442996708954,1.5076016242343113
covid,Real_train,etilismo,comorb_dpoc,0.013975881355024523,1.3975881355024522,1.3975881355024522,0.01953252596497221
covid,Real_train,etilismo,comorb_asma,-0.07759705646924794,-7.759705646924794,7.759705646924794,0.6021303172691654
covid,Real_train,etilismo,comorb_dm,-0.1585725738103504,-15.857257381035039,15.857257381035039,2.514526116483902
covid,Real_train,etilismo,comorb_obesidade,-0.0668437132518917,-6.68437132518917,6.68437132518917,0.44680820013011224
covid,Real_train,etilismo,comorb_drc,-0.07121527106669774,-7.121527106669774,7.121527106669774,0.5071614833103236
covid,Real_train,etilismo,comorb_cancer,-0.1272571824213761,-12.72571824213761,12.72571824213761,1.6194390477827396
covid,Real_train,etilismo,comorb_reumatologica,-0.06088874408127456,-6.088874408127456,6.088874408127456,0.37074391557949476
covid,Real_train,etilismo,comorb_cirrose,0.14637097201112792,14.637097201112791,14.637097201112791,2.1424461447482392
covid,Real_train,etilismo,comorb_hiv,0.056053517389496335,5.605351738949634,5.605351738949634,0.3141996811734568
covid,Real_train,etilismo,obito,0.010339501094979189,1.0339501094979189,1.0339501094979189,0.010690528289307584
covid,Real_train,tabagismo,motivo_cancer,-0.016716017652997496,-1.6716017652997497,1.6716017652997497,0.027942524617532393
covid,Real_train,tabagismo,motivo_msk,-0.05121048014639085,-5.121048014639085,5.121048014639085,0.2622513276823891
covid,Real_train,tabagismo,motivo_digestivo2,-0.030028396910806193,-3.002839691080619,3.002839691080619,0.0901704621032915
covid,Real_train,tabagismo,motivo_cardio2,0.10689390770818744,10.689390770818743,10.689390770818743,1.1426307505126494
covid,Real_train,tabagismo,motivo_procedimentos2,-0.02550623688890937,-2.550623688890937,2.550623688890937,0.06505681202331612
covid,Real_train,tabagismo,motivo_lesao2,-0.05991206830563596,-5.991206830563596,5.991206830563596,0.3589455928659189
covid,Real_train,tabagismo,motivo_respiratorio,0.02348878616565953,2.348878616565953,2.348878616565953,0.055172307553607844
covid,Real_train,tabagismo,motivo_neuro,-0.027280493052515453,-2.7280493052515453,2.7280493052515453,0.0744225301188344
covid,Real_train,tabagismo,motivo_pele,0.025681940439550043,2.568194043955004,2.568194043955004,0.06595620647405959
covid,Real_train,tabagismo,motivo_genitourinaria,0.012808111785674656,1.2808111785674656,1.2808111785674656,0.016404772751433802
covid,Real_train,tabagismo,motivo_dm,0.0026707532635455236,0.26707532635455233,0.26707532635455233,0.0007132922994739065
covid,Real_train,tabagismo,motivo_mental_subst,-0.05035463006825146,-5.035463006825146,5.035463006825146,0.2535588769310454
covid,Real_train,tabagismo,motivo_infec2,0.048362026177890205,4.83620261778902,4.83620261778902,0.23388855760309377
covid,Real_train,tabagismo,motivo_propedeutica,-0.04239134150842143,-4.239134150842143,4.239134150842143,0.17970258348836138
covid,Real_train,tabagismo,n_comorbidades,0.07246016830001772,7.246016830001772,7.246016830001772,0.5250475990066893
covid,Real_train,tabagismo,comorb_hipertensao,0.026475017163606007,2.6475017163606007,2.6475017163606007,0.07009265338132327
covid,Real_train,tabagismo,comorb_ic,0.07837388167712954,7.8373881677129535,7.8373881677129535,0.6142465329140702
covid,Real_train,tabagismo,comorb_dac,-0.035867816769715025,-3.5867816769715026,3.5867816769715026,0.12865002798258504
covid,Real_train,tabagismo,comorb_fibrilacao,0.09909632021888144,9.909632021888145,9.909632021888145,0.9820080680923091
covid,Real_train,tabagismo,comorb_avc,0.0322386301695387,3.22386301695387,3.22386301695387,0.1039329275208291
covid,Real_train,tabagismo,comorb_dpoc,0.1850629548680465,18.50629548680465,18.50629548680465,3.424829726449261
covid,Real_train,tabagismo,comorb_asma,0.02333437066396737,2.333437066396737,2.333437066396737,0.054449285428342105
covid,Real_train,tabagismo,comorb_dm,-0.04465122947878841,-4.465122947878841,4.465122947878841,0.19937322939674232
covid,Real_train,tabagismo,comorb_obesidade,-0.012525375423744873,-1.2525375423744873,1.2525375423744873,0.015688502950575202
covid,Real_train,tabagismo,comorb_drc,0.048278444816882884,4.827844481688288,4.827844481688288,0.23308082339368058
covid,Real_train,tabagismo,comorb_cancer,0.02615221945454143,2.615221945454143,2.615221945454143,0.06839385823984953
covid,Real_train,tabagismo,comorb_reumatologica,-0.03372605570252564,-3.372605570252564,3.372605570252564,0.11374468332498622
covid,Real_train,tabagismo,comorb_cirrose,0.045342122323273955,4.534212232327396,4.534212232327396,0.20559080567787383
covid,Real_train,tabagismo,comorb_hiv,0.06636608347303416,6.636608347303416,6.636608347303416,0.4404457035549738
covid,Real_train,tabagismo,obito,0.14137764459368868,14.137764459368867,14.137764459368867,1.998763839085935
covid,Real_train,motivo_cancer,motivo_msk,-0.01829485498797196,-1.829485498797196,1.829485498797196,0.03347017190309225
covid,Real_train,motivo_cancer,motivo_digestivo2,-0.10456101505896968,-10.456101505896969,10.456101505896969,1.0933005870162085
covid,Real_train,motivo_cancer,motivo_cardio2,-0.13140692419939684,-13.140692419939684,13.140692419939684,1.7267779727546027
covid,Real_train,motivo_cancer,motivo_procedimentos2,-0.06930123756077042,-6.930123756077042,6.930123756077042,0.4802661527454337
covid,Real_train,motivo_cancer,motivo_lesao2,-0.09512795448109913,-9.512795448109914,9.512795448109914,0.9049327723758068
covid,Real_train,motivo_cancer,motivo_respiratorio,-0.029357427605224175,-2.9357427605224173,2.9357427605224173,0.08618585555959785
covid,Real_train,motivo_cancer,motivo_neuro,-0.06473620902474643,-6.473620902474643,6.473620902474643,0.41907767588956607
covid,Real_train,motivo_cancer,motivo_pele,-0.02918792135791346,-2.918792135791346,2.918792135791346,0.08519347531957408
covid,Real_train,motivo_cancer,motivo_genitourinaria,-0.056883585268615665,-5.688358526861567,5.688358526861567,0.3235742273011869
covid,Real_train,motivo_cancer,motivo_dm,-0.022173823010152048,-2.217382301015205,2.217382301015205,0.04916784268855485
covid,Real_train,motivo_cancer,motivo_mental_subst,-0.03439127631517337,-3.439127631517337,3.439127631517337,0.1182759886586605
covid,Real_train,motivo_cancer,motivo_infec2,-0.045230532362496856,-4.523053236249686,4.523053236249686,0.20458010577948754
covid,Real_train,motivo_cancer,motivo_propedeutica,-0.03205583760484348,-3.205583760484348,3.205583760484348,0.10275767245480971
covid,Real_train,motivo_cancer,n_comorbidades,0.002094410094656511,0.2094410094656511,0.2094410094656511,0.0004386553644599096
covid,Real_train,motivo_cancer,comorb_hipertensao,-0.08316710604429052,-8.316710604429051,8.316710604429051,0.6916767527782265
covid,Real_train,motivo_cancer,comorb_ic,0.014294285315949251,1.4294285315949251,1.4294285315949251,0.02043265926937624
covid,Real_train,motivo_cancer,comorb_dac,-0.04374613983741738,-4.374613983741738,4.374613983741738,0.1913724750674876
covid,Real_train,motivo_cancer,comorb_fibrilacao,-0.06490403852444376,-6.490403852444376,6.490403852444376,0.42125342167824803
covid,Real_train,motivo_cancer,comorb_avc,-0.07206773254506135,-7.206773254506135,7.206773254506135,0.5193758074186495
covid,Real_train,motivo_cancer,comorb_dpoc,0.0003543550068237103,0.03543550068237103,0.03543550068237103,1.2556747086103179e-05
covid,Real_train,motivo_cancer,comorb_asma,-0.03713897888305508,-3.7138978883055076,3.7138978883055076,0.1379303752476011
covid,Real_train,motivo_cancer,comorb_dm,-0.1115076247075432,-11.150762470754321,11.150762470754321,1.2433950367918298
covid,Real_train,motivo_cancer,comorb_obesidade,-0.06173241541111576,-6.173241541111576,6.173241541111576,0.3810891112490562
covid,Real_train,motivo_cancer,comorb_drc,-0.009018341259418413,-0.9018341259418413,0.9018341259418413,0.008133047907132849
covid,Real_train,motivo_cancer,comorb_cancer,0.4517867989695311,45.17867989695311,45.17867989695311,20.411131172313553
covid,Real_train,motivo_cancer,comorb_reumatologica,-0.04793930551906077,-4.793930551906077,4.793930551906077,0.229817701364985
covid,Real_train,motivo_cancer,comorb_cirrose,-0.045785314916941225,-4.578531491694123,4.578531491694123,0.2096295062043481
covid,Real_train,motivo_cancer,comorb_hiv,-0.04753101511723542,-4.753101511723542,4.753101511723542,0.22591973980748617
covid,Real_train,motivo_cancer,obito,-0.013914693486418722,-1.391469348641872,1.391469348641872,0.01936186948209836
covid,Real_train,motivo_msk,motivo_digestivo2,-0.03356656372872902,-3.3566563728729024,3.3566563728729024,0.11267142005548268
covid,Real_train,motivo_msk,motivo_cardio2,-0.042380494976293925,-4.238049497629392,4.238049497629392,0.17961063544356745
covid,Real_train,motivo_msk,motivo_procedimentos2,-0.022159506387756107,-2.215950638775611,2.215950638775611,0.04910437233490038
covid,Real_train,motivo_msk,motivo_lesao2,-0.0306761860685288,-3.06761860685288,3.06761860685288,0.09410283917110003
covid,Real_train,motivo_msk,motivo_respiratorio,-0.009414109335388535,-0.9414109335388535,0.9414109335388535,0.008862545457864957
covid,Real_train,motivo_msk,motivo_neuro,-0.020773434272572812,-2.077343427257281,2.077343427257281,0.04315355714769027
covid,Real_train,motivo_msk,motivo_pele,-0.00930524345916698,-0.930524345916698,0.930524345916698,0.008658755583436987
covid,Real_train,motivo_msk,motivo_genitourinaria,-0.018321514694313513,-1.8321514694313514,1.8321514694313514,0.0335677900693946
covid,Real_train,motivo_msk,motivo_dm,-0.00713820460391011,-0.713820460391011,0.713820460391011,0.005095396496728349
covid,Real_train,motivo_msk,motivo_mental_subst,-0.011197243438863044,-1.1197243438863045,1.1197243438863045,0.012537826062916146
covid,Real_train,motivo_msk,motivo_infec2,-0.03655982396745653,-3.655982396745653,3.655982396745653,0.1336620728531409
covid,Real_train,motivo_msk,motivo_propedeutica,-0.010198957144945158,-1.0198957144945158,1.0198957144945158,0.010401872684442788
covid,Real_train,motivo_msk,n_comorbidades,0.04637601048656419,4.6376010486564185,4.6376010486564185,0.21507343486499114
covid,Real_train,motivo_msk,comorb_hipertensao,-0.009892094042855052,-0.9892094042855052,0.9892094042855052,0.009785352455268839
covid,Real_train,motivo_msk,comorb_ic,-0.024674697037026516,-2.4674697037026516,2.4674697037026516,0.060884067386904515
covid,Real_train,motivo_msk,comorb_dac,0.0932121141261268,9.32121141261268,9.32121141261268,0.8688498219862087
covid,Real_train,motivo_msk,comorb_fibrilacao,-0.020972251123658178,-2.097225112365818,2.097225112365818,0.043983531719378174
covid,Real_train,motivo_msk,comorb_avc,-0.023172444475388326,-2.3172444475388327,2.3172444475388327,0.05369621829649549
covid,Real_train,motivo_msk,comorb_dpoc,0.14995705826151595,14.995705826151596,14.995705826151596,2.248711932244769
covid,Real_train,motivo_msk,comorb_asma,-0.011902135066286873,-1.1902135066286874,1.1902135066286874,0.014166081913613562
covid,Real_train,motivo_msk,comorb_dm,0.027436404048984224,2.7436404048984224,2.7436404048984224,0.07527562671391179
covid,Real_train,motivo_msk,comorb_obesidade,-0.019782724603656522,-1.9782724603656523,1.9782724603656523,0.03913561927441171
covid,Real_train,motivo_msk,comorb_drc,-0.02886680672062253,-2.886680672062253,2.886680672062253,0.08332925302457779
covid,Real_train,motivo_msk,comorb_cancer,0.08491462183657597,8.491462183657598,8.491462183657598,0.7210493001648705
covid,Real_train,motivo_msk,comorb_reumatologica,-0.015407927552999245,-1.5407927552999245,1.5407927552999245,0.02374042314784733
covid,Real_train,motivo_msk,comorb_cirrose,-0.014608774459001819,-1.4608774459001819,1.4608774459001819,0.021341629119398388
covid,Real_train,motivo_msk,comorb_hiv,-0.015087101809212595,-1.5087101809212595,1.5087101809212595,0.022762064100154595
covid,Real_train,motivo_msk,obito,-0.04406249566440999,-4.406249566440999,4.406249566440999,0.19415035241761494
covid,Real_train,motivo_digestivo2,motivo_cardio2,-0.20377887491068622,-20.377887491068623,20.377887491068623,4.15258298598651
covid,Real_train,motivo_digestivo2,motivo_procedimentos2,-0.12755364410993836,-12.755364410993836,12.755364410993836,1.6269932125724813
covid,Real_train,motivo_digestivo2,motivo_lesao2,-0.1754309815135068,-17.54309815135068,17.54309815135068,3.0776029274792367
covid,Real_train,motivo_digestivo2,motivo_respiratorio,-0.054042764615085705,-5.40427646150857,5.40427646150857,0.292062040724156
covid,Real_train,motivo_digestivo2,motivo_neuro,-0.11928079612374243,-11.928079612374242,11.928079612374242,1.4227908323913807
covid,Real_train,motivo_digestivo2,motivo_pele,-0.05369841795170329,-5.369841795170329,5.369841795170329,0.28835200905158104
covid,Real_train,motivo_digestivo2,motivo_genitourinaria,-0.10427832043618859,-10.42783204361886,10.42783204361886,1.0873968112992427
covid,Real_train,motivo_digestivo2,motivo_dm,-0.0410499238742847,-4.10499238742847,4.10499238742847,0.16850962500845693
covid,Real_train,motivo_digestivo2,motivo_mental_subst,-0.0636413081665402,-6.36413081665402,6.36413081665402,0.4050216105148537
covid,Real_train,motivo_digestivo2,motivo_infec2,-0.12546994362102065,-12.546994362102065,12.546994362102065,1.5742706752262101
covid,Real_train,motivo_digestivo2,motivo_propedeutica,-0.05899960028115816,-5.8999600281158155,5.8999600281158155,0.3480952833336438
covid,Real_train,motivo_digestivo2,n_comorbidades,-0.015281801671580936,-1.5281801671580937,1.5281801671580937,0.02335334623295339
covid,Real_train,motivo_digestivo2,comorb_hipertensao,-0.02264117685590648,-2.264117685590648,2.264117685590648,0.05126228894204352
covid,Real_train,motivo_digestivo2,comorb_ic,-0.08345525043956492,-8.345525043956492,8.345525043956492,0.6964778825930501
covid,Real_train,motivo_digestivo2,comorb_dac,-0.08017817906909422,-8.017817906909421,8.017817906909421,0.6428540398835738
covid,Real_train,motivo_digestivo2,comorb_fibrilacao,-0.08752780075025798,-8.752780075025798,8.752780075025798,0.7661115904176863
covid,Real_train,motivo_digestivo2,comorb_avc,0.01407590081818284,1.407590081818284,1.407590081818284,0.019813098384332036
covid,Real_train,motivo_digestivo2,comorb_dpoc,-0.10464970472279751,-10.46497047227975,10.46497047227975,1.0951560698568708
covid,Real_train,motivo_digestivo2,comorb_asma,0.03850227110114931,3.850227110114931,3.850227110114931,0.1482424879946397
covid,Real_train,motivo_digestivo2,comorb_dm,0.0012306602327348925,0.12306602327348926,0.12306602327348926,0.00015145246084350997
covid,Real_train,motivo_digestivo2,comorb_obesidade,-0.0461134435244526,-4.61134435244526,4.61134435244526,0.21264496736828797
covid,Real_train,motivo_digestivo2,comorb_drc,-0.06524309602548603,-6.524309602548603,6.524309602548603,0.42566615789907913
covid,Real_train,motivo_digestivo2,comorb_cancer,0.06976705815980376,6.976705815980376,6.976705815980376,0.4867442404273441
covid,Real_train,motivo_digestivo2,comorb_reumatologica,-0.005382596937575781,-0.5382596937575781,0.5382596937575781,0.0028972349792400175
covid,Real_train,motivo_digestivo2,comorb_cirrose,0.2640730332119378,26.40730332119378,26.40730332119378,6.973456686975322
covid,Real_train,motivo_digestivo2,comorb_hiv,-0.004128224984395061,-0.4128224984395061,0.4128224984395061,0.00170422415217836
covid,Real_train,motivo_digestivo2,obito,0.01077022052011426,1.077022052011426,1.077022052011426,0.011599765005189026
covid,Real_train,motivo_cardio2,motivo_procedimentos2,-0.10764449559260673,-10.764449559260674,10.764449559260674,1.158733743138673
covid,Real_train,motivo_cardio2,motivo_lesao2,-0.1999902308414127,-19.99902308414127,19.99902308414127,3.999609243200154
covid,Real_train,motivo_cardio2,motivo_respiratorio,-0.06790007597003742,-6.790007597003742,6.790007597003742,0.46104203167368524
covid,Real_train,motivo_cardio2,motivo_neuro,-0.0935698519579045,-9.35698519579045,9.35698519579045,0.8755317195424165
covid,Real_train,motivo_cardio2,motivo_pele,-0.06744182078225094,-6.744182078225094,6.744182078225094,0.4548399190425255
covid,Real_train,motivo_cardio2,motivo_genitourinaria,-0.10030043887772892,-10.030043887772893,10.030043887772893,1.0060178039065035
covid,Real_train,motivo_cardio2,motivo_dm,-0.05137301579635799,-5.137301579635799,5.137301579635799,0.26391867520128476
covid,Real_train,motivo_cardio2,motivo_mental_subst,-0.08038119863656806,-8.038119863656807,8.038119863656807,0.6461137094251412
covid,Real_train,motivo_cardio2,motivo_infec2,-0.1728677512000417,-17.28677512000417,17.28677512000417,2.9883259404959515
covid,Real_train,motivo_cardio2,motivo_propedeutica,-0.07428522230818135,-7.428522230818135,7.428522230818135,0.5518294253375924
covid,Real_train,motivo_cardio2,n_comorbidades,0.1942794587284214,19.42794587284214,19.42794587284214,3.7744508083808395
covid,Real_train,motivo_cardio2,comorb_hipertensao,0.12993591120302855,12.993591120302856,12.993591120302856,1.688334102016132
covid,Real_train,motivo_cardio2,comorb_ic,0.2610683572404189,26.106835724041886,26.106835724041886,6.815668715221097
covid,Real_train,motivo_cardio2,comorb_dac,0.18176603566625915,18.176603566625914,18.176603566625914,3.3038891721827794
covid,Real_train,motivo_cardio2,comorb_fibrilacao,0.2984807121562484,29.848071215624838,29.848071215624838,8.90907355293012
covid,Real_train,motivo_cardio2,comorb_avc,0.01088516454502733,1.088516454502733,1.088516454502733,0.011848680717232003
covid,Real_train,motivo_cardio2,comorb_dpoc,0.21347235013714494,21.347235013714496,21.347235013714496,4.557044427307581
covid,Real_train,motivo_cardio2,comorb_asma,0.09860844616787663,9.860844616787663,9.860844616787663,0.9723625655643023
covid,Real_train,motivo_cardio2,comorb_dm,0.03145150580051677,3.145150580051677,3.145150580051677,0.098919721711994
covid,Real_train,motivo_cardio2,comorb_obesidade,-0.026194342057593727,-2.6194342057593727,2.6194342057593727,0.06861435558302235
covid,Real_train,motivo_cardio2,comorb_drc,0.13826324780123694,13.826324780123695,13.826324780123695,1.9116725692546255
covid,Real_train,motivo_cardio2,comorb_cancer,-0.17244143332842995,-17.244143332842995,17.244143332842995,2.973604792836335
covid,Real_train,motivo_cardio2,comorb_reumatologica,0.035392518889473076,3.5392518889473075,3.5392518889473075,0.12526303933417085
covid,Real_train,motivo_cardio2,comorb_cirrose,-0.10617779675209071,-10.617779675209071,10.617779675209071,1.1273724523128286
covid,Real_train,motivo_cardio2,comorb_hiv,-0.07523176893261853,-7.523176893261853,7.523176893261853,0.5659819056730906
covid,Real_train,motivo_cardio2,obito,-0.023106339429942745,-2.3106339429942744,2.3106339429942744,0.05339029218517268
covid,Real_train,motivo_procedimentos2,motivo_lesao2,-0.11594572312482221,-11.59457231248222,11.59457231248222,1.344341071093793
covid,Real_train,motivo_procedimentos2,motivo_respiratorio,-0.03573483682490811,-3.5734836824908114,3.5734836824908114,0.1276978562902809
covid,Real_train,motivo_procedimentos2,motivo_neuro,-0.07897392125468819,-7.897392125468819,7.897392125468819,0.6236880238341691
covid,Real_train,motivo_procedimentos2,motivo_pele,-0.035617409486717246,-3.5617409486717246,3.5617409486717246,0.12685998585444958
covid,Real_train,motivo_procedimentos2,motivo_genitourinaria,-0.06911783827391575,-6.9117838273915755,6.9117838273915755,0.4777275567659173
covid,Real_train,motivo_procedimentos2,motivo_dm,-0.027175905082070923,-2.7175905082070924,2.7175905082070924,0.07385298170297282
covid,Real_train,motivo_procedimentos2,motivo_mental_subst,-0.04186604103769044,-4.186604103769044,4.186604103769044,0.17527653921695802
covid,Real_train,motivo_procedimentos2,motivo_infec2,-0.13854601951825504,-13.854601951825504,13.854601951825504,1.9194999524352707
covid,Real_train,motivo_procedimentos2,motivo_propedeutica,-0.03906453992511219,-3.906453992511219,3.906453992511219,0.15260382795606842
covid,Real_train,motivo_procedimentos2,n_comorbidades,0.03417738902830868,3.417738902830868,3.417738902830868,0.11680939207923544
covid,Real_train,motivo_procedimentos2,comorb_hipertensao,0.05353179694349695,5.353179694349695,5.353179694349695,0.2865653283999789
covid,Real_train,motivo_procedimentos2,comorb_ic,-0.05417008710836098,-5.417008710836098,5.417008710836098,0.29343983373274163
covid,Real_train,motivo_procedimentos2,comorb_dac,-0.03389854707098302,-3.389854707098302,3.389854707098302,0.11491114935236514
covid,Real_train,motivo_procedimentos2,comorb_fibrilacao,0.009795650279194865,0.9795650279194865,0.9795650279194865,0.009595476439229042
covid,Real_train,motivo_procedimentos2,comorb_avc,-0.04789092083180836,-4.789092083180837,4.789092083180837,0.2293540298118536
covid,Real_train,motivo_procedimentos2,comorb_dpoc,0.03019267515808436,3.019267515808436,3.019267515808436,0.09115976332016044
covid,Real_train,motivo_procedimentos2,comorb_asma,-0.04541857098940106,-4.541857098940106,4.541857098940106,0.20628465907192636
covid,Real_train,motivo_procedimentos2,comorb_dm,0.03151831888147945,3.151831888147945,3.151831888147945,0.09934044251146239
covid,Real_train,motivo_procedimentos2,comorb_obesidade,0.016442547705277782,1.6442547705277781,1.6442547705277781,0.02703573750403357
covid,Real_train,motivo_procedimentos2,comorb_drc,0.02719702192765742,2.7197021927657423,2.7197021927657423,0.07396780017334786
covid,Real_train,motivo_procedimentos2,comorb_cancer,0.08279896692574076,8.279896692574077,8.279896692574077,0.6855668923969913
covid,Real_train,motivo_procedimentos2,comorb_reumatologica,-0.0013209905384431286,-0.13209905384431286,0.13209905384431286,0.00017450160026562668
covid,Real_train,motivo_procedimentos2,comorb_cirrose,0.0035634768716667547,0.3563476871666755,0.3563476871666755,0.001269836741490388
covid,Real_train,motivo_procedimentos2,comorb_hiv,-0.0033440456845785635,-0.3344045684578563,0.3344045684578563,0.0011182641540548512
covid,Real_train,motivo_procedimentos2,obito,-0.03823889708054932,-3.823889708054932,3.823889708054932,0.14622132499368432
covid,Real_train,motivo_lesao2,motivo_respiratorio,-0.04907221618452532,-4.907221618452532,4.907221618452532,0.24080824012607888
covid,Real_train,motivo_lesao2,motivo_neuro,-0.07476377143020502,-7.4763771430205015,7.4763771430205015,0.558962151846794
covid,Real_train,motivo_lesao2,motivo_pele,-0.04894021754250324,-4.894021754250324,4.894021754250324,0.23951448931075417
covid,Real_train,motivo_lesao2,motivo_genitourinaria,-0.09512363223749101,-9.512363223749102,9.512363223749102,0.9048505410053439
covid,Real_train,motivo_lesao2,motivo_dm,-0.03743226297700895,-3.7432262977008945,3.7432262977008945,0.1401174311579955
covid,Real_train,motivo_lesao2,motivo_mental_subst,-0.05795189262051011,-5.795189262051012,5.795189262051012,0.33584218582991343
covid,Real_train,motivo_lesao2,motivo_infec2,-0.1908302637793305,-19.08302637793305,19.08302637793305,3.6416189574088853
covid,Real_train,motivo_lesao2,motivo_propedeutica,-0.05369108053163092,-5.369108053163092,5.369108053163092,0.2882732128654077
covid,Real_train,motivo_lesao2,n_comorbidades,-0.21401338195430908,-21.40133819543091,21.40133819543091,4.580172765552098
covid,Real_train,motivo_lesao2,comorb_hipertensao,-0.10339531551230667,-10.339531551230667,10.339531551230667,1.0690591269889445
covid,Real_train,motivo_lesao2,comorb_ic,-0.1276680732135856,-12.76680732135856,12.76680732135856,1.629913691806945
covid,Real_train,motivo_lesao2,comorb_dac,-0.11541956867937657,-11.541956867937657,11.541956867937657,1.3321676834133325
covid,Real_train,motivo_lesao2,comorb_fibrilacao,-0.0748678012357948,-7.4867801235794795,7.4867801235794795,0.5605187661882477
covid,Real_train,motivo_lesao2,comorb_avc,-0.058052622189806856,-5.805262218980686,5.805262218980686,0.33701069431124553
covid,Real_train,motivo_lesao2,comorb_dpoc,-0.018972898685437705,-1.8972898685437705,1.8972898685437705,0.03599708845278838
covid,Real_train,motivo_lesao2,comorb_asma,-0.06248250395669177,-6.248250395669177,6.248250395669177,0.39040633006980024
covid,Real_train,motivo_lesao2,comorb_dm,-0.09767248598749506,-9.767248598749505,9.767248598749505,0.9539914518977418
covid,Real_train,motivo_lesao2,comorb_obesidade,0.039109829395240686,3.9109829395240685,3.9109829395240685,0.15295787553248325
covid,Real_train,motivo_lesao2,comorb_drc,-0.12338148269626734,-12.338148269626734,12.338148269626734,1.5222990272329315
covid,Real_train,motivo_lesao2,comorb_cancer,-0.1297590929494506,-12.97590929494506,12.97590929494506,1.683742220306416
covid,Real_train,motivo_lesao2,comorb_reumatologica,-0.0353498810857318,-3.5349881085731805,3.5349881085731805,0.12496140927753792
covid,Real_train,motivo_lesao2,comorb_cirrose,-0.0769279454161003,-7.692794541610031,7.692794541610031,0.5917908785942507
covid,Real_train,motivo_lesao2,comorb_hiv,-0.036618651177225785,-3.6618651177225785,3.6618651177225785,0.13409256140393394
covid,Real_train,motivo_lesao2,obito,-0.04925644431154161,-4.9256444311541605,4.9256444311541605,0.24261973062159997
covid,Real_train,motivo_respiratorio,motivo_neuro,-0.033317298004083576,-3.3317298004083575,3.3317298004083575,0.11100423462929113
covid,Real_train,motivo_respiratorio,motivo_pele,-0.014957466311989636,-1.4957466311989636,1.4957466311989636,0.022372579847430487
covid,Real_train,motivo_respiratorio,motivo_genitourinaria,-0.029171302248019206,-2.9171302248019204,2.9171302248019204,0.08509648748452904
covid,Real_train,motivo_respiratorio,motivo_dm,-0.011360051701964037,-1.1360051701964036,1.1360051701964036,0.012905077467129602
covid,Real_train,motivo_respiratorio,motivo_mental_subst,-0.017879380497132745,-1.7879380497132744,1.7879380497132744,0.03196722469612508
covid,Real_train,motivo_respiratorio,motivo_infec2,-0.05857832702886066,-5.857832702886066,5.857832702886066,0.3431420397500148
covid,Real_train,motivo_respiratorio,motivo_propedeutica,-0.016524188015902858,-1.6524188015902856,1.6524188015902856,0.027304878958490764
covid,Real_train,motivo_respiratorio,n_comorbidades,0.01085132284126811,1.0851322841268112,1.0851322841268112,0.011775120740542702
covid,Real_train,motivo_respiratorio,comorb_hipertensao,0.01152903170275391,1.152903170275391,1.152903170275391,0.01329185720031047
covid,Real_train,motivo_respiratorio,comorb_ic,-0.03925399288244387,-3.925399288244387,3.925399288244387,0.15408759572149539
covid,Real_train,motivo_respiratorio,comorb_dac,0.034610984967149254,3.4610984967149254,3.4610984967149254,0.11979202803962317
covid,Real_train,motivo_respiratorio,comorb_fibrilacao,-0.03342668395179555,-3.342668395179555,3.342668395179555,0.11173432000132263
covid,Real_train,motivo_respiratorio,comorb_avc,0.052741599419542304,5.27415994195423,5.27415994195423,0.2781676309331465
covid,Real_train,motivo_respiratorio,comorb_dpoc,-0.029260458955338475,-2.9260458955338473,2.9260458955338473,0.08561744582770475
covid,Real_train,motivo_respiratorio,comorb_asma,-0.019175231514485767,-1.9175231514485767,1.9175231514485767,0.036768950363412815
covid,Real_train,motivo_respiratorio,comorb_dm,-0.03371516331070973,-3.371516331070973,3.371516331070973,0.11367122370678275
covid,Real_train,motivo_respiratorio,comorb_obesidade,0.07136329654157733,7.136329654157733,7.136329654157733,0.5092720093281102
covid,Real_train,motivo_respiratorio,comorb_drc,0.030221263356931417,3.022126335693142,3.022126335693142,0.09133247588890056
covid,Real_train,motivo_respiratorio,comorb_cancer,-0.04792844874672429,-4.792844874672429,4.792844874672429,0.22971361992673772
covid,Real_train,motivo_respiratorio,comorb_reumatologica,-0.024727874373078468,-2.4727874373078467,2.4727874373078467,0.06114677710107508
covid,Real_train,motivo_respiratorio,comorb_cirrose,0.11392533188336436,11.392533188336436,11.392533188336436,1.2978981244734715
covid,Real_train,motivo_respiratorio,comorb_hiv,0.09383449183546923,9.383449183546922,9.383449183546922,0.8804911858020742
covid,Real_train,motivo_respiratorio,obito,-0.07067205676792206,-7.067205676792206,7.067205676792206,0.49945396078083976
covid,Real_train,motivo_neuro,motivo_pele,-0.033410796689128296,-3.3410796689128297,3.3410796689128297,0.11162813354022663
covid,Real_train,motivo_neuro,motivo_genitourinaria,-0.06473815513644485,-6.473815513644484,6.473815513644484,0.4191028730470401
covid,Real_train,motivo_neuro,motivo_dm,-0.02564091450366293,-2.564091450366293,2.564091450366293,0.06574564965841521
covid,Real_train,motivo_neuro,motivo_mental_subst,-0.039079469231858406,-3.9079469231858406,3.9079469231858406,0.15272049154437678
covid,Real_train,motivo_neuro,motivo_infec2,-0.09996101228102933,-9.996101228102933,9.996101228102933,0.9992203976248096
covid,Real_train,motivo_neuro,motivo_propedeutica,-0.03647345054066063,-3.6473450540660632,3.6473450540660632,0.13303125943420174
covid,Real_train,motivo_neuro,n_comorbidades,-0.05211048748834664,-5.2110487488346635,5.2110487488346635,0.2715502906273132
covid,Real_train,motivo_neuro,comorb_hipertensao,0.025942045986410384,2.5942045986410385,2.5942045986410385,0.06729897499610311
covid,Real_train,motivo_neuro,comorb_ic,-0.0865224357414672,-8.65224357414672,8.65224357414672,0.7486131886636321
covid,Real_train,motivo_neuro,comorb_dac,-0.060423440208839954,-6.042344020883996,6.042344020883996,0.3650992126671257
covid,Real_train,motivo_neuro,comorb_fibrilacao,-0.02829664986618381,-2.829664986618381,2.829664986618381,0.08007003936494002
covid,Real_train,motivo_neuro,comorb_avc,0.08843667757513914,8.843667757513913,8.843667757513913,0.7821045940529117
covid,Real_train,motivo_neuro,comorb_dpoc,-0.06485922423794713,-6.485922423794713,6.485922423794713,0.4206718968748308
covid,Real_train,motivo_neuro,comorb_asma,-0.04256455558814282,-4.256455558814283,4.256455558814283,0.18117413924161005
covid,Real_train,motivo_neuro,comorb_dm,0.008232825981788015,0.8232825981788015,0.8232825981788015,0.006777942364640378
covid,Real_train,motivo_neuro,comorb_obesidade,-0.07045078648316891,-7.045078648316891,7.045078648316891,0.49633133160970555
covid,Real_train,motivo_neuro,comorb_drc,-0.029627965010807267,-2.9627965010807267,2.9627965010807267,0.08778163106816196
covid,Real_train,motivo_neuro,comorb_cancer,-0.0703744357348482,-7.037443573484819,7.037443573484819,0.4952561204998279
covid,Real_train,motivo_neuro,comorb_reumatologica,0.005444218785286179,0.5444218785286179,0.5444218785286179,0.0029639518182062916
covid,Real_train,motivo_neuro,comorb_cirrose,-0.0524047722019268,-5.2404772201926795,5.2404772201926795,0.27462601495358396
covid,Real_train,motivo_neuro,comorb_hiv,0.06866848885924637,6.866848885924637,6.866848885924637,0.4715361362212443
covid,Real_train,motivo_neuro,obito,-0.01989880969114045,-1.989880969114045,1.989880969114045,0.03959626271242251
covid,Real_train,motivo_pele,motivo_genitourinaria,-0.029325825455177063,-2.932582545517706,2.932582545517706,0.0860004038627511
covid,Real_train,motivo_pele,motivo_dm,-0.011605133464947116,-1.1605133464947115,1.1605133464947115,0.013467912273923546
covid,Real_train,motivo_pele,motivo_mental_subst,-0.017524528767313592,-1.7524528767313592,1.7524528767313592,0.030710910851640166
covid,Real_train,motivo_pele,motivo_infec2,-0.05854540819271024,-5.8545408192710235,5.8545408192710235,0.34275648204510634
covid,Real_train,motivo_pele,motivo_propedeutica,-0.016577057448417778,-1.6577057448417778,1.6577057448417778,0.027479883364814335
covid,Real_train,motivo_pele,n_comorbidades,-0.07114381064042861,-7.1143810640428615,7.1143810640428615,0.5061441792441164
covid,Real_train,motivo_pele,comorb_hipertensao,-0.040975535725475326,-4.0975535725475325,4.0975535725475325,0.16789945279897048
covid,Real_train,motivo_pele,comorb_ic,-0.03902756645297793,-3.902756645297793,3.902756645297793,0.15231509432416085
covid,Real_train,motivo_pele,comorb_dac,-0.043760574317046726,-4.376057431704672,4.376057431704672,0.19149878645577695
covid,Real_train,motivo_pele,comorb_fibrilacao,-0.033200659562493406,-3.3200659562493406,3.3200659562493406,0.11022837953845849
covid,Real_train,motivo_pele,comorb_avc,-0.03703596193969771,-3.7035961939697706,3.7035961939697706,0.13716624767987373
covid,Real_train,motivo_pele,comorb_dpoc,-0.029250356368677843,-2.9250356368677846,2.9250356368677846,0.08555833476946526
covid,Real_train,motivo_pele,comorb_asma,-0.01919771201503457,-1.919771201503457,1.919771201503457,0.03685521466122026
covid,Real_train,motivo_pele,comorb_dm,0.018649476782825716,1.8649476782825716,1.8649476782825716,0.03478029842731554
covid,Real_train,motivo_pele,comorb_obesidade,-0.03176878801412049,-3.176878801412049,3.176878801412049,0.10092558918861257
covid,Real_train,motivo_pele,comorb_drc,0.02978525686515,2.978525686515,2.978525686515,0.08871615265229653
covid,Real_train,motivo_pele,comorb_cancer,-0.047580121053447395,-4.75801210534474,4.75801210534474,0.2263867919460708
covid,Real_train,motivo_pele,comorb_reumatologica,0.10215943304482211,10.215943304482211,10.215943304482211,1.0436549760039493
covid,Real_train,motivo_pele,comorb_cirrose,-0.0236286731736667,-2.36286731736667,2.36286731736667,0.05583141959479563
covid,Real_train,motivo_pele,comorb_hiv,-0.024366136921321273,-2.436613692132127,2.436613692132127,0.059370862846857574
covid,Real_train,motivo_pele,obito,-0.014127443961673836,-1.4127443961673836,1.4127443961673836,0.01995846728902345
covid,Real_train,motivo_genitourinaria,motivo_dm,-0.022305299230815083,-2.2305299230815083,2.2305299230815083,0.04975263737761999
covid,Real_train,motivo_genitourinaria,motivo_mental_subst,-0.03430600928323863,-3.430600928323863,3.430600928323863,0.11769022729416552
covid,Real_train,motivo_genitourinaria,motivo_infec2,-0.011579712195840775,-1.1579712195840774,1.1579712195840774,0.013408973453850358
covid,Real_train,motivo_genitourinaria,motivo_propedeutica,-0.03208779624605497,-3.208779624605497,3.208779624605497,0.10296266679283395
covid,Real_train,motivo_genitourinaria,n_comorbidades,0.09761493429186865,9.761493429186865,9.761493429186865,0.9528675396805835
covid,Real_train,motivo_genitourinaria,comorb_hipertensao,0.050580375697930245,5.058037569793025,5.058037569793025,0.25583744057437724
covid,Real_train,motivo_genitourinaria,comorb_ic,0.10588176680210118,10.588176680210118,10.588176680210118,1.1210948541134536
covid,Real_train,motivo_genitourinaria,comorb_dac,-0.04278206733067561,-4.278206733067561,4.278206733067561,0.18303052850864615
covid,Real_train,motivo_genitourinaria,comorb_fibrilacao,-0.06481229529846423,-6.4812295298464235,6.4812295298464235,0.4200633621855329
covid,Real_train,motivo_genitourinaria,comorb_avc,0.07135107851525639,7.135107851525639,7.135107851525639,0.5090976405290282
covid,Real_train,motivo_genitourinaria,comorb_dpoc,0.002782723795449604,0.2782723795449604,0.2782723795449604,0.0007743551721761451
covid,Real_train,motivo_genitourinaria,comorb_asma,-0.03711052295075608,-3.711052295075608,3.711052295075608,0.13771909136785937
covid,Real_train,motivo_genitourinaria,comorb_dm,0.14057544862335708,14.057544862335709,14.057544862335709,1.9761456755658107
covid,Real_train,motivo_genitourinaria,comorb_obesidade,-0.005297147897037275,-0.5297147897037274,0.5297147897037274,0.002805977584308642
covid,Real_train,motivo_genitourinaria,comorb_drc,0.11194124207977833,11.194124207977833,11.194124207977833,1.2530841678363536
covid,Real_train,motivo_genitourinaria,comorb_cancer,0.025570750035827945,2.5570750035827943,2.5570750035827943,0.06538632573947947
covid,Real_train,motivo_genitourinaria,comorb_reumatologica,0.08783326584825349,8.78332658482535,8.78332658482535,0.7714682589569972
covid,Real_train,motivo_genitourinaria,comorb_cirrose,-0.04565766713670901,-4.565766713670901,4.565766713670901,0.2084622568366518
covid,Real_train,motivo_genitourinaria,comorb_hiv,-0.047133770838797655,-4.713377083879766,4.713377083879766,0.22215923534842924
covid,Real_train,motivo_genitourinaria,obito,0.04680474771065852,4.680474771065852,4.680474771065852,0.21906844082583937
covid,Real_train,motivo_dm,motivo_mental_subst,-0.013302728543154896,-1.3302728543154896,1.3302728543154896,0.017696258669286796
covid,Real_train,motivo_dm,motivo_infec2,-0.044829220297765544,-4.482922029776555,4.482922029776555,0.20096589925055944
covid,Real_train,motivo_dm,motivo_propedeutica,-0.01248167304231301,-1.2481673042313008,1.2481673042313008,0.015579216193520328
covid,Real_train,motivo_dm,n_comorbidades,-0.016384564400391752,-1.6384564400391752,1.6384564400391752,0.026845395059058474
covid,Real_train,motivo_dm,comorb_hipertensao,0.021825437417413603,2.1825437417413602,2.1825437417413602,0.04763497184614378
covid,Real_train,motivo_dm,comorb_ic,-0.029629369337628136,-2.9629369337628138,2.9629369337628138,0.08778995273455784
covid,Real_train,motivo_dm,comorb_dac,-0.033490669090688825,-3.3490669090688825,3.3490669090688825,0.11216249161420197
covid,Real_train,motivo_dm,comorb_fibrilacao,-0.025340197287577,-2.5340197287576998,2.5340197287576998,0.06421255985733247
covid,Real_train,motivo_dm,comorb_avc,-0.02824479143246169,-2.824479143246169,2.824479143246169,0.07977682430632613
covid,Real_train,motivo_dm,comorb_dpoc,-0.022399972675551254,-2.2399972675551254,2.2399972675551254,0.05017587758654428
covid,Real_train,motivo_dm,comorb_asma,-0.014763178532593513,-1.4763178532593513,1.4763178532593513,0.021795144038522993
covid,Real_train,motivo_dm,comorb_dm,-0.002618292945489824,-0.2618292945489824,0.2618292945489824,0.0006855457948401778
covid,Real_train,motivo_dm,comorb_obesidade,0.09897833817934436,9.897833817934435,9.897833817934435,0.9796711428744658
covid,Real_train,motivo_dm,comorb_drc,-0.03505387530419165,-3.505387530419165,3.505387530419165,0.12287741738418172
covid,Real_train,motivo_dm,comorb_cancer,-0.03630256769461521,-3.6302567694615213,3.6302567694615213,0.131787642122212
covid,Real_train,motivo_dm,comorb_reumatologica,-0.018877546314587535,-1.8877546314587534,1.8877546314587534,0.035636175485939746
covid,Real_train,motivo_dm,comorb_cirrose,-0.018114992266762574,-1.8114992266762573,1.8114992266762573,0.03281529448248678
covid,Real_train,motivo_dm,comorb_hiv,-0.018611524477727057,-1.8611524477727057,1.8611524477727057,0.03463888433850334
covid,Real_train,motivo_dm,obito,0.09331985242150442,9.331985242150441,9.331985242150441,0.8708594855971366
covid,Real_train,motivo_mental_subst,motivo_infec2,-0.06911837819014104,-6.911837819014104,6.911837819014104,0.47773502036353643
covid,Real_train,motivo_mental_subst,motivo_propedeutica,-0.019484616835986172,-1.9484616835986173,1.9484616835986173,0.03796502932451958
covid,Real_train,motivo_mental_subst,n_comorbidades,-0.17352953269292876,-17.352953269292875,17.352953269292875,3.011249871662623
covid,Real_train,motivo_mental_subst,comorb_hipertensao,-0.12408722293252847,-12.408722293252847,12.408722293252847,1.539763889510702
covid,Real_train,motivo_mental_subst,comorb_ic,-0.046561189276024324,-4.656118927602432,4.656118927602432,0.21679443467977627
covid,Real_train,motivo_mental_subst,comorb_dac,-0.051952202354056246,-5.195220235405625,5.195220235405625,0.26990313294368073
covid,Real_train,motivo_mental_subst,comorb_fibrilacao,-0.03933643555199963,-3.933643555199963,3.933643555199963,0.15473551619366205
covid,Real_train,motivo_mental_subst,comorb_avc,-0.04386579592203309,-4.386579592203309,4.386579592203309,0.19242080518734547
covid,Real_train,motivo_mental_subst,comorb_dpoc,-0.03450422302611094,-3.450422302611094,3.450422302611094,0.11905414066356043
covid,Real_train,motivo_mental_subst,comorb_asma,-0.022560379870025273,-2.2560379870025273,2.2560379870025273,0.050897073987984154
covid,Real_train,motivo_mental_subst,comorb_dm,-0.10202927415915312,-10.202927415915312,10.202927415915312,1.0409972785443633
covid,Real_train,motivo_mental_subst,comorb_obesidade,-0.03732296077595481,-3.732296077595481,3.732296077595481,0.13930034010834613
covid,Real_train,motivo_mental_subst,comorb_drc,-0.054068648456634935,-5.406864845663494,5.406864845663494,0.2923418745927171
covid,Real_train,motivo_mental_subst,comorb_cancer,-0.05630376200060888,-5.630376200060888,5.630376200060888,0.3170113615421209
covid,Real_train,motivo_mental_subst,comorb_reumatologica,-0.02907690569993081,-2.9076905699930813,2.9076905699930813,0.08454664450826689
covid,Real_train,motivo_mental_subst,comorb_cirrose,-0.027800556665662418,-2.7800556665662417,2.7800556665662417,0.07728709509207071
covid,Real_train,motivo_mental_subst,comorb_hiv,-0.028968558311405858,-2.8968558311405856,2.8968558311405856,0.08391773706413214
covid,Real_train,motivo_mental_subst,obito,-0.0833152566197081,-8.33152566197081,8.33152566197081,0.6941431985607813
covid,Real_train,motivo_infec2,motivo_propedeutica,0.050915411978978906,5.09154119789789,5.09154119789789,0.25923791769891485
covid,Real_train,motivo_infec2,n_comorbidades,0.06406008504227241,6.406008504227241,6.406008504227241,0.41036944956231736
covid,Real_train,motivo_infec2,comorb_hipertensao,0.03257260779527358,3.257260779527358,3.257260779527358,0.10609747785847172
covid,Real_train,motivo_infec2,comorb_ic,0.03333647582458489,3.333647582458489,3.333647582458489,0.11113206204031328
covid,Real_train,motivo_infec2,comorb_dac,0.11972780555647862,11.972780555647862,11.972780555647862,1.4334747423369951
covid,Real_train,motivo_infec2,comorb_fibrilacao,-0.038971958694006645,-3.8971958694006643,3.8971958694006643,0.15188135644473602
covid,Real_train,motivo_infec2,comorb_avc,0.10530479672319933,10.530479672319933,10.530479672319933,1.1089100212914331
covid,Real_train,motivo_infec2,comorb_dpoc,-0.046239048572914776,-4.623904857291477,4.623904857291477,0.21380496129283721
covid,Real_train,motivo_infec2,comorb_asma,0.024681028189843496,2.4681028189843497,2.4681028189843497,0.06091531525078493
covid,Real_train,motivo_infec2,comorb_dm,0.05547666459436924,5.5476664594369245,5.5476664594369245,0.30776603145161424
covid,Real_train,motivo_infec2,comorb_obesidade,0.06686412019658641,6.686412019658642,6.686412019658642,0.44708105696635553
covid,Real_train,motivo_infec2,comorb_drc,0.05677308870943435,5.677308870943435,5.677308870943435,0.3223183601609302
covid,Real_train,motivo_infec2,comorb_cancer,-0.0712770438583727,-7.12770438583727,7.12770438583727,0.5080416981188386
covid,Real_train,motivo_infec2,comorb_reumatologica,-0.01685922381956903,-1.6859223819569031,1.6859223819569031,0.02842334277983238
covid,Real_train,motivo_infec2,comorb_cirrose,-0.010478009631821914,-1.0478009631821914,1.0478009631821914,0.01097886858445528
covid,Real_train,motivo_infec2,comorb_hiv,0.10411744443247235,10.411744443247235,10.411744443247235,1.0840442235148968
covid,Real_train,motivo_infec2,obito,0.10027580596685777,10.027580596685777,10.027580596685777,1.0055237262302907
covid,Real_train,motivo_propedeutica,n_comorbidades,-0.05147109345886639,-5.147109345886639,5.147109345886639,0.26492734618513586
covid,Real_train,motivo_propedeutica,comorb_hipertensao,-0.01519370381797511,-1.519370381797511,1.519370381797511,0.023084863570835147
covid,Real_train,motivo_propedeutica,comorb_ic,-0.04300105529129348,-4.300105529129348,4.300105529129348,0.1849090756164879
covid,Real_train,motivo_propedeutica,comorb_dac,-0.04805223920449596,-4.8052239204495955,4.8052239204495955,0.23090176925660982
covid,Real_train,motivo_propedeutica,comorb_fibrilacao,-0.036419122946793,-3.6419122946793,3.6419122946793,0.13263525162136247
covid,Real_train,motivo_propedeutica,comorb_avc,-0.0407033469403017,-4.07033469403017,4.07033469403017,0.16567624521425678
covid,Real_train,motivo_propedeutica,comorb_dpoc,-0.03200961576750891,-3.200961576750891,3.200961576750891,0.10246155015835548
covid,Real_train,motivo_propedeutica,comorb_asma,-0.0209941617693237,-2.09941617693237,2.09941617693237,0.044075482839653284
covid,Real_train,motivo_propedeutica,comorb_dm,-0.09477630009485831,-9.47763000948583,9.47763000948583,0.8982547059670639
covid,Real_train,motivo_propedeutica,comorb_obesidade,0.06038618984498736,6.0386189844987355,6.0386189844987355,0.3646491923994854
covid,Real_train,motivo_propedeutica,comorb_drc,-0.050027977227383724,-5.002797722738372,5.002797722738372,0.2502798505463625
covid,Real_train,motivo_propedeutica,comorb_cancer,0.08078570499181431,8.078570499181431,8.078570499181431,0.6526330131024451
covid,Real_train,motivo_propedeutica,comorb_reumatologica,-0.02700524033301353,-2.700524033301353,2.700524033301353,0.07292830054438207
covid,Real_train,motivo_propedeutica,comorb_cirrose,-0.02590588378365919,-2.590588378365919,2.590588378365919,0.06711148146124563
covid,Real_train,motivo_propedeutica,comorb_hiv,-0.026885794502287945,-2.6885794502287945,2.6885794502287945,0.07228459460192567
covid,Real_train,motivo_propedeutica,obito,-0.023649863527516524,-2.3649863527516524,2.3649863527516524,0.05593160448701563
covid,Real_train,n_comorbidades,comorb_hipertensao,0.6861994106322806,68.61994106322807,68.61994106322807,47.08696311520893
covid,Real_train,n_comorbidades,comorb_ic,0.3945237581443013,39.45237581443013,39.45237581443013,15.564899574030314
covid,Real_train,n_comorbidades,comorb_dac,0.4430525213169406,44.30525213169406,44.30525213169406,19.629553664529812
covid,Real_train,n_comorbidades,comorb_fibrilacao,0.29881899736734185,29.881899736734184,29.881899736734184,8.929279318762346
covid,Real_train,n_comorbidades,comorb_avc,0.28585720168333095,28.585720168333097,28.585720168333097,8.171433975422456
covid,Real_train,n_comorbidades,comorb_dpoc,0.22506251034697713,22.506251034697712,22.506251034697712,5.0653133563683195
covid,Real_train,n_comorbidades,comorb_asma,0.05915293192056055,5.915293192056055,5.915293192056055,0.34990693547984714
covid,Real_train,n_comorbidades,comorb_dm,0.6267058289187545,62.67058289187545,62.67058289187545,39.276019600074314
covid,Real_train,n_comorbidades,comorb_obesidade,0.2395835396471364,23.95835396471364,23.95835396471364,5.740027246985099
covid,Real_train,n_comorbidades,comorb_drc,0.19148834068535114,19.148834068535116,19.148834068535116,3.666778461842911
covid,Real_train,n_comorbidades,comorb_cancer,0.22351231779300065,22.351231779300065,22.351231779300065,4.9957756205199315
covid,Real_train,n_comorbidades,comorb_reumatologica,-0.021480715716717697,-2.1480715716717698,2.1480715716717698,0.04614211477024427
covid,Real_train,n_comorbidades,comorb_cirrose,0.07646687158308636,7.646687158308636,7.646687158308636,0.584718244970422
covid,Real_train,n_comorbidades,comorb_hiv,-0.1409543458437798,-14.09543458437798,14.09543458437798,1.9868127612247883
covid,Real_train,n_comorbidades,obito,0.09997199088884935,9.997199088884935,9.997199088884935,0.9994398962280178
covid,Real_train,comorb_hipertensao,comorb_ic,0.15754504692694532,15.754504692694532,15.754504692694532,2.4820441811213403
covid,Real_train,comorb_hipertensao,comorb_dac,0.2206801236537519,22.06801236537519,22.06801236537519,4.869971697583522
covid,Real_train,comorb_hipertensao,comorb_fibrilacao,0.04928462754881271,4.928462754881271,4.928462754881271,0.24289745126251883
covid,Real_train,comorb_hipertensao,comorb_avc,0.13569480838472245,13.569480838472245,13.569480838472245,1.841308102256654
covid,Real_train,comorb_hipertensao,comorb_dpoc,0.10396170608916207,10.396170608916206,10.396170608916206,1.0808036332969317
covid,Real_train,comorb_hipertensao,comorb_asma,0.05973533531215482,5.973533531215482,5.973533531215482,0.3568310284855571
covid,Real_train,comorb_hipertensao,comorb_dm,0.3011708710082369,30.117087100823692,30.117087100823692,9.070389354386007
covid,Real_train,comorb_hipertensao,comorb_obesidade,0.10344380617259694,10.344380617259693,10.344380617259693,1.0700621035473803
covid,Real_train,comorb_hipertensao,comorb_drc,0.16328381946369452,16.328381946369454,16.328381946369454,2.6661605698652386
covid,Real_train,comorb_hipertensao,comorb_cancer,-0.014147275048401117,-1.4147275048401118,1.4147275048401118,0.020014539129511285
covid,Real_train,comorb_hipertensao,comorb_reumatologica,0.05224638888561933,5.224638888561933,5.224638888561933,0.2729685151587367
covid,Real_train,comorb_hipertensao,comorb_cirrose,-0.12125627482803,-12.125627482803,12.125627482803,1.4703084185170743
covid,Real_train,comorb_hipertensao,comorb_hiv,-0.07255922281993965,-7.255922281993965,7.255922281993965,0.5264840816233651
covid,Real_train,comorb_hipertensao,obito,0.08782658695692884,8.782658695692884,8.782658695692884,0.7713509376502983
covid,Real_train,comorb_ic,comorb_dac,0.1134135771530426,11.341357715304259,11.341357715304259,1.2862639482649145
covid,Real_train,comorb_ic,comorb_fibrilacao,0.28166283939834996,28.166283939834997,28.166283939834997,7.933395509794068
covid,Real_train,comorb_ic,comorb_avc,-0.02295815211988686,-2.295815211988686,2.295815211988686,0.05270767487598656
covid,Real_train,comorb_ic,comorb_dpoc,0.15160867941298498,15.160867941298498,15.160867941298498,2.2985191673349252
covid,Real_train,comorb_ic,comorb_asma,0.0861414029583185,8.61414029583185,8.61414029583185,0.7420341303627404
covid,Real_train,comorb_ic,comorb_dm,0.0811203028816285,8.112030288162849,8.112030288162849,0.6580503539607145
covid,Real_train,comorb_ic,comorb_obesidade,0.04570816508150173,4.570816508150173,4.570816508150173,0.2089236355117814
covid,Real_train,comorb_ic,comorb_drc,0.2267798887619316,22.677988876193158,22.677988876193158,5.142911794687406
covid,Real_train,comorb_ic,comorb_cancer,-0.0037372216707060465,-0.3737221670706046,0.3737221670706046,0.0013966825815994893
covid,Real_train,comorb_ic,comorb_reumatologica,-0.010843504882655838,-1.0843504882655837,1.0843504882655837,0.011758159814018098
covid,Real_train,comorb_ic,comorb_cirrose,-0.06118722641004672,-6.1187226410046724,6.1187226410046724,0.37438766757543196
covid,Real_train,comorb_ic,comorb_hiv,-0.06338726613959622,-6.338726613959622,6.338726613959622,0.40179455086520016
covid,Real_train,comorb_ic,obito,0.05462385561222444,5.462385561222444,5.462385561222444,0.2983765601945143
covid,Real_train,comorb_dac,comorb_fibrilacao,0.05109324519803626,5.109324519803627,5.109324519803627,0.26105197048666556
covid,Real_train,comorb_dac,comorb_avc,0.09547247617548252,9.547247617548251,9.547247617548251,0.9114993707078076
covid,Real_train,comorb_dac,comorb_dpoc,-0.002422541616877779,-0.2422541616877779,0.2422541616877779,0.0005868707885504804
covid,Real_train,comorb_dac,comorb_asma,0.004404160675931607,0.44041606759316076,0.44041606759316076,0.0019396631259422355
covid,Real_train,comorb_dac,comorb_dm,0.22723080076106023,22.723080076106022,22.723080076106022,5.163383681451265
covid,Real_train,comorb_dac,comorb_obesidade,-0.05436918263584813,-5.436918263584813,5.436918263584813,0.295600802049021
covid,Real_train,comorb_dac,comorb_drc,0.03837778891014295,3.837778891014295,3.837778891014295,0.14728546816314914
covid,Real_train,comorb_dac,comorb_cancer,0.028681835086195335,2.8681835086195333,2.8681835086195333,0.08226476639117059
covid,Real_train,comorb_dac,comorb_reumatologica,0.025227309563690015,2.5227309563690015,2.5227309563690015,0.06364171478222456
covid,Real_train,comorb_dac,comorb_cirrose,0.030732670558826624,3.0732670558826625,3.0732670558826625,0.09444970396773687
covid,Real_train,comorb_dac,comorb_hiv,-0.07171514413922203,-7.171514413922203,7.171514413922203,0.5143061898909392
covid,Real_train,comorb_dac,obito,-0.009608814518793633,-0.9608814518793634,0.9608814518793634,0.009232931645657933
covid,Real_train,comorb_fibrilacao,comorb_avc,0.08746521634130704,8.746521634130703,8.746521634130703,0.7650164069631643
covid,Real_train,comorb_fibrilacao,comorb_dpoc,0.14613835938283187,14.613835938283188,14.613835938283188,2.1356420083105725
covid,Real_train,comorb_fibrilacao,comorb_asma,0.034598168598064805,3.4598168598064802,3.4598168598064802,0.11970332703401176
covid,Real_train,comorb_fibrilacao,comorb_dm,0.03322712252729275,3.322712252729275,3.322712252729275,0.11040416714437254
covid,Real_train,comorb_fibrilacao,comorb_obesidade,-0.020789803090128626,-2.0789803090128625,2.0789803090128625,0.043221591252632176
covid,Real_train,comorb_fibrilacao,comorb_drc,0.1474950117343563,14.74950117343563,14.74950117343563,2.1754778486517905
covid,Real_train,comorb_fibrilacao,comorb_cancer,-0.0032504081367055295,-0.32504081367055293,0.32504081367055293,0.0010565153055161513
covid,Real_train,comorb_fibrilacao,comorb_reumatologica,-0.05465574535319497,-5.465574535319497,5.465574535319497,0.2987250500113294
covid,Real_train,comorb_fibrilacao,comorb_cirrose,-0.05214050758888942,-5.214050758888942,5.214050758888942,0.27186325316270354
covid,Real_train,comorb_fibrilacao,comorb_hiv,-0.0540558189099689,-5.405581890996889,5.405581890996889,0.2922031558027351
covid,Real_train,comorb_fibrilacao,obito,-0.047460170578452254,-4.746017057845226,4.746017057845226,0.2252467791335785
covid,Real_train,comorb_avc,comorb_dpoc,-0.02420107884357679,-2.420107884357679,2.420107884357679,0.058569221719302005
covid,Real_train,comorb_avc,comorb_asma,-0.04727262300384308,-4.727262300384308,4.727262300384308,0.22347008856634737
covid,Real_train,comorb_avc,comorb_dm,0.10774913092090643,10.774913092090642,10.774913092090642,1.1609875214210634
covid,Real_train,comorb_avc,comorb_obesidade,-0.078292454715157,-7.8292454715157,7.8292454715157,0.612970846532491
covid,Real_train,comorb_avc,comorb_drc,0.01937059980316489,1.9370599803164892,1.9370599803164892,0.037522013673437174
covid,Real_train,comorb_avc,comorb_cancer,-0.05361346264186441,-5.361346264186441,5.361346264186441,0.28744033764505905
covid,Real_train,comorb_avc,comorb_reumatologica,0.05050489845432854,5.050489845432854,5.050489845432854,0.2550744767882037
covid,Real_train,comorb_avc,comorb_cirrose,-0.058247797733282994,-5.8247797733282995,5.8247797733282995,0.33928059407774475
covid,Real_train,comorb_avc,comorb_hiv,-0.060459674970909115,-6.045967497090912,6.045967497090912,0.36553722975879743
covid,Real_train,comorb_avc,obito,-0.023981538945732118,-2.3981538945732117,2.3981538945732117,0.05751142102056663
covid,Real_train,comorb_dpoc,comorb_asma,0.13984161757919272,13.984161757919273,13.984161757919273,1.9555678007165183
covid,Real_train,comorb_dpoc,comorb_dm,-0.11186969679620795,-11.186969679620795,11.186969679620795,1.25148290612755
covid,Real_train,comorb_dpoc,comorb_obesidade,-0.0079028923765493,-0.79028923765493,0.79028923765493,0.006245570791532104
covid,Real_train,comorb_dpoc,comorb_drc,0.11396021099254035,11.396021099254035,11.396021099254035,1.2986929689464313
covid,Real_train,comorb_dpoc,comorb_cancer,-0.01490016175290279,-1.490016175290279,1.490016175290279,0.022201482026266716
covid,Real_train,comorb_dpoc,comorb_reumatologica,-0.047998482401430266,-4.799848240143026,4.799848240143026,0.2303854312840411
covid,Real_train,comorb_dpoc,comorb_cirrose,-0.04586313911031983,-4.586313911031983,4.586313911031983,0.2103427529052548
covid,Real_train,comorb_dpoc,comorb_hiv,-0.047453244782509986,-4.745324478250999,4.745324478250999,0.22518104403888112
covid,Real_train,comorb_dpoc,obito,0.016463550149575658,1.6463550149575659,1.6463550149575659,0.027104848352759267
covid,Real_train,comorb_asma,comorb_dm,-0.028334644336079996,-2.8334644336079995,2.8334644336079995,0.08028520696521502
covid,Real_train,comorb_asma,comorb_obesidade,0.03993952331972453,3.993952331972453,3.993952331972453,0.15951655230068196
covid,Real_train,comorb_asma,comorb_drc,0.00032090898451758303,0.032090898451758304,0.032090898451758304,1.0298257634410634e-05
covid,Real_train,comorb_asma,comorb_cancer,-0.0026973042980498567,-0.2697304298049857,0.2697304298049857,0.000727545047627823
covid,Real_train,comorb_asma,comorb_reumatologica,0.06699699453621319,6.699699453621319,6.699699453621319,0.448859727688538
covid,Real_train,comorb_asma,comorb_cirrose,-0.030237251036769264,-3.0237251036769264,3.0237251036769264,0.0914291350260604
covid,Real_train,comorb_asma,comorb_hiv,0.06573421155469775,6.573421155469775,6.573421155469775,0.43209865687177584
covid,Real_train,comorb_asma,obito,-0.044621078405008216,-4.462107840500821,4.462107840500821,0.19910406380258908
covid,Real_train,comorb_dm,comorb_obesidade,0.13175894622799608,13.175894622799609,13.175894622799609,1.7360419911111962
covid,Real_train,comorb_dm,comorb_drc,0.08507142898467127,8.507142898467126,8.507142898467126,0.7237148029493966
covid,Real_train,comorb_dm,comorb_cancer,0.0066653246868034035,0.6665324686803403,0.6665324686803403,0.004442655318051089
covid,Real_train,comorb_dm,comorb_reumatologica,-0.010737437177007616,-1.0737437177007616,1.0737437177007616,0.011529255713018528
covid,Real_train,comorb_dm,comorb_cirrose,0.06839037710502352,6.839037710502352,6.839037710502352,0.4677243680567325
covid,Real_train,comorb_dm,comorb_hiv,-0.044472251224866616,-4.447225122486661,4.447225122486661,0.19777811290076502
covid,Real_train,comorb_dm,obito,0.05011168095966534,5.011168095966534,5.011168095966534,0.25111805686032856
covid,Real_train,comorb_obesidade,comorb_drc,-0.021761444662712626,-2.1761444662712623,2.1761444662712623,0.04735604738083038
covid,Real_train,comorb_obesidade,comorb_cancer,-0.06431152573683091,-6.431152573683091,6.431152573683091,0.41359723425990647
covid,Real_train,comorb_obesidade,comorb_reumatologica,-0.05212880282682077,-5.212880282682077,5.212880282682077,0.2717412084157557
covid,Real_train,comorb_obesidade,comorb_cirrose,0.017621267465809796,1.7621267465809796,1.7621267465809796,0.03105090671016068
covid,Real_train,comorb_obesidade,comorb_hiv,0.008966477467835895,0.8966477467835896,0.8966477467835896,0.008039771818120881
covid,Real_train,comorb_obesidade,obito,0.05095325692377108,5.095325692377108,5.095325692377108,0.25962343911398256
covid,Real_train,comorb_drc,comorb_cancer,-0.0387654489940564,-3.87654489940564,3.87654489940564,0.15027600357107884
covid,Real_train,comorb_drc,comorb_reumatologica,0.11270926258386563,11.270926258386563,11.270926258386563,1.2703377872198771
covid,Real_train,comorb_drc,comorb_cirrose,-0.07180205278541343,-7.180205278541344,7.180205278541344,0.5155534784199297
covid,Real_train,comorb_drc,comorb_hiv,-0.07433974908294393,-7.433974908294393,7.433974908294393,0.5526398293715062
covid,Real_train,comorb_drc,obito,0.05865049773926223,5.8650497739262235,5.8650497739262235,0.3439880885063204
covid,Real_train,comorb_cancer,comorb_reumatologica,-0.031898016227397366,-3.1898016227397368,3.1898016227397368,0.10174834392433056
covid,Real_train,comorb_cancer,comorb_cirrose,-0.07476152130028331,-7.476152130028331,7.476152130028331,0.5589285067132714
covid,Real_train,comorb_cancer,comorb_hiv,-0.07756289195645481,-7.756289195645481,7.756289195645481,0.6016002208648683
covid,Real_train,comorb_cancer,obito,0.04330875526449078,4.330875526449078,4.330875526449078,0.1875648282559558
covid,Real_train,comorb_reumatologica,comorb_cirrose,-0.03878490820206905,-3.878490820206905,3.878490820206905,0.1504269104242923
covid,Real_train,comorb_reumatologica,comorb_hiv,-0.040241341395607304,-4.02413413956073,4.02413413956073,0.16193655573178178
covid,Real_train,comorb_reumatologica,obito,0.09887840197986283,9.887840197986284,9.887840197986284,0.9776938378091342
covid,Real_train,comorb_cirrose,comorb_hiv,-0.038776809184958676,-3.8776809184958676,3.8776809184958676,0.15036409305666953
covid,Real_train,comorb_cirrose,obito,0.18507815029049413,18.50781502904941,18.50781502904941,3.425392171495073
covid,Real_train,comorb_hiv,obito,-0.043405081744020066,-4.340508174402006,4.340508174402006,0.1884001121205064
covid,Standard_CTGAN,idade,sexo,-0.04154830091897439,-4.1548300918974395,4.1548300918974395,0.17262613092536483
covid,Standard_CTGAN,idade,etilismo,-0.008307545604264003,-0.8307545604264003,0.8307545604264003,0.006901531396692616
covid,Standard_CTGAN,idade,tabagismo,-0.02734713910329495,-2.7347139103294946,2.7347139103294946,0.07478660171349637
covid,Standard_CTGAN,idade,motivo_cancer,0.023573916955288633,2.357391695528863,2.357391695528863,0.05557295606148449
covid,Standard_CTGAN,idade,motivo_msk,0.02732677908601095,2.732677908601095,2.732677908601095,0.07467528552156455
covid,Standard_CTGAN,idade,motivo_digestivo2,0.0021308091405364007,0.21308091405364007,0.21308091405364007,0.00045403475933934745
covid,Standard_CTGAN,idade,motivo_cardio2,-0.008627851862949395,-0.8627851862949395,0.8627851862949395,0.007443982776899934
covid,Standard_CTGAN,idade,motivo_procedimentos2,-0.005875188413765867,-0.5875188413765867,0.5875188413765867,0.003451783889724869
covid,Standard_CTGAN,idade,motivo_lesao2,0.0268907546981354,2.68907546981354,2.68907546981354,0.0723112688235291
covid,Standard_CTGAN,idade,motivo_respiratorio,-0.017782631428446834,-1.7782631428446833,1.7782631428446833,0.03162219805199851
covid,Standard_CTGAN,idade,motivo_neuro,-0.024766129047183023,-2.4766129047183023,2.4766129047183023,0.06133611479817227
covid,Standard_CTGAN,idade,motivo_pele,0.008661628713637147,0.8661628713637147,0.8661628713637147,0.00750238119729035
covid,Standard_CTGAN,idade,motivo_genitourinaria,0.012062410478729703,1.2062410478729702,1.2062410478729702,0.014550174655736811
covid,Standard_CTGAN,idade,motivo_dm,-0.00450828120312516,-0.450828120312516,0.450828120312516,0.002032459940645164
covid,Standard_CTGAN,idade,motivo_mental_subst,-0.013743940467845264,-1.3743940467845264,1.3743940467845264,0.018889589958367467
covid,Standard_CTGAN,idade,motivo_infec2,-0.01294473727468517,-1.294473727468517,1.294473727468517,0.016756622311062362
covid,Standard_CTGAN,idade,motivo_propedeutica,-0.008585603997339713,-0.8585603997339714,0.8585603997339714,0.0073712595999135665
covid,Standard_CTGAN,idade,n_comorbidades,0.00887276768430092,0.887276768430092,0.887276768430092,0.00787260063795747
covid,Standard_CTGAN,idade,comorb_hipertensao,0.006038490417792872,0.6038490417792872,0.6038490417792872,0.0036463366525776334
covid,Standard_CTGAN,idade,comorb_ic,0.022797897741906804,2.2797897741906805,2.2797897741906805,0.05197441414504394
covid,Standard_CTGAN,idade,comorb_dac,-0.02650431285945317,-2.650431285945317,2.650431285945317,0.07024786001517747
covid,Standard_CTGAN,idade,comorb_fibrilacao,-0.053021437703166086,-5.302143770316609,5.302143770316609,0.2811272856110722
covid,Standard_CTGAN,idade,comorb_avc,-0.023232368772066622,-2.323236877206662,2.323236877206662,0.05397429587612963
covid,Standard_CTGAN,idade,comorb_dpoc,0.018003711932609596,1.8003711932609596,1.8003711932609596,0.03241336433523891
covid,Standard_CTGAN,idade,comorb_asma,0.01695502186071733,1.6955021860717332,1.6955021860717332,0.02874727662974026
covid,Standard_CTGAN,idade,comorb_dm,0.0021818396957463404,0.21818396957463404,0.21818396957463404,0.00047604244579344836
covid,Standard_CTGAN,idade,comorb_obesidade,0.029983542192308716,2.9983542192308716,2.9983542192308716,0.0899012802397957
covid,Standard_CTGAN,idade,comorb_drc,0.027357490785004473,2.7357490785004472,2.7357490785004472,0.07484323020516047
covid,Standard_CTGAN,idade,comorb_cancer,-0.008090668192084672,-0.8090668192084671,0.8090668192084671,0.006545891179441065
covid,Standard_CTGAN,idade,comorb_reumatologica,0.003387884118922846,0.3387884118922846,0.3387884118922846,0.0011477758803249626
covid,Standard_CTGAN,idade,comorb_cirrose,0.04397847736859288,4.397847736859288,4.397847736859288,0.1934106471659836
covid,Standard_CTGAN,idade,comorb_hiv,0.02476290574249638,2.4762905742496377,2.4762905742496377,0.06132015008117601
covid,Standard_CTGAN,idade,obito,-0.021422849952452538,-2.142284995245254,2.142284995245254,0.04589385000852957
covid,Standard_CTGAN,sexo,etilismo,0.03511526016167632,3.511526016167632,3.511526016167632,0.1233081496222212
covid,Standard_CTGAN,sexo,tabagismo,-0.012854466479603343,-1.2854466479603344,1.2854466479603344,0.016523730847524596
covid,Standard_CTGAN,sexo,motivo_cancer,0.016207867463694996,1.6207867463694996,1.6207867463694996,0.02626949677207029
covid,Standard_CTGAN,sexo,motivo_msk,0.00443678968561777,0.443678968561777,0.443678968561777,0.0019685102714404232
covid,Standard_CTGAN,sexo,motivo_digestivo2,-0.0013575244167314787,-0.13575244167314787,0.13575244167314787,0.00018428725420221412
covid,Standard_CTGAN,sexo,motivo_cardio2,-0.011145178879340738,-1.1145178879340738,1.1145178879340738,0.012421501225250287
covid,Standard_CTGAN,sexo,motivo_procedimentos2,0.01635823319886137,1.6358233198861372,1.6358233198861372,0.026759179338833036
covid,Standard_CTGAN,sexo,motivo_lesao2,0.038867598763887325,3.8867598763887323,3.8867598763887323,0.15106902336705355
covid,Standard_CTGAN,sexo,motivo_respiratorio,-0.03150664835852816,-3.1506648358528158,3.1506648358528158,0.09926688907879451
covid,Standard_CTGAN,sexo,motivo_neuro,-0.05226960726555964,-5.226960726555964,5.226960726555964,0.2732111843695845
covid,Standard_CTGAN,sexo,motivo_pele,-0.04912585272170387,-4.912585272170387,4.912585272170387,0.24133494056345395
covid,Standard_CTGAN,sexo,motivo_genitourinaria,-0.017338294740289258,-1.7338294740289257,1.7338294740289257,0.03006164645011421
covid,Standard_CTGAN,sexo,motivo_dm,-0.04383850021378348,-4.383850021378348,4.383850021378348,0.1921814100993894
covid,Standard_CTGAN,sexo,motivo_mental_subst,0.007047608985571464,0.7047608985571464,0.7047608985571464,0.0049668792413507645
covid,Standard_CTGAN,sexo,motivo_infec2,0.0133542329366764,1.33542329366764,1.33542329366764,0.01783355373270128
covid,Standard_CTGAN,sexo,motivo_propedeutica,-0.026122279640963468,-2.6122279640963466,2.6122279640963466,0.06823734936406946
covid,Standard_CTGAN,sexo,n_comorbidades,-0.010966524172349505,-1.0966524172349505,1.0966524172349505,0.0120264652422726
covid,Standard_CTGAN,sexo,comorb_hipertensao,0.006226964670954342,0.6226964670954342,0.6226964670954342,0.003877508901331352
covid,Standard_CTGAN,sexo,comorb_ic,0.004622006647806509,0.46220066478065086,0.46220066478065086,0.002136294545236756
covid,Standard_CTGAN,sexo,comorb_dac,-0.03286722316565384,-3.286722316565384,3.286722316565384,0.10802543586208924
covid,Standard_CTGAN,sexo,comorb_fibrilacao,-0.032172323459415494,-3.2172323459415493,3.2172323459415493,0.10350583967772566
covid,Standard_CTGAN,sexo,comorb_avc,0.00038759924473114326,0.03875992447311433,0.03875992447311433,1.5023317451615267e-05
covid,Standard_CTGAN,sexo,comorb_dpoc,0.02062250988673647,2.062250988673647,2.062250988673647,0.04252879140285434
covid,Standard_CTGAN,sexo,comorb_asma,-0.034381033520581014,-3.4381033520581012,3.4381033520581012,0.11820554659433154
covid,Standard_CTGAN,sexo,comorb_dm,0.042486508880078724,4.248650888007872,4.248650888007872,0.18051034368170082
covid,Standard_CTGAN,sexo,comorb_obesidade,0.009153983733805165,0.9153983733805166,0.9153983733805166,0.008379541819876955
covid,Standard_CTGAN,sexo,comorb_drc,-0.023072657529573087,-2.3072657529573086,2.3072657529573086,0.053234752547696565
covid,Standard_CTGAN,sexo,comorb_cancer,0.011477122924933405,1.1477122924933405,1.1477122924933405,0.013172435063403192
covid,Standard_CTGAN,sexo,comorb_reumatologica,0.02064313880323641,2.064313880323641,2.064313880323641,0.042613917964968474
covid,Standard_CTGAN,sexo,comorb_cirrose,0.06949991786161182,6.949991786161182,6.949991786161182,0.48302385827707894
covid,Standard_CTGAN,sexo,comorb_hiv,0.012854158033050973,1.2854158033050973,1.2854158033050973,0.016522937873864885
covid,Standard_CTGAN,sexo,obito,-0.01373671621665086,-1.373671621665086,1.373671621665086,0.01886973724167987
covid,Standard_CTGAN,etilismo,tabagismo,0.011995873887573106,1.1995873887573105,1.1995873887573105,0.014390099032655831
covid,Standard_CTGAN,etilismo,motivo_cancer,-0.06716466782771371,-6.716466782771372,6.716466782771372,0.4511092604407122
covid,Standard_CTGAN,etilismo,motivo_msk,0.0007401618703917028,0.07401618703917028,0.07401618703917028,5.478395943817438e-05
covid,Standard_CTGAN,etilismo,motivo_digestivo2,-0.0134752105784679,-1.34752105784679,1.34752105784679,0.01815813001340532
covid,Standard_CTGAN,etilismo,motivo_cardio2,0.003632502164051813,0.3632502164051813,0.3632502164051813,0.0013195071971841105
covid,Standard_CTGAN,etilismo,motivo_procedimentos2,-0.06433594184475963,-6.433594184475963,6.433594184475963,0.41391134130522933
covid,Standard_CTGAN,etilismo,motivo_lesao2,0.03332036128821546,3.332036128821546,3.332036128821546,0.11102464763772073
covid,Standard_CTGAN,etilismo,motivo_respiratorio,-0.04391081104072053,-4.391081104072053,4.391081104072053,0.19281593262538643
covid,Standard_CTGAN,etilismo,motivo_neuro,-0.027615043878927558,-2.7615043878927557,2.7615043878927557,0.07625906484350944
covid,Standard_CTGAN,etilismo,motivo_pele,-0.0013737893483702912,-0.13737893483702912,0.13737893483702912,0.00018872971736956694
covid,Standard_CTGAN,etilismo,motivo_genitourinaria,0.0007313344467881038,0.07313344467881039,0.07313344467881039,5.348500730588619e-05
covid,Standard_CTGAN,etilismo,motivo_dm,-0.005087864709628594,-0.5087864709628593,0.5087864709628593,0.0025886367303484055
covid,Standard_CTGAN,etilismo,motivo_mental_subst,-0.018096032811321505,-1.8096032811321505,1.8096032811321505,0.032746640350842446
covid,Standard_CTGAN,etilismo,motivo_infec2,0.03335578199811943,3.335578199811943,3.335578199811943,0.11126081927060681
covid,Standard_CTGAN,etilismo,motivo_propedeutica,-0.03221986917656726,-3.221986917656726,3.221986917656726,0.1038119969755109
covid,Standard_CTGAN,etilismo,n_comorbidades,0.0359313779479193,3.59313779479193,3.59313779479193,0.12910639212362213
covid,Standard_CTGAN,etilismo,comorb_hipertensao,0.04549044180707904,4.549044180707904,4.549044180707904,0.20693802958032448
covid,Standard_CTGAN,etilismo,comorb_ic,-0.0499810126394727,-4.99810126394727,4.99810126394727,0.249810162446713
covid,Standard_CTGAN,etilismo,comorb_dac,-0.01671929116623328,-1.671929116623328,1.671929116623328,0.02795346971012862
covid,Standard_CTGAN,etilismo,comorb_fibrilacao,0.041191867463600006,4.1191867463600005,4.1191867463600005,0.16967699451387888
covid,Standard_CTGAN,etilismo,comorb_avc,0.0361454924037122,3.6145492403712196,3.6145492403712196,0.1306496621106816
covid,Standard_CTGAN,etilismo,comorb_dpoc,-0.020591974619519098,-2.05919746195191,2.05919746195191,0.042402941873091876
covid,Standard_CTGAN,etilismo,comorb_asma,-0.035012570365167174,-3.5012570365167175,3.5012570365167175,0.12258800835757826
covid,Standard_CTGAN,etilismo,comorb_dm,0.07243466619254788,7.243466619254788,7.243466619254788,0.5246780866425838
covid,Standard_CTGAN,etilismo,comorb_obesidade,0.046208788761115456,4.620878876111545,4.620878876111545,0.213525215876939
covid,Standard_CTGAN,etilismo,comorb_drc,-0.038369159846852026,-3.8369159846852026,3.8369159846852026,0.1472192427353282
covid,Standard_CTGAN,etilismo,comorb_cancer,0.012317740494314633,1.2317740494314633,1.2317740494314633,0.015172673088527851
covid,Standard_CTGAN,etilismo,comorb_reumatologica,-0.011998726641979979,-1.199872664197998,1.199872664197998,0.014396944102896015
covid,Standard_CTGAN,etilismo,comorb_cirrose,0.02483161416935204,2.483161416935204,2.483161416935204,0.061660906225556505
covid,Standard_CTGAN,etilismo,comorb_hiv,0.004691526862013788,0.46915268620137884,0.46915268620137884,0.002201042429699694
covid,Standard_CTGAN,etilismo,obito,0.019424295485636376,1.9424295485636376,1.9424295485636376,0.037730325511331375
covid,Standard_CTGAN,tabagismo,motivo_cancer,-0.006735860735233043,-0.6735860735233042,0.6735860735233042,0.004537181984445422
covid,Standard_CTGAN,tabagismo,motivo_msk,0.005960770933708291,0.5960770933708291,0.5960770933708291,0.003553079012414161
covid,Standard_CTGAN,tabagismo,motivo_digestivo2,0.025508284281021244,2.5508284281021245,2.5508284281021245,0.06506725669613955
covid,Standard_CTGAN,tabagismo,motivo_cardio2,-0.0654996609606237,-6.549966096062371,6.549966096062371,0.4290205585956653
covid,Standard_CTGAN,tabagismo,motivo_procedimentos2,-0.06711977138922803,-6.711977138922803,6.711977138922803,0.4505063711342234
covid,Standard_CTGAN,tabagismo,motivo_lesao2,0.014161205133179899,1.41612051331799,1.41612051331799,0.020053973082400072
covid,Standard_CTGAN,tabagismo,motivo_respiratorio,-0.023080202914374175,-2.3080202914374173,2.3080202914374173,0.053269576656868614
covid,Standard_CTGAN,tabagismo,motivo_neuro,0.03394625194531554,3.394625194531554,3.394625194531554,0.1152348021134839
covid,Standard_CTGAN,tabagismo,motivo_pele,0.013826486794314603,1.3826486794314603,1.3826486794314603,0.019117173707335608
covid,Standard_CTGAN,tabagismo,motivo_genitourinaria,0.03243948716465471,3.243948716465471,3.243948716465471,0.10523203275057977
covid,Standard_CTGAN,tabagismo,motivo_dm,-0.02337065787024497,-2.337065787024497,2.337065787024497,0.05461876492880431
covid,Standard_CTGAN,tabagismo,motivo_mental_subst,-0.02184302429795823,-2.184302429795823,2.184302429795823,0.04771177104811936
covid,Standard_CTGAN,tabagismo,motivo_infec2,-0.010564511091232617,-1.0564511091232618,1.0564511091232618,0.011160889459677699
covid,Standard_CTGAN,tabagismo,motivo_propedeutica,0.0016142305742844394,0.16142305742844393,0.16142305742844393,0.0002605740346954671
covid,Standard_CTGAN,tabagismo,n_comorbidades,-0.0018256180562058605,-0.18256180562058605,0.18256180562058605,0.00033328812871448644
covid,Standard_CTGAN,tabagismo,comorb_hipertensao,0.005348248391022192,0.5348248391022192,0.5348248391022192,0.0028603760852071464
covid,Standard_CTGAN,tabagismo,comorb_ic,0.028664754645045133,2.8664754645045134,2.8664754645045134,0.08216681588606364
covid,Standard_CTGAN,tabagismo,comorb_dac,0.01698570779738282,1.6985707797382819,1.6985707797382819,0.028851426937807147
covid,Standard_CTGAN,tabagismo,comorb_fibrilacao,0.02587011931072191,2.587011931072191,2.587011931072191,0.06692630731509867
covid,Standard_CTGAN,tabagismo,comorb_avc,-0.012115191437405078,-1.2115191437405077,1.2115191437405077,0.014677786356497333
covid,Standard_CTGAN,tabagismo,comorb_dpoc,-0.04821715038834325,-4.821715038834324,4.821715038834324,0.23248935915721092
covid,Standard_CTGAN,tabagismo,comorb_asma,-0.0121132887500163,-1.21132887500163,1.21132887500163,0.014673176434127147
covid,Standard_CTGAN,tabagismo,comorb_dm,0.00886784816819101,0.886784816819101,0.886784816819101,0.007863873113408868
covid,Standard_CTGAN,tabagismo,comorb_obesidade,0.03832825058796223,3.8328250587962227,3.8328250587962227,0.1469054793133627
covid,Standard_CTGAN,tabagismo,comorb_drc,-0.03619354838740083,-3.619354838740083,3.619354838740083,0.13099729448711253
covid,Standard_CTGAN,tabagismo,comorb_cancer,0.014181312194077136,1.4181312194077136,1.4181312194077136,0.020110961554588087
covid,Standard_CTGAN,tabagismo,comorb_reumatologica,0.029116076706916256,2.9116076706916254,2.9116076706916254,0.08477459228030314
covid,Standard_CTGAN,tabagismo,comorb_cirrose,0.020833220941995086,2.0833220941995085,2.0833220941995085,0.04340230948179826
covid,Standard_CTGAN,tabagismo,comorb_hiv,-0.0420642211719803,-4.20642211719803,4.20642211719803,0.17693987028052754
covid,Standard_CTGAN,tabagismo,obito,0.02259802474365902,2.259802474365902,2.259802474365902,0.05106707223150254
covid,Standard_CTGAN,motivo_cancer,motivo_msk,-0.01852168327155892,-1.8521683271558917,1.8521683271558917,0.034305275121194544
covid,Standard_CTGAN,motivo_cancer,motivo_digestivo2,-0.05343733431881041,-5.343733431881041,5.343733431881041,0.2855548699100313
covid,Standard_CTGAN,motivo_cancer,motivo_cardio2,-0.02430860886298076,-2.430860886298076,2.430860886298076,0.05909084648533867
covid,Standard_CTGAN,motivo_cancer,motivo_procedimentos2,0.0019799053407134394,0.19799053407134393,0.19799053407134393,0.0003920025158185601
covid,Standard_CTGAN,motivo_cancer,motivo_lesao2,-0.022715112033933615,-2.2715112033933615,2.2715112033933615,0.05159763147141558
covid,Standard_CTGAN,motivo_cancer,motivo_respiratorio,0.003998562579914771,0.3998562579914771,0.3998562579914771,0.0015988502705494673
covid,Standard_CTGAN,motivo_cancer,motivo_neuro,0.019121850953240392,1.9121850953240391,1.9121850953240391,0.03656451838779405
covid,Standard_CTGAN,motivo_cancer,motivo_pele,-0.019094825794968226,-1.9094825794968227,1.9094825794968227,0.036461237214018394
covid,Standard_CTGAN,motivo_cancer,motivo_genitourinaria,0.008344397038205168,0.8344397038205168,0.8344397038205168,0.006962896193120718
covid,Standard_CTGAN,motivo_cancer,motivo_dm,-0.019635918533807528,-1.9635918533807528,1.9635918533807528,0.0385569296666326
covid,Standard_CTGAN,motivo_cancer,motivo_mental_subst,-0.034811227881377124,-3.4811227881377125,3.4811227881377125,0.1211821586609168
covid,Standard_CTGAN,motivo_cancer,motivo_infec2,0.025762424181312686,2.5762424181312684,2.5762424181312684,0.06637024996978846
covid,Standard_CTGAN,motivo_cancer,motivo_propedeutica,0.003909793458309612,0.3909793458309612,0.3909793458309612,0.0015286484886640637
covid,Standard_CTGAN,motivo_cancer,n_comorbidades,-0.05148211041443188,-5.148211041443188,5.148211041443188,0.2650407692723756
covid,Standard_CTGAN,motivo_cancer,comorb_hipertensao,0.0011792360958203878,0.11792360958203878,0.11792360958203878,0.00013905977696857108
covid,Standard_CTGAN,motivo_cancer,comorb_ic,-0.024586326051770073,-2.4586326051770073,2.4586326051770073,0.060448742872394774
covid,Standard_CTGAN,motivo_cancer,comorb_dac,0.039843372391130505,3.9843372391130503,3.9843372391130503,0.15874943234983005
covid,Standard_CTGAN,motivo_cancer,comorb_fibrilacao,0.0040054957237526485,0.40054957237526484,0.40054957237526484,0.0016043995993000753
covid,Standard_CTGAN,motivo_cancer,comorb_avc,-0.007598677910638049,-0.759867791063805,0.759867791063805,0.005773990598961863
covid,Standard_CTGAN,motivo_cancer,comorb_dpoc,0.07078186796387405,7.0781867963874046,7.0781867963874046,0.5010072832455299
covid,Standard_CTGAN,motivo_cancer,comorb_asma,-0.02725675011548956,-2.725675011548956,2.725675011548956,0.07429304268582401
covid,Standard_CTGAN,motivo_cancer,comorb_dm,-0.011580918020506679,-1.1580918020506679,1.1580918020506679,0.013411766219769633
covid,Standard_CTGAN,motivo_cancer,comorb_obesidade,-0.01076466896631196,-1.076466896631196,1.076466896631196,0.011587809795427983
covid,Standard_CTGAN,motivo_cancer,comorb_drc,0.03226622101161798,3.2266221011617984,3.2266221011617984,0.10411090183705778
covid,Standard_CTGAN,motivo_cancer,comorb_cancer,-0.0028929977901442317,-0.28929977901442316,0.28929977901442316,0.0008369436213779408
covid,Standard_CTGAN,motivo_cancer,comorb_reumatologica,0.03522752762515606,3.522752762515606,3.522752762515606,0.12409787025811335
covid,Standard_CTGAN,motivo_cancer,comorb_cirrose,0.06375505568916706,6.375505568916706,6.375505568916706,0.4064707125928793
covid,Standard_CTGAN,motivo_cancer,comorb_hiv,0.012858060685773592,1.2858060685773591,1.2858060685773591,0.016532972459903646
covid,Standard_CTGAN,motivo_cancer,obito,-0.0022795784684815136,-0.22795784684815135,0.22795784684815135,0.0005196477993964523
covid,Standard_CTGAN,motivo_msk,motivo_digestivo2,0.0016818151621499286,0.16818151621499286,0.16818151621499286,0.00028285022396373907
covid,Standard_CTGAN,motivo_msk,motivo_cardio2,0.06427111749420054,6.427111749420054,6.427111749420054,0.4130776543953331
covid,Standard_CTGAN,motivo_msk,motivo_procedimentos2,0.0001046473275143768,0.01046473275143768,0.01046473275143768,1.0951063155901243e-06
covid,Standard_CTGAN,motivo_msk,motivo_lesao2,-0.00020909794605320913,-0.020909794605320914,0.020909794605320914,4.3721951043670756e-06
covid,Standard_CTGAN,motivo_msk,motivo_respiratorio,-0.007055110359169477,-0.7055110359169477,0.7055110359169477,0.004977458218006047
covid,Standard_CTGAN,motivo_msk,motivo_neuro,-0.01395867886577234,-1.395867886577234,1.395867886577234,0.019484471567775937
covid,Standard_CTGAN,motivo_msk,motivo_pele,-0.004130247241867034,-0.41302472418670344,0.41302472418670344,0.0017058942278950246
covid,Standard_CTGAN,motivo_msk,motivo_genitourinaria,-0.012113258971326315,-1.2113258971326315,1.2113258971326315,0.014673104290641744
covid,Standard_CTGAN,motivo_msk,motivo_dm,-0.004882247779851773,-0.48822477798517727,0.48822477798517727,0.0023836343383867565
covid,Standard_CTGAN,motivo_msk,motivo_mental_subst,-0.009987224692838406,-0.9987224692838406,0.9987224692838406,0.009974465706524119
covid,Standard_CTGAN,motivo_msk,motivo_infec2,0.08291717301887887,8.291717301887887,8.291717301887887,0.6875257581442693
covid,Standard_CTGAN,motivo_msk,motivo_propedeutica,-0.0059907040785795495,-0.599070407857955,0.599070407857955,0.003588853535710965
covid,Standard_CTGAN,motivo_msk,n_comorbidades,-0.02912033655716364,-2.912033655716364,2.912033655716364,0.0847994001202481
covid,Standard_CTGAN,motivo_msk,comorb_hipertensao,-0.02686042819693213,-2.686042819693213,2.686042819693213,0.07214826029225466
covid,Standard_CTGAN,motivo_msk,comorb_ic,0.03764047761653214,3.7640477616532144,3.7640477616532144,0.14168055552006573
covid,Standard_CTGAN,motivo_msk,comorb_dac,-0.0079822313724593,-0.7982231372459301,0.7982231372459301,0.006371601768347349
covid,Standard_CTGAN,motivo_msk,comorb_fibrilacao,-0.020074070265732387,-2.007407026573239,2.007407026573239,0.040296829703356116
covid,Standard_CTGAN,motivo_msk,comorb_avc,0.08998535215872955,8.998535215872955,8.998535215872955,0.8097363603130573
covid,Standard_CTGAN,motivo_msk,comorb_dpoc,-0.013486148081478128,-1.3486148081478129,1.3486148081478129,0.018187619007555618
covid,Standard_CTGAN,motivo_msk,comorb_asma,-0.007386165534563708,-0.7386165534563708,0.7386165534563708,0.0054555441303976784
covid,Standard_CTGAN,motivo_msk,comorb_dm,-0.005662468848532375,-0.5662468848532375,0.5662468848532375,0.0032063553460599564
covid,Standard_CTGAN,motivo_msk,comorb_obesidade,-0.01794607271158703,-1.7946072711587029,1.7946072711587029,0.03220615257695686
covid,Standard_CTGAN,motivo_msk,comorb_drc,-0.02635706268657521,-2.635706268657521,2.635706268657521,0.06946947534640553
covid,Standard_CTGAN,motivo_msk,comorb_cancer,-0.024908913894105024,-2.4908913894105025,2.4908913894105025,0.06204539913839383
covid,Standard_CTGAN,motivo_msk,comorb_reumatologica,-0.011098933413120566,-1.1098933413120566,1.1098933413120566,0.012318632290888414
covid,Standard_CTGAN,motivo_msk,comorb_cirrose,-0.01123924351674972,-1.123924351674972,1.123924351674972,0.012632059482880063
covid,Standard_CTGAN,motivo_msk,comorb_hiv,-0.012060599663573987,-1.2060599663573988,1.2060599663573988,0.014545806424500098
covid,Standard_CTGAN,motivo_msk,obito,0.036548904791517386,3.6548904791517387,3.6548904791517387,0.13358224414594028
covid,Standard_CTGAN,motivo_digestivo2,motivo_cardio2,0.013299039413205673,1.3299039413205673,1.3299039413205673,0.01768644493139979
covid,Standard_CTGAN,motivo_digestivo2,motivo_procedimentos2,0.024429605356882194,2.4429605356882194,2.4429605356882194,0.05968056178930072
covid,Standard_CTGAN,motivo_digestivo2,motivo_lesao2,-0.03989171373656036,-3.9891713736560357,3.9891713736560357,0.15913488248396784
covid,Standard_CTGAN,motivo_digestivo2,motivo_respiratorio,0.01136316291906691,1.1363162919066911,1.1363162919066911,0.012912147152525724
covid,Standard_CTGAN,motivo_digestivo2,motivo_neuro,0.015025475001641189,1.5025475001641189,1.5025475001641189,0.022576489902494428
covid,Standard_CTGAN,motivo_digestivo2,motivo_pele,0.013917257791585059,1.3917257791585058,1.3917257791585058,0.0193690064437435
covid,Standard_CTGAN,motivo_digestivo2,motivo_genitourinaria,-0.02073308043795597,-2.0733080437955973,2.0733080437955973,0.04298606244467525
covid,Standard_CTGAN,motivo_digestivo2,motivo_dm,-0.026461090040011265,-2.6461090040011266,2.6461090040011266,0.07001892861055833
covid,Standard_CTGAN,motivo_digestivo2,motivo_mental_subst,0.0138050908245168,1.38050908245168,1.38050908245168,0.019058053267315793
covid,Standard_CTGAN,motivo_digestivo2,motivo_infec2,0.01905017523955819,1.905017523955819,1.905017523955819,0.03629091766578759
covid,Standard_CTGAN,motivo_digestivo2,motivo_propedeutica,-0.00932256304693074,-0.932256304693074,0.932256304693074,0.008691018176399855
covid,Standard_CTGAN,motivo_digestivo2,n_comorbidades,-0.024340561065655207,-2.434056106565521,2.434056106565521,0.05924629129908901
covid,Standard_CTGAN,motivo_digestivo2,comorb_hipertensao,-0.04971952936662646,-4.971952936662646,4.971952936662646,0.24720316004388307
covid,Standard_CTGAN,motivo_digestivo2,comorb_ic,-0.013732166091404267,-1.3732166091404268,1.3732166091404268,0.018857238556191314
covid,Standard_CTGAN,motivo_digestivo2,comorb_dac,-0.02836952521562529,-2.8369525215625293,2.8369525215625293,0.08048299609599993
covid,Standard_CTGAN,motivo_digestivo2,comorb_fibrilacao,0.015088470116720631,1.5088470116720631,1.5088470116720631,0.022766193046317152
covid,Standard_CTGAN,motivo_digestivo2,comorb_avc,0.011407784225724464,1.1407784225724464,1.1407784225724464,0.013013754094068792
covid,Standard_CTGAN,motivo_digestivo2,comorb_dpoc,-0.05307421145680065,-5.307421145680065,5.307421145680065,0.28168719217611893
covid,Standard_CTGAN,motivo_digestivo2,comorb_asma,-0.03632940952430227,-3.6329409524302267,3.6329409524302267,0.13198259963844644
covid,Standard_CTGAN,motivo_digestivo2,comorb_dm,0.004915729363642868,0.49157293636428684,0.49157293636428684,0.0024164395176580716
covid,Standard_CTGAN,motivo_digestivo2,comorb_obesidade,0.0019533003035101513,0.19533003035101512,0.19533003035101512,0.00038153820756928495
covid,Standard_CTGAN,motivo_digestivo2,comorb_drc,0.061733676795962165,6.1733676795962165,6.1733676795962165,0.38110468507483175
covid,Standard_CTGAN,motivo_digestivo2,comorb_cancer,-0.03211411236545357,-3.211411236545357,3.211411236545357,0.10313162130209778
covid,Standard_CTGAN,motivo_digestivo2,comorb_reumatologica,-0.0335160465384251,-3.3516046538425095,3.3516046538425095,0.11233253755658769
covid,Standard_CTGAN,motivo_digestivo2,comorb_cirrose,0.00672939626206182,0.672939626206182,0.672939626206182,0.004528477405185159
covid,Standard_CTGAN,motivo_digestivo2,comorb_hiv,-0.0019340212978109811,-0.1934021297810981,0.1934021297810981,0.00037404383803864717
covid,Standard_CTGAN,motivo_digestivo2,obito,0.02800565558805903,2.800565558805903,2.800565558805903,0.07843167449169819
covid,Standard_CTGAN,motivo_cardio2,motivo_procedimentos2,0.022226703201973015,2.2226703201973015,2.2226703201973015,0.04940263352285974
covid,Standard_CTGAN,motivo_cardio2,motivo_lesao2,0.01935226643147488,1.935226643147488,1.935226643147488,0.03745102160347895
covid,Standard_CTGAN,motivo_cardio2,motivo_respiratorio,0.04085958832261154,4.085958832261154,4.085958832261154,0.1669505957893293
covid,Standard_CTGAN,motivo_cardio2,motivo_neuro,-0.04887229325419797,-4.887229325419797,4.887229325419797,0.23885010479243246
covid,Standard_CTGAN,motivo_cardio2,motivo_pele,0.005182807534250979,0.5182807534250978,0.5182807534250978,0.0026861493937088707
covid,Standard_CTGAN,motivo_cardio2,motivo_genitourinaria,0.03491145281938076,3.491145281938076,3.491145281938076,0.12188095379598489
covid,Standard_CTGAN,motivo_cardio2,motivo_dm,-0.03939711919246422,-3.939711919246422,3.939711919246422,0.15521330006652326
covid,Standard_CTGAN,motivo_cardio2,motivo_mental_subst,-0.009798426240780747,-0.9798426240780747,0.9798426240780747,0.009600915679602072
covid,Standard_CTGAN,motivo_cardio2,motivo_infec2,-0.02926820325824958,-2.9268203258249583,2.9268203258249583,0.08566277219662115
covid,Standard_CTGAN,motivo_cardio2,motivo_propedeutica,0.0072643459910034045,0.7264345991003405,0.7264345991003405,0.005277072267700723
covid,Standard_CTGAN,motivo_cardio2,n_comorbidades,0.008218627019247653,0.8218627019247653,0.8218627019247653,0.006754583008150756
covid,Standard_CTGAN,motivo_cardio2,comorb_hipertensao,-0.002921686157890313,-0.2921686157890313,0.2921686157890313,0.0008536250005207858
covid,Standard_CTGAN,motivo_cardio2,comorb_ic,0.029907022988846944,2.9907022988846945,2.9907022988846945,0.08944300240554195
covid,Standard_CTGAN,motivo_cardio2,comorb_dac,0.02511122043024384,2.511122043024384,2.511122043024384,0.06305733914962956
covid,Standard_CTGAN,motivo_cardio2,comorb_fibrilacao,0.004289687416593484,0.4289687416593484,0.4289687416593484,0.001840141813208048
covid,Standard_CTGAN,motivo_cardio2,comorb_avc,0.018328689697835784,1.8328689697835785,1.8328689697835785,0.03359408660395516
covid,Standard_CTGAN,motivo_cardio2,comorb_dpoc,-0.016030210717381626,-1.6030210717381626,1.6030210717381626,0.025696765564365676
covid,Standard_CTGAN,motivo_cardio2,comorb_asma,-0.0223823807873905,-2.23823807873905,2.23823807873905,0.050097096971174745
covid,Standard_CTGAN,motivo_cardio2,comorb_dm,0.019963391839532052,1.9963391839532052,1.9963391839532052,0.039853701373869496
covid,Standard_CTGAN,motivo_cardio2,comorb_obesidade,0.004598704115210056,0.4598704115210056,0.4598704115210056,0.0021148079539249904
covid,Standard_CTGAN,motivo_cardio2,comorb_drc,0.007333688217487538,0.7333688217487538,0.7333688217487538,0.005378298287131555
covid,Standard_CTGAN,motivo_cardio2,comorb_cancer,-0.06497399183019657,-6.497399183019657,6.497399183019657,0.4221619614350451
covid,Standard_CTGAN,motivo_cardio2,comorb_reumatologica,-0.06217153208044821,-6.217153208044821,6.217153208044821,0.38652994012302017
covid,Standard_CTGAN,motivo_cardio2,comorb_cirrose,0.046626091347830925,4.662609134783093,4.662609134783093,0.21739923943762737
covid,Standard_CTGAN,motivo_cardio2,comorb_hiv,0.03207812446345763,3.207812446345763,3.207812446345763,0.1029006069093079
covid,Standard_CTGAN,motivo_cardio2,obito,-0.030186726253226038,-3.018672625322604,3.018672625322604,0.0911238441887206
covid,Standard_CTGAN,motivo_procedimentos2,motivo_lesao2,0.009449773361365155,0.9449773361365155,0.9449773361365155,0.008929821658116649
covid,Standard_CTGAN,motivo_procedimentos2,motivo_respiratorio,0.039625312413975766,3.962531241397577,3.962531241397577,0.1570165383905182
covid,Standard_CTGAN,motivo_procedimentos2,motivo_neuro,-0.0056166960978176455,-0.5616696097817645,0.5616696097817645,0.0031547275055239963
covid,Standard_CTGAN,motivo_procedimentos2,motivo_pele,-0.021092078751007364,-2.1092078751007364,2.1092078751007364,0.04448757860386964
covid,Standard_CTGAN,motivo_procedimentos2,motivo_genitourinaria,0.009909232602660852,0.9909232602660852,0.9909232602660852,0.009819289077363676
covid,Standard_CTGAN,motivo_procedimentos2,motivo_dm,0.018518379355776243,1.8518379355776244,1.8518379355776244,0.03429303739644397
covid,Standard_CTGAN,motivo_procedimentos2,motivo_mental_subst,0.04161068870384996,4.161068870384995,4.161068870384995,0.17314494144087064
covid,Standard_CTGAN,motivo_procedimentos2,motivo_infec2,0.02813455194929902,2.813455194929902,2.813455194929902,0.07915530133878053
covid,Standard_CTGAN,motivo_procedimentos2,motivo_propedeutica,-0.027952139438441513,-2.7952139438441512,2.7952139438441512,0.07813220991860774
covid,Standard_CTGAN,motivo_procedimentos2,n_comorbidades,-0.03689554901974934,-3.689554901974934,3.689554901974934,0.13612815374687268
covid,Standard_CTGAN,motivo_procedimentos2,comorb_hipertensao,0.010163037786997361,1.0163037786997362,1.0163037786997362,0.010328733705993623
covid,Standard_CTGAN,motivo_procedimentos2,comorb_ic,-0.04736636120872928,-4.736636120872928,4.736636120872928,0.2243572174155814
covid,Standard_CTGAN,motivo_procedimentos2,comorb_dac,0.0680687496827736,6.80687496827736,6.80687496827736,0.4633354683376091
covid,Standard_CTGAN,motivo_procedimentos2,comorb_fibrilacao,0.025204439927851336,2.5204439927851334,2.5204439927851334,0.06352637920766667
covid,Standard_CTGAN,motivo_procedimentos2,comorb_avc,0.018566342939242787,1.8566342939242788,1.8566342939242788,0.034470909013757045
covid,Standard_CTGAN,motivo_procedimentos2,comorb_dpoc,0.016068700113562758,1.6068700113562757,1.6068700113562757,0.025820312333961176
covid,Standard_CTGAN,motivo_procedimentos2,comorb_asma,-0.010083064805805803,-1.0083064805805804,1.0083064805805804,0.01016681958780796
covid,Standard_CTGAN,motivo_procedimentos2,comorb_dm,0.007693980439117272,0.7693980439117272,0.7693980439117272,0.00591973349975192
covid,Standard_CTGAN,motivo_procedimentos2,comorb_obesidade,0.00452904067224867,0.452904067224867,0.452904067224867,0.0020512209410882684
covid,Standard_CTGAN,motivo_procedimentos2,comorb_drc,8.47210361577564e-05,0.00847210361577564,0.00847210361577564,7.177653967643868e-07
covid,Standard_CTGAN,motivo_procedimentos2,comorb_cancer,0.027526482651565598,2.7526482651565596,2.7526482651565596,0.07577072471669417
covid,Standard_CTGAN,motivo_procedimentos2,comorb_reumatologica,-0.01708956110635572,-1.708956110635572,1.708956110635572,0.02920530988078661
covid,Standard_CTGAN,motivo_procedimentos2,comorb_cirrose,-0.00789496128533552,-0.789496128533552,0.789496128533552,0.006233041369694669
covid,Standard_CTGAN,motivo_procedimentos2,comorb_hiv,-0.05210903614735115,-5.210903614735115,5.210903614735115,0.2715351648205949
covid,Standard_CTGAN,motivo_procedimentos2,obito,-0.03914413814072394,-3.914413814072394,3.914413814072394,0.1532263550780079
covid,Standard_CTGAN,motivo_lesao2,motivo_respiratorio,-0.033274552564788215,-3.3274552564788213,3.3274552564788213,0.11071958483868538
covid,Standard_CTGAN,motivo_lesao2,motivo_neuro,0.07838898046070594,7.838898046070594,7.838898046070594,0.6144832257668937
covid,Standard_CTGAN,motivo_lesao2,motivo_pele,0.010656973432857686,1.0656973432857686,1.0656973432857686,0.011357108274863453
covid,Standard_CTGAN,motivo_lesao2,motivo_genitourinaria,-0.025690210604358128,-2.5690210604358126,2.5690210604358126,0.06599869208962748
covid,Standard_CTGAN,motivo_lesao2,motivo_dm,0.022914659545542594,2.2914659545542593,2.2914659545542593,0.05250816220881263
covid,Standard_CTGAN,motivo_lesao2,motivo_mental_subst,-0.02265388877622279,-2.265388877622279,2.265388877622279,0.05131986766854729
covid,Standard_CTGAN,motivo_lesao2,motivo_infec2,-0.012361949025269072,-1.2361949025269072,1.2361949025269072,0.015281778370335097
covid,Standard_CTGAN,motivo_lesao2,motivo_propedeutica,-0.03298047564924862,-3.2980475649248624,3.2980475649248624,0.10877117740506813
covid,Standard_CTGAN,motivo_lesao2,n_comorbidades,0.025059800755991058,2.5059800755991057,2.5059800755991057,0.062799361392997
covid,Standard_CTGAN,motivo_lesao2,comorb_hipertensao,-0.014427130512817622,-1.442713051281762,1.442713051281762,0.020814209483387327
covid,Standard_CTGAN,motivo_lesao2,comorb_ic,-0.011473965171770326,-1.1473965171770326,1.1473965171770326,0.013165187676299846
covid,Standard_CTGAN,motivo_lesao2,comorb_dac,-0.056183581192837964,-5.618358119283797,5.618358119283797,0.3156594795652216
covid,Standard_CTGAN,motivo_lesao2,comorb_fibrilacao,0.04215717044004273,4.215717044004273,4.215717044004273,0.17772270195108128
covid,Standard_CTGAN,motivo_lesao2,comorb_avc,-0.011373224018273767,-1.1373224018273767,1.1373224018273767,0.012935022456983929
covid,Standard_CTGAN,motivo_lesao2,comorb_dpoc,0.037281688046330044,3.7281688046330044,3.7281688046330044,0.13899242635838685
covid,Standard_CTGAN,motivo_lesao2,comorb_asma,-0.037260627894987505,-3.7260627894987506,3.7260627894987506,0.1388354391128721
covid,Standard_CTGAN,motivo_lesao2,comorb_dm,-0.014318212197945605,-1.4318212197945606,1.4318212197945606,0.02050112005453983
covid,Standard_CTGAN,motivo_lesao2,comorb_obesidade,0.0041625333588291786,0.41625333588291785,0.41625333588291785,0.0017326683963365724
covid,Standard_CTGAN,motivo_lesao2,comorb_drc,-0.011974018030023485,-1.1974018030023486,1.1974018030023486,0.014337710778332749
covid,Standard_CTGAN,motivo_lesao2,comorb_cancer,-0.0024409543023570903,-0.24409543023570904,0.24409543023570904,0.0005958257906195589
covid,Standard_CTGAN,motivo_lesao2,comorb_reumatologica,0.0029248555981807867,0.29248555981807867,0.29248555981807867,0.0008554780270209486
covid,Standard_CTGAN,motivo_lesao2,comorb_cirrose,0.04953814804993081,4.953814804993081,4.953814804993081,0.24540281122168633
covid,Standard_CTGAN,motivo_lesao2,comorb_hiv,0.024398490007988525,2.4398490007988527,2.4398490007988527,0.05952863146699159
covid,Standard_CTGAN,motivo_lesao2,obito,-0.007687629205774179,-0.7687629205774179,0.7687629205774179,0.005909964280547213
covid,Standard_CTGAN,motivo_respiratorio,motivo_neuro,0.022765704029052286,2.2765704029052287,2.2765704029052287,0.05182772799384074
covid,Standard_CTGAN,motivo_respiratorio,motivo_pele,-0.006540403798235783,-0.6540403798235783,0.6540403798235783,0.004277688184397705
covid,Standard_CTGAN,motivo_respiratorio,motivo_genitourinaria,0.015600953526684742,1.5600953526684742,1.5600953526684742,0.024338975094177706
covid,Standard_CTGAN,motivo_respiratorio,motivo_dm,-0.0070785463233673535,-0.7078546323367354,0.7078546323367354,0.005010581805205748
covid,Standard_CTGAN,motivo_respiratorio,motivo_mental_subst,-0.012431291154873477,-1.2431291154873478,1.2431291154873478,0.015453699977723556
covid,Standard_CTGAN,motivo_respiratorio,motivo_infec2,-0.0437225325880428,-4.37225325880428,4.37225325880428,0.19116598559124648
covid,Standard_CTGAN,motivo_respiratorio,motivo_propedeutica,-0.008389594556866385,-0.8389594556866384,0.8389594556866384,0.007038529682860208
covid,Standard_CTGAN,motivo_respiratorio,n_comorbidades,-0.008532218787760702,-0.8532218787760701,0.8532218787760701,0.00727987574422167
covid,Standard_CTGAN,motivo_respiratorio,comorb_hipertensao,-0.030816401188776876,-3.0816401188776874,3.0816401188776874,0.0949650582227649
covid,Standard_CTGAN,motivo_respiratorio,comorb_ic,0.010851529999421539,1.0851529999421539,1.0851529999421539,0.011775570332834563
covid,Standard_CTGAN,motivo_respiratorio,comorb_dac,-0.015742290247335138,-1.5742290247335138,1.5742290247335138,0.0247819702231343
covid,Standard_CTGAN,motivo_respiratorio,comorb_fibrilacao,0.053077502698254064,5.307750269825407,5.307750269825407,0.28172212926831675
covid,Standard_CTGAN,motivo_respiratorio,comorb_avc,0.0037729177377798474,0.37729177377798473,0.37729177377798473,0.0014234908256053802
covid,Standard_CTGAN,motivo_respiratorio,comorb_dpoc,-0.017384980555964668,-1.7384980555964669,1.7384980555964669,0.03022375489312696
covid,Standard_CTGAN,motivo_respiratorio,comorb_asma,-0.009613523982583331,-0.9613523982583331,0.9613523982583331,0.009241984336370489
covid,Standard_CTGAN,motivo_respiratorio,comorb_dm,0.0029043290738808305,0.29043290738808303,0.29043290738808303,0.0008435127369389483
covid,Standard_CTGAN,motivo_respiratorio,comorb_obesidade,0.005328099506122138,0.5328099506122138,0.5328099506122138,0.0028388644347138977
covid,Standard_CTGAN,motivo_respiratorio,comorb_drc,-0.03315209594849801,-3.315209594849801,3.315209594849801,0.10990614657784181
covid,Standard_CTGAN,motivo_respiratorio,comorb_cancer,0.003371089829350296,0.3371089829350296,0.3371089829350296,0.001136424663754901
covid,Standard_CTGAN,motivo_respiratorio,comorb_reumatologica,0.05250146516353994,5.250146516353994,5.250146516353994,0.27564038443183986
covid,Standard_CTGAN,motivo_respiratorio,comorb_cirrose,-0.016830668520312148,-1.6830668520312146,1.6830668520312146,0.028327140284062628
covid,Standard_CTGAN,motivo_respiratorio,comorb_hiv,0.021314359656486342,2.131435965648634,2.131435965648634,0.04543019275660526
covid,Standard_CTGAN,motivo_respiratorio,obito,-0.014639274372551326,-1.4639274372551325,1.4639274372551325,0.021430835415483802
covid,Standard_CTGAN,motivo_neuro,motivo_pele,-0.014244594164525823,-1.4244594164525823,1.4244594164525823,0.020290846291204312
covid,Standard_CTGAN,motivo_neuro,motivo_genitourinaria,0.03754481069821878,3.754481069821878,3.754481069821878,0.14096128103650835
covid,Standard_CTGAN,motivo_neuro,motivo_dm,-0.01594595096681391,-1.594595096681391,1.594595096681391,0.025427335223603346
covid,Standard_CTGAN,motivo_neuro,motivo_mental_subst,0.0041831231308439775,0.41831231308439776,0.41831231308439776,0.0017498519127801921
covid,Standard_CTGAN,motivo_neuro,motivo_infec2,0.026893757320931216,2.6893757320931218,2.6893757320931218,0.07232741828371414
covid,Standard_CTGAN,motivo_neuro,motivo_propedeutica,-0.018492156116419044,-1.8492156116419043,1.8492156116419043,0.034195983783401426
covid,Standard_CTGAN,motivo_neuro,n_comorbidades,-0.0013585570424596237,-0.13585570424596238,0.13585570424596238,0.00018456772376166397
covid,Standard_CTGAN,motivo_neuro,comorb_hipertensao,-0.004619150152654354,-0.46191501526543544,0.46191501526543544,0.0021336548132766748
covid,Standard_CTGAN,motivo_neuro,comorb_ic,-0.06108861490612007,-6.108861490612007,6.108861490612007,0.3731818871148235
covid,Standard_CTGAN,motivo_neuro,comorb_dac,0.030519070242706524,3.0519070242706525,3.0519070242706525,0.09314136484792548
covid,Standard_CTGAN,motivo_neuro,comorb_fibrilacao,0.010290968542837333,1.0290968542837333,1.0290968542837333,0.010590403354966756
covid,Standard_CTGAN,motivo_neuro,comorb_avc,-0.004345141005241235,-0.4345141005241235,0.4345141005241235,0.0018880250355428807
covid,Standard_CTGAN,motivo_neuro,comorb_dpoc,0.008496897432796961,0.8496897432796962,0.8496897432796962,0.007219726598347159
covid,Standard_CTGAN,motivo_neuro,comorb_asma,-0.020429542143015646,-2.0429542143015644,2.0429542143015644,0.04173661921732523
covid,Standard_CTGAN,motivo_neuro,comorb_dm,-0.005415056446602985,-0.5415056446602985,0.5415056446602985,0.002932283631989655
covid,Standard_CTGAN,motivo_neuro,comorb_obesidade,0.007943388262702402,0.7943388262702402,0.7943388262702402,0.006309741709203828
covid,Standard_CTGAN,motivo_neuro,comorb_drc,0.0162780089909186,1.62780089909186,1.62780089909186,0.02649735767084268
covid,Standard_CTGAN,motivo_neuro,comorb_cancer,0.017855078886040657,1.7855078886040658,1.7855078886040658,0.03188038420267349
covid,Standard_CTGAN,motivo_neuro,comorb_reumatologica,-0.01595565479149583,-1.595565479149583,1.595565479149583,0.02545829198253838
covid,Standard_CTGAN,motivo_neuro,comorb_cirrose,-0.0037856907526410653,-0.37856907526410655,0.37856907526410655,0.0014331454474632076
covid,Standard_CTGAN,motivo_neuro,comorb_hiv,0.0418362050901125,4.18362050901125,4.18362050901125,0.17502680563419554
covid,Standard_CTGAN,motivo_neuro,obito,0.043058744861903024,4.305874486190302,4.305874486190302,0.185405550908246
covid,Standard_CTGAN,motivo_pele,motivo_genitourinaria,-0.015121915497787894,-1.5121915497787894,1.5121915497787894,0.02286723283222377
covid,Standard_CTGAN,motivo_pele,motivo_dm,-0.004303560012112053,-0.4303560012112053,0.4303560012112053,0.0018520628777849895
covid,Standard_CTGAN,motivo_pele,motivo_mental_subst,-0.009900463174832752,-0.9900463174832752,0.9900463174832752,0.009801917107621941
covid,Standard_CTGAN,motivo_pele,motivo_infec2,0.051079455040779466,5.1079455040779465,5.1079455040779465,0.26091107272630104
covid,Standard_CTGAN,motivo_pele,motivo_propedeutica,-0.00814370390818966,-0.8143703908189659,0.8143703908189659,0.006631991334426353
covid,Standard_CTGAN,motivo_pele,n_comorbidades,-0.030648642898222576,-3.064864289822258,3.064864289822258,0.09393393115027691
covid,Standard_CTGAN,motivo_pele,comorb_hipertensao,-0.005092584428430557,-0.5092584428430558,0.5092584428430558,0.0025934416160693385
covid,Standard_CTGAN,motivo_pele,comorb_ic,-0.0005288780834484516,-0.05288780834484516,0.05288780834484516,2.797120271521073e-05
covid,Standard_CTGAN,motivo_pele,comorb_dac,-0.009895007401308428,-0.9895007401308429,0.9895007401308429,0.009791117147194857
covid,Standard_CTGAN,motivo_pele,comorb_fibrilacao,-0.004980836903297234,-0.4980836903297234,0.4980836903297234,0.0024808736257247574
covid,Standard_CTGAN,motivo_pele,comorb_avc,0.006658826069310298,0.6658826069310297,0.6658826069310297,0.004433996462132643
covid,Standard_CTGAN,motivo_pele,comorb_dpoc,-0.014432419563489146,-1.4432419563489147,1.4432419563489147,0.020829473445658424
covid,Standard_CTGAN,motivo_pele,comorb_asma,-0.00847925184229436,-0.847925184229436,0.847925184229436,0.007189771180505228
covid,Standard_CTGAN,motivo_pele,comorb_dm,0.00034850232840236974,0.03485023284023697,0.03485023284023697,1.2145387290187318e-05
covid,Standard_CTGAN,motivo_pele,comorb_obesidade,-0.01775528959191127,-1.775528959191127,1.775528959191127,0.031525030849263266
covid,Standard_CTGAN,motivo_pele,comorb_drc,0.009746737627274992,0.9746737627274993,0.9746737627274993,0.009499889437493815
covid,Standard_CTGAN,motivo_pele,comorb_cancer,-0.010610874397280801,-1.06108743972808,1.06108743972808,0.01125906554748692
covid,Standard_CTGAN,motivo_pele,comorb_reumatologica,-0.012765133579271642,-1.2765133579271644,1.2765133579271644,0.016294863529664846
covid,Standard_CTGAN,motivo_pele,comorb_cirrose,0.011880217527577676,1.1880217527577677,1.1880217527577677,0.014113956850256383
covid,Standard_CTGAN,motivo_pele,comorb_hiv,-0.012960562858467795,-1.2960562858467795,1.2960562858467795,0.01679761896082949
covid,Standard_CTGAN,motivo_pele,obito,-0.013427166322655018,-1.3427166322655018,1.3427166322655018,0.018028879545624106
covid,Standard_CTGAN,motivo_genitourinaria,motivo_dm,0.040636579277007485,4.063657927700748,4.063657927700748,0.1651331575336514
covid,Standard_CTGAN,motivo_genitourinaria,motivo_mental_subst,0.044661613134242474,4.466161313424247,4.466161313424247,0.199465968775274
covid,Standard_CTGAN,motivo_genitourinaria,motivo_infec2,0.03273596643274491,3.273596643274491,3.273596643274491,0.10716434982858014
covid,Standard_CTGAN,motivo_genitourinaria,motivo_propedeutica,-0.017928702799678585,-1.7928702799678584,1.7928702799678584,0.032143838407920275
covid,Standard_CTGAN,motivo_genitourinaria,n_comorbidades,0.003185745391402916,0.3185745391402916,0.3185745391402916,0.0010148973698844918
covid,Standard_CTGAN,motivo_genitourinaria,comorb_hipertensao,0.005031512968274914,0.5031512968274915,0.5031512968274915,0.0025316122749918643
covid,Standard_CTGAN,motivo_genitourinaria,comorb_ic,0.04663411578685829,4.663411578685829,4.663411578685829,0.21747407552221054
covid,Standard_CTGAN,motivo_genitourinaria,comorb_dac,0.021967192680942004,2.1967192680942005,2.1967192680942005,0.0482557554281632
covid,Standard_CTGAN,motivo_genitourinaria,comorb_fibrilacao,-0.02809637145415863,-2.809637145415863,2.809637145415863,0.07894060888900599
covid,Standard_CTGAN,motivo_genitourinaria,comorb_avc,0.036765428490963134,3.6765428490963132,3.6765428490963132,0.13516967321241238
covid,Standard_CTGAN,motivo_genitourinaria,comorb_dpoc,0.012425013748381213,1.2425013748381213,1.2425013748381213,0.015438096664746217
covid,Standard_CTGAN,motivo_genitourinaria,comorb_asma,-0.019686281270570906,-1.9686281270570907,1.9686281270570907,0.03875496702640308
covid,Standard_CTGAN,motivo_genitourinaria,comorb_dm,-0.02289568228193626,-2.289568228193626,2.289568228193626,0.052421226715537
covid,Standard_CTGAN,motivo_genitourinaria,comorb_obesidade,0.015491621435011649,1.5491621435011649,1.5491621435011649,0.023999033468571237
covid,Standard_CTGAN,motivo_genitourinaria,comorb_drc,-0.043432708666182096,-4.34327086661821,4.34327086661821,0.18864001820814494
covid,Standard_CTGAN,motivo_genitourinaria,comorb_cancer,-0.008878930384625713,-0.8878930384625714,0.8878930384625714,0.007883540477502973
covid,Standard_CTGAN,motivo_genitourinaria,comorb_reumatologica,-0.03002598624163404,-3.002598624163404,3.002598624163404,0.09015598497827966
covid,Standard_CTGAN,motivo_genitourinaria,comorb_cirrose,-0.01738491829053083,-1.738491829053083,1.738491829053083,0.03022353839684334
covid,Standard_CTGAN,motivo_genitourinaria,comorb_hiv,-0.01268692401330499,-1.268692401330499,1.268692401330499,0.01609580409193748
covid,Standard_CTGAN,motivo_genitourinaria,obito,-0.02778958508048207,-2.7789585080482073,2.7789585080482073,0.07722610389453517
covid,Standard_CTGAN,motivo_dm,motivo_mental_subst,-0.009664394042430234,-0.9664394042430234,0.9664394042430234,0.0093400512207361
covid,Standard_CTGAN,motivo_dm,motivo_infec2,0.0885537726623455,8.85537726623455,8.85537726623455,0.784177065273437
covid,Standard_CTGAN,motivo_dm,motivo_propedeutica,-0.006572625376463789,-0.657262537646379,0.657262537646379,0.004319940433933577
covid,Standard_CTGAN,motivo_dm,n_comorbidades,0.03409289039368528,3.409289039368528,3.409289039368528,0.11623251753958382
covid,Standard_CTGAN,motivo_dm,comorb_hipertensao,-0.010927248756062328,-1.0927248756062329,1.0927248756062329,0.011940476537686569
covid,Standard_CTGAN,motivo_dm,comorb_ic,0.04898141291360757,4.898141291360757,4.898141291360757,0.23991788110133222
covid,Standard_CTGAN,motivo_dm,comorb_dac,0.0373726342792746,3.7372634279274597,3.7372634279274597,0.13967137929724108
covid,Standard_CTGAN,motivo_dm,comorb_fibrilacao,-0.02501222293918265,-2.501222293918265,2.501222293918265,0.06256112963593748
covid,Standard_CTGAN,motivo_dm,comorb_avc,0.1203434690656631,12.03434690656631,12.03434690656631,1.448255054675821
covid,Standard_CTGAN,motivo_dm,comorb_dpoc,0.028285193549055954,2.8285193549055956,2.8285193549055956,0.08000521741075566
covid,Standard_CTGAN,motivo_dm,comorb_asma,-0.007061843871961333,-0.7061843871961333,0.7061843871961333,0.0049869638871957835
covid,Standard_CTGAN,motivo_dm,comorb_dm,-0.031914342807360725,-3.1914342807360727,3.1914342807360727,0.10185252768257372
covid,Standard_CTGAN,motivo_dm,comorb_obesidade,-0.021745519843730833,-2.174551984373083,2.174551984373083,0.047286763327409144
covid,Standard_CTGAN,motivo_dm,comorb_drc,0.016687449678227433,1.6687449678227433,1.6687449678227433,0.027847097676337283
covid,Standard_CTGAN,motivo_dm,comorb_cancer,0.03451474329780013,3.4514743297800132,3.4514743297800132,0.1191267504913039
covid,Standard_CTGAN,motivo_dm,comorb_reumatologica,-0.012375241586401556,-1.2375241586401555,1.2375241586401555,0.01531466043218025
covid,Standard_CTGAN,motivo_dm,comorb_cirrose,-0.014003183170988531,-1.4003183170988531,1.4003183170988531,0.019608913892025643
covid,Standard_CTGAN,motivo_dm,comorb_hiv,0.0877572568722516,8.77572568722516,8.77572568722516,0.770133613374235
covid,Standard_CTGAN,motivo_dm,obito,-0.029994131298184734,-2.9994131298184734,2.9994131298184734,0.0899647912332745
covid,Standard_CTGAN,motivo_mental_subst,motivo_infec2,0.08473940461076691,8.473940461076692,8.473940461076692,0.7180766693787265
covid,Standard_CTGAN,motivo_mental_subst,motivo_propedeutica,0.03264713846266158,3.264713846266158,3.264713846266158,0.10658356498001971
covid,Standard_CTGAN,motivo_mental_subst,n_comorbidades,0.010113310917712979,1.0113310917712979,1.0113310917712979,0.010227905771833253
covid,Standard_CTGAN,motivo_mental_subst,comorb_hipertensao,-0.04324998309308522,-4.324998309308522,4.324998309308522,0.18705610375521572
covid,Standard_CTGAN,motivo_mental_subst,comorb_ic,-0.0021097421301399097,-0.21097421301399097,0.21097421301399097,0.0004451011855687283
covid,Standard_CTGAN,motivo_mental_subst,comorb_dac,-0.0040154636931427675,-0.40154636931427673,0.40154636931427673,0.0016123948670947754
covid,Standard_CTGAN,motivo_mental_subst,comorb_fibrilacao,0.0017439419704716103,0.17439419704716103,0.17439419704716103,0.0003041333596372403
covid,Standard_CTGAN,motivo_mental_subst,comorb_avc,-0.030305565462856603,-3.0305565462856605,3.0305565462856605,0.0918427298023487
covid,Standard_CTGAN,motivo_mental_subst,comorb_dpoc,-0.0036978089531166736,-0.36978089531166736,0.36978089531166736,0.001367379105374983
covid,Standard_CTGAN,motivo_mental_subst,comorb_asma,0.0203647307431803,2.03647307431803,2.03647307431803,0.04147222582422328
covid,Standard_CTGAN,motivo_mental_subst,comorb_dm,-0.019574134997205513,-1.9574134997205512,1.9574134997205512,0.03831467608888257
covid,Standard_CTGAN,motivo_mental_subst,comorb_obesidade,-0.00938315877690783,-0.9383158776907831,0.9383158776907831,0.008804366863266246
covid,Standard_CTGAN,motivo_mental_subst,comorb_drc,-0.00043406754305010814,-0.043406754305010814,0.043406754305010814,1.884146319295575e-05
covid,Standard_CTGAN,motivo_mental_subst,comorb_cancer,-0.047596117814139464,-4.7596117814139465,4.7596117814139465,0.22653904309774442
covid,Standard_CTGAN,motivo_mental_subst,comorb_reumatologica,-0.02181597190050784,-2.181597190050784,2.181597190050784,0.04759366299637476
covid,Standard_CTGAN,motivo_mental_subst,comorb_cirrose,0.005373895130739233,0.5373895130739232,0.5373895130739232,0.002887874887618284
covid,Standard_CTGAN,motivo_mental_subst,comorb_hiv,-0.022663113551576738,-2.266311355157674,2.266311355157674,0.05136167158516612
covid,Standard_CTGAN,motivo_mental_subst,obito,-0.004645235331609177,-0.4645235331609177,0.4645235331609177,0.0021578211286030218
covid,Standard_CTGAN,motivo_infec2,motivo_propedeutica,-0.028326502187144227,-2.8326502187144227,2.8326502187144227,0.08023907261582866
covid,Standard_CTGAN,motivo_infec2,n_comorbidades,-0.0054921720012858525,-0.5492172001285852,0.5492172001285852,0.0030163953291708246
covid,Standard_CTGAN,motivo_infec2,comorb_hipertensao,-0.007291031729802255,-0.7291031729802255,0.7291031729802255,0.005315914368498326
covid,Standard_CTGAN,motivo_infec2,comorb_ic,-0.005670309067752045,-0.5670309067752045,0.5670309067752045,0.0032152404923831072
covid,Standard_CTGAN,motivo_infec2,comorb_dac,0.09194061934842139,9.19406193484214,9.19406193484214,0.8453077486171319
covid,Standard_CTGAN,motivo_infec2,comorb_fibrilacao,0.04917021386574442,4.917021386574442,4.917021386574442,0.24177099316030448
covid,Standard_CTGAN,motivo_infec2,comorb_avc,0.018670281162256573,1.8670281162256572,1.8670281162256572,0.03485793986777126
covid,Standard_CTGAN,motivo_infec2,comorb_dpoc,-0.0436894617690952,-4.36894617690952,4.36894617690952,0.19087690696732315
covid,Standard_CTGAN,motivo_infec2,comorb_asma,-0.0005879525797552008,-0.05879525797552008,0.05879525797552008,3.4568823604079574e-05
covid,Standard_CTGAN,motivo_infec2,comorb_dm,0.02682844518007137,2.682844518007137,2.682844518007137,0.07197654707800948
covid,Standard_CTGAN,motivo_infec2,comorb_obesidade,-0.05014181923154952,-5.014181923154952,5.014181923154952,0.2514202035849389
covid,Standard_CTGAN,motivo_infec2,comorb_drc,-0.015325884730334693,-1.5325884730334693,1.5325884730334693,0.023488274276750612
covid,Standard_CTGAN,motivo_infec2,comorb_cancer,0.033947415119877596,3.3947415119877595,3.3947415119877595,0.1152426993321294
covid,Standard_CTGAN,motivo_infec2,comorb_reumatologica,-0.0638248874090386,-6.38248874090386,6.38248874090386,0.40736162527764547
covid,Standard_CTGAN,motivo_infec2,comorb_cirrose,-0.009325479209691597,-0.9325479209691597,0.9325479209691597,0.00869645624903902
covid,Standard_CTGAN,motivo_infec2,comorb_hiv,-0.006940132121990862,-0.6940132121990862,0.6940132121990862,0.004816543387068938
covid,Standard_CTGAN,motivo_infec2,obito,0.013313487836942597,1.3313487836942597,1.3313487836942597,0.017724895838441848
covid,Standard_CTGAN,motivo_propedeutica,n_comorbidades,-0.008671624011233506,-0.8671624011233506,0.8671624011233506,0.00751970629922015
covid,Standard_CTGAN,motivo_propedeutica,comorb_hipertensao,0.015052447870757223,1.5052447870757224,1.5052447870757224,0.022657618690186367
covid,Standard_CTGAN,motivo_propedeutica,comorb_ic,0.0339114282963206,3.3911428296320603,3.3911428296320603,0.11499849690964935
covid,Standard_CTGAN,motivo_propedeutica,comorb_dac,0.07860938732821887,7.860938732821888,7.860938732821888,0.6179435776117937
covid,Standard_CTGAN,motivo_propedeutica,comorb_fibrilacao,-0.011538072611736717,-1.1538072611736716,1.1538072611736716,0.013312711959370893
covid,Standard_CTGAN,motivo_propedeutica,comorb_avc,0.019460830991551648,1.9460830991551648,1.9460830991551648,0.03787239428817371
covid,Standard_CTGAN,motivo_propedeutica,comorb_dpoc,0.014847668039035944,1.4847668039035944,1.4847668039035944,0.022045324619740948
covid,Standard_CTGAN,motivo_propedeutica,comorb_asma,0.03515965134522986,3.515965134522986,3.515965134522986,0.12362010827181237
covid,Standard_CTGAN,motivo_propedeutica,comorb_dm,-0.04153630688492484,-4.153630688492484,4.153630688492484,0.17252647896386544
covid,Standard_CTGAN,motivo_propedeutica,comorb_obesidade,-0.023852616381324458,-2.385261638132446,2.385261638132446,0.05689473082346279
covid,Standard_CTGAN,motivo_propedeutica,comorb_drc,-0.03374206468031506,-3.3742064680315065,3.3742064680315065,0.11385269288905653
covid,Standard_CTGAN,motivo_propedeutica,comorb_cancer,-0.03393757389923633,-3.393757389923633,3.393757389923633,0.1151758922166127
covid,Standard_CTGAN,motivo_propedeutica,comorb_reumatologica,-0.015705625887932128,-1.5705625887932129,1.5705625887932129,0.02466666845316838
covid,Standard_CTGAN,motivo_propedeutica,comorb_cirrose,0.050805082824422323,5.080508282442232,5.080508282442232,0.2581156440796412
covid,Standard_CTGAN,motivo_propedeutica,comorb_hiv,0.025623500369465275,2.5623500369465275,2.5623500369465275,0.06565637711839871
covid,Standard_CTGAN,motivo_propedeutica,obito,-0.026125119753353198,-2.6125119753353196,2.6125119753353196,0.06825218821270454
covid,Standard_CTGAN,n_comorbidades,comorb_hipertensao,0.009652016762885329,0.9652016762885329,0.9652016762885329,0.009316142759101939
covid,Standard_CTGAN,n_comorbidades,comorb_ic,-0.01371997373797167,-1.371997373797167,1.371997373797167,0.01882376793706323
covid,Standard_CTGAN,n_comorbidades,comorb_dac,0.03271420680859862,3.2714206808598623,3.2714206808598623,0.10702193271157603
covid,Standard_CTGAN,n_comorbidades,comorb_fibrilacao,-0.026341628654873467,-2.6341628654873466,2.6341628654873466,0.06938814001912509
covid,Standard_CTGAN,n_comorbidades,comorb_avc,-0.034684684249384694,-3.4684684249384694,3.4684684249384694,0.12030273214795147
covid,Standard_CTGAN,n_comorbidades,comorb_dpoc,0.029197479861084313,2.9197479861084314,2.9197479861084314,0.08524928302384241
covid,Standard_CTGAN,n_comorbidades,comorb_asma,0.010916142577353164,1.0916142577353163,1.0916142577353163,0.011916216876910257
covid,Standard_CTGAN,n_comorbidades,comorb_dm,-0.04393347712602864,-4.393347712602864,4.393347712602864,0.19301504123832813
covid,Standard_CTGAN,n_comorbidades,comorb_obesidade,-0.051366271111017936,-5.136627111101793,5.136627111101793,0.2638493807850596
covid,Standard_CTGAN,n_comorbidades,comorb_drc,0.020628059728519416,2.0628059728519417,2.0628059728519417,0.04255168481633645
covid,Standard_CTGAN,n_comorbidades,comorb_cancer,0.017187429017608412,1.718742901760841,1.718742901760841,0.029540771623532764
covid,Standard_CTGAN,n_comorbidades,comorb_reumatologica,0.003948985481788571,0.3948985481788571,0.3948985481788571,0.0015594486335376914
covid,Standard_CTGAN,n_comorbidades,comorb_cirrose,0.02814429408613404,2.814429408613404,2.814429408613404,0.07921012896067996
covid,Standard_CTGAN,n_comorbidades,comorb_hiv,-0.026552643917173734,-2.6552643917173735,2.6552643917173735,0.07050428989922232
covid,Standard_CTGAN,n_comorbidades,obito,0.017697357781260067,1.7697357781260068,1.7697357781260068,0.031319647243792624
covid,Standard_CTGAN,comorb_hipertensao,comorb_ic,-0.07158835357990853,-7.158835357990853,7.158835357990853,0.5124892368282002
covid,Standard_CTGAN,comorb_hipertensao,comorb_dac,0.012189097585415257,1.2189097585415258,1.2189097585415258,0.014857409994677606
covid,Standard_CTGAN,comorb_hipertensao,comorb_fibrilacao,-0.01965283106526861,-1.965283106526861,1.965283106526861,0.03862337688799869
covid,Standard_CTGAN,comorb_hipertensao,comorb_avc,-0.009404988545460846,-0.9404988545460846,0.9404988545460846,0.008845380954024972
covid,Standard_CTGAN,comorb_hipertensao,comorb_dpoc,-0.017355886556736373,-1.7355886556736373,1.7355886556736373,0.030122679817030235
covid,Standard_CTGAN,comorb_hipertensao,comorb_asma,-0.013749373332408799,-1.3749373332408799,1.3749373332408799,0.018904526703395423
covid,Standard_CTGAN,comorb_hipertensao,comorb_dm,-0.018642309795742655,-1.8642309795742655,1.8642309795742655,0.03475357145204425
covid,Standard_CTGAN,comorb_hipertensao,comorb_obesidade,0.016061524684362123,1.6061524684362123,1.6061524684362123,0.025797257518637384
covid,Standard_CTGAN,comorb_hipertensao,comorb_drc,-0.008741305055234102,-0.8741305055234102,0.8741305055234102,0.007641041406866125
covid,Standard_CTGAN,comorb_hipertensao,comorb_cancer,0.046103149024638905,4.61031490246389,4.61031490246389,0.21255003499880631
covid,Standard_CTGAN,comorb_hipertensao,comorb_reumatologica,-0.00109102712605232,-0.109102712605232,0.109102712605232,0.00011903401897819847
covid,Standard_CTGAN,comorb_hipertensao,comorb_cirrose,0.04554918639960763,4.554918639960763,4.554918639960763,0.2074728381666201
covid,Standard_CTGAN,comorb_hipertensao,comorb_hiv,-0.016916718505689265,-1.6916718505689265,1.6916718505689265,0.028617536500072968
covid,Standard_CTGAN,comorb_hipertensao,obito,0.009157497475154434,0.9157497475154434,0.9157497475154434,0.008385976000745983
covid,Standard_CTGAN,comorb_ic,comorb_dac,-0.0004950299546610408,-0.04950299546610408,0.04950299546610408,2.4505465601171208e-05
covid,Standard_CTGAN,comorb_ic,comorb_fibrilacao,-0.0238764089305656,-2.38764089305656,2.38764089305656,0.05700829034195927
covid,Standard_CTGAN,comorb_ic,comorb_avc,-0.013521061919761873,-1.3521061919761874,1.3521061919761874,0.018281911543803465
covid,Standard_CTGAN,comorb_ic,comorb_dpoc,-0.012834350305241157,-1.2834350305241156,1.2834350305241156,0.016472054775764376
covid,Standard_CTGAN,comorb_ic,comorb_asma,-0.007433482252384398,-0.7433482252384398,0.7433482252384398,0.005525665839651382
covid,Standard_CTGAN,comorb_ic,comorb_dm,-0.020790574095023082,-2.079057409502308,2.079057409502308,0.04322479712006448
covid,Standard_CTGAN,comorb_ic,comorb_obesidade,-0.00290065313597392,-0.290065313597392,0.290065313597392,0.0008413788615235337
covid,Standard_CTGAN,comorb_ic,comorb_drc,0.010070110661531215,1.0070110661531215,1.0070110661531215,0.010140712873548464
covid,Standard_CTGAN,comorb_ic,comorb_cancer,-0.028743513679772136,-2.8743513679772135,2.8743513679772135,0.0826189578659248
covid,Standard_CTGAN,comorb_ic,comorb_reumatologica,0.027848188672541203,2.78481886725412,2.78481886725412,0.07755216123414521
covid,Standard_CTGAN,comorb_ic,comorb_cirrose,-0.0571729379176546,-5.71729379176546,5.71729379176546,0.32687448301359867
covid,Standard_CTGAN,comorb_ic,comorb_hiv,0.015470973157531367,1.5470973157531367,1.5470973157531367,0.02393510104410561
covid,Standard_CTGAN,comorb_ic,obito,0.04152536450528264,4.152536450528264,4.152536450528264,0.17243558972965872
covid,Standard_CTGAN,comorb_dac,comorb_fibrilacao,0.0242182329958721,2.42182329958721,2.42182329958721,0.058652280944234816
covid,Standard_CTGAN,comorb_dac,comorb_avc,-0.01574076429582022,-1.574076429582022,1.574076429582022,0.024777166061656863
covid,Standard_CTGAN,comorb_dac,comorb_dpoc,-0.004925578407152559,-0.4925578407152559,0.4925578407152559,0.002426132264500754
covid,Standard_CTGAN,comorb_dac,comorb_asma,-0.0203764196197241,-2.03764196197241,2.03764196197241,0.041519847651907735
covid,Standard_CTGAN,comorb_dac,comorb_dm,0.023162602910415418,2.3162602910415417,2.3162602910415417,0.05365061735855848
covid,Standard_CTGAN,comorb_dac,comorb_obesidade,-0.02313114299157772,-2.313114299157772,2.313114299157772,0.05350497760968151
covid,Standard_CTGAN,comorb_dac,comorb_drc,0.04954661541833768,4.954661541833768,4.954661541833768,0.24548670994126567
covid,Standard_CTGAN,comorb_dac,comorb_cancer,0.029805958477060256,2.9805958477060255,2.9805958477060255,0.08883951607362402
covid,Standard_CTGAN,comorb_dac,comorb_reumatologica,-0.05187806024307311,-5.187806024307311,5.187806024307311,0.26913331345839225
covid,Standard_CTGAN,comorb_dac,comorb_cirrose,0.049283704682455465,4.9283704682455465,4.9283704682455465,0.24288835472274828
covid,Standard_CTGAN,comorb_dac,comorb_hiv,-0.0232831273672591,-2.32831273672591,2.32831273672591,0.05421040200000096
covid,Standard_CTGAN,comorb_dac,obito,0.03154392754716055,3.154392754716055,3.154392754716055,0.09950193651005143
covid,Standard_CTGAN,comorb_fibrilacao,comorb_avc,0.008593035413407496,0.8593035413407496,0.8593035413407496,0.007384025761607535
covid,Standard_CTGAN,comorb_fibrilacao,comorb_dpoc,0.0072568655284407065,0.7256865528440707,0.7256865528440707,0.005266209729787101
covid,Standard_CTGAN,comorb_fibrilacao,comorb_asma,0.030364771444970472,3.0364771444970473,3.0364771444970473,0.09220193449052942
covid,Standard_CTGAN,comorb_fibrilacao,comorb_dm,0.037600398445852036,3.7600398445852035,3.7600398445852035,0.14137899632868323
covid,Standard_CTGAN,comorb_fibrilacao,comorb_obesidade,0.012648537634917318,1.2648537634917318,1.2648537634917318,0.015998550430191976
covid,Standard_CTGAN,comorb_fibrilacao,comorb_drc,-0.055600679020328225,-5.560067902032823,5.560067902032823,0.3091435507521567
covid,Standard_CTGAN,comorb_fibrilacao,comorb_cancer,0.030758770377204238,3.075877037720424,3.075877037720424,0.09461019551175769
covid,Standard_CTGAN,comorb_fibrilacao,comorb_reumatologica,0.03170621406083715,3.1706214060837152,3.1706214060837152,0.10052840100716275
covid,Standard_CTGAN,comorb_fibrilacao,comorb_cirrose,-0.005134959984250526,-0.5134959984250527,0.5134959984250527,0.0026367814039854162
covid,Standard_CTGAN,comorb_fibrilacao,comorb_hiv,-0.03913382767157044,-3.913382767157044,3.913382767157044,0.15314564682281726
covid,Standard_CTGAN,comorb_fibrilacao,obito,0.04849813721774861,4.8498137217748605,4.8498137217748605,0.23520693135915724
covid,Standard_CTGAN,comorb_avc,comorb_dpoc,-0.06167274145535205,-6.167274145535205,6.167274145535205,0.3803527038618699
covid,Standard_CTGAN,comorb_avc,comorb_asma,0.0022516095546673068,0.22516095546673068,0.22516095546673068,0.0005069745586669108
covid,Standard_CTGAN,comorb_avc,comorb_dm,0.012983017896292932,1.2983017896292932,1.2983017896292932,0.016855875369546254
covid,Standard_CTGAN,comorb_avc,comorb_obesidade,0.07199367080507386,7.199367080507386,7.199367080507386,0.5183088635989345
covid,Standard_CTGAN,comorb_avc,comorb_drc,-0.03314385345896069,-3.314385345896069,3.314385345896069,0.10985150221090605
covid,Standard_CTGAN,comorb_avc,comorb_cancer,-0.02585504099971196,-2.585504099971196,2.585504099971196,0.06684831450967864
covid,Standard_CTGAN,comorb_avc,comorb_reumatologica,0.018335474122149826,1.8335474122149826,1.8335474122149826,0.03361896112840259
covid,Standard_CTGAN,comorb_avc,comorb_cirrose,-0.01268421767110225,-1.268421767110225,1.268421767110225,0.016088937792790258
covid,Standard_CTGAN,comorb_avc,comorb_hiv,0.030675600243241636,3.0675600243241634,3.0675600243241634,0.09409924502831662
covid,Standard_CTGAN,comorb_avc,obito,0.009031655257233755,0.9031655257233755,0.9031655257233755,0.008157079668551812
covid,Standard_CTGAN,comorb_dpoc,comorb_asma,-0.020062504110623724,-2.0062504110623722,2.0062504110623722,0.04025040711887938
covid,Standard_CTGAN,comorb_dpoc,comorb_dm,-0.07990280170743821,-7.990280170743821,7.990280170743821,0.6384457720698191
covid,Standard_CTGAN,comorb_dpoc,comorb_obesidade,0.004617768783063295,0.4617768783063295,0.4617768783063295,0.002132378853383387
covid,Standard_CTGAN,comorb_dpoc,comorb_drc,-0.030221045078095903,-3.0221045078095905,3.0221045078095905,0.09133115656123046
covid,Standard_CTGAN,comorb_dpoc,comorb_cancer,-0.01865778208671632,-1.865778208671632,1.865778208671632,0.03481128323953924
covid,Standard_CTGAN,comorb_dpoc,comorb_reumatologica,-0.030958886484014497,-3.09588864840145,3.09588864840145,0.09584526523300954
covid,Standard_CTGAN,comorb_dpoc,comorb_cirrose,0.00396672354035844,0.39667235403584405,0.39667235403584405,0.00157348956456338
covid,Standard_CTGAN,comorb_dpoc,comorb_hiv,0.02051858471143269,2.051858471143269,2.051858471143269,0.042101231856023935
covid,Standard_CTGAN,comorb_dpoc,obito,0.02393395914974473,2.393395914974473,2.393395914974473,0.05728344005816496
covid,Standard_CTGAN,comorb_asma,comorb_dm,-0.006381302167245059,-0.6381302167245059,0.6381302167245059,0.004072101734968648
covid,Standard_CTGAN,comorb_asma,comorb_obesidade,0.0036980812131501006,0.36980812131501006,0.36980812131501006,0.001367580465905372
covid,Standard_CTGAN,comorb_asma,comorb_drc,0.07265537772117088,7.265537772117088,7.265537772117088,0.5278803911806014
covid,Standard_CTGAN,comorb_asma,comorb_cancer,0.07020357142291281,7.020357142291281,7.020357142291281,0.49285414405320194
covid,Standard_CTGAN,comorb_asma,comorb_reumatologica,-0.01735891674746125,-1.735891674746125,1.735891674746125,0.03013319906452907
covid,Standard_CTGAN,comorb_asma,comorb_cirrose,-0.018547920861446212,-1.8547920861446212,1.8547920861446212,0.03440253682824716
covid,Standard_CTGAN,comorb_asma,comorb_hiv,-0.01780183523209502,-1.7801835232095018,1.7801835232095018,0.03169053376306595
covid,Standard_CTGAN,comorb_asma,obito,-0.04010935852855084,-4.010935852855084,4.010935852855084,0.1608760641571834
covid,Standard_CTGAN,comorb_dm,comorb_obesidade,0.023594615645540423,2.359461564554042,2.359461564554042,0.05567058874607809
covid,Standard_CTGAN,comorb_dm,comorb_drc,-0.008717571733933557,-0.8717571733933557,0.8717571733933557,0.007599605693627731
covid,Standard_CTGAN,comorb_dm,comorb_cancer,0.04762187304198695,4.7621873041986955,4.7621873041986955,0.22678427920271235
covid,Standard_CTGAN,comorb_dm,comorb_reumatologica,-0.018542573448625973,-1.8542573448625972,1.8542573448625972,0.03438270300976889
covid,Standard_CTGAN,comorb_dm,comorb_cirrose,-0.00758063050187918,-0.758063050187918,0.758063050187918,0.005746595880602099
covid,Standard_CTGAN,comorb_dm,comorb_hiv,-0.026193232880968066,-2.6193232880968065,2.6193232880968065,0.06860854487566267
covid,Standard_CTGAN,comorb_dm,obito,0.03277573378682486,3.2775733786824857,3.2775733786824857,0.10742487252648125
covid,Standard_CTGAN,comorb_obesidade,comorb_drc,0.052171131607072,5.2171131607072,5.2171131607072,0.2721826973162427
covid,Standard_CTGAN,comorb_obesidade,comorb_cancer,-0.006894861959567749,-0.6894861959567748,0.6894861959567748,0.004753912144149441
covid,Standard_CTGAN,comorb_obesidade,comorb_reumatologica,-0.028887552209884627,-2.888755220988463,2.888755220988463,0.08344906726788102
covid,Standard_CTGAN,comorb_obesidade,comorb_cirrose,0.06718686675468095,6.718686675468096,6.718686675468096,0.45140750643112526
covid,Standard_CTGAN,comorb_obesidade,comorb_hiv,0.03662803441489075,3.662803441489075,3.662803441489075,0.13416129050984213
covid,Standard_CTGAN,comorb_obesidade,obito,-0.005427344850285306,-0.5427344850285306,0.5427344850285306,0.0029456072123918435
covid,Standard_CTGAN,comorb_drc,comorb_cancer,0.10989097324406114,10.989097324406114,10.989097324406114,1.207602600052696
covid,Standard_CTGAN,comorb_drc,comorb_reumatologica,-0.029479409461206002,-2.9479409461206,2.9479409461206,0.08690355821814419
covid,Standard_CTGAN,comorb_drc,comorb_cirrose,-0.028229352252695638,-2.8229352252695636,2.8229352252695636,0.07968963286067723
covid,Standard_CTGAN,comorb_drc,comorb_hiv,0.02412884618849698,2.412884618849698,2.412884618849698,0.05822012183881453
covid,Standard_CTGAN,comorb_drc,obito,0.018500095718318798,1.8500095718318799,1.8500095718318799,0.03422535415869575
covid,Standard_CTGAN,comorb_cancer,comorb_reumatologica,-0.020586418746099344,-2.0586418746099344,2.0586418746099344,0.04238006367897505
covid,Standard_CTGAN,comorb_cancer,comorb_cirrose,-0.0065637383632216936,-0.6563738363221694,0.6563738363221694,0.004308266130082819
covid,Standard_CTGAN,comorb_cancer,comorb_hiv,-0.03602623460193155,-3.602623460193155,3.602623460193155,0.129788957959341
covid,Standard_CTGAN,comorb_cancer,obito,-0.016714191836616273,-1.6714191836616272,1.6714191836616272,0.027936420875121003
covid,Standard_CTGAN,comorb_reumatologica,comorb_cirrose,0.004304505991183784,0.43045059911837835,0.43045059911837835,0.0018528771828137088
covid,Standard_CTGAN,comorb_reumatologica,comorb_hiv,0.06940005243811978,6.940005243811978,6.940005243811978,0.4816367278413775
covid,Standard_CTGAN,comorb_reumatologica,obito,-0.01657793325267402,-1.657793325267402,1.657793325267402,0.027482787093011503
covid,Standard_CTGAN,comorb_cirrose,comorb_hiv,0.05050937660344074,5.050937660344074,5.050937660344074,0.25511971248682064
covid,Standard_CTGAN,comorb_cirrose,obito,-0.02658196576191154,-2.658196576191154,2.658196576191154,0.07066009037674373
covid,Standard_CTGAN,comorb_hiv,obito,-0.027417903781981917,-2.741790378198192,2.741790378198192,0.07517414477980183
covid,S0_A0_realism_only,idade,sexo,-0.03523194579278988,-3.5231945792789885,3.5231945792789885,0.12412900043460848
covid,S0_A0_realism_only,idade,etilismo,-0.01660238584179981,-1.6602385841799812,1.6602385841799812,0.027563921563999484
covid,S0_A0_realism_only,idade,tabagismo,0.05107741246517017,5.107741246517017,5.107741246517017,0.26089020641371213
covid,S0_A0_realism_only,idade,motivo_cancer,0.014189552995196244,1.4189552995196244,1.4189552995196244,0.02013434142034827
covid,S0_A0_realism_only,idade,motivo_msk,0.0,0.0,0.0,0.0
covid,S0_A0_realism_only,idade,motivo_digestivo2,0.06198667577152175,6.198667577152174,6.198667577152174,0.38423479732037613
covid,S0_A0_realism_only,idade,motivo_cardio2,-0.02680223930185389,-2.680223930185389,2.680223930185389,0.07183600315938414
covid,S0_A0_realism_only,idade,motivo_procedimentos2,-0.05466213751825268,-5.4662137518252685,5.4662137518252685,0.2987949278064368
covid,S0_A0_realism_only,idade,motivo_lesao2,0.035062528213376035,3.5062528213376036,3.5062528213376036,0.12293808847137905
covid,S0_A0_realism_only,idade,motivo_respiratorio,0.0,0.0,0.0,0.0
covid,S0_A0_realism_only,idade,motivo_neuro,-0.006119392785466726,-0.6119392785466726,0.6119392785466726,0.003744696806282221
covid,S0_A0_realism_only,idade,motivo_pele,0.02165087368147705,2.165087368147705,2.165087368147705,0.046876033117127555
covid,S0_A0_realism_only,idade,motivo_genitourinaria,0.022156429067457507,2.215642906745751,2.215642906745751,0.04909073490212759
covid,S0_A0_realism_only,idade,motivo_dm,0.0,0.0,0.0,0.0
covid,S0_A0_realism_only,idade,motivo_mental_subst,-0.013909111533455695,-1.3909111533455694,1.3909111533455694,0.019346338365011023
covid,S0_A0_realism_only,idade,motivo_infec2,0.04112995590393381,4.112995590393381,4.112995590393381,0.169167327265954
covid,S0_A0_realism_only,idade,motivo_propedeutica,-0.04533069709425268,-4.533069709425268,4.533069709425268,0.20548720990508884
covid,S0_A0_realism_only,idade,n_comorbidades,0.022275095792151058,2.2275095792151056,2.2275095792151056,0.049617989254950576
covid,S0_A0_realism_only,idade,comorb_hipertensao,0.09160605640727452,9.160605640727452,9.160605640727452,0.8391669570492761
covid,S0_A0_realism_only,idade,comorb_ic,-0.016823479239145643,-1.6823479239145642,1.6823479239145642,0.02830294537099645
covid,S0_A0_realism_only,idade,comorb_dac,0.04700637648279156,4.700637648279156,4.700637648279156,0.22095994300419391
covid,S0_A0_realism_only,idade,comorb_fibrilacao,-0.026369949568414743,-2.636994956841474,2.636994956841474,0.06953742402407369
covid,S0_A0_realism_only,idade,comorb_avc,-0.018103225825650642,-1.8103225825650642,1.8103225825650642,0.032772678529450434
covid,S0_A0_realism_only,idade,comorb_dpoc,0.010265735357211824,1.0265735357211825,1.0265735357211825,0.010538532242430898
covid,S0_A0_realism_only,idade,comorb_asma,-0.010762055440699,-1.0762055440698999,1.0762055440698999,0.011582183730867893
covid,S0_A0_realism_only,idade,comorb_dm,0.03856553127074549,3.856553127074549,3.856553127074549,0.1487300202194848
covid,S0_A0_realism_only,idade,comorb_obesidade,-0.03228085192851724,-3.228085192851724,3.228085192851724,0.10420534012308552
covid,S0_A0_realism_only,idade,comorb_drc,-0.01639316497403593,-1.639316497403593,1.639316497403593,0.026873585786595842
covid,S0_A0_realism_only,idade,comorb_cancer,0.01437611781561246,1.437611781561246,1.437611781561246,0.020667276344836998
covid,S0_A0_realism_only,idade,comorb_reumatologica,0.0017507650184944215,0.17507650184944215,0.17507650184944215,0.00030651781499837724
covid,S0_A0_realism_only,idade,comorb_cirrose,0.0014320809123159629,0.14320809123159628,0.14320809123159628,0.00020508557394197208
covid,S0_A0_realism_only,idade,comorb_hiv,-0.010173871422852854,-1.0173871422852854,1.0173871422852854,0.010350765972874197
covid,S0_A0_realism_only,idade,obito,0.03491982529703559,3.4919825297035594,3.4919825297035594,0.1219394198775487
covid,S0_A0_realism_only,sexo,etilismo,-0.06877261560055824,-6.877261560055824,6.877261560055824,0.4729672656542146
covid,S0_A0_realism_only,sexo,tabagismo,-0.0989381839293044,-9.89381839293044,9.89381839293044,0.9788764239228867
covid,S0_A0_realism_only,sexo,motivo_cancer,-0.04459572256728963,-4.459572256728963,4.459572256728963,0.19887784712986656
covid,S0_A0_realism_only,sexo,motivo_msk,0.0,0.0,0.0,0.0
covid,S0_A0_realism_only,sexo,motivo_digestivo2,0.015749981066516993,1.5749981066516994,1.5749981066516994,0.024806190359564377
covid,S0_A0_realism_only,sexo,motivo_cardio2,-0.024655233672689413,-2.465523367268941,2.465523367268941,0.06078805474549179
covid,S0_A0_realism_only,sexo,motivo_procedimentos2,0.01261853468582515,1.2618534685825151,1.2618534685825151,0.015922741761737243
covid,S0_A0_realism_only,sexo,motivo_lesao2,0.028644044017825887,2.864404401782589,2.864404401782589,0.0820481257695147
covid,S0_A0_realism_only,sexo,motivo_respiratorio,0.0,0.0,0.0,0.0
covid,S0_A0_realism_only,sexo,motivo_neuro,-0.00878556959268893,-0.8785569592688929,0.8785569592688929,0.007718623306798032
covid,S0_A0_realism_only,sexo,motivo_pele,-0.005212048274533661,-0.521204827453366,0.521204827453366,0.0027165447216069313
covid,S0_A0_realism_only,sexo,motivo_genitourinaria,-0.05620506713110307,-5.6205067131103075,5.6205067131103075,0.31590095712118027
covid,S0_A0_realism_only,sexo,motivo_dm,0.0,0.0,0.0,0.0
covid,S0_A0_realism_only,sexo,motivo_mental_subst,0.006140734505813997,0.6140734505813996,0.6140734505813996,0.003770862027089467
covid,S0_A0_realism_only,sexo,motivo_infec2,-0.006523423485124272,-0.6523423485124272,0.6523423485124272,0.00425550539662709
covid,S0_A0_realism_only,sexo,motivo_propedeutica,0.015757473759645913,1.5757473759645912,1.5757473759645912,0.02482979792859295
covid,S0_A0_realism_only,sexo,n_comorbidades,0.039194984999128525,3.9194984999128524,3.9194984999128524,0.153624684908191
covid,S0_A0_realism_only,sexo,comorb_hipertensao,0.09802995412013842,9.802995412013841,9.802995412013841,0.9609871904796443
covid,S0_A0_realism_only,sexo,comorb_ic,-0.03133840720956671,-3.133840720956671,3.133840720956671,0.09820957664326227
covid,S0_A0_realism_only,sexo,comorb_dac,-0.057041780502642116,-5.704178050264211,5.704178050264211,0.32537647229116023
covid,S0_A0_realism_only,sexo,comorb_fibrilacao,-0.01323015546478139,-1.323015546478139,1.323015546478139,0.01750370136222849
covid,S0_A0_realism_only,sexo,comorb_avc,-0.06373878251156763,-6.373878251156763,6.373878251156763,0.4062632396056919
covid,S0_A0_realism_only,sexo,comorb_dpoc,0.026824469068216707,2.6824469068216708,2.6824469068216708,0.07195521407917149
covid,S0_A0_realism_only,sexo,comorb_asma,-0.009670546225833429,-0.9670546225833428,0.9670546225833428,0.009351946430598118
covid,S0_A0_realism_only,sexo,comorb_dm,0.01380760817581812,1.380760817581812,1.380760817581812,0.019065004353691937
covid,S0_A0_realism_only,sexo,comorb_obesidade,-0.019549825581778795,-1.9549825581778795,1.9549825581778795,0.03821956802779726
covid,S0_A0_realism_only,sexo,comorb_drc,-0.010983679446079071,-1.098367944607907,1.098367944607907,0.012064121417421985
covid,S0_A0_realism_only,sexo,comorb_cancer,-0.007219605982378767,-0.7219605982378767,0.7219605982378767,0.005212271054079929
covid,S0_A0_realism_only,sexo,comorb_reumatologica,-0.014098147537004826,-1.4098147537004826,1.4098147537004826,0.019875776397515525
covid,S0_A0_realism_only,sexo,comorb_cirrose,-0.026686757700224866,-2.6686757700224866,2.6686757700224866,0.07121830365505112
covid,S0_A0_realism_only,sexo,comorb_hiv,-0.0072056929090925,-0.7205692909092499,0.7205692909092499,0.005192201030014593
covid,S0_A0_realism_only,sexo,obito,0.0013323698859053546,0.13323698859053545,0.13323698859053545,0.00017752095128674477
covid,S0_A0_realism_only,etilismo,tabagismo,0.01805611297646451,1.805611297646451,1.805611297646451,0.032602321581885
covid,S0_A0_realism_only,etilismo,motivo_cancer,-0.0437979181769911,-4.37979181769911,4.37979181769911,0.19182576366384074
covid,S0_A0_realism_only,etilismo,motivo_msk,0.0,0.0,0.0,0.0
covid,S0_A0_realism_only,etilismo,motivo_digestivo2,0.031631073982861156,3.1631073982861158,3.1631073982861158,0.10005248413092359
covid,S0_A0_realism_only,etilismo,motivo_cardio2,-0.004987282710928456,-0.49872827109284557,0.49872827109284557,0.0024872988838725886
covid,S0_A0_realism_only,etilismo,motivo_procedimentos2,-0.040065240786392606,-4.00652407863926,4.00652407863926,0.16052235192716174
covid,S0_A0_realism_only,etilismo,motivo_lesao2,0.12280704355889349,12.280704355889348,12.280704355889348,1.5081569947675963
covid,S0_A0_realism_only,etilismo,motivo_respiratorio,0.0,0.0,0.0,0.0
covid,S0_A0_realism_only,etilismo,motivo_neuro,-0.014666988778584536,-1.4666988778584535,1.4666988778584535,0.02151205598311247
covid,S0_A0_realism_only,etilismo,motivo_pele,-0.022522356625527807,-2.252235662552781,2.252235662552781,0.05072565479674564
covid,S0_A0_realism_only,etilismo,motivo_genitourinaria,-0.0335202964126112,-3.35202964126112,3.35202964126112,0.11236102715893152
covid,S0_A0_realism_only,etilismo,motivo_dm,0.0,0.0,0.0,0.0
covid,S0_A0_realism_only,etilismo,motivo_mental_subst,0.019291046188135548,1.9291046188135548,1.9291046188135548,0.0372144463032779
covid,S0_A0_realism_only,etilismo,motivo_infec2,-0.07345573930675907,-7.345573930675907,7.345573930675907,0.5395745637102549
covid,S0_A0_realism_only,etilismo,motivo_propedeutica,0.022722791825370896,2.2722791825370896,2.2722791825370896,0.05163252683391425
covid,S0_A0_realism_only,etilismo,n_comorbidades,-0.044310417602727706,-4.4310417602727705,4.4310417602727705,0.19634131081281211
covid,S0_A0_realism_only,etilismo,comorb_hipertensao,-0.017716414448704212,-1.7716414448704212,1.7716414448704212,0.03138713409182554
covid,S0_A0_realism_only,etilismo,comorb_ic,-0.04607460116642911,-4.607460116642911,4.607460116642911,0.21228688726455108
covid,S0_A0_realism_only,etilismo,comorb_dac,-0.04004718609295571,-4.004718609295571,4.004718609295571,0.16037771139638254
covid,S0_A0_realism_only,etilismo,comorb_fibrilacao,-0.036967452757928634,-3.6967452757928636,3.6967452757928636,0.13665925634096854
covid,S0_A0_realism_only,etilismo,comorb_avc,-0.04833938953560728,-4.833938953560728,4.833938953560728,0.23366965806751783
covid,S0_A0_realism_only,etilismo,comorb_dpoc,-0.007382934228525223,-0.7382934228525223,0.7382934228525223,0.005450771782272933
covid,S0_A0_realism_only,etilismo,comorb_asma,-0.004665582730710111,-0.4665582730710111,0.4665582730710111,0.0021767662217100415
covid,S0_A0_realism_only,etilismo,comorb_dm,-0.05317629656918725,-5.317629656918725,5.317629656918725,0.28277185168141555
covid,S0_A0_realism_only,etilismo,comorb_obesidade,-0.015531171315908499,-1.5531171315908499,1.5531171315908499,0.024121728244409894
covid,S0_A0_realism_only,etilismo,comorb_drc,-0.04715328689807059,-4.715328689807059,4.715328689807059,0.22234324652917556
covid,S0_A0_realism_only,etilismo,comorb_cancer,-0.03584127634244917,-3.584127634244917,3.584127634244917,0.12845970898558065
covid,S0_A0_realism_only,etilismo,comorb_reumatologica,-0.0053727841834422755,-0.5372784183442275,0.5372784183442275,0.002886680988184748
covid,S0_A0_realism_only,etilismo,comorb_cirrose,-0.010213776995370034,-1.0213776995370034,1.0213776995370034,0.010432124051115012
covid,S0_A0_realism_only,etilismo,comorb_hiv,-0.018199909494049444,-1.8199909494049444,1.8199909494049444,0.03312367055915911
covid,S0_A0_realism_only,etilismo,obito,-0.050413790342714704,-5.04137903427147,5.04137903427147,0.2541550256719194
covid,S0_A0_realism_only,tabagismo,motivo_cancer,-0.058466604856306434,-5.846660485630643,5.846660485630643,0.3418343883423475
covid,S0_A0_realism_only,tabagismo,motivo_msk,0.0,0.0,0.0,0.0
covid,S0_A0_realism_only,tabagismo,motivo_digestivo2,-0.045863356150799964,-4.586335615079997,4.586335615079997,0.21034474374151207
covid,S0_A0_realism_only,tabagismo,motivo_cardio2,0.07663149456559996,7.663149456559997,7.663149456559997,0.5872385959357577
covid,S0_A0_realism_only,tabagismo,motivo_procedimentos2,-0.007154555502737027,-0.7154555502737028,0.7154555502737028,0.0051187664441744675
covid,S0_A0_realism_only,tabagismo,motivo_lesao2,-0.03051109108933652,-3.051109108933652,3.051109108933652,0.09309266794617904
covid,S0_A0_realism_only,tabagismo,motivo_respiratorio,0.0,0.0,0.0,0.0
covid,S0_A0_realism_only,tabagismo,motivo_neuro,-0.05751559429976104,-5.751559429976104,5.751559429976104,0.33080435876547043
covid,S0_A0_realism_only,tabagismo,motivo_pele,-0.0008548165180249478,-0.08548165180249478,0.08548165180249478,7.30711279488296e-05
covid,S0_A0_realism_only,tabagismo,motivo_genitourinaria,-0.017550459422086346,-1.7550459422086346,1.7550459422086346,0.03080186259262994
covid,S0_A0_realism_only,tabagismo,motivo_dm,0.0,0.0,0.0,0.0
covid,S0_A0_realism_only,tabagismo,motivo_mental_subst,-0.030212211561467084,-3.0212211561467086,3.0212211561467086,0.09127777274348453
covid,S0_A0_realism_only,tabagismo,motivo_infec2,-0.017648183629799735,-1.7648183629799734,1.7648183629799734,0.031145838543113133
covid,S0_A0_realism_only,tabagismo,motivo_propedeutica,0.002281935297223392,0.2281935297223392,0.2281935297223392,0.000520722870071401
covid,S0_A0_realism_only,tabagismo,n_comorbidades,-0.050904492661274114,-5.090449266127411,5.090449266127411,0.259126737310171
covid,S0_A0_realism_only,tabagismo,comorb_hipertensao,-0.017355276934596264,-1.7355276934596264,1.7355276934596264,0.03012056374765291
covid,S0_A0_realism_only,tabagismo,comorb_ic,-0.016912544698105842,-1.6912544698105842,1.6912544698105842,0.028603416816542805
covid,S0_A0_realism_only,tabagismo,comorb_dac,0.027938535480932863,2.7938535480932862,2.7938535480932862,0.07805617648193446
covid,S0_A0_realism_only,tabagismo,comorb_fibrilacao,0.00956552715630889,0.9565527156308891,0.9565527156308891,0.009149930977808283
covid,S0_A0_realism_only,tabagismo,comorb_avc,-0.05214585139654139,-5.214585139654139,5.214585139654139,0.2719189817870178
covid,S0_A0_realism_only,tabagismo,comorb_dpoc,0.003649263461283131,0.3649263461283131,0.3649263461283131,0.0013317123809856138
covid,S0_A0_realism_only,tabagismo,comorb_asma,-0.006855659956387478,-0.6855659956387478,0.6855659956387478,0.004700007343761476
covid,S0_A0_realism_only,tabagismo,comorb_dm,-0.05818417729211715,-5.818417729211714,5.818417729211714,0.3385398487160521
covid,S0_A0_realism_only,tabagismo,comorb_obesidade,-0.007246639210587202,-0.7246639210587202,0.7246639210587202,0.005251377984841991
covid,S0_A0_realism_only,tabagismo,comorb_drc,0.007584025916910012,0.7584025916910012,0.7584025916910012,0.005751744910836275
covid,S0_A0_realism_only,tabagismo,comorb_cancer,-0.02827516152453875,-2.827516152453875,2.827516152453875,0.07994847592387565
covid,S0_A0_realism_only,tabagismo,comorb_reumatologica,-0.008891275488177131,-0.8891275488177132,0.8891275488177132,0.007905477980665947
covid,S0_A0_realism_only,tabagismo,comorb_cirrose,0.005206872048827695,0.5206872048827695,0.5206872048827695,0.002711151653286312
covid,S0_A0_realism_only,tabagismo,comorb_hiv,0.009439425179426416,0.9439425179426416,0.9439425179426416,0.008910274771798943
covid,S0_A0_realism_only,tabagismo,obito,0.009781955689770421,0.9781955689770422,0.9781955689770422,0.009568665711663192
covid,S0_A0_realism_only,motivo_cancer,motivo_msk,0.0,0.0,0.0,0.0
covid,S0_A0_realism_only,motivo_cancer,motivo_digestivo2,-0.03945983100857338,-3.945983100857338,3.945983100857338,0.15570782632251692
covid,S0_A0_realism_only,motivo_cancer,motivo_cardio2,-0.05992017966427012,-5.992017966427012,5.992017966427012,0.35904279309984105
covid,S0_A0_realism_only,motivo_cancer,motivo_procedimentos2,-0.028606996241053118,-2.8606996241053118,2.8606996241053118,0.08183602339356272
covid,S0_A0_realism_only,motivo_cancer,motivo_lesao2,-0.0393077034916267,-3.9307703491626698,3.9307703491626698,0.15450955537856417
covid,S0_A0_realism_only,motivo_cancer,motivo_respiratorio,0.0,0.0,0.0,0.0
covid,S0_A0_realism_only,motivo_cancer,motivo_neuro,-0.02279468539345777,-2.279468539345777,2.279468539345777,0.051959768218671695
covid,S0_A0_realism_only,motivo_cancer,motivo_pele,-0.007457330118916905,-0.7457330118916905,0.7457330118916905,0.005561177250250521
covid,S0_A0_realism_only,motivo_cancer,motivo_genitourinaria,-0.01682412051792147,-1.682412051792147,1.682412051792147,0.02830510312015462
covid,S0_A0_realism_only,motivo_cancer,motivo_dm,0.0,0.0,0.0,0.0
covid,S0_A0_realism_only,motivo_cancer,motivo_mental_subst,-0.00633879234145821,-0.633879234145821,0.633879234145821,0.004018028834812925
covid,S0_A0_realism_only,motivo_cancer,motivo_infec2,-0.05220713887070085,-5.220713887070085,5.220713887070085,0.27255853490646437
covid,S0_A0_realism_only,motivo_cancer,motivo_propedeutica,-0.004224789199740725,-0.42247891997407255,0.42247891997407255,0.001784884378224588
covid,S0_A0_realism_only,motivo_cancer,n_comorbidades,0.03772606473438929,3.772606473438929,3.772606473438929,0.14232559603433312
covid,S0_A0_realism_only,motivo_cancer,comorb_hipertensao,-0.011344866051443202,-1.1344866051443203,1.1344866051443203,0.012870598572518847
covid,S0_A0_realism_only,motivo_cancer,comorb_ic,0.02771939106470563,2.7719391064705627,2.7719391064705627,0.07683646409980822
covid,S0_A0_realism_only,motivo_cancer,comorb_dac,-0.02426640241752459,-2.426640241752459,2.426640241752459,0.05888582862892433
covid,S0_A0_realism_only,motivo_cancer,comorb_fibrilacao,-0.014196143941522549,-1.419614394152255,1.419614394152255,0.020153050280842737
covid,S0_A0_realism_only,motivo_cancer,comorb_avc,-0.023606332812822726,-2.3606332812822726,2.3606332812822726,0.055725894886975096
covid,S0_A0_realism_only,motivo_cancer,comorb_dpoc,-0.0027593623450609594,-0.27593623450609595,0.27593623450609595,0.0007614080551340318
covid,S0_A0_realism_only,motivo_cancer,comorb_asma,-0.0018522488956273138,-0.18522488956273137,0.18522488956273137,0.0003430825971352603
covid,S0_A0_realism_only,motivo_cancer,comorb_dm,0.011769377083106328,1.176937708310633,1.176937708310633,0.013851823692434843
covid,S0_A0_realism_only,motivo_cancer,comorb_obesidade,-0.013554714017692968,-1.3554714017692968,1.3554714017692968,0.018373027210144225
covid,S0_A0_realism_only,motivo_cancer,comorb_drc,-0.01739712613685975,-1.739712613685975,1.739712613685975,0.030265999782180867
covid,S0_A0_realism_only,motivo_cancer,comorb_cancer,0.09132360456567565,9.132360456567564,9.132360456567564,0.8340000750867894
covid,S0_A0_realism_only,motivo_cancer,comorb_reumatologica,-0.0018592789348192546,-0.18592789348192545,0.18592789348192545,0.0003456918157462622
covid,S0_A0_realism_only,motivo_cancer,comorb_cirrose,-0.0029246017748926607,-0.29246017748926606,0.29246017748926606,0.0008553295541705302
covid,S0_A0_realism_only,motivo_cancer,comorb_hiv,-0.007484930620100513,-0.7484930620100514,0.7484930620100514,0.005602418638771825
covid,S0_A0_realism_only,motivo_cancer,obito,0.030053845815044406,3.0053845815044404,3.0053845815044404,0.09032336482744621
covid,S0_A0_realism_only,motivo_msk,motivo_digestivo2,0.0,0.0,0.0,0.0
covid,S0_A0_realism_only,motivo_msk,motivo_cardio2,0.0,0.0,0.0,0.0
covid,S0_A0_realism_only,motivo_msk,motivo_procedimentos2,0.0,0.0,0.0,0.0
covid,S0_A0_realism_only,motivo_msk,motivo_lesao2,0.0,0.0,0.0,0.0
covid,S0_A0_realism_only,motivo_msk,motivo_respiratorio,0.0,0.0,0.0,0.0
covid,S0_A0_realism_only,motivo_msk,motivo_neuro,0.0,0.0,0.0,0.0
covid,S0_A0_realism_only,motivo_msk,motivo_pele,0.0,0.0,0.0,0.0
covid,S0_A0_realism_only,motivo_msk,motivo_genitourinaria,0.0,0.0,0.0,0.0
covid,S0_A0_realism_only,motivo_msk,motivo_dm,0.0,0.0,0.0,0.0
covid,S0_A0_realism_only,motivo_msk,motivo_mental_subst,0.0,0.0,0.0,0.0
covid,S0_A0_realism_only,motivo_msk,motivo_infec2,0.0,0.0,0.0,0.0
covid,S0_A0_realism_only,motivo_msk,motivo_propedeutica,0.0,0.0,0.0,0.0
covid,S0_A0_realism_only,motivo_msk,n_comorbidades,0.0,0.0,0.0,0.0
covid,S0_A0_realism_only,motivo_msk,comorb_hipertensao,0.0,0.0,0.0,0.0
covid,S0_A0_realism_only,motivo_msk,comorb_ic,0.0,0.0,0.0,0.0
covid,S0_A0_realism_only,motivo_msk,comorb_dac,0.0,0.0,0.0,0.0
covid,S0_A0_realism_only,motivo_msk,comorb_fibrilacao,0.0,0.0,0.0,0.0
covid,S0_A0_realism_only,motivo_msk,comorb_avc,0.0,0.0,0.0,0.0
covid,S0_A0_realism_only,motivo_msk,comorb_dpoc,0.0,0.0,0.0,0.0
covid,S0_A0_realism_only,motivo_msk,comorb_asma,0.0,0.0,0.0,0.0
covid,S0_A0_realism_only,motivo_msk,comorb_dm,0.0,0.0,0.0,0.0
covid,S0_A0_realism_only,motivo_msk,comorb_obesidade,0.0,0.0,0.0,0.0
covid,S0_A0_realism_only,motivo_msk,comorb_drc,0.0,0.0,0.0,0.0
covid,S0_A0_realism_only,motivo_msk,comorb_cancer,0.0,0.0,0.0,0.0
covid,S0_A0_realism_only,motivo_msk,comorb_reumatologica,0.0,0.0,0.0,0.0
covid,S0_A0_realism_only,motivo_msk,comorb_cirrose,0.0,0.0,0.0,0.0
covid,S0_A0_realism_only,motivo_msk,comorb_hiv,0.0,0.0,0.0,0.0
covid,S0_A0_realism_only,motivo_msk,obito,0.0,0.0,0.0,0.0
covid,S0_A0_realism_only,motivo_digestivo2,motivo_cardio2,-0.10801122750952055,-10.801122750952056,10.801122750952056,1.166642526811341
covid,S0_A0_realism_only,motivo_digestivo2,motivo_procedimentos2,-0.07170188221952009,-7.170188221952009,7.170188221952009,0.5141159913821931
covid,S0_A0_realism_only,motivo_digestivo2,motivo_lesao2,-0.06652306773288669,-6.652306773288669,6.652306773288669,0.442531854059423
covid,S0_A0_realism_only,motivo_digestivo2,motivo_respiratorio,0.0,0.0,0.0,0.0
covid,S0_A0_realism_only,motivo_digestivo2,motivo_neuro,-0.05653421387761091,-5.653421387761091,5.653421387761091,0.3196117338759454
covid,S0_A0_realism_only,motivo_digestivo2,motivo_pele,-0.01688465273373324,-1.688465273373324,1.688465273373324,0.028509149793876542
covid,S0_A0_realism_only,motivo_digestivo2,motivo_genitourinaria,-0.03912468926239912,-3.912468926239912,3.912468926239912,0.1530741309879289
covid,S0_A0_realism_only,motivo_digestivo2,motivo_dm,0.0,0.0,0.0,0.0
covid,S0_A0_realism_only,motivo_digestivo2,motivo_mental_subst,-0.012751895192388552,-1.2751895192388552,1.2751895192388552,0.016261083099766226
covid,S0_A0_realism_only,motivo_digestivo2,motivo_infec2,-0.09336259011671115,-9.336259011671116,9.336259011671116,0.871657323330101
covid,S0_A0_realism_only,motivo_digestivo2,motivo_propedeutica,-0.010983462436782875,-1.0983462436782876,1.0983462436782876,0.012063644710022041
covid,S0_A0_realism_only,motivo_digestivo2,n_comorbidades,0.02853782579020101,2.853782579020101,2.853782579020101,0.0814407500831862
covid,S0_A0_realism_only,motivo_digestivo2,comorb_hipertensao,-0.022445456129310152,-2.2445456129310153,2.2445456129310153,0.05037985008527866
covid,S0_A0_realism_only,motivo_digestivo2,comorb_ic,-0.003325589224402299,-0.3325589224402299,0.3325589224402299,0.0011059543689460687
covid,S0_A0_realism_only,motivo_digestivo2,comorb_dac,-0.021385652586319227,-2.138565258631923,2.138565258631923,0.045734613654274225
covid,S0_A0_realism_only,motivo_digestivo2,comorb_fibrilacao,-0.03289295239235472,-3.289295239235472,3.289295239235472,0.10819463170857141
covid,S0_A0_realism_only,motivo_digestivo2,comorb_avc,-0.006457646604967141,-0.6457646604967141,0.6457646604967141,0.004170119967464364
covid,S0_A0_realism_only,motivo_digestivo2,comorb_dpoc,-0.008802383591218885,-0.8802383591218885,0.8802383591218885,0.007748195688695948
covid,S0_A0_realism_only,motivo_digestivo2,comorb_asma,-0.0040119300842098565,-0.40119300842098565,0.40119300842098565,0.0016095583000588108
covid,S0_A0_realism_only,motivo_digestivo2,comorb_dm,-0.03343572119233682,-3.343572119233682,3.343572119233682,0.11179474516516816
covid,S0_A0_realism_only,motivo_digestivo2,comorb_obesidade,0.011492774889549456,1.1492774889549455,1.1492774889549455,0.01320838746618585
covid,S0_A0_realism_only,motivo_digestivo2,comorb_drc,0.017917083356660958,1.7917083356660959,1.7917083356660959,0.03210218760095371
covid,S0_A0_realism_only,motivo_digestivo2,comorb_cancer,0.07670200230053856,7.670200230053855,7.670200230053855,0.5883197156911821
covid,S0_A0_realism_only,motivo_digestivo2,comorb_reumatologica,-0.003394221166510654,-0.3394221166510654,0.3394221166510654,0.0011520737327188944
covid,S0_A0_realism_only,motivo_digestivo2,comorb_cirrose,0.08013040853646827,8.013040853646828,8.013040853646828,0.6420882372221308
covid,S0_A0_realism_only,motivo_digestivo2,comorb_hiv,-0.016457932800113487,-1.6457932800113488,1.6457932800113488,0.027086355205305137
covid,S0_A0_realism_only,motivo_digestivo2,obito,-0.010459308539599033,-1.0459308539599033,1.0459308539599033,0.010939713512652926
covid,S0_A0_realism_only,motivo_cardio2,motivo_procedimentos2,-0.0832315419142521,-8.32315419142521,8.32315419142521,0.6927489569423904
covid,S0_A0_realism_only,motivo_cardio2,motivo_lesao2,-0.11087866413438556,-11.087866413438556,11.087866413438556,1.2294078160225879
covid,S0_A0_realism_only,motivo_cardio2,motivo_respiratorio,0.0,0.0,0.0,0.0
covid,S0_A0_realism_only,motivo_cardio2,motivo_neuro,-0.052773213663510975,-5.277321366351098,5.277321366351098,0.27850120803745815
covid,S0_A0_realism_only,motivo_cardio2,motivo_pele,-0.020393479680963576,-2.0393479680963575,2.0393479680963575,0.041589401349787426
covid,S0_A0_realism_only,motivo_cardio2,motivo_genitourinaria,-0.052815495609491434,-5.281549560949143,5.281549560949143,0.27894765764762086
covid,S0_A0_realism_only,motivo_cardio2,motivo_dm,0.0,0.0,0.0,0.0
covid,S0_A0_realism_only,motivo_cardio2,motivo_mental_subst,-0.03093674066780506,-3.093674066780506,3.093674066780506,0.09570819231470233
covid,S0_A0_realism_only,motivo_cardio2,motivo_infec2,-0.17640637632106973,-17.640637632106973,17.640637632106973,3.1119209606730873
covid,S0_A0_realism_only,motivo_cardio2,motivo_propedeutica,-0.024041535835077794,-2.4041535835077794,2.4041535835077794,0.05779954453093297
covid,S0_A0_realism_only,motivo_cardio2,n_comorbidades,0.05765954259475202,5.765954259475202,5.765954259475202,0.3324622852236022
covid,S0_A0_realism_only,motivo_cardio2,comorb_hipertensao,-0.03275504564811811,-3.2755045648118113,3.2755045648118113,0.10728930154103011
covid,S0_A0_realism_only,motivo_cardio2,comorb_ic,0.0466473239013385,4.66473239013385,4.66473239013385,0.21759728271563863
covid,S0_A0_realism_only,motivo_cardio2,comorb_dac,0.06952804307646435,6.952804307646435,6.952804307646435,0.48341487740426814
covid,S0_A0_realism_only,motivo_cardio2,comorb_fibrilacao,0.05550490976483513,5.550490976483513,5.550490976483513,0.308079500800249
covid,S0_A0_realism_only,motivo_cardio2,comorb_avc,0.028684518101311375,2.8684518101311376,2.8684518101311376,0.082280157870446
covid,S0_A0_realism_only,motivo_cardio2,comorb_dpoc,-0.011880750317271524,-1.1880750317271525,1.1880750317271525,0.014115222810134742
covid,S0_A0_realism_only,motivo_cardio2,comorb_asma,-0.008703333362263858,-0.8703333362263859,0.8703333362263859,0.007574801161469512
covid,S0_A0_realism_only,motivo_cardio2,comorb_dm,0.09060421122286336,9.060421122286336,9.060421122286336,0.8209123091317239
covid,S0_A0_realism_only,motivo_cardio2,comorb_obesidade,-0.016137103468641195,-1.6137103468641194,1.6137103468641194,0.02604061083576317
covid,S0_A0_realism_only,motivo_cardio2,comorb_drc,0.056097695647384614,5.609769564738461,5.609769564738461,0.31469514569465945
covid,S0_A0_realism_only,motivo_cardio2,comorb_cancer,-0.07071604719603113,-7.071604719603113,7.071604719603113,0.5000759331031301
covid,S0_A0_realism_only,motivo_cardio2,comorb_reumatologica,-0.007239042520545305,-0.7239042520545305,0.7239042520545305,0.005240373661426292
covid,S0_A0_realism_only,motivo_cardio2,comorb_cirrose,-0.014124473756302769,-1.412447375630277,1.412447375630277,0.019950075889248565
covid,S0_A0_realism_only,motivo_cardio2,comorb_hiv,-0.03301861925200643,-3.301861925200643,3.301861925200643,0.10902292173089695
covid,S0_A0_realism_only,motivo_cardio2,obito,0.014019244093217687,1.4019244093217686,1.4019244093217686,0.0196539204945219
covid,S0_A0_realism_only,motivo_procedimentos2,motivo_lesao2,-0.07140733711194922,-7.140733711194922,7.140733711194922,0.5099007793419559
covid,S0_A0_realism_only,motivo_procedimentos2,motivo_respiratorio,0.0,0.0,0.0,0.0
covid,S0_A0_realism_only,motivo_procedimentos2,motivo_neuro,-0.04065728309116704,-4.065728309116704,4.065728309116704,0.16530146683552974
covid,S0_A0_realism_only,motivo_procedimentos2,motivo_pele,-0.011677471778031582,-1.1677471778031583,1.1677471778031583,0.013636334712672405
covid,S0_A0_realism_only,motivo_procedimentos2,motivo_genitourinaria,-0.030385559474383587,-3.0385559474383586,3.0385559474383586,0.09232822245713022
covid,S0_A0_realism_only,motivo_procedimentos2,motivo_dm,0.0,0.0,0.0,0.0
covid,S0_A0_realism_only,motivo_procedimentos2,motivo_mental_subst,-0.009322906453785123,-0.9322906453785123,0.9322906453785123,0.008691658474602829
covid,S0_A0_realism_only,motivo_procedimentos2,motivo_infec2,-0.08768220394923429,-8.768220394923429,8.768220394923429,0.7688168889395117
covid,S0_A0_realism_only,motivo_procedimentos2,motivo_propedeutica,-0.007695482729017339,-0.7695482729017339,0.7695482729017339,0.005922045443260415
covid,S0_A0_realism_only,motivo_procedimentos2,n_comorbidades,-0.032936940795298686,-3.2936940795298684,3.2936940795298684,0.10848420689530108
covid,S0_A0_realism_only,motivo_procedimentos2,comorb_hipertensao,-0.05215708937499354,-5.215708937499354,5.215708937499354,0.2720361972071064
covid,S0_A0_realism_only,motivo_procedimentos2,comorb_ic,-0.03329670953396781,-3.3296709533967808,3.3296709533967808,0.11086708657894227
covid,S0_A0_realism_only,motivo_procedimentos2,comorb_dac,-0.04373486997212093,-4.373486997212093,4.373486997212093,0.1912738851478325
covid,S0_A0_realism_only,motivo_procedimentos2,comorb_fibrilacao,-0.023894015122982174,-2.3894015122982175,2.3894015122982175,0.05709239586973009
covid,S0_A0_realism_only,motivo_procedimentos2,comorb_avc,-0.04286466112530804,-4.286466112530804,4.286466112530804,0.18373791733874945
covid,S0_A0_realism_only,motivo_procedimentos2,comorb_dpoc,0.09235721594597313,9.235721594597312,9.235721594597312,0.8529855337291112
covid,S0_A0_realism_only,motivo_procedimentos2,comorb_asma,-0.0021470031642153386,-0.21470031642153387,0.21470031642153387,0.0004609622587150676
covid,S0_A0_realism_only,motivo_procedimentos2,comorb_dm,-0.019028321244626244,-1.9028321244626243,1.9028321244626243,0.03620770093886944
covid,S0_A0_realism_only,motivo_procedimentos2,comorb_obesidade,-0.022628644657801643,-2.262864465780164,2.262864465780164,0.051205555904905484
covid,S0_A0_realism_only,motivo_procedimentos2,comorb_drc,0.017300171088715198,1.7300171088715197,1.7300171088715197,0.02992959196988172
covid,S0_A0_realism_only,motivo_procedimentos2,comorb_cancer,0.06804238798957804,6.804238798957804,6.804238798957804,0.4629766563324274
covid,S0_A0_realism_only,motivo_procedimentos2,comorb_reumatologica,-0.0022903432756544865,-0.22903432756544864,0.22903432756544864,0.0005245672320335723
covid,S0_A0_realism_only,motivo_procedimentos2,comorb_cirrose,-0.005064583058055487,-0.5064583058055486,0.5064583058055486,0.0025650001551942667
covid,S0_A0_realism_only,motivo_procedimentos2,comorb_hiv,-0.012048015020006662,-1.2048015020006662,1.2048015020006662,0.014515466592230611
covid,S0_A0_realism_only,motivo_procedimentos2,obito,0.058435681185286484,5.8435681185286485,5.8435681185286485,0.3414728835588445
covid,S0_A0_realism_only,motivo_lesao2,motivo_respiratorio,0.0,0.0,0.0,0.0
covid,S0_A0_realism_only,motivo_lesao2,motivo_neuro,-0.04084346989947245,-4.084346989947245,4.084346989947245,0.1668189033429112
covid,S0_A0_realism_only,motivo_lesao2,motivo_pele,-0.018242718677451294,-1.8242718677451295,1.8242718677451295,0.03327967847446303
covid,S0_A0_realism_only,motivo_lesao2,motivo_genitourinaria,-0.042206494749210025,-4.220649474921003,4.220649474921003,0.17813881990150934
covid,S0_A0_realism_only,motivo_lesao2,motivo_dm,0.0,0.0,0.0,0.0
covid,S0_A0_realism_only,motivo_lesao2,motivo_mental_subst,-0.015499496145746005,-1.5499496145746006,1.5499496145746006,0.024023438077199526
covid,S0_A0_realism_only,motivo_lesao2,motivo_infec2,-0.1019732622326636,-10.19732622326636,10.19732622326636,1.0398546210371578
covid,S0_A0_realism_only,motivo_lesao2,motivo_propedeutica,-0.01251046715143617,-1.251046715143617,1.251046715143617,0.015651178834716346
covid,S0_A0_realism_only,motivo_lesao2,n_comorbidades,-0.016312605982360014,-1.6312605982360013,1.6312605982360013,0.02661011139357277
covid,S0_A0_realism_only,motivo_lesao2,comorb_hipertensao,0.0022234729627485304,0.22234729627485303,0.22234729627485303,0.0004943832016073728
covid,S0_A0_realism_only,motivo_lesao2,comorb_ic,-0.04717727137264591,-4.717727137264591,4.717727137264591,0.22256949341682752
covid,S0_A0_realism_only,motivo_lesao2,comorb_dac,-0.05985502948097916,-5.985502948097916,5.985502948097916,0.3582624554168885
covid,S0_A0_realism_only,motivo_lesao2,comorb_fibrilacao,-0.033597388701677805,-3.3597388701677806,3.3597388701677806,0.11287845275716275
covid,S0_A0_realism_only,motivo_lesao2,comorb_avc,-0.028265779377951994,-2.826577937795199,2.826577937795199,0.07989542838430562
covid,S0_A0_realism_only,motivo_lesao2,comorb_dpoc,-0.007254380769948847,-0.7254380769948847,0.7254380769948847,0.005262604035540363
covid,S0_A0_realism_only,motivo_lesao2,comorb_asma,-0.003750207005930082,-0.37502070059300824,0.37502070059300824,0.001406405258732707
covid,S0_A0_realism_only,motivo_lesao2,comorb_dm,-0.014949769544716393,-1.4949769544716394,1.4949769544716394,0.02234956094401298
covid,S0_A0_realism_only,motivo_lesao2,comorb_obesidade,0.0394545102389998,3.9454510238999796,3.9454510238999796,0.15566583781993398
covid,S0_A0_realism_only,motivo_lesao2,comorb_drc,-0.042832475585782986,-4.2832475585782985,4.2832475585782985,0.18346209648066955
covid,S0_A0_realism_only,motivo_lesao2,comorb_cancer,-0.026975938786782137,-2.6975938786782137,2.6975938786782137,0.07277012734282169
covid,S0_A0_realism_only,motivo_lesao2,comorb_reumatologica,0.04560921509139499,4.560921509139499,4.560921509139499,0.20802005012531327
covid,S0_A0_realism_only,motivo_lesao2,comorb_cirrose,-0.007061992757345881,-0.7061992757345881,0.7061992757345881,0.004987174170480568
covid,S0_A0_realism_only,motivo_lesao2,comorb_hiv,-0.017095363899296206,-1.7095363899296205,1.7095363899296205,0.029225146684936
covid,S0_A0_realism_only,motivo_lesao2,obito,-0.07731164094357983,-7.7311640943579825,7.7311640943579825,0.5977089825389008
covid,S0_A0_realism_only,motivo_respiratorio,motivo_neuro,0.0,0.0,0.0,0.0
covid,S0_A0_realism_only,motivo_respiratorio,motivo_pele,0.0,0.0,0.0,0.0
covid,S0_A0_realism_only,motivo_respiratorio,motivo_genitourinaria,0.0,0.0,0.0,0.0
covid,S0_A0_realism_only,motivo_respiratorio,motivo_dm,0.0,0.0,0.0,0.0
covid,S0_A0_realism_only,motivo_respiratorio,motivo_mental_subst,0.0,0.0,0.0,0.0
covid,S0_A0_realism_only,motivo_respiratorio,motivo_infec2,0.0,0.0,0.0,0.0
covid,S0_A0_realism_only,motivo_respiratorio,motivo_propedeutica,0.0,0.0,0.0,0.0
covid,S0_A0_realism_only,motivo_respiratorio,n_comorbidades,0.0,0.0,0.0,0.0
covid,S0_A0_realism_only,motivo_respiratorio,comorb_hipertensao,0.0,0.0,0.0,0.0
covid,S0_A0_realism_only,motivo_respiratorio,comorb_ic,0.0,0.0,0.0,0.0
covid,S0_A0_realism_only,motivo_respiratorio,comorb_dac,0.0,0.0,0.0,0.0
covid,S0_A0_realism_only,motivo_respiratorio,comorb_fibrilacao,0.0,0.0,0.0,0.0
covid,S0_A0_realism_only,motivo_respiratorio,comorb_avc,0.0,0.0,0.0,0.0
covid,S0_A0_realism_only,motivo_respiratorio,comorb_dpoc,0.0,0.0,0.0,0.0
covid,S0_A0_realism_only,motivo_respiratorio,comorb_asma,0.0,0.0,0.0,0.0
covid,S0_A0_realism_only,motivo_respiratorio,comorb_dm,0.0,0.0,0.0,0.0
covid,S0_A0_realism_only,motivo_respiratorio,comorb_obesidade,0.0,0.0,0.0,0.0
covid,S0_A0_realism_only,motivo_respiratorio,comorb_drc,0.0,0.0,0.0,0.0
covid,S0_A0_realism_only,motivo_respiratorio,comorb_cancer,0.0,0.0,0.0,0.0
covid,S0_A0_realism_only,motivo_respiratorio,comorb_reumatologica,0.0,0.0,0.0,0.0
covid,S0_A0_realism_only,motivo_respiratorio,comorb_cirrose,0.0,0.0,0.0,0.0
covid,S0_A0_realism_only,motivo_respiratorio,comorb_hiv,0.0,0.0,0.0,0.0
covid,S0_A0_realism_only,motivo_respiratorio,obito,0.0,0.0,0.0,0.0
covid,S0_A0_realism_only,motivo_neuro,motivo_pele,-0.010087947023852913,-1.0087947023852912,1.0087947023852912,0.010176667515606284
covid,S0_A0_realism_only,motivo_neuro,motivo_genitourinaria,-0.022458816248248227,-2.245881624824823,2.245881624824823,0.05043984272725785
covid,S0_A0_realism_only,motivo_neuro,motivo_dm,0.0,0.0,0.0,0.0
covid,S0_A0_realism_only,motivo_neuro,motivo_mental_subst,-0.00760610701144906,-0.760610701144906,0.760610701144906,0.005785286386961456
covid,S0_A0_realism_only,motivo_neuro,motivo_infec2,-0.07505702903651369,-7.505702903651369,7.505702903651369,0.5633557607788059
covid,S0_A0_realism_only,motivo_neuro,motivo_propedeutica,-0.006340946351313067,-0.6340946351313067,0.6340946351313067,0.004020760063023049
covid,S0_A0_realism_only,motivo_neuro,n_comorbidades,0.025766143997536694,2.5766143997536695,2.5766143997536695,0.06638941765017962
covid,S0_A0_realism_only,motivo_neuro,comorb_hipertensao,0.0013442003285448812,0.13442003285448811,0.13442003285448811,0.00018068745232601666
covid,S0_A0_realism_only,motivo_neuro,comorb_ic,-0.026627486064606604,-2.6627486064606605,2.6627486064606605,0.0709023014120819
covid,S0_A0_realism_only,motivo_neuro,comorb_dac,-0.03401216601871858,-3.401216601871858,3.401216601871858,0.11568274372848748
covid,S0_A0_realism_only,motivo_neuro,comorb_fibrilacao,-0.019017747605391207,-1.9017747605391206,1.9017747605391206,0.036167472398236304
covid,S0_A0_realism_only,motivo_neuro,comorb_avc,0.024189077426871465,2.4189077426871464,2.4189077426871464,0.05851114667631826
covid,S0_A0_realism_only,motivo_neuro,comorb_dpoc,-0.004837852368644326,-0.4837852368644326,0.4837852368644326,0.002340481554079752
covid,S0_A0_realism_only,motivo_neuro,comorb_asma,-0.0024097085133834655,-0.24097085133834656,0.24097085133834656,0.0005806695119472752
covid,S0_A0_realism_only,motivo_neuro,comorb_dm,0.026139261306834048,2.6139261306834047,2.6139261306834047,0.06832609816669516
covid,S0_A0_realism_only,motivo_neuro,comorb_obesidade,-0.017260924248614463,-1.7260924248614462,1.7260924248614462,0.029793950591640674
covid,S0_A0_realism_only,motivo_neuro,comorb_drc,1.2532545568853804e-05,0.0012532545568853803,0.0012532545568853803,1.5706469843539713e-08
covid,S0_A0_realism_only,motivo_neuro,comorb_cancer,-0.029118021515077912,-2.911802151507791,2.911802151507791,0.08478591769525401
covid,S0_A0_realism_only,motivo_neuro,comorb_reumatologica,-0.0021551836754420406,-0.21551836754420406,0.21551836754420406,0.0004644816674891863
covid,S0_A0_realism_only,motivo_neuro,comorb_cirrose,-0.004574109859764204,-0.4574109859764204,0.4574109859764204,0.0020922481009192106
covid,S0_A0_realism_only,motivo_neuro,comorb_hiv,-0.009500663684153624,-0.9500663684153624,0.9500663684153624,0.00902626104393955
covid,S0_A0_realism_only,motivo_neuro,obito,-0.029482115370414935,-2.9482115370414936,2.9482115370414936,0.08691951267144565
covid,S0_A0_realism_only,motivo_pele,motivo_genitourinaria,-0.008086718835154121,-0.8086718835154121,0.8086718835154121,0.006539502151883642
covid,S0_A0_realism_only,motivo_pele,motivo_dm,0.0,0.0,0.0,0.0
covid,S0_A0_realism_only,motivo_pele,motivo_mental_subst,-0.0036665559769269813,-0.3666555976926981,0.3666555976926981,0.0013443632731938969
covid,S0_A0_realism_only,motivo_pele,motivo_infec2,-0.023987065316692254,-2.3987065316692253,2.3987065316692253,0.057537930250726045
covid,S0_A0_realism_only,motivo_pele,motivo_propedeutica,-0.0022528230689082256,-0.22528230689082257,0.22528230689082257,0.0005075211779805075
covid,S0_A0_realism_only,motivo_pele,n_comorbidades,-0.022509693978212862,-2.250969397821286,2.250969397821286,0.05066863229927923
covid,S0_A0_realism_only,motivo_pele,comorb_hipertensao,0.04947044612737018,4.947044612737018,4.947044612737018,0.24473250400410348
covid,S0_A0_realism_only,motivo_pele,comorb_ic,-0.0101718428045687,-1.01718428045687,1.01718428045687,0.010346638604085603
covid,S0_A0_realism_only,motivo_pele,comorb_dac,-0.010476014071092095,-1.0476014071092095,1.0476014071092095,0.010974687081771956
covid,S0_A0_realism_only,motivo_pele,comorb_fibrilacao,-0.006376047573745403,-0.6376047573745403,0.6376047573745403,0.004065398266266463
covid,S0_A0_realism_only,motivo_pele,comorb_avc,-0.010073284708345643,-1.0073284708345642,1.0073284708345642,0.010147106481539016
covid,S0_A0_realism_only,motivo_pele,comorb_dpoc,-0.0007518796992481202,-0.07518796992481203,0.07518796992481203,5.653230821414437e-05
covid,S0_A0_realism_only,motivo_pele,comorb_asma,-0.000749063670411985,-0.0749063670411985,0.0749063670411985,5.610963823310749e-05
covid,S0_A0_realism_only,motivo_pele,comorb_dm,-0.013217232629095476,-1.3217232629095477,1.3217232629095477,0.01746952383716261
covid,S0_A0_realism_only,motivo_pele,comorb_obesidade,-0.005443136718598829,-0.5443136718598829,0.5443136718598829,0.002962773733735883
covid,S0_A0_realism_only,motivo_pele,comorb_drc,-0.007931167266747419,-0.7931167266747419,0.7931167266747419,0.006290341421312571
covid,S0_A0_realism_only,motivo_pele,comorb_cancer,-0.009431798684336048,-0.9431798684336048,0.9431798684336048,0.00889588264218432
covid,S0_A0_realism_only,motivo_pele,comorb_reumatologica,-0.0013072174640400053,-0.13072174640400053,0.13072174640400053,0.00017088174982911824
covid,S0_A0_realism_only,motivo_pele,comorb_cirrose,-0.0020590971632881254,-0.20590971632881255,0.20590971632881255,0.00042398811278612054
covid,S0_A0_realism_only,motivo_pele,comorb_hiv,-0.0031204225302016433,-0.3120422530201643,0.3120422530201643,0.0009737036766990026
covid,S0_A0_realism_only,motivo_pele,obito,0.023142992424688043,2.3142992424688043,2.3142992424688043,0.053559809836916814
covid,S0_A0_realism_only,motivo_genitourinaria,motivo_dm,0.0,0.0,0.0,0.0
covid,S0_A0_realism_only,motivo_genitourinaria,motivo_mental_subst,-0.007239343978826272,-0.7239343978826273,0.7239343978826273,0.00524081012437682
covid,S0_A0_realism_only,motivo_genitourinaria,motivo_infec2,-0.05351731696856714,-5.351731696856714,5.351731696856714,0.28641032155140844
covid,S0_A0_realism_only,motivo_genitourinaria,motivo_propedeutica,-0.004104729786139878,-0.4104729786139878,0.4104729786139878,0.0016848806617223927
covid,S0_A0_realism_only,motivo_genitourinaria,n_comorbidades,0.02492202867244218,2.492202867244218,2.492202867244218,0.062110751315003015
covid,S0_A0_realism_only,motivo_genitourinaria,comorb_hipertensao,0.030936582030603323,3.093658203060332,3.093658203060332,0.09570721077362485
covid,S0_A0_realism_only,motivo_genitourinaria,comorb_ic,-0.022008910607535168,-2.200891060753517,2.200891060753517,0.048439214613047406
covid,S0_A0_realism_only,motivo_genitourinaria,comorb_dac,-0.024685374982280954,-2.468537498228095,2.468537498228095,0.06093677380158224
covid,S0_A0_realism_only,motivo_genitourinaria,comorb_fibrilacao,-0.014286952260800082,-1.428695226080008,1.428695226080008,0.020411700490238056
covid,S0_A0_realism_only,motivo_genitourinaria,comorb_avc,-0.002426598039033859,-0.2426598039033859,0.2426598039033859,0.0005888378043042969
covid,S0_A0_realism_only,motivo_genitourinaria,comorb_dpoc,-0.0027593623450609594,-0.27593623450609595,0.27593623450609595,0.0007614080551340318
covid,S0_A0_realism_only,motivo_genitourinaria,comorb_asma,-0.000749063670411985,-0.0749063670411985,0.0749063670411985,5.610963823310749e-05
covid,S0_A0_realism_only,motivo_genitourinaria,comorb_dm,0.0664548131524592,6.64548131524592,6.64548131524592,0.4416242191128264
covid,S0_A0_realism_only,motivo_genitourinaria,comorb_obesidade,-0.01391213638378575,-1.391213638378575,1.391213638378575,0.019354753876105524
covid,S0_A0_realism_only,motivo_genitourinaria,comorb_drc,0.14922866508791233,14.922866508791232,14.922866508791232,2.2269194483920303
covid,S0_A0_realism_only,motivo_genitourinaria,comorb_cancer,-0.00011050687962452268,-0.011050687962452267,0.011050687962452267,1.2211770444348746e-06
covid,S0_A0_realism_only,motivo_genitourinaria,comorb_reumatologica,-0.0022903432756544865,-0.22903432756544864,0.22903432756544864,0.0005245672320335723
covid,S0_A0_realism_only,motivo_genitourinaria,comorb_cirrose,-0.0033556661157278928,-0.3355666115727893,0.3355666115727893,0.0011260495080244323
covid,S0_A0_realism_only,motivo_genitourinaria,comorb_hiv,-0.007336051423210044,-0.7336051423210044,0.7336051423210044,0.005381765048398211
covid,S0_A0_realism_only,motivo_genitourinaria,obito,-0.034091272371062006,-3.4091272371062007,3.4091272371062007,0.11622148518779357
covid,S0_A0_realism_only,motivo_dm,motivo_mental_subst,0.0,0.0,0.0,0.0
covid,S0_A0_realism_only,motivo_dm,motivo_infec2,0.0,0.0,0.0,0.0
covid,S0_A0_realism_only,motivo_dm,motivo_propedeutica,0.0,0.0,0.0,0.0
covid,S0_A0_realism_only,motivo_dm,n_comorbidades,0.0,0.0,0.0,0.0
covid,S0_A0_realism_only,motivo_dm,comorb_hipertensao,0.0,0.0,0.0,0.0
covid,S0_A0_realism_only,motivo_dm,comorb_ic,0.0,0.0,0.0,0.0
covid,S0_A0_realism_only,motivo_dm,comorb_dac,0.0,0.0,0.0,0.0
covid,S0_A0_realism_only,motivo_dm,comorb_fibrilacao,0.0,0.0,0.0,0.0
covid,S0_A0_realism_only,motivo_dm,comorb_avc,0.0,0.0,0.0,0.0
covid,S0_A0_realism_only,motivo_dm,comorb_dpoc,0.0,0.0,0.0,0.0
covid,S0_A0_realism_only,motivo_dm,comorb_asma,0.0,0.0,0.0,0.0
covid,S0_A0_realism_only,motivo_dm,comorb_dm,0.0,0.0,0.0,0.0
covid,S0_A0_realism_only,motivo_dm,comorb_obesidade,0.0,0.0,0.0,0.0
covid,S0_A0_realism_only,motivo_dm,comorb_drc,0.0,0.0,0.0,0.0
covid,S0_A0_realism_only,motivo_dm,comorb_cancer,0.0,0.0,0.0,0.0
covid,S0_A0_realism_only,motivo_dm,comorb_reumatologica,0.0,0.0,0.0,0.0
covid,S0_A0_realism_only,motivo_dm,comorb_cirrose,0.0,0.0,0.0,0.0
covid,S0_A0_realism_only,motivo_dm,comorb_hiv,0.0,0.0,0.0,0.0
covid,S0_A0_realism_only,motivo_dm,obito,0.0,0.0,0.0,0.0
covid,S0_A0_realism_only,motivo_mental_subst,motivo_infec2,-0.018049093468027952,-1.8049093468027952,1.8049093468027952,0.03257697750176093
covid,S0_A0_realism_only,motivo_mental_subst,motivo_propedeutica,-0.0018143865104853912,-0.18143865104853912,0.18143865104853912,0.00032919984094313546
covid,S0_A0_realism_only,motivo_mental_subst,n_comorbidades,-0.009914346727246209,-0.9914346727246208,0.9914346727246208,0.009829427102805762
covid,S0_A0_realism_only,motivo_mental_subst,comorb_hipertensao,0.009400208390388586,0.9400208390388586,0.9400208390388586,0.008836391778273197
covid,S0_A0_realism_only,motivo_mental_subst,comorb_ic,-0.008852837429278487,-0.8852837429278486,0.8852837429278486,0.007837273054923412
covid,S0_A0_realism_only,motivo_mental_subst,comorb_dac,-0.008628291839363682,-0.8628291839363682,0.8628291839363682,0.007444742006522991
covid,S0_A0_realism_only,motivo_mental_subst,comorb_fibrilacao,-0.005682579198735197,-0.5682579198735197,0.5682579198735197,0.003229170634989795
covid,S0_A0_realism_only,motivo_mental_subst,comorb_avc,-0.008471409118544092,-0.8471409118544092,0.8471409118544092,0.007176477245375199
covid,S0_A0_realism_only,motivo_mental_subst,comorb_dpoc,0.0,0.0,0.0,0.0
covid,S0_A0_realism_only,motivo_mental_subst,comorb_asma,-0.000749063670411985,-0.0749063670411985,0.0749063670411985,5.610963823310749e-05
covid,S0_A0_realism_only,motivo_mental_subst,comorb_dm,-0.016925588921561423,-1.6925588921561423,1.6925588921561423,0.028647556034168277
covid,S0_A0_realism_only,motivo_mental_subst,comorb_obesidade,-0.005501548042836744,-0.5501548042836744,0.5501548042836744,0.0030267030867640807
covid,S0_A0_realism_only,motivo_mental_subst,comorb_drc,-0.006055004437524955,-0.6055004437524955,0.6055004437524955,0.003666307873844689
covid,S0_A0_realism_only,motivo_mental_subst,comorb_cancer,-0.008342529204041601,-0.8342529204041601,0.8342529204041601,0.006959779352028699
covid,S0_A0_realism_only,motivo_mental_subst,comorb_reumatologica,-0.0010653228400734063,-0.10653228400734063,0.10653228400734063,0.00011349127535820685
covid,S0_A0_realism_only,motivo_mental_subst,comorb_cirrose,-0.0010653228400734063,-0.10653228400734063,0.10653228400734063,0.00011349127535820685
covid,S0_A0_realism_only,motivo_mental_subst,comorb_hiv,-0.0031919710470603305,-0.3191971047060331,0.3191971047060331,0.0010188679165271423
covid,S0_A0_realism_only,motivo_mental_subst,obito,-0.02697916181543747,-2.697916181543747,2.697916181543747,0.07278751722635592
covid,S0_A0_realism_only,motivo_infec2,motivo_propedeutica,-0.015435894072688966,-1.5435894072688967,1.5435894072688967,0.023826682582327438
covid,S0_A0_realism_only,motivo_infec2,n_comorbidades,-0.004636323585501583,-0.46363235855015833,0.46363235855015833,0.002149549638947826
covid,S0_A0_realism_only,motivo_infec2,comorb_hipertensao,-0.0216029834908352,-2.1602983490835204,2.1602983490835204,0.04666888957052983
covid,S0_A0_realism_only,motivo_infec2,comorb_ic,0.07960581040857323,7.960581040857323,7.960581040857323,0.6337085050805706
covid,S0_A0_realism_only,motivo_infec2,comorb_dac,0.03168365197334658,3.1683651973346576,3.1683651973346576,0.10038538023681484
covid,S0_A0_realism_only,motivo_infec2,comorb_fibrilacao,0.034678407425310295,3.4678407425310294,3.4678407425310294,0.12025919415558162
covid,S0_A0_realism_only,motivo_infec2,comorb_avc,0.016007481041633343,1.6007481041633342,1.6007481041633342,0.02562394492982509
covid,S0_A0_realism_only,motivo_infec2,comorb_dpoc,-0.01132203845756893,-1.132203845756893,1.132203845756893,0.012818855483466986
covid,S0_A0_realism_only,motivo_infec2,comorb_asma,0.030582958323414722,3.0582958323414724,3.0582958323414724,0.09353173398117218
covid,S0_A0_realism_only,motivo_infec2,comorb_dm,0.0246625190948326,2.46625190948326,2.46625190948326,0.06082398481029827
covid,S0_A0_realism_only,motivo_infec2,comorb_obesidade,0.03475198781737382,3.475198781737382,3.475198781737382,0.12077006572588983
covid,S0_A0_realism_only,motivo_infec2,comorb_drc,0.006933948086437558,0.6933948086437558,0.6933948086437558,0.0048079636065411074
covid,S0_A0_realism_only,motivo_infec2,comorb_cancer,-0.0033552923379013555,-0.33552923379013555,0.33552923379013555,0.0011257986672779544
covid,S0_A0_realism_only,motivo_infec2,comorb_reumatologica,-0.004918425770789431,-0.49184257707894313,0.49184257707894313,0.002419091206276561
covid,S0_A0_realism_only,motivo_infec2,comorb_cirrose,-0.011092847015598973,-1.1092847015598972,1.1092847015598972,0.012305125491148303
covid,S0_A0_realism_only,motivo_infec2,comorb_hiv,0.06773295334237116,6.773295334237115,6.773295334237115,0.4587752968479828
covid,S0_A0_realism_only,motivo_infec2,obito,-0.004424082076703859,-0.44240820767038586,0.44240820767038586,0.0019572502221412327
covid,S0_A0_realism_only,motivo_propedeutica,n_comorbidades,-0.02957473465223758,-2.957473465223758,2.957473465223758,0.08746649297502622
covid,S0_A0_realism_only,motivo_propedeutica,comorb_hipertensao,-0.020634510510568017,-2.0634510510568016,2.0634510510568016,0.04257830240107419
covid,S0_A0_realism_only,motivo_propedeutica,comorb_ic,-0.004612248313143009,-0.4612248313143009,0.4612248313143009,0.0021272834502090534
covid,S0_A0_realism_only,motivo_propedeutica,comorb_dac,-0.006977762759684887,-0.6977762759684887,0.6977762759684887,0.004868917313044526
covid,S0_A0_realism_only,motivo_propedeutica,comorb_fibrilacao,-0.0037467437015384734,-0.37467437015384736,0.37467437015384736,0.0014038088365018221
covid,S0_A0_realism_only,motivo_propedeutica,comorb_avc,-0.006840743789169462,-0.6840743789169462,0.6840743789169462,0.004679577558906058
covid,S0_A0_realism_only,motivo_propedeutica,comorb_dpoc,-0.0007518796992481202,-0.07518796992481203,0.07518796992481203,5.653230821414437e-05
covid,S0_A0_realism_only,motivo_propedeutica,comorb_asma,-0.000749063670411985,-0.0749063670411985,0.0749063670411985,5.610963823310749e-05
covid,S0_A0_realism_only,motivo_propedeutica,comorb_dm,-0.021698589754814333,-2.1698589754814335,2.1698589754814335,0.047082879734773354
covid,S0_A0_realism_only,motivo_propedeutica,comorb_obesidade,-0.0028138328463919006,-0.28138328463919005,0.28138328463919005,0.0007917655287433945
covid,S0_A0_realism_only,motivo_propedeutica,comorb_drc,-0.004432915955340212,-0.4432915955340212,0.4432915955340212,0.0019650743867109825
covid,S0_A0_realism_only,motivo_propedeutica,comorb_cancer,-0.005449809635321805,-0.5449809635321805,0.5449809635321805,0.002970042506124638
covid,S0_A0_realism_only,motivo_propedeutica,comorb_reumatologica,0.0,0.0,0.0,0.0
covid,S0_A0_realism_only,motivo_propedeutica,comorb_cirrose,-0.0007518796992481202,-0.07518796992481203,0.07518796992481203,5.653230821414437e-05
covid,S0_A0_realism_only,motivo_propedeutica,comorb_hiv,-0.001813205066161638,-0.1813205066161638,0.1813205066161638,0.000328771261195423
covid,S0_A0_realism_only,motivo_propedeutica,obito,0.007075467233241173,0.7075467233241173,0.7075467233241173,0.00500622365686695
covid,S0_A0_realism_only,n_comorbidades,comorb_hipertensao,0.11175527723896243,11.175527723896243,11.175527723896243,1.2489241990757354
covid,S0_A0_realism_only,n_comorbidades,comorb_ic,0.024527863276990608,2.452786327699061,2.452786327699061,0.06016160769347444
covid,S0_A0_realism_only,n_comorbidades,comorb_dac,0.11275451060526738,11.275451060526738,11.275451060526738,1.2713579661833354
covid,S0_A0_realism_only,n_comorbidades,comorb_fibrilacao,0.030140484088780044,3.0140484088780046,3.0140484088780046,0.09084487811060031
covid,S0_A0_realism_only,n_comorbidades,comorb_avc,0.07132510093557866,7.132510093557866,7.132510093557866,0.5087270023470484
covid,S0_A0_realism_only,n_comorbidades,comorb_dpoc,-0.027009711892304437,-2.7009711892304438,2.7009711892304438,0.07295245365052917
covid,S0_A0_realism_only,n_comorbidades,comorb_asma,0.0011617385652910339,0.11617385652910339,0.11617385652910339,0.00013496364940844698
covid,S0_A0_realism_only,n_comorbidades,comorb_dm,0.10085256678334523,10.085256678334522,10.085256678334522,1.0171240226789109
covid,S0_A0_realism_only,n_comorbidades,comorb_obesidade,-0.03587884990156128,-3.587884990156128,3.587884990156128,0.1287291870258764
covid,S0_A0_realism_only,n_comorbidades,comorb_drc,-0.03590061699196365,-3.590061699196365,3.590061699196365,0.12888543004036696
covid,S0_A0_realism_only,n_comorbidades,comorb_cancer,0.04883377434581556,4.883377434581556,4.883377434581556,0.2384737516858034
covid,S0_A0_realism_only,n_comorbidades,comorb_reumatologica,0.007998693574569357,0.7998693574569357,0.7998693574569357,0.006397909889985711
covid,S0_A0_realism_only,n_comorbidades,comorb_cirrose,-0.016746352356491977,-1.6746352356491978,1.6746352356491978,0.02804403172477844
covid,S0_A0_realism_only,n_comorbidades,comorb_hiv,-0.037968703532389556,-3.7968703532389556,3.7968703532389556,0.14416224479304912
covid,S0_A0_realism_only,n_comorbidades,obito,-0.024046473804994882,-2.404647380499488,2.404647380499488,0.0578232902454305
covid,S0_A0_realism_only,comorb_hipertensao,comorb_ic,0.04020039953966683,4.020039953966683,4.020039953966683,0.1616072123148845
covid,S0_A0_realism_only,comorb_hipertensao,comorb_dac,0.048216049578798284,4.821604957879829,4.821604957879829,0.23247874369851343
covid,S0_A0_realism_only,comorb_hipertensao,comorb_fibrilacao,-0.0749853883344045,-7.498538833440451,7.498538833440451,0.5622808463661447
covid,S0_A0_realism_only,comorb_hipertensao,comorb_avc,0.018057667992507184,1.8057667992507183,1.8057667992507183,0.03260793733276184
covid,S0_A0_realism_only,comorb_hipertensao,comorb_dpoc,0.014690446679794526,1.4690446679794527,1.4690446679794527,0.0215809223651886
covid,S0_A0_realism_only,comorb_hipertensao,comorb_asma,-0.014669204596711108,-1.4669204596711107,1.4669204596711107,0.021518556350017027
covid,S0_A0_realism_only,comorb_hipertensao,comorb_dm,0.13399046183055596,13.399046183055596,13.399046183055596,1.7953443861565677
covid,S0_A0_realism_only,comorb_hipertensao,comorb_obesidade,-0.059782759672544115,-5.978275967254412,5.978275967254412,0.3573978354065167
covid,S0_A0_realism_only,comorb_hipertensao,comorb_drc,-0.008138842679795852,-0.8138842679795852,0.8138842679795852,0.006624076016646652
covid,S0_A0_realism_only,comorb_hipertensao,comorb_cancer,-0.061824459685448495,-6.182445968544849,6.182445968544849,0.3822263815397646
covid,S0_A0_realism_only,comorb_hipertensao,comorb_reumatologica,0.01018530134886277,1.018530134886277,1.018530134886277,0.010374036356714574
covid,S0_A0_realism_only,comorb_hipertensao,comorb_cirrose,-0.03494490106390227,-3.494490106390227,3.494490106390227,0.12211461103659182
covid,S0_A0_realism_only,comorb_hipertensao,comorb_hiv,-0.049360396985998325,-4.936039698599832,4.936039698599832,0.24364487906153526
covid,S0_A0_realism_only,comorb_hipertensao,obito,0.002840172647806093,0.2840172647806093,0.2840172647806093,0.0008066580669345872
covid,S0_A0_realism_only,comorb_ic,comorb_dac,0.04182743771131424,4.182743771131424,4.182743771131424,0.17495345454938727
covid,S0_A0_realism_only,comorb_ic,comorb_fibrilacao,-0.017161308862928396,-1.7161308862928395,1.7161308862928395,0.02945105218888247
covid,S0_A0_realism_only,comorb_ic,comorb_avc,-0.027519741920259695,-2.7519741920259695,2.7519741920259695,0.07573361953576989
covid,S0_A0_realism_only,comorb_ic,comorb_dpoc,-0.002577634493680846,-0.2577634493680846,0.2577634493680846,0.000664419958301331
covid,S0_A0_realism_only,comorb_ic,comorb_asma,-0.001687646538250348,-0.1687646538250348,0.1687646538250348,0.0002848150838068383
covid,S0_A0_realism_only,comorb_ic,comorb_dm,0.07588457664620869,7.5884576646208695,7.5884576646208695,0.5758468972774322
covid,S0_A0_realism_only,comorb_ic,comorb_obesidade,-0.016466165346020665,-1.6466165346020665,1.6466165346020665,0.027113460120249185
covid,S0_A0_realism_only,comorb_ic,comorb_drc,-0.021369857648079645,-2.1369857648079646,2.1369857648079646,0.045667081589918807
covid,S0_A0_realism_only,comorb_ic,comorb_cancer,0.0017084761319739023,0.17084761319739022,0.17084761319739022,0.0002918890693524507
covid,S0_A0_realism_only,comorb_ic,comorb_reumatologica,-0.003197743565355802,-0.3197743565355802,0.3197743565355802,0.0010225563909774435
covid,S0_A0_realism_only,comorb_ic,comorb_cirrose,-0.004263066405429209,-0.4263066405429209,0.4263066405429209,0.0018173735177099113
covid,S0_A0_realism_only,comorb_ic,comorb_hiv,-0.008960508832490048,-0.8960508832490048,0.8960508832490048,0.008029071853713217
covid,S0_A0_realism_only,comorb_ic,obito,-0.04463177230842593,-4.463177230842593,4.463177230842593,0.19919950993911756
covid,S0_A0_realism_only,comorb_dac,comorb_fibrilacao,-0.02051439840165185,-2.051439840165185,2.051439840165185,0.0420840541781696
covid,S0_A0_realism_only,comorb_dac,comorb_avc,-0.018218439499735263,-1.8218439499735264,1.8218439499735264,0.0331911537805514
covid,S0_A0_realism_only,comorb_dac,comorb_dpoc,-0.004815355627864082,-0.48153556278640824,0.48153556278640824,0.002318764982280229
covid,S0_A0_realism_only,comorb_dac,comorb_asma,-0.0025322358085883606,-0.25322358085883606,0.25322358085883606,0.0006412218190297149
covid,S0_A0_realism_only,comorb_dac,comorb_dm,0.09391685276122148,9.391685276122148,9.391685276122148,0.8820375232572956
covid,S0_A0_realism_only,comorb_dac,comorb_obesidade,-0.01911582008439921,-1.9115820084399209,1.9115820084399209,0.03654145774991202
covid,S0_A0_realism_only,comorb_dac,comorb_drc,-0.026027527011344264,-2.6027527011344262,2.6027527011344262,0.06774321623262552
covid,S0_A0_realism_only,comorb_dac,comorb_cancer,-0.03167276627376782,-3.167276627376782,3.167276627376782,0.10031641234327243
covid,S0_A0_realism_only,comorb_dac,comorb_reumatologica,-0.002012109091463834,-0.2012109091463834,0.2012109091463834,0.00040485829959514163
covid,S0_A0_realism_only,comorb_dac,comorb_cirrose,-0.004167292766905875,-0.4167292766905875,0.4167292766905875,0.0017366329005106026
covid,S0_A0_realism_only,comorb_dac,comorb_hiv,-0.010550471661253582,-1.0550471661253582,1.0550471661253582,0.011131245227491492
covid,S0_A0_realism_only,comorb_dac,obito,-0.010922172693746955,-1.0922172693746954,1.0922172693746954,0.011929385635203162
covid,S0_A0_realism_only,comorb_fibrilacao,comorb_avc,-0.020011424291444722,-2.001142429144472,2.001142429144472,0.04004571021722239
covid,S0_A0_realism_only,comorb_fibrilacao,comorb_dpoc,-0.0020590971632881254,-0.20590971632881255,0.20590971632881255,0.00042398811278612054
covid,S0_A0_realism_only,comorb_fibrilacao,comorb_asma,-0.001687646538250348,-0.1687646538250348,0.1687646538250348,0.0002848150838068383
covid,S0_A0_realism_only,comorb_fibrilacao,comorb_dm,-0.04831368064877612,-4.831368064877612,4.831368064877612,0.2334211737831924
covid,S0_A0_realism_only,comorb_fibrilacao,comorb_obesidade,-0.011654224845015252,-1.165422484501525,1.165422484501525,0.013582095673817077
covid,S0_A0_realism_only,comorb_fibrilacao,comorb_drc,0.06831279888594008,6.831279888594008,6.831279888594008,0.4666638491630897
covid,S0_A0_realism_only,comorb_fibrilacao,comorb_cancer,-0.018274619584968066,-1.8274619584968066,1.8274619584968066,0.03339617209752984
covid,S0_A0_realism_only,comorb_fibrilacao,comorb_reumatologica,-0.0015123116536074393,-0.15123116536074394,0.15123116536074394,0.00022870865376368673
covid,S0_A0_realism_only,comorb_fibrilacao,comorb_cirrose,-0.0022641913528555595,-0.22641913528555596,0.22641913528555596,0.0005126562482345889
covid,S0_A0_realism_only,comorb_fibrilacao,comorb_hiv,-0.006517921260395003,-0.6517921260395003,0.6517921260395003,0.004248329755670918
covid,S0_A0_realism_only,comorb_fibrilacao,obito,0.0254249011183083,2.54249011183083,2.54249011183083,0.06464255968757547
covid,S0_A0_realism_only,comorb_avc,comorb_dpoc,-0.004672281043885876,-0.46722810438858764,0.46722810438858764,0.0021830210153055292
covid,S0_A0_realism_only,comorb_avc,comorb_asma,-0.0024097085133834655,-0.24097085133834656,0.24097085133834656,0.0005806695119472752
covid,S0_A0_realism_only,comorb_avc,comorb_dm,0.030054146843176133,3.0054146843176133,3.0054146843176133,0.0903251742471194
covid,S0_A0_realism_only,comorb_avc,comorb_obesidade,-0.01878553253744016,-1.878553253744016,1.878553253744016,0.03528962327152229
covid,S0_A0_realism_only,comorb_avc,comorb_drc,-0.0253497599686677,-2.53497599686677,2.53497599686677,0.06426103304690675
covid,S0_A0_realism_only,comorb_avc,comorb_cancer,-0.031047176351181666,-3.1047176351181665,3.1047176351181665,0.09639271593813742
covid,S0_A0_realism_only,comorb_avc,comorb_reumatologica,-0.0018592789348192546,-0.18592789348192545,0.18592789348192545,0.0003456918157462622
covid,S0_A0_realism_only,comorb_avc,comorb_cirrose,-0.003871388026283089,-0.3871388026283089,0.3871388026283089,0.001498764525004807
covid,S0_A0_realism_only,comorb_avc,comorb_hiv,-0.01035261924234544,-1.035261924234544,1.035261924234544,0.010717672517698106
covid,S0_A0_realism_only,comorb_avc,obito,-0.03151443843402878,-3.1514438434028778,3.1514438434028778,0.099315982981219
covid,S0_A0_realism_only,comorb_dpoc,comorb_asma,0.0,0.0,0.0,0.0
covid,S0_A0_realism_only,comorb_dpoc,comorb_dm,-0.018389317869887862,-1.8389317869887862,1.8389317869887862,0.03381670117197771
covid,S0_A0_realism_only,comorb_dpoc,comorb_obesidade,-0.0016940395049875531,-0.1694039504987553,0.1694039504987553,0.00028697698444584736
covid,S0_A0_realism_only,comorb_dpoc,comorb_drc,-0.003871388026283089,-0.3871388026283089,0.3871388026283089,0.001498764525004807
covid,S0_A0_realism_only,comorb_dpoc,comorb_cancer,-0.0037261436483621685,-0.37261436483621685,0.37261436483621685,0.0013884146488229731
covid,S0_A0_realism_only,comorb_dpoc,comorb_reumatologica,0.0,0.0,0.0,0.0
covid,S0_A0_realism_only,comorb_dpoc,comorb_cirrose,-0.0007518796992481202,-0.07518796992481203,0.07518796992481203,5.653230821414437e-05
covid,S0_A0_realism_only,comorb_dpoc,comorb_hiv,-0.0007518796992481202,-0.07518796992481203,0.07518796992481203,5.653230821414437e-05
covid,S0_A0_realism_only,comorb_dpoc,obito,-0.014124490366886028,-1.4124490366886029,1.4124490366886029,0.01995012281242562
covid,S0_A0_realism_only,comorb_asma,comorb_dm,-0.005644521831413725,-0.5644521831413725,0.5644521831413725,0.003186062670530615
covid,S0_A0_realism_only,comorb_asma,comorb_obesidade,-0.0015066153823518956,-0.15066153823518955,0.15066153823518955,0.00022698899103393486
covid,S0_A0_realism_only,comorb_asma,comorb_drc,-0.0010613253669135177,-0.10613253669135177,0.10613253669135177,0.0001126411534454113
covid,S0_A0_realism_only,comorb_asma,comorb_cancer,-0.0018522488956273138,-0.18522488956273137,0.18522488956273137,0.0003430825971352603
covid,S0_A0_realism_only,comorb_asma,comorb_reumatologica,0.0,0.0,0.0,0.0
covid,S0_A0_realism_only,comorb_asma,comorb_cirrose,0.0,0.0,0.0,0.0
covid,S0_A0_realism_only,comorb_asma,comorb_hiv,-0.0010613253669135177,-0.10613253669135177,0.10613253669135177,0.0001126411534454113
covid,S0_A0_realism_only,comorb_asma,obito,-0.007066652533375734,-0.7066652533375734,0.7066652533375734,0.004993757802746568
covid,S0_A0_realism_only,comorb_dm,comorb_obesidade,-0.004261968883668056,-0.4261968883668056,0.4261968883668056,0.0018164378765354735
covid,S0_A0_realism_only,comorb_dm,comorb_drc,-0.04761279059797525,-4.761279059797525,4.761279059797525,0.226697782852664
covid,S0_A0_realism_only,comorb_dm,comorb_cancer,-0.001116030481964353,-0.11160304819643531,0.11160304819643531,0.00012455240366735862
covid,S0_A0_realism_only,comorb_dm,comorb_reumatologica,-0.011505354687594168,-1.1505354687594167,1.1505354687594167,0.01323731864873451
covid,S0_A0_realism_only,comorb_dm,comorb_cirrose,-0.018815147781346582,-1.8815147781346582,1.8815147781346582,0.03540097860339112
covid,S0_A0_realism_only,comorb_dm,comorb_hiv,0.008126763980281542,0.8126763980281542,0.8126763980281542,0.006604429279120149
covid,S0_A0_realism_only,comorb_dm,obito,0.06205165485939684,6.205165485939684,6.205165485939684,0.38504078707897077
covid,S0_A0_realism_only,comorb_obesidade,comorb_drc,-0.013344513713166278,-1.3344513713166277,1.3344513713166277,0.017807604624088286
covid,S0_A0_realism_only,comorb_obesidade,comorb_cancer,-0.017764229889697235,-1.7764229889697236,1.7764229889697236,0.031556786357401265
covid,S0_A0_realism_only,comorb_obesidade,comorb_reumatologica,-0.0015123116536074393,-0.15123116536074394,0.15123116536074394,0.00022870865376368673
covid,S0_A0_realism_only,comorb_obesidade,comorb_cirrose,-0.0015123116536074393,-0.15123116536074394,0.15123116536074394,0.00022870865376368673
covid,S0_A0_realism_only,comorb_obesidade,comorb_hiv,-0.006648245802470351,-0.6648245802470352,0.6648245802470352,0.004419917225006465
covid,S0_A0_realism_only,comorb_obesidade,obito,-0.042182742034916405,-4.2182742034916405,4.2182742034916405,0.17793837255843034
covid,S0_A0_realism_only,comorb_drc,comorb_cancer,0.0029099566989395525,0.29099566989395526,0.29099566989395526,0.0008467847989703178
covid,S0_A0_realism_only,comorb_drc,comorb_reumatologica,-0.002012109091463834,-0.2012109091463834,0.2012109091463834,0.00040485829959514163
covid,S0_A0_realism_only,comorb_drc,comorb_cirrose,-0.003871388026283089,-0.3871388026283089,0.3871388026283089,0.001498764525004807
covid,S0_A0_realism_only,comorb_drc,comorb_hiv,-0.0070402892350313485,-0.7040289235031348,0.7040289235031348,0.0049565672512898295
covid,S0_A0_realism_only,comorb_drc,obito,0.04616987712891538,4.616987712891539,4.616987712891539,0.21316575540991436
covid,S0_A0_realism_only,comorb_cancer,comorb_reumatologica,-0.0022903432756544865,-0.22903432756544864,0.22903432756544864,0.0005245672320335723
covid,S0_A0_realism_only,comorb_cancer,comorb_cirrose,-0.0035975607396944915,-0.35975607396944914,0.35975607396944914,0.0012942443275791176
covid,S0_A0_realism_only,comorb_cancer,comorb_hiv,-0.009624007451884836,-0.9624007451884835,0.9624007451884835,0.009262151943393485
covid,S0_A0_realism_only,comorb_cancer,obito,-0.0017434193920895541,-0.1743419392089554,0.1743419392089554,0.00030395111767139103
covid,S0_A0_realism_only,comorb_reumatologica,comorb_cirrose,-0.0007518796992481202,-0.07518796992481203,0.07518796992481203,5.653230821414437e-05
covid,S0_A0_realism_only,comorb_reumatologica,comorb_hiv,-0.0007518796992481202,-0.07518796992481203,0.07518796992481203,5.653230821414437e-05
covid,S0_A0_realism_only,comorb_reumatologica,obito,-0.007026889374323537,-0.7026889374323537,0.7026889374323537,0.004937717427898103
covid,S0_A0_realism_only,comorb_cirrose,comorb_hiv,-0.0007518796992481202,-0.07518796992481203,0.07518796992481203,5.653230821414437e-05
covid,S0_A0_realism_only,comorb_cirrose,obito,-0.014124490366886028,-1.4124490366886029,1.4124490366886029,0.01995012281242562
covid,S0_A0_realism_only,comorb_hiv,obito,0.04578577848299137,4.578577848299137,4.578577848299137,0.20963375112935553
covid,S1_A0_sep_only,idade,sexo,-0.014805598618196917,-1.4805598618196918,1.4805598618196918,0.021920575044315445
covid,S1_A0_sep_only,idade,etilismo,-0.026249864708454324,-2.6249864708454322,2.6249864708454322,0.06890553972121558
covid,S1_A0_sep_only,idade,tabagismo,0.10917843076133851,10.91784307613385,10.91784307613385,1.1919929743508388
covid,S1_A0_sep_only,idade,motivo_cancer,0.027227093454300983,2.7227093454300983,2.7227093454300983,0.07413146179692394
covid,S1_A0_sep_only,idade,motivo_msk,0.0009237727818925762,0.09237727818925762,0.09237727818925762,8.533561525655491e-05
covid,S1_A0_sep_only,idade,motivo_digestivo2,0.03274173593320924,3.274173593320924,3.274173593320924,0.10720212719200052
covid,S1_A0_sep_only,idade,motivo_cardio2,0.002986846671307518,0.2986846671307518,0.2986846671307518,0.0008921253037900799
covid,S1_A0_sep_only,idade,motivo_procedimentos2,-0.044052363142175185,-4.405236314217518,4.405236314217518,0.19406106984100746
covid,S1_A0_sep_only,idade,motivo_lesao2,0.029158167367333628,2.9158167367333627,2.9158167367333627,0.08501987242214397
covid,S1_A0_sep_only,idade,motivo_respiratorio,-0.05307837025830544,-5.307837025830544,5.307837025830544,0.28173133892777635
covid,S1_A0_sep_only,idade,motivo_neuro,-0.013271647470818493,-1.3271647470818493,1.3271647470818493,0.01761366265896829
covid,S1_A0_sep_only,idade,motivo_pele,0.04438660162956966,4.438660162956966,4.438660162956966,0.19701704042221158
covid,S1_A0_sep_only,idade,motivo_genitourinaria,0.0560855132487869,5.60855132487869,5.60855132487869,0.31455847963798506
covid,S1_A0_sep_only,idade,motivo_dm,0.01905044829161153,1.905044829161153,1.905044829161153,0.03629195801113647
covid,S1_A0_sep_only,idade,motivo_mental_subst,-0.02327965020173673,-2.3279650201736732,2.3279650201736732,0.0541942113515221
covid,S1_A0_sep_only,idade,motivo_infec2,0.02566821905872142,2.5668219058721418,2.5668219058721418,0.06588574696465095
covid,S1_A0_sep_only,idade,motivo_propedeutica,-0.025678289605319086,-2.5678289605319087,2.5678289605319087,0.06593745570546382
covid,S1_A0_sep_only,idade,n_comorbidades,0.01476699256621174,1.476699256621174,1.476699256621174,0.02180640694505528
covid,S1_A0_sep_only,idade,comorb_hipertensao,0.07269304269468951,7.269304269468951,7.269304269468951,0.5284278456211953
covid,S1_A0_sep_only,idade,comorb_ic,-0.013269444015041387,-1.3269444015041387,1.3269444015041387,0.01760781444683177
covid,S1_A0_sep_only,idade,comorb_dac,-0.0036843430339079317,-0.3684343033907932,0.3684343033907932,0.0013574383591505902
covid,S1_A0_sep_only,idade,comorb_fibrilacao,-0.0480169998130238,-4.80169998130238,4.80169998130238,0.23056322710439275
covid,S1_A0_sep_only,idade,comorb_avc,-0.03836245354941392,-3.836245354941392,3.836245354941392,0.1471677842330941
covid,S1_A0_sep_only,idade,comorb_dpoc,0.011265996124726025,1.1265996124726025,1.1265996124726025,0.01269226686823418
covid,S1_A0_sep_only,idade,comorb_asma,-0.02104398865982843,-2.104398865982843,2.104398865982843,0.04428494587149876
covid,S1_A0_sep_only,idade,comorb_dm,-0.0008728799971958037,-0.08728799971958037,0.08728799971958037,7.619194895045464e-05
covid,S1_A0_sep_only,idade,comorb_obesidade,-0.029579361668476866,-2.9579361668476865,2.9579361668476865,0.08749386367145585
covid,S1_A0_sep_only,idade,comorb_drc,-0.04594266711730942,-4.594266711730942,4.594266711730942,0.21107286618519042
covid,S1_A0_sep_only,idade,comorb_cancer,-0.010485427693489768,-1.0485427693489768,1.0485427693489768,0.010994419391540215
covid,S1_A0_sep_only,idade,comorb_reumatologica,0.028527269849665148,2.8527269849665147,2.8527269849665147,0.08138051250756141
covid,S1_A0_sep_only,idade,comorb_cirrose,0.02605080676157636,2.605080676157636,2.605080676157636,0.06786445329289927
covid,S1_A0_sep_only,idade,comorb_hiv,-0.0906959769487815,-9.06959769487815,9.06959769487815,0.8225760234693904
covid,S1_A0_sep_only,idade,obito,0.3418492768651974,34.18492768651974,34.18492768651974,11.686092809325837
covid,S1_A0_sep_only,sexo,etilismo,-0.08395137882039329,-8.395137882039329,8.395137882039329,0.7047834005845178
covid,S1_A0_sep_only,sexo,tabagismo,-0.027404076317569536,-2.7404076317569537,2.7404076317569537,0.07509833988191755
covid,S1_A0_sep_only,sexo,motivo_cancer,-0.040300721872839264,-4.030072187283927,4.030072187283927,0.1624148183471945
covid,S1_A0_sep_only,sexo,motivo_msk,0.027562419301521757,2.756241930152176,2.756241930152176,0.0759686957752899
covid,S1_A0_sep_only,sexo,motivo_digestivo2,0.03224965620551431,3.2249656205514308,3.2249656205514308,0.10400403253738674
covid,S1_A0_sep_only,sexo,motivo_cardio2,-0.0038604868151469406,-0.38604868151469407,0.38604868151469407,0.001490335844992337
covid,S1_A0_sep_only,sexo,motivo_procedimentos2,0.007285241807037412,0.7285241807037413,0.7285241807037413,0.005307474818700574
covid,S1_A0_sep_only,sexo,motivo_lesao2,-0.001059636140635624,-0.10596361406356242,0.10596361406356242,0.00011228287505411602
covid,S1_A0_sep_only,sexo,motivo_respiratorio,0.0008534454912924566,0.08534454912924566,0.08534454912924566,7.283692066074226e-05
covid,S1_A0_sep_only,sexo,motivo_neuro,0.021655091638757368,2.1655091638757367,2.1655091638757367,0.04689429938829792
covid,S1_A0_sep_only,sexo,motivo_pele,0.02497416726397448,2.497416726397448,2.497416726397448,0.06237090305289746
covid,S1_A0_sep_only,sexo,motivo_genitourinaria,-0.038259238433394176,-3.8259238433394174,3.8259238433394174,0.1463769325503306
covid,S1_A0_sep_only,sexo,motivo_dm,0.02351354678668919,2.351354678668919,2.351354678668919,0.05528868824898215
covid,S1_A0_sep_only,sexo,motivo_mental_subst,0.0036920788658969506,0.36920788658969506,0.36920788658969506,0.0013631446352002912
covid,S1_A0_sep_only,sexo,motivo_infec2,0.03550070538666099,3.5500705386660987,3.5500705386660987,0.12603000829505004
covid,S1_A0_sep_only,sexo,motivo_propedeutica,0.027048369836780523,2.704836983678052,2.704836983678052,0.07316143108272584
covid,S1_A0_sep_only,sexo,n_comorbidades,0.005729958611876654,0.5729958611876653,0.5729958611876653,0.0032832425693819427
covid,S1_A0_sep_only,sexo,comorb_hipertensao,0.00960511076537587,0.960511076537587,0.960511076537587,0.009225815281513942
covid,S1_A0_sep_only,sexo,comorb_ic,-0.03657399304366081,-3.657399304366081,3.657399304366081,0.13376569671577493
covid,S1_A0_sep_only,sexo,comorb_dac,-0.047190099179243626,-4.719009917924363,4.719009917924363,0.22269054605468502
covid,S1_A0_sep_only,sexo,comorb_fibrilacao,0.04029437938266239,4.0294379382662395,4.0294379382662395,0.1623637009833928
covid,S1_A0_sep_only,sexo,comorb_avc,-0.05284928119234215,-5.284928119234214,5.284928119234214,0.27930465225472495
covid,S1_A0_sep_only,sexo,comorb_dpoc,0.011094720914981976,1.1094720914981977,1.1094720914981977,0.01230928321813385
covid,S1_A0_sep_only,sexo,comorb_asma,0.04170764331936795,4.1707643319367955,4.1707643319367955,0.17395275112556183
covid,S1_A0_sep_only,sexo,comorb_dm,-0.016602132153943343,-1.6602132153943343,1.6602132153943343,0.027563079205699944
covid,S1_A0_sep_only,sexo,comorb_obesidade,-0.003689590755130821,-0.3689590755130821,0.3689590755130821,0.0013613079940346822
covid,S1_A0_sep_only,sexo,comorb_drc,0.0007589210128473953,0.07589210128473953,0.07589210128473953,5.759611037413164e-05
covid,S1_A0_sep_only,sexo,comorb_cancer,-0.01564107694774751,-1.564107694774751,1.564107694774751,0.024464328808535853
covid,S1_A0_sep_only,sexo,comorb_reumatologica,0.00017210868978186287,0.017210868978186286,0.017210868978186286,2.9621401098429508e-06
covid,S1_A0_sep_only,sexo,comorb_cirrose,-0.020916939777104224,-2.091693977710422,2.091693977710422,0.04375183696390049
covid,S1_A0_sep_only,sexo,comorb_hiv,0.02501289501078578,2.501289501078578,2.501289501078578,0.0625644916820592
covid,S1_A0_sep_only,sexo,obito,0.029906596496970063,2.9906596496970064,2.9906596496970064,0.08944045140325821
covid,S1_A0_sep_only,etilismo,tabagismo,0.03691281811642721,3.6912818116427206,3.6912818116427206,0.13625561412964368
covid,S1_A0_sep_only,etilismo,motivo_cancer,-0.04552942513239973,-4.552942513239973,4.552942513239973,0.2072928552886792
covid,S1_A0_sep_only,etilismo,motivo_msk,0.03079227693782612,3.0792276937826117,3.0792276937826117,0.09481643190157782
covid,S1_A0_sep_only,etilismo,motivo_digestivo2,0.011872443446866415,1.1872443446866416,1.1872443446866416,0.014095491339904129
covid,S1_A0_sep_only,etilismo,motivo_cardio2,0.028707387326119292,2.870738732611929,2.870738732611929,0.08241140870918345
covid,S1_A0_sep_only,etilismo,motivo_procedimentos2,-0.02298005604089571,-2.298005604089571,2.298005604089571,0.05280829756427074
covid,S1_A0_sep_only,etilismo,motivo_lesao2,0.11028225526083776,11.028225526083776,11.028225526083776,1.2162175825416577
covid,S1_A0_sep_only,etilismo,motivo_respiratorio,-0.0016349775943577103,-0.16349775943577102,0.16349775943577102,0.00026731517340517256
covid,S1_A0_sep_only,etilismo,motivo_neuro,0.000356764647040872,0.035676464704087196,0.035676464704087196,1.2728101337819796e-05
covid,S1_A0_sep_only,etilismo,motivo_pele,-0.022614951802259465,-2.2614951802259466,2.2614951802259466,0.05114360450185186
covid,S1_A0_sep_only,etilismo,motivo_genitourinaria,-0.05223633913465331,-5.223633913465331,5.223633913465331,0.2728635126190513
covid,S1_A0_sep_only,etilismo,motivo_dm,-0.009705416732204476,-0.9705416732204476,0.9705416732204476,0.00941951139457546
covid,S1_A0_sep_only,etilismo,motivo_mental_subst,0.03891318585627392,3.8913185856273924,3.8913185856273924,0.1514236033484917
covid,S1_A0_sep_only,etilismo,motivo_infec2,-0.0309056860799508,-3.0905686079950803,3.0905686079950803,0.09551614320724647
covid,S1_A0_sep_only,etilismo,motivo_propedeutica,0.01578651890482732,1.578651890482732,1.578651890482732,0.024921417913247035
covid,S1_A0_sep_only,etilismo,n_comorbidades,-0.028667312590324862,-2.8667312590324863,2.8667312590324863,0.08218148111513984
covid,S1_A0_sep_only,etilismo,comorb_hipertensao,-0.01736251907293731,-1.7362519072937308,1.7362519072937308,0.03014570685581118
covid,S1_A0_sep_only,etilismo,comorb_ic,-0.03436262025203463,-3.4362620252034635,3.4362620252034635,0.11807896705855407
covid,S1_A0_sep_only,etilismo,comorb_dac,-0.06299255860850035,-6.299255860850035,6.299255860850035,0.3968062440045351
covid,S1_A0_sep_only,etilismo,comorb_fibrilacao,-0.030908846804953437,-3.0908846804953436,3.0908846804953436,0.09553568108120804
covid,S1_A0_sep_only,etilismo,comorb_avc,-0.03278882748883243,-3.2788827488832433,3.2788827488832433,0.10751072080924133
covid,S1_A0_sep_only,etilismo,comorb_dpoc,0.09889348730873401,9.889348730873401,9.889348730873401,0.9779921832082735
covid,S1_A0_sep_only,etilismo,comorb_asma,0.002778259220107672,0.2778259220107672,0.2778259220107672,0.000771872429411329
covid,S1_A0_sep_only,etilismo,comorb_dm,-0.027247486660239007,-2.724748666023901,2.724748666023901,0.07424255292999027
covid,S1_A0_sep_only,etilismo,comorb_obesidade,-0.012395297468095434,-1.2395297468095434,1.2395297468095434,0.015364339932257307
covid,S1_A0_sep_only,etilismo,comorb_drc,-0.0134973208803497,-1.34973208803497,1.34973208803497,0.018217767094712397
covid,S1_A0_sep_only,etilismo,comorb_cancer,-0.04578250063763993,-4.578250063763993,4.578250063763993,0.20960373646355007
covid,S1_A0_sep_only,etilismo,comorb_reumatologica,0.02825587672080835,2.825587672080835,2.825587672080835,0.07983945692615192
covid,S1_A0_sep_only,etilismo,comorb_cirrose,0.018503488399969452,1.8503488399969452,1.8503488399969452,0.03423790829678041
covid,S1_A0_sep_only,etilismo,comorb_hiv,0.008153930022323086,0.8153930022323086,0.8153930022323086,0.006648657480894177
covid,S1_A0_sep_only,etilismo,obito,-0.017699858531180446,-1.7699858531180446,1.7699858531180446,0.03132849920238012
covid,S1_A0_sep_only,tabagismo,motivo_cancer,-0.05396224144949061,-5.396224144949061,5.396224144949061,0.29119235022531226
covid,S1_A0_sep_only,tabagismo,motivo_msk,0.006999440620830809,0.6999440620830809,0.6999440620830809,0.0048992169004536375
covid,S1_A0_sep_only,tabagismo,motivo_digestivo2,-0.02865084362314546,-2.865084362314546,2.865084362314546,0.08208708403179349
covid,S1_A0_sep_only,tabagismo,motivo_cardio2,0.05744187987289062,5.744187987289062,5.744187987289062,0.3299569563331597
covid,S1_A0_sep_only,tabagismo,motivo_procedimentos2,-0.01464579847068305,-1.464579847068305,1.464579847068305,0.021449941284386195
covid,S1_A0_sep_only,tabagismo,motivo_lesao2,-0.07911202333580729,-7.911202333580729,7.911202333580729,0.6258712236285318
covid,S1_A0_sep_only,tabagismo,motivo_respiratorio,0.05702814309058522,5.702814309058522,5.702814309058522,0.32522091043602636
covid,S1_A0_sep_only,tabagismo,motivo_neuro,-0.025725175233271235,-2.5725175233271234,2.5725175233271234,0.06617846407825118
covid,S1_A0_sep_only,tabagismo,motivo_pele,-0.008163401403572709,-0.8163401403572709,0.8163401403572709,0.006664112247585288
covid,S1_A0_sep_only,tabagismo,motivo_genitourinaria,-0.017274972264118997,-1.7274972264118997,1.7274972264118997,0.029842466672608065
covid,S1_A0_sep_only,tabagismo,motivo_dm,0.010456768154724936,1.0456768154724936,1.0456768154724936,0.010934400024166955
covid,S1_A0_sep_only,tabagismo,motivo_mental_subst,0.020447693322752824,2.0447693322752825,2.0447693322752825,0.04181081622213505
covid,S1_A0_sep_only,tabagismo,motivo_infec2,0.03198630114191415,3.198630114191415,3.198630114191415,0.10231234607412183
covid,S1_A0_sep_only,tabagismo,motivo_propedeutica,-0.0039118688530530325,-0.39118688530530327,0.39118688530530327,0.0015302717923486447
covid,S1_A0_sep_only,tabagismo,n_comorbidades,-0.01665208259100156,-1.6652082591001558,1.6652082591001558,0.027729185461753722
covid,S1_A0_sep_only,tabagismo,comorb_hipertensao,0.017550036115290605,1.7550036115290606,1.7550036115290606,0.030800376764800456
covid,S1_A0_sep_only,tabagismo,comorb_ic,-0.037438721070250834,-3.7438721070250836,3.7438721070250836,0.14016578353760437
covid,S1_A0_sep_only,tabagismo,comorb_dac,-0.01802726675288128,-1.802726675288128,1.802726675288128,0.03249823465795387
covid,S1_A0_sep_only,tabagismo,comorb_fibrilacao,-0.02163565029264799,-2.1635650292647988,2.1635650292647988,0.0468101363585759
covid,S1_A0_sep_only,tabagismo,comorb_avc,-0.06581050279685169,-6.581050279685169,6.581050279685169,0.43310222783744234
covid,S1_A0_sep_only,tabagismo,comorb_dpoc,0.11061264117974681,11.061264117974682,11.061264117974682,1.223515638875942
covid,S1_A0_sep_only,tabagismo,comorb_asma,-0.02243580372128753,-2.243580372128753,2.243580372128753,0.05033652886201394
covid,S1_A0_sep_only,tabagismo,comorb_dm,-0.05962079800491029,-5.962079800491029,5.962079800491029,0.3554639554742315
covid,S1_A0_sep_only,tabagismo,comorb_obesidade,-0.022489670759192306,-2.2489670759192304,2.2489670759192304,0.05057852908568694
covid,S1_A0_sep_only,tabagismo,comorb_drc,-0.011053558985995549,-1.1053558985995549,1.1053558985995549,0.012218116625688296
covid,S1_A0_sep_only,tabagismo,comorb_cancer,-0.034929238152408545,-3.4929238152408546,3.4929238152408546,0.12200516779076727
covid,S1_A0_sep_only,tabagismo,comorb_reumatologica,0.01449003045580175,1.449003045580175,1.449003045580175,0.02099609826100623
covid,S1_A0_sep_only,tabagismo,comorb_cirrose,0.021824134374074843,2.1824134374074844,2.1824134374074844,0.04762928411776751
covid,S1_A0_sep_only,tabagismo,comorb_hiv,0.0410185233183192,4.10185233183192,4.10185233183192,0.16825192552154958
covid,S1_A0_sep_only,tabagismo,obito,0.14899659183787733,14.899659183787733,14.899659183787733,2.2199984379303017
covid,S1_A0_sep_only,motivo_cancer,motivo_msk,-0.0020590971632881254,-0.20590971632881255,0.20590971632881255,0.00042398811278612054
covid,S1_A0_sep_only,motivo_cancer,motivo_digestivo2,0.024780437164068053,2.4780437164068054,2.4780437164068054,0.06140700660423251
covid,S1_A0_sep_only,motivo_cancer,motivo_cardio2,-0.02901620071240839,-2.9016200712408393,2.9016200712408393,0.08419399037827692
covid,S1_A0_sep_only,motivo_cancer,motivo_procedimentos2,-0.027792304653958582,-2.7792304653958584,2.7792304653958584,0.07724121979784479
covid,S1_A0_sep_only,motivo_cancer,motivo_lesao2,-0.03451406794429832,-3.451406794429832,3.451406794429832,0.11912208860636411
covid,S1_A0_sep_only,motivo_cancer,motivo_respiratorio,-0.005976117785971476,-0.5976117785971475,0.5976117785971475,0.0035713983791804613
covid,S1_A0_sep_only,motivo_cancer,motivo_neuro,-0.0237599768550169,-2.37599768550169,2.37599768550169,0.05645365001509387
covid,S1_A0_sep_only,motivo_cancer,motivo_pele,-0.006657277972277921,-0.6657277972277921,0.6657277972277921,0.004431935000017683
covid,S1_A0_sep_only,motivo_cancer,motivo_genitourinaria,-0.014325333445421279,-1.432533344542128,1.432533344542128,0.02052151783225055
covid,S1_A0_sep_only,motivo_cancer,motivo_dm,-0.0031664963988592603,-0.31664963988592604,0.31664963988592604,0.0010026699443988665
covid,S1_A0_sep_only,motivo_cancer,motivo_mental_subst,-0.013908211019457006,-1.3908211019457006,1.3908211019457006,0.019343833376174527
covid,S1_A0_sep_only,motivo_cancer,motivo_infec2,-0.04361646612190313,-4.361646612190313,4.361646612190313,0.19023961169631237
covid,S1_A0_sep_only,motivo_cancer,motivo_propedeutica,-0.008055154000568897,-0.8055154000568897,0.8055154000568897,0.006488550597288112
covid,S1_A0_sep_only,motivo_cancer,n_comorbidades,0.023479236043831314,2.3479236043831313,2.3479236043831313,0.05512745252019475
covid,S1_A0_sep_only,motivo_cancer,comorb_hipertensao,-0.016584881343043773,-1.6584881343043774,1.6584881343043774,0.027505828916284142
covid,S1_A0_sep_only,motivo_cancer,comorb_ic,-0.023135223343209877,-2.3135223343209876,2.3135223343209876,0.05352385591402031
covid,S1_A0_sep_only,motivo_cancer,comorb_dac,-0.031576614205574914,-3.1576614205574915,3.1576614205574915,0.09970825646877154
covid,S1_A0_sep_only,motivo_cancer,comorb_fibrilacao,-0.01904239384999121,-1.904239384999121,1.904239384999121,0.03626127635381831
covid,S1_A0_sep_only,motivo_cancer,comorb_avc,-0.026586031145402162,-2.6586031145402163,2.6586031145402163,0.07068170520642938
covid,S1_A0_sep_only,motivo_cancer,comorb_dpoc,-0.011025538815831673,-1.1025538815831673,1.1025538815831673,0.01215625061794109
covid,S1_A0_sep_only,motivo_cancer,comorb_asma,-0.010185898715341476,-1.0185898715341475,1.0185898715341475,0.010375253263919512
covid,S1_A0_sep_only,motivo_cancer,comorb_dm,0.040947957695205574,4.094795769520557,4.094795769520557,0.16767352394083454
covid,S1_A0_sep_only,motivo_cancer,comorb_obesidade,-0.012199413294728572,-1.2199413294728572,1.2199413294728572,0.014882568473560025
covid,S1_A0_sep_only,motivo_cancer,comorb_drc,-0.021458137107508185,-2.1458137107508186,2.1458137107508186,0.04604516481246197
covid,S1_A0_sep_only,motivo_cancer,comorb_cancer,0.05905672745033865,5.905672745033865,5.905672745033865,0.3487697057143583
covid,S1_A0_sep_only,motivo_cancer,comorb_reumatologica,-0.011384953803214049,-1.1384953803214048,1.1384953803214048,0.012961717310131803
covid,S1_A0_sep_only,motivo_cancer,comorb_cirrose,-0.0044369134285001,-0.44369134285001,0.44369134285001,0.0019686200772004512
covid,S1_A0_sep_only,motivo_cancer,comorb_hiv,-0.01144923929367946,-1.1449239293679458,1.1449239293679458,0.013108508040393372
covid,S1_A0_sep_only,motivo_cancer,obito,0.042827020774246806,4.2827020774246805,4.2827020774246805,0.18341537083977677
covid,S1_A0_sep_only,motivo_msk,motivo_digestivo2,-0.008312646937300085,-0.8312646937300084,0.8312646937300084,0.006910009910420448
covid,S1_A0_sep_only,motivo_msk,motivo_cardio2,-0.01433913235179074,-1.433913235179074,1.433913235179074,0.020561071660217183
covid,S1_A0_sep_only,motivo_msk,motivo_procedimentos2,-0.007225538301958998,-0.7225538301958998,0.7225538301958998,0.005220840375307651
covid,S1_A0_sep_only,motivo_msk,motivo_lesao2,-0.009503633722326368,-0.9503633722326368,0.9503633722326368,0.009031905392813894
covid,S1_A0_sep_only,motivo_msk,motivo_respiratorio,-0.0020590971632881254,-0.20590971632881255,0.20590971632881255,0.00042398811278612054
covid,S1_A0_sep_only,motivo_msk,motivo_neuro,-0.004896757814020597,-0.48967578140205975,0.48967578140205975,0.002397823708917178
covid,S1_A0_sep_only,motivo_msk,motivo_pele,0.0,0.0,0.0,0.0
covid,S1_A0_sep_only,motivo_msk,motivo_genitourinaria,-0.0033880790099751062,-0.3388079009975106,0.3388079009975106,0.0011479079377833894
covid,S1_A0_sep_only,motivo_msk,motivo_dm,-0.0007518796992481202,-0.07518796992481203,0.07518796992481203,5.653230821414437e-05
covid,S1_A0_sep_only,motivo_msk,motivo_mental_subst,-0.0033193265555038396,-0.331932655550384,0.331932655550384,0.0011017928782072984
covid,S1_A0_sep_only,motivo_msk,motivo_infec2,-0.008881657008668345,-0.8881657008668344,0.8881657008668344,0.007888383121962753
covid,S1_A0_sep_only,motivo_msk,motivo_propedeutica,-0.0015037593984962405,-0.15037593984962405,0.15037593984962405,0.0002261292328565775
covid,S1_A0_sep_only,motivo_msk,n_comorbidades,-0.024776341188361688,-2.4776341188361686,2.4776341188361686,0.061386708268210785
covid,S1_A0_sep_only,motivo_msk,comorb_hipertensao,0.022896070028795876,2.289607002879588,2.289607002879588,0.05242300227635248
covid,S1_A0_sep_only,motivo_msk,comorb_ic,-0.0036674953290494797,-0.366749532904948,0.366749532904948,0.0013450521988599752
covid,S1_A0_sep_only,motivo_msk,comorb_dac,-0.006861022019207981,-0.6861022019207981,0.6861022019207981,0.004707362314805676
covid,S1_A0_sep_only,motivo_msk,comorb_fibrilacao,-0.0036674953290494797,-0.366749532904948,0.366749532904948,0.0013450521988599752
covid,S1_A0_sep_only,motivo_msk,comorb_avc,-0.006962684629347829,-0.696268462934783,0.696268462934783,0.004847897724775652
covid,S1_A0_sep_only,motivo_msk,comorb_dpoc,0.19886898244937828,19.88689824493783,19.88689824493783,3.9548872180451125
covid,S1_A0_sep_only,motivo_msk,comorb_asma,-0.0022641913528555595,-0.22641913528555596,0.22641913528555596,0.0005126562482345889
covid,S1_A0_sep_only,motivo_msk,comorb_dm,0.003104375522045244,0.3104375522045244,0.3104375522045244,0.0009637147381873683
covid,S1_A0_sep_only,motivo_msk,comorb_obesidade,-0.0033193265555038396,-0.331932655550384,0.331932655550384,0.0011017928782072984
covid,S1_A0_sep_only,motivo_msk,comorb_drc,-0.0037061485964513877,-0.37061485964513874,0.37061485964513874,0.001373553741897859
covid,S1_A0_sep_only,motivo_msk,comorb_cancer,-0.004278205119141417,-0.4278205119141417,0.4278205119141417,0.001830303904144783
covid,S1_A0_sep_only,motivo_msk,comorb_reumatologica,-0.0021306456801468126,-0.21306456801468127,0.21306456801468127,0.0004539651014328274
covid,S1_A0_sep_only,motivo_msk,comorb_cirrose,-0.0015123116536074393,-0.15123116536074394,0.15123116536074394,0.00022870865376368673
covid,S1_A0_sep_only,motivo_msk,comorb_hiv,-0.0026144349280800105,-0.26144349280800105,0.26144349280800105,0.0006835269993164729
covid,S1_A0_sep_only,motivo_msk,obito,-0.014053778748647074,-1.4053778748647074,1.4053778748647074,0.01975086971159241
covid,S1_A0_sep_only,motivo_digestivo2,motivo_cardio2,-0.11896523680049827,-11.896523680049826,11.896523680049826,1.4152727566998626
covid,S1_A0_sep_only,motivo_digestivo2,motivo_procedimentos2,-0.0672709774981935,-6.727097749819349,6.727097749819349,0.45253844135624555
covid,S1_A0_sep_only,motivo_digestivo2,motivo_lesao2,-0.09241239669181522,-9.241239669181523,9.241239669181523,0.8540051062325421
covid,S1_A0_sep_only,motivo_digestivo2,motivo_respiratorio,0.02518142020923638,2.518142020923638,2.518142020923638,0.06341039237541383
covid,S1_A0_sep_only,motivo_digestivo2,motivo_neuro,-0.0534521758735418,-5.34521758735418,5.34521758735418,0.2857135105616044
covid,S1_A0_sep_only,motivo_digestivo2,motivo_pele,-0.01698090051413438,-1.698090051413438,1.698090051413438,0.02883509822709293
covid,S1_A0_sep_only,motivo_digestivo2,motivo_genitourinaria,-0.04395205540743048,-4.395205540743048,4.395205540743048,0.19317831745378392
covid,S1_A0_sep_only,motivo_digestivo2,motivo_dm,-0.007507284894813768,-0.7507284894813768,0.7507284894813768,0.005635932649189896
covid,S1_A0_sep_only,motivo_digestivo2,motivo_mental_subst,-0.024024417464776238,-2.4024417464776238,2.4024417464776238,0.057717263452184545
covid,S1_A0_sep_only,motivo_digestivo2,motivo_infec2,-0.09502549804068464,-9.502549804068464,9.502549804068464,0.902984527788016
covid,S1_A0_sep_only,motivo_digestivo2,motivo_propedeutica,-0.024701133603647167,-2.4701133603647167,2.4701133603647167,0.06101460013052273
covid,S1_A0_sep_only,motivo_digestivo2,n_comorbidades,0.027828199439657253,2.782819943965725,2.782819943965725,0.07744086840533403
covid,S1_A0_sep_only,motivo_digestivo2,comorb_hipertensao,0.008227315022849731,0.8227315022849732,0.8227315022849732,0.006768871248520887
covid,S1_A0_sep_only,motivo_digestivo2,comorb_ic,-0.026314148023840345,-2.6314148023840347,2.6314148023840347,0.06924343862205808
covid,S1_A0_sep_only,motivo_digestivo2,comorb_dac,-0.052006169910997026,-5.200616991099703,5.200616991099703,0.2704641708811492
covid,S1_A0_sep_only,motivo_digestivo2,comorb_fibrilacao,-0.0292728967546352,-2.9272896754635203,2.9272896754635203,0.08569024844075321
covid,S1_A0_sep_only,motivo_digestivo2,comorb_avc,0.024236554507683403,2.42365545076834,2.42365545076834,0.05874105744039087
covid,S1_A0_sep_only,motivo_digestivo2,comorb_dpoc,0.0277707128239117,2.77707128239117,2.77707128239117,0.07712124907481738
covid,S1_A0_sep_only,motivo_digestivo2,comorb_asma,0.03849333943741851,3.8493339437418514,3.8493339437418514,0.14817371810443195
covid,S1_A0_sep_only,motivo_digestivo2,comorb_dm,0.0034368532419409336,0.34368532419409337,0.34368532419409337,0.0011811960206639905
covid,S1_A0_sep_only,motivo_digestivo2,comorb_obesidade,0.01004393987623185,1.0043939876231849,1.0043939876231849,0.010088072823736026
covid,S1_A0_sep_only,motivo_digestivo2,comorb_drc,0.017132671910451903,1.7132671910451904,1.7132671910451904,0.029352844679118768
covid,S1_A0_sep_only,motivo_digestivo2,comorb_cancer,0.0709735533119374,7.09735533119374,7.09735533119374,0.5037245269722421
covid,S1_A0_sep_only,motivo_digestivo2,comorb_reumatologica,-0.03380165180728238,-3.380165180728238,3.380165180728238,0.11425516649007564
covid,S1_A0_sep_only,motivo_digestivo2,comorb_cirrose,0.019828996055665245,1.9828996055665244,1.9828996055665244,0.03931890845755879
covid,S1_A0_sep_only,motivo_digestivo2,comorb_hiv,0.019608227199027654,1.9608227199027655,1.9608227199027655,0.03844825738886879
covid,S1_A0_sep_only,motivo_digestivo2,obito,-0.062244456455156305,-6.2244456455156305,6.2244456455156305,0.3874372359397849
covid,S1_A0_sep_only,motivo_cardio2,motivo_procedimentos2,-0.04231639795747977,-4.231639795747977,4.231639795747977,0.17906775360957977
covid,S1_A0_sep_only,motivo_cardio2,motivo_lesao2,-0.08735990894469856,-8.735990894469856,8.735990894469856,0.7631753690826023
covid,S1_A0_sep_only,motivo_cardio2,motivo_respiratorio,-0.03742761038227971,-3.742761038227971,3.742761038227971,0.14008260189277316
covid,S1_A0_sep_only,motivo_cardio2,motivo_neuro,-0.06543713672255566,-6.543713672255566,6.543713672255566,0.4282018862446443
covid,S1_A0_sep_only,motivo_cardio2,motivo_pele,-0.01416530281895308,-1.416530281895308,1.416530281895308,0.02006558039526401
covid,S1_A0_sep_only,motivo_cardio2,motivo_genitourinaria,-0.05271659631806795,-5.271659631806795,5.271659631806795,0.27790395273621354
covid,S1_A0_sep_only,motivo_cardio2,motivo_dm,0.011029414688114882,1.1029414688114882,1.1029414688114882,0.012164798836240432
covid,S1_A0_sep_only,motivo_cardio2,motivo_mental_subst,-0.061192066057388306,-6.119206605738831,6.119206605738831,0.37444689483717736
covid,S1_A0_sep_only,motivo_cardio2,motivo_infec2,-0.12385050946907472,-12.385050946907473,12.385050946907473,1.5338948695749368
covid,S1_A0_sep_only,motivo_cardio2,motivo_propedeutica,-0.04234029871092213,-4.234029871092213,4.234029871092213,0.17927008949301143
covid,S1_A0_sep_only,motivo_cardio2,n_comorbidades,0.04336163215792517,4.336163215792517,4.336163215792517,0.18802311433992103
covid,S1_A0_sep_only,motivo_cardio2,comorb_hipertensao,0.0335608402679037,3.35608402679037,3.35608402679037,0.11263299994877465
covid,S1_A0_sep_only,motivo_cardio2,comorb_ic,0.08411631582701291,8.411631582701292,8.411631582701292,0.7075554588309784
covid,S1_A0_sep_only,motivo_cardio2,comorb_dac,0.011052380054999936,1.1052380054999935,1.1052380054999935,0.012215510488016036
covid,S1_A0_sep_only,motivo_cardio2,comorb_fibrilacao,0.01736646628465078,1.736646628465078,1.736646628465078,0.03015941512159122
covid,S1_A0_sep_only,motivo_cardio2,comorb_avc,-0.02185450364345092,-2.1854503643450918,2.1854503643450918,0.04776193295016094
covid,S1_A0_sep_only,motivo_cardio2,comorb_dpoc,0.00805972532314298,0.805972532314298,0.805972532314298,0.00649591722845122
covid,S1_A0_sep_only,motivo_cardio2,comorb_asma,0.000630846353595918,0.0630846353595918,0.0630846353595918,3.97967121845266e-05
covid,S1_A0_sep_only,motivo_cardio2,comorb_dm,0.06895628774001225,6.895628774001225,6.895628774001225,0.4754969618883364
covid,S1_A0_sep_only,motivo_cardio2,comorb_obesidade,-0.02369426002701337,-2.3694260027013367,2.3694260027013367,0.05614179582277236
covid,S1_A0_sep_only,motivo_cardio2,comorb_drc,0.018865091920507726,1.8865091920507726,1.8865091920507726,0.03558916931692059
covid,S1_A0_sep_only,motivo_cardio2,comorb_cancer,-0.03780206478676423,-3.7802064786764236,3.7802064786764236,0.14289961021427203
covid,S1_A0_sep_only,motivo_cardio2,comorb_reumatologica,0.01378889858828924,1.378889858828924,1.378889858828924,0.019013372427812498
covid,S1_A0_sep_only,motivo_cardio2,comorb_cirrose,-0.008480354188542283,-0.8480354188542283,0.8480354188542283,0.007191640716312664
covid,S1_A0_sep_only,motivo_cardio2,comorb_hiv,-0.03145145236013341,-3.1451452360133407,3.1451452360133407,0.09891938555617412
covid,S1_A0_sep_only,motivo_cardio2,obito,-0.09126741591140591,-9.126741591140592,9.126741591140592,0.8329741207145549
covid,S1_A0_sep_only,motivo_procedimentos2,motivo_lesao2,-0.05465828669300967,-5.465828669300967,5.465828669300967,0.29875283042152384
covid,S1_A0_sep_only,motivo_procedimentos2,motivo_respiratorio,-0.01731307171860841,-1.7313071718608413,1.7313071718608413,0.029974245233367842
covid,S1_A0_sep_only,motivo_procedimentos2,motivo_neuro,-0.0553522145196359,-5.53522145196359,5.53522145196359,0.30638676522277913
covid,S1_A0_sep_only,motivo_procedimentos2,motivo_pele,-0.01144541708690309,-1.144541708690309,1.144541708690309,0.01309975722931732
covid,S1_A0_sep_only,motivo_procedimentos2,motivo_genitourinaria,-0.03328000117990311,-3.328000117990311,3.328000117990311,0.11075584785343523
covid,S1_A0_sep_only,motivo_procedimentos2,motivo_dm,-0.005971983347756802,-0.5971983347756802,0.5971983347756802,0.0035664585105884537
covid,S1_A0_sep_only,motivo_procedimentos2,motivo_mental_subst,-0.0321538242051449,-3.21538242051449,3.21538242051449,0.1033868411015362
covid,S1_A0_sep_only,motivo_procedimentos2,motivo_infec2,-0.07646634101471536,-7.646634101471536,7.646634101471536,0.584710130817874
covid,S1_A0_sep_only,motivo_procedimentos2,motivo_propedeutica,-0.01826890877430362,-1.8268908774303623,1.8268908774303623,0.03337530278038279
covid,S1_A0_sep_only,motivo_procedimentos2,n_comorbidades,0.0386994296709401,3.86994296709401,3.86994296709401,0.1497645856856039
covid,S1_A0_sep_only,motivo_procedimentos2,comorb_hipertensao,-0.0011466196386894227,-0.11466196386894227,0.11466196386894227,0.00013147365958282622
covid,S1_A0_sep_only,motivo_procedimentos2,comorb_ic,-0.03741041279077033,-3.7410412790770327,3.7410412790770327,0.13995389851758322
covid,S1_A0_sep_only,motivo_procedimentos2,comorb_dac,-0.012398408316093923,-1.2398408316093923,1.2398408316093923,0.015372052877258695
covid,S1_A0_sep_only,motivo_procedimentos2,comorb_fibrilacao,-0.04305342380631152,-4.305342380631152,4.305342380631152,0.18535973014458712
covid,S1_A0_sep_only,motivo_procedimentos2,comorb_avc,-0.020051657052581766,-2.0051657052581766,2.0051657052581766,0.04020689505543521
covid,S1_A0_sep_only,motivo_procedimentos2,comorb_dpoc,0.0419307094924236,4.19307094924236,4.19307094924236,0.17581843985380224
covid,S1_A0_sep_only,motivo_procedimentos2,comorb_asma,-0.024432948258884625,-2.4432948258884624,2.4432948258884624,0.059696896062133326
covid,S1_A0_sep_only,motivo_procedimentos2,comorb_dm,-0.016118226680791815,-1.6118226680791814,1.6118226680791814,0.025979723133338913
covid,S1_A0_sep_only,motivo_procedimentos2,comorb_obesidade,-0.0283686585188349,-2.83686585188349,2.83686585188349,0.0804780786158264
covid,S1_A0_sep_only,motivo_procedimentos2,comorb_drc,0.08201431954041642,8.201431954041642,8.201431954041642,0.672634860967753
covid,S1_A0_sep_only,motivo_procedimentos2,comorb_cancer,0.10323730007565453,10.323730007565453,10.323730007565453,1.0657940126910739
covid,S1_A0_sep_only,motivo_procedimentos2,comorb_reumatologica,-0.02507974493263033,-2.507974493263033,2.507974493263033,0.06289936058857969
covid,S1_A0_sep_only,motivo_procedimentos2,comorb_cirrose,0.006931338801582698,0.6931338801582698,0.6931338801582698,0.004804345758232588
covid,S1_A0_sep_only,motivo_procedimentos2,comorb_hiv,0.0011481698796069583,0.11481698796069584,0.11481698796069584,0.0001318294072436657
covid,S1_A0_sep_only,motivo_procedimentos2,obito,-0.0219315339097635,-2.19315339097635,2.19315339097635,0.04809921796351063
covid,S1_A0_sep_only,motivo_lesao2,motivo_respiratorio,-0.020905679596656762,-2.0905679596656763,2.0905679596656763,0.043704743939807084
covid,S1_A0_sep_only,motivo_lesao2,motivo_neuro,-0.015856458410762615,-1.5856458410762615,1.5856458410762615,0.025142727333224445
covid,S1_A0_sep_only,motivo_lesao2,motivo_pele,-0.013093339477834826,-1.3093339477834827,1.3093339477834827,0.017143553868182795
covid,S1_A0_sep_only,motivo_lesao2,motivo_genitourinaria,-0.02405236963572523,-2.405236963572523,2.405236963572523,0.05785164850935571
covid,S1_A0_sep_only,motivo_lesao2,motivo_dm,-0.008319163460564225,-0.8319163460564225,0.8319163460564225,0.006920848068358693
covid,S1_A0_sep_only,motivo_lesao2,motivo_mental_subst,-0.02748000534057707,-2.7480005340577067,2.7480005340577067,0.07551506935181442
covid,S1_A0_sep_only,motivo_lesao2,motivo_infec2,-0.06105191187891161,-6.105191187891161,6.105191187891161,0.37273359440703885
covid,S1_A0_sep_only,motivo_lesao2,motivo_propedeutica,-0.022130841031810844,-2.2130841031810844,2.2130841031810844,0.048977412477528244
covid,S1_A0_sep_only,motivo_lesao2,n_comorbidades,0.001956409932921982,0.1956409932921982,0.1956409932921982,0.00038275398256357944
covid,S1_A0_sep_only,motivo_lesao2,comorb_hipertensao,0.010724143308834483,1.0724143308834482,1.0724143308834482,0.01150072497084194
covid,S1_A0_sep_only,motivo_lesao2,comorb_ic,-0.04836566051829881,-4.836566051829881,4.836566051829881,0.23392371173713283
covid,S1_A0_sep_only,motivo_lesao2,comorb_dac,-0.07157270786416665,-7.157270786416666,7.157270786416666,0.5122652511009343
covid,S1_A0_sep_only,motivo_lesao2,comorb_fibrilacao,-0.020535481791493435,-2.0535481791493435,2.0535481791493435,0.04217060124087584
covid,S1_A0_sep_only,motivo_lesao2,comorb_avc,-0.03136509854830138,-3.1365098548301376,3.1365098548301376,0.09837694069446572
covid,S1_A0_sep_only,motivo_lesao2,comorb_dpoc,-0.03469662265482564,-3.469662265482564,3.469662265482564,0.12038556236513599
covid,S1_A0_sep_only,motivo_lesao2,comorb_asma,0.0009981483917417295,0.09981483917417294,0.09981483917417294,9.963002119366011e-05
covid,S1_A0_sep_only,motivo_lesao2,comorb_dm,-0.028799913085498553,-2.8799913085498554,2.8799913085498554,0.08294349937322708
covid,S1_A0_sep_only,motivo_lesao2,comorb_obesidade,0.010510086905945973,1.0510086905945972,1.0510086905945972,0.0110461926770537
covid,S1_A0_sep_only,motivo_lesao2,comorb_drc,-0.05847080611292675,-5.847080611292675,5.847080611292675,0.3418835167495472
covid,S1_A0_sep_only,motivo_lesao2,comorb_cancer,-0.027860704273259963,-2.7860704273259964,2.7860704273259964,0.0776218842602046
covid,S1_A0_sep_only,motivo_lesao2,comorb_reumatologica,-0.0007560618627975427,-0.07560618627975427,0.07560618627975427,5.7162954037689025e-05
covid,S1_A0_sep_only,motivo_lesao2,comorb_cirrose,0.004814440848637222,0.4814440848637222,0.4814440848637222,0.0023178840685026693
covid,S1_A0_sep_only,motivo_lesao2,comorb_hiv,0.009792256416157599,0.9792256416157599,0.9792256416157599,0.009588828571977966
covid,S1_A0_sep_only,motivo_lesao2,obito,-0.03558701352097784,-3.558701352097784,3.558701352097784,0.12664355313422596
covid,S1_A0_sep_only,motivo_respiratorio,motivo_neuro,-0.013880639924347732,-1.3880639924347733,1.3880639924347733,0.019267216470939624
covid,S1_A0_sep_only,motivo_respiratorio,motivo_pele,-0.0018143865104853912,-0.18143865104853912,0.18143865104853912,0.00032919984094313546
covid,S1_A0_sep_only,motivo_respiratorio,motivo_genitourinaria,-0.007240528416013371,-0.7240528416013371,0.7240528416013371,0.0052425251743097095
covid,S1_A0_sep_only,motivo_respiratorio,motivo_dm,-0.0007518796992481202,-0.07518796992481203,0.07518796992481203,5.653230821414437e-05
covid,S1_A0_sep_only,motivo_respiratorio,motivo_mental_subst,-0.007729902601318861,-0.7729902601318861,0.7729902601318861,0.00597513942258761
covid,S1_A0_sep_only,motivo_respiratorio,motivo_infec2,-0.02580034515193692,-2.580034515193692,2.580034515193692,0.06656578099590749
covid,S1_A0_sep_only,motivo_respiratorio,motivo_propedeutica,-0.004317594795964262,-0.4317594795964262,0.4317594795964262,0.0018641624822137673
covid,S1_A0_sep_only,motivo_respiratorio,n_comorbidades,-0.004751021313171425,-0.47510213131714246,0.47510213131714246,0.002257220351820913
covid,S1_A0_sep_only,motivo_respiratorio,comorb_hipertensao,0.026317554417042116,2.6317554417042115,2.6317554417042115,0.0692613670493973
covid,S1_A0_sep_only,motivo_respiratorio,comorb_ic,0.025819387529013738,2.5819387529013738,2.5819387529013738,0.06666407723733901
covid,S1_A0_sep_only,motivo_respiratorio,comorb_dac,-0.018188728127951474,-1.8188728127951475,1.8188728127951475,0.03308298309125331
covid,S1_A0_sep_only,motivo_respiratorio,comorb_fibrilacao,0.04843950200853371,4.843950200853371,4.843950200853371,0.23463853548347413
covid,S1_A0_sep_only,motivo_respiratorio,comorb_avc,0.027833295684189362,2.783329568418936,2.783329568418936,0.07746923486435142
covid,S1_A0_sep_only,motivo_respiratorio,comorb_dpoc,-0.007603190531672237,-0.7603190531672237,0.7603190531672237,0.005780850626091035
covid,S1_A0_sep_only,motivo_respiratorio,comorb_asma,-0.005951942900632719,-0.5951942900632718,0.5951942900632718,0.003542562429239222
covid,S1_A0_sep_only,motivo_respiratorio,comorb_dm,-0.026079070576054953,-2.6079070576054955,2.6079070576054955,0.06801179221108551
covid,S1_A0_sep_only,motivo_respiratorio,comorb_obesidade,0.0381656825158068,3.81656825158068,3.81656825158068,0.14566193218973608
covid,S1_A0_sep_only,motivo_respiratorio,comorb_drc,0.1135535329593396,11.355353295933961,11.355353295933961,1.2894404847547827
covid,S1_A0_sep_only,motivo_respiratorio,comorb_cancer,-0.012000071744754646,-1.2000071744754646,1.2000071744754646,0.01440017218792588
covid,S1_A0_sep_only,motivo_respiratorio,comorb_reumatologica,-0.005933541651131043,-0.5933541651131042,0.5933541651131042,0.00352069165257069
covid,S1_A0_sep_only,motivo_respiratorio,comorb_cirrose,-0.0036946267122803357,-0.36946267122803356,0.36946267122803356,0.0013650266543095402
covid,S1_A0_sep_only,motivo_respiratorio,comorb_hiv,-0.0065959940813833245,-0.6595994081383325,0.6595994081383325,0.004350713792164384
covid,S1_A0_sep_only,motivo_respiratorio,obito,-0.036366930817978774,-3.6366930817978775,3.6366930817978775,0.13225536571196542
covid,S1_A0_sep_only,motivo_neuro,motivo_pele,-0.010609678408979766,-1.0609678408979766,1.0609678408979766,0.011256527594197142
covid,S1_A0_sep_only,motivo_neuro,motivo_genitourinaria,-0.026523964655470966,-2.6523964655470964,2.6523964655470964,0.07035207010446731
covid,S1_A0_sep_only,motivo_neuro,motivo_dm,0.060154293845615756,6.015429384561576,6.015429384561576,0.36185390680646856
covid,S1_A0_sep_only,motivo_neuro,motivo_mental_subst,0.005904808981291393,0.5904808981291393,0.5904808981291393,0.0034866769105539497
covid,S1_A0_sep_only,motivo_neuro,motivo_infec2,-0.062332963280651486,-6.2332963280651486,6.2332963280651486,0.38853983113470464
covid,S1_A0_sep_only,motivo_neuro,motivo_propedeutica,-0.015177367232972448,-1.5177367232972447,1.5177367232972447,0.02303524761245057
covid,S1_A0_sep_only,motivo_neuro,n_comorbidades,0.0523212221047913,5.2321222104791305,5.2321222104791305,0.2737510282538902
covid,S1_A0_sep_only,motivo_neuro,comorb_hipertensao,0.0015582842351219064,0.15582842351219064,0.15582842351219064,0.00024282497574294647
covid,S1_A0_sep_only,motivo_neuro,comorb_ic,-0.04342950756046486,-4.342950756046486,4.342950756046486,0.18861221269444745
covid,S1_A0_sep_only,motivo_neuro,comorb_dac,-0.03129727762631472,-3.129727762631472,3.129727762631472,0.097951958681862
covid,S1_A0_sep_only,motivo_neuro,comorb_fibrilacao,-0.03607015677850933,-3.6070156778509332,3.6070156778509332,0.13010562100262427
covid,S1_A0_sep_only,motivo_neuro,comorb_avc,0.035723218839918955,3.5723218839918953,3.5723218839918953,0.12761483642847404
covid,S1_A0_sep_only,motivo_neuro,comorb_dpoc,-0.022631523865002844,-2.2631523865002845,2.2631523865002845,0.05121858724521933
covid,S1_A0_sep_only,motivo_neuro,comorb_asma,-0.02015872744784708,-2.015872744784708,2.015872744784708,0.04063742923165833
covid,S1_A0_sep_only,motivo_neuro,comorb_dm,-0.0041924009446747765,-0.4192400944674777,0.4192400944674777,0.001757622568090996
covid,S1_A0_sep_only,motivo_neuro,comorb_obesidade,-0.022871118680911653,-2.287111868091165,2.287111868091165,0.0523088069716346
covid,S1_A0_sep_only,motivo_neuro,comorb_drc,0.017858529588280686,1.7858529588280687,1.7858529588280687,0.031892707905549676
covid,S1_A0_sep_only,motivo_neuro,comorb_cancer,-0.023307271832599594,-2.3307271832599596,2.3307271832599596,0.054322892027869045
covid,S1_A0_sep_only,motivo_neuro,comorb_reumatologica,0.08576606637354342,8.576606637354342,8.576606637354342,0.7355818141191055
covid,S1_A0_sep_only,motivo_neuro,comorb_cirrose,-0.010881207016727127,-1.0881207016727128,1.0881207016727128,0.011840066614087166
covid,S1_A0_sep_only,motivo_neuro,comorb_hiv,0.035945468967033226,3.5945468967033225,3.5945468967033225,0.12920767392599486
covid,S1_A0_sep_only,motivo_neuro,obito,-0.03491591070373553,-3.491591070373553,3.491591070373553,0.12191208202712332
covid,S1_A0_sep_only,motivo_pele,motivo_genitourinaria,-0.006921647577281548,-0.6921647577281548,0.6921647577281548,0.004790920518408752
covid,S1_A0_sep_only,motivo_pele,motivo_dm,-0.0015123116536074393,-0.15123116536074394,0.15123116536074394,0.00022870865376368673
covid,S1_A0_sep_only,motivo_pele,motivo_mental_subst,-0.005856439791748968,-0.5856439791748969,0.5856439791748969,0.0034297887034380695
covid,S1_A0_sep_only,motivo_pele,motivo_infec2,-0.019735337299385827,-1.9735337299385827,1.9735337299385827,0.038948353832052945
covid,S1_A0_sep_only,motivo_pele,motivo_propedeutica,-0.003957149704528649,-0.3957149704528649,0.3957149704528649,0.0015659033784051176
covid,S1_A0_sep_only,motivo_pele,n_comorbidades,0.004491264816020748,0.44912648160207486,0.44912648160207486,0.0020171459647625885
covid,S1_A0_sep_only,motivo_pele,comorb_hipertensao,0.03105684054027009,3.105684054027009,3.105684054027009,0.09645273443437638
covid,S1_A0_sep_only,motivo_pele,comorb_ic,-0.01203312784291732,-1.203312784291732,1.203312784291732,0.014479616568399203
covid,S1_A0_sep_only,motivo_pele,comorb_dac,-0.013166302809477509,-1.3166302809477508,1.3166302809477508,0.017335152967085536
covid,S1_A0_sep_only,motivo_pele,comorb_fibrilacao,-0.009006278104990597,-0.9006278104990597,0.9006278104990597,0.008111304530443302
covid,S1_A0_sep_only,motivo_pele,comorb_avc,-0.011091834868537079,-1.1091834868537078,1.1091834868537078,0.012302880075089498
covid,S1_A0_sep_only,motivo_pele,comorb_dpoc,-0.00426767652550851,-0.426767652550851,0.426767652550851,0.0018213062926376387
covid,S1_A0_sep_only,motivo_pele,comorb_asma,-0.004755952079193854,-0.47559520791938537,0.47559520791938537,0.002261908017958834
covid,S1_A0_sep_only,motivo_pele,comorb_dm,0.004000977794804138,0.40009777948041375,0.40009777948041375,0.001600782331451578
covid,S1_A0_sep_only,motivo_pele,comorb_obesidade,-0.004913963243487088,-0.4913963243487088,0.4913963243487088,0.002414703475834214
covid,S1_A0_sep_only,motivo_pele,comorb_drc,-0.011212076512687439,-1.1212076512687439,1.1212076512687439,0.012571065972635732
covid,S1_A0_sep_only,motivo_pele,comorb_cancer,-0.00964409270515176,-0.964409270515176,0.964409270515176,0.00930085241055614
covid,S1_A0_sep_only,motivo_pele,comorb_reumatologica,-0.005201242094632231,-0.5201242094632231,0.5201242094632231,0.0027052919326974274
covid,S1_A0_sep_only,motivo_pele,comorb_cirrose,-0.0022641913528555595,-0.22641913528555596,0.22641913528555596,0.0005126562482345889
covid,S1_A0_sep_only,motivo_pele,comorb_hiv,-0.00471470141646856,-0.471470141646856,0.471470141646856,0.0022228409446450647
covid,S1_A0_sep_only,motivo_pele,obito,0.01426296690412041,1.426296690412041,1.426296690412041,0.020343222490803416
covid,S1_A0_sep_only,motivo_genitourinaria,motivo_dm,-0.004112965689309717,-0.41129656893097166,0.41129656893097166,0.0016916486761438952
covid,S1_A0_sep_only,motivo_genitourinaria,motivo_mental_subst,-0.01627565687704141,-1.6275656877041411,1.6275656877041411,0.02648970067791854
covid,S1_A0_sep_only,motivo_genitourinaria,motivo_infec2,-0.006285548914064002,-0.6285548914064002,0.6285548914064002,0.003950812515109115
covid,S1_A0_sep_only,motivo_genitourinaria,motivo_propedeutica,-0.009416638772600001,-0.9416638772600001,0.9416638772600001,0.008867308577363365
covid,S1_A0_sep_only,motivo_genitourinaria,n_comorbidades,0.0010776901687847783,0.10776901687847783,0.10776901687847783,0.0001161416099895364
covid,S1_A0_sep_only,motivo_genitourinaria,comorb_hipertensao,0.0368914272923734,3.68914272923734,3.68914272923734,0.1360977407668473
covid,S1_A0_sep_only,motivo_genitourinaria,comorb_ic,0.021664764093234378,2.1664764093234377,2.1664764093234377,0.04693620032154976
covid,S1_A0_sep_only,motivo_genitourinaria,comorb_dac,-0.034547151509472115,-3.4547151509472114,3.4547151509472114,0.11935056774184213
covid,S1_A0_sep_only,motivo_genitourinaria,comorb_fibrilacao,-0.021559407836283444,-2.1559407836283446,2.1559407836283446,0.04648080662512
covid,S1_A0_sep_only,motivo_genitourinaria,comorb_avc,0.020625656775007425,2.0625656775007424,2.0625656775007424,0.04254177174004097
covid,S1_A0_sep_only,motivo_genitourinaria,comorb_dpoc,-0.013240203047678308,-1.3240203047678307,1.3240203047678307,0.017530297674374997
covid,S1_A0_sep_only,motivo_genitourinaria,comorb_asma,-0.012220425394129401,-1.2220425394129402,1.2220425394129402,0.014933879681348274
covid,S1_A0_sep_only,motivo_genitourinaria,comorb_dm,0.0756615967740092,7.56615967740092,7.56615967740092,0.5724677226392759
covid,S1_A0_sep_only,motivo_genitourinaria,comorb_obesidade,-0.014435315067406751,-1.443531506740675,1.443531506740675,0.020837832109530035
covid,S1_A0_sep_only,motivo_genitourinaria,comorb_drc,0.09797069432398044,9.797069432398043,9.797069432398043,0.9598256946322813
covid,S1_A0_sep_only,motivo_genitourinaria,comorb_cancer,0.025632311173564275,2.5632311173564277,2.5632311173564277,0.06570153760984279
covid,S1_A0_sep_only,motivo_genitourinaria,comorb_reumatologica,-0.012364827321333736,-1.2364827321333736,1.2364827321333736,0.01528889546864012
covid,S1_A0_sep_only,motivo_genitourinaria,comorb_cirrose,-0.0071334915094973615,-0.7133491509497362,0.7133491509497362,0.005088670111607094
covid,S1_A0_sep_only,motivo_genitourinaria,comorb_hiv,-0.012676623022909289,-1.2676623022909288,1.2676623022909288,0.016069677126495385
covid,S1_A0_sep_only,motivo_genitourinaria,obito,0.02328818547611678,2.3288185476116783,2.3288185476116783,0.054233958277001657
covid,S1_A0_sep_only,motivo_dm,motivo_mental_subst,-0.0035244207450712737,-0.3524420745071274,0.3524420745071274,0.001242154158828875
covid,S1_A0_sep_only,motivo_dm,motivo_infec2,-0.008964915655474425,-0.8964915655474425,0.8964915655474425,0.008036971270977043
covid,S1_A0_sep_only,motivo_dm,motivo_propedeutica,-0.0018172025393215266,-0.18172025393215266,0.18172025393215266,0.00033022250689166045
covid,S1_A0_sep_only,motivo_dm,n_comorbidades,0.01386746698353757,1.3867466983537569,1.3867466983537569,0.019230664053950457
covid,S1_A0_sep_only,motivo_dm,comorb_hipertensao,0.02735759639687977,2.735759639687977,2.735759639687977,0.07484380806145689
covid,S1_A0_sep_only,motivo_dm,comorb_ic,-0.004809363346961294,-0.48093633469612945,0.48093633469612945,0.0023129975803094743
covid,S1_A0_sep_only,motivo_dm,comorb_dac,-0.006539180846393026,-0.6539180846393027,0.6539180846393027,0.004276088614183342
covid,S1_A0_sep_only,motivo_dm,comorb_fibrilacao,-0.003931237837929603,-0.3931237837929603,0.3931237837929603,0.0015454630938369419
covid,S1_A0_sep_only,motivo_dm,comorb_avc,-0.00618955719601077,-0.618955719601077,0.618955719601077,0.0038310618282688708
covid,S1_A0_sep_only,motivo_dm,comorb_dpoc,-0.0022641913528555595,-0.22641913528555596,0.22641913528555596,0.0005126562482345889
covid,S1_A0_sep_only,motivo_dm,comorb_asma,-0.0020590971632881254,-0.20590971632881255,0.20590971632881255,0.00042398811278612054
covid,S1_A0_sep_only,motivo_dm,comorb_dm,-0.02060844680379752,-2.060844680379752,2.060844680379752,0.04247080796649522
covid,S1_A0_sep_only,motivo_dm,comorb_obesidade,-0.003001256969027558,-0.3001256969027558,0.3001256969027558,0.0009007543394136486
covid,S1_A0_sep_only,motivo_dm,comorb_drc,-0.004790120460203507,-0.47901204602035075,0.47901204602035075,0.002294525402326026
covid,S1_A0_sep_only,motivo_dm,comorb_cancer,-0.004278205119141417,-0.4278205119141417,0.4278205119141417,0.001830303904144783
covid,S1_A0_sep_only,motivo_dm,comorb_reumatologica,-0.0023725403041134118,-0.2372540304113412,0.2372540304113412,0.000562894749464256
covid,S1_A0_sep_only,motivo_dm,comorb_cirrose,-0.0007518796992481202,-0.07518796992481203,0.07518796992481203,5.653230821414437e-05
covid,S1_A0_sep_only,motivo_dm,comorb_hiv,-0.0023725403041134118,-0.2372540304113412,0.2372540304113412,0.000562894749464256
covid,S1_A0_sep_only,motivo_dm,obito,0.04280014437087973,4.2800144370879725,4.2800144370879725,0.18318523581681476
covid,S1_A0_sep_only,motivo_mental_subst,motivo_infec2,-0.04954792101992653,-4.954792101992653,4.954792101992653,0.2454996477396877
covid,S1_A0_sep_only,motivo_mental_subst,motivo_propedeutica,-0.008907155986674851,-0.8907155986674851,0.8907155986674851,0.007933742777095765
covid,S1_A0_sep_only,motivo_mental_subst,n_comorbidades,-0.0061284994613400486,-0.6128499461340049,0.6128499461340049,0.0037558505647645266
covid,S1_A0_sep_only,motivo_mental_subst,comorb_hipertensao,-0.05077318318488405,-5.077318318488405,5.077318318488405,0.25779161307257925
covid,S1_A0_sep_only,motivo_mental_subst,comorb_ic,-0.024632826855596868,-2.4632826855596868,2.4632826855596868,0.060677615889781426
covid,S1_A0_sep_only,motivo_mental_subst,comorb_dac,0.028520134681072062,2.8520134681072062,2.8520134681072062,0.08133980822264894
covid,S1_A0_sep_only,motivo_mental_subst,comorb_fibrilacao,-0.020365966889086953,-2.0365966889086953,2.0365966889086953,0.04147726073273861
covid,S1_A0_sep_only,motivo_mental_subst,comorb_avc,0.0051173241250073165,0.5117324125007316,0.5117324125007316,0.00261870062003819
covid,S1_A0_sep_only,motivo_mental_subst,comorb_dpoc,-0.013441261588796086,-1.3441261588796085,1.3441261588796085,0.018066751309844507
covid,S1_A0_sep_only,motivo_mental_subst,comorb_asma,-0.011258673315391664,-1.1258673315391665,1.1258673315391665,0.012675772482271233
covid,S1_A0_sep_only,motivo_mental_subst,comorb_dm,-0.021141046521482184,-2.1141046521482183,2.1141046521482183,0.0446943848023474
covid,S1_A0_sep_only,motivo_mental_subst,comorb_obesidade,0.03246488028295018,3.2464880282950177,3.2464880282950177,0.10539684517862874
covid,S1_A0_sep_only,motivo_mental_subst,comorb_drc,0.03535101945571408,3.5351019455714083,3.5351019455714083,0.12496945765582755
covid,S1_A0_sep_only,motivo_mental_subst,comorb_cancer,-0.023111519819903698,-2.3111519819903696,2.3111519819903696,0.05341423483858015
covid,S1_A0_sep_only,motivo_mental_subst,comorb_reumatologica,-0.012094515588514992,-1.2094515588514991,1.2094515588514991,0.014627730732083214
covid,S1_A0_sep_only,motivo_mental_subst,comorb_cirrose,-0.005653927179421808,-0.5653927179421808,0.5653927179421808,0.0031966892550204635
covid,S1_A0_sep_only,motivo_mental_subst,comorb_hiv,-0.012675868151476033,-1.2675868151476033,1.2675868151476033,0.016067763339360445
covid,S1_A0_sep_only,motivo_mental_subst,obito,-0.07171718094490957,-7.1717180944909575,7.1717180944909575,0.5143354042684901
covid,S1_A0_sep_only,motivo_infec2,motivo_propedeutica,-0.028765252846190564,-2.8765252846190563,2.8765252846190563,0.08274397713052743
covid,S1_A0_sep_only,motivo_infec2,n_comorbidades,0.006456582499985074,0.6456582499985074,0.6456582499985074,0.004168745757911351
covid,S1_A0_sep_only,motivo_infec2,comorb_hipertensao,-0.030455889689708426,-3.0455889689708426,3.0455889689708426,0.09275612167916879
covid,S1_A0_sep_only,motivo_infec2,comorb_ic,0.008894516519376876,0.8894516519376876,0.8894516519376876,0.007911242411346815
covid,S1_A0_sep_only,motivo_infec2,comorb_dac,-0.007924129539598115,-0.7924129539598115,0.7924129539598115,0.006279182896033142
covid,S1_A0_sep_only,motivo_infec2,comorb_fibrilacao,0.05463823479556016,5.463823479556016,5.463823479556016,0.29853367015747606
covid,S1_A0_sep_only,motivo_infec2,comorb_avc,-0.02054050335301239,-2.054050335301239,2.054050335301239,0.042191227799511316
covid,S1_A0_sep_only,motivo_infec2,comorb_dpoc,0.027293910275811913,2.7293910275811912,2.7293910275811912,0.07449575381440712
covid,S1_A0_sep_only,motivo_infec2,comorb_asma,0.009846771569031156,0.9846771569031156,0.9846771569031156,0.009695891033268029
covid,S1_A0_sep_only,motivo_infec2,comorb_dm,0.0034974298984896102,0.349742989848961,0.349742989848961,0.0012232015894849044
covid,S1_A0_sep_only,motivo_infec2,comorb_obesidade,0.04903418909509717,4.903418909509718,4.903418909509718,0.24043517002137463
covid,S1_A0_sep_only,motivo_infec2,comorb_drc,-0.028175895661061802,-2.81758956610618,2.81758956610618,0.07938810963030413
covid,S1_A0_sep_only,motivo_infec2,comorb_cancer,0.01171836024514028,1.171836024514028,1.171836024514028,0.013731996683488415
covid,S1_A0_sep_only,motivo_infec2,comorb_reumatologica,0.015851987395338087,1.5851987395338087,1.5851987395338087,0.025128550438195753
covid,S1_A0_sep_only,motivo_infec2,comorb_cirrose,0.0009430636543034277,0.09430636543034276,0.09430636543034276,8.89369056068135e-05
covid,S1_A0_sep_only,motivo_infec2,comorb_hiv,-0.00023289646235474248,-0.02328964623547425,0.02328964623547425,5.424076217735398e-06
covid,S1_A0_sep_only,motivo_infec2,obito,0.12245475104359616,12.245475104359615,12.245475104359615,1.4995166053149114
covid,S1_A0_sep_only,motivo_propedeutica,n_comorbidades,-0.02967436537945658,-2.967436537945658,2.967436537945658,0.08805679606734912
covid,S1_A0_sep_only,motivo_propedeutica,comorb_hipertensao,-0.016023751370651283,-1.6023751370651282,1.6023751370651282,0.02567606079884489
covid,S1_A0_sep_only,motivo_propedeutica,comorb_ic,-0.014987767426623225,-1.4987767426623226,1.4987767426623226,0.02246331724345482
covid,S1_A0_sep_only,motivo_propedeutica,comorb_dac,-0.01983272826252593,-1.983272826252593,1.983272826252593,0.03933371103351948
covid,S1_A0_sep_only,motivo_propedeutica,comorb_fibrilacao,-0.012010828661551893,-1.2010828661551893,1.2010828661551893,0.014426000513715644
covid,S1_A0_sep_only,motivo_propedeutica,comorb_avc,0.02039186355913263,2.039186355913263,2.039186355913263,0.04158280994142813
covid,S1_A0_sep_only,motivo_propedeutica,comorb_dpoc,-0.007551521153146154,-0.7551521153146155,0.7551521153146155,0.005702547172641382
covid,S1_A0_sep_only,motivo_propedeutica,comorb_asma,-0.006687120148474819,-0.6687120148474819,0.6687120148474819,0.004471757588013788
covid,S1_A0_sep_only,motivo_propedeutica,comorb_dm,0.023910004990804944,2.3910004990804943,2.3910004990804943,0.057168833866031735
covid,S1_A0_sep_only,motivo_propedeutica,comorb_obesidade,0.05686047378301408,5.686047378301408,5.686047378301408,0.3233113478828831
covid,S1_A0_sep_only,motivo_propedeutica,comorb_drc,-0.014452092940788478,-1.445209294078848,1.445209294078848,0.020886299036918816
covid,S1_A0_sep_only,motivo_propedeutica,comorb_cancer,0.02672513237602748,2.672513237602748,2.672513237602748,0.0714232700516192
covid,S1_A0_sep_only,motivo_propedeutica,comorb_reumatologica,-0.00699886449120445,-0.699886449120445,0.699886449120445,0.004898410416624252
covid,S1_A0_sep_only,motivo_propedeutica,comorb_cirrose,-0.003642957333754252,-0.3642957333754252,0.3642957333754252,0.0013271138135553888
covid,S1_A0_sep_only,motivo_propedeutica,comorb_hiv,-0.007139918234960208,-0.7139918234960207,0.7139918234960207,0.005097843240191729
covid,S1_A0_sep_only,motivo_propedeutica,obito,0.007331672018264313,0.7331672018264312,0.7331672018264312,0.005375341458339991
covid,S1_A0_sep_only,n_comorbidades,comorb_hipertensao,0.1035891140715656,10.35891140715656,10.35891140715656,1.073070455413183
covid,S1_A0_sep_only,n_comorbidades,comorb_ic,0.040381995398636863,4.038199539863687,4.038199539863687,0.1630705552375529
covid,S1_A0_sep_only,n_comorbidades,comorb_dac,0.07847558053864583,7.847558053864582,7.847558053864582,0.6158416740877488
covid,S1_A0_sep_only,n_comorbidades,comorb_fibrilacao,-0.006696124980167374,-0.6696124980167374,0.6696124980167374,0.004483808975002152
covid,S1_A0_sep_only,n_comorbidades,comorb_avc,0.03800923679127311,3.8009236791273113,3.8009236791273113,0.14447020814550696
covid,S1_A0_sep_only,n_comorbidades,comorb_dpoc,-0.010941754284671123,-1.0941754284671124,1.0941754284671124,0.011972198682611889
covid,S1_A0_sep_only,n_comorbidades,comorb_asma,-0.0625458741012532,-6.25458741012532,6.25458741012532,0.3911986367089816
covid,S1_A0_sep_only,n_comorbidades,comorb_dm,0.05205645366536482,5.205645366536482,5.205645366536482,0.27098743682142745
covid,S1_A0_sep_only,n_comorbidades,comorb_obesidade,0.007102926428141873,0.7102926428141874,0.7102926428141874,0.005045156384359627
covid,S1_A0_sep_only,n_comorbidades,comorb_drc,0.0100636885746326,1.0063688574632599,1.0063688574632599,0.010127782772719073
covid,S1_A0_sep_only,n_comorbidades,comorb_cancer,0.09288305345604672,9.288305345604671,9.288305345604671,0.8627261619318833
covid,S1_A0_sep_only,n_comorbidades,comorb_reumatologica,0.0279050350161903,2.79050350161903,2.79050350161903,0.07786909792548069
covid,S1_A0_sep_only,n_comorbidades,comorb_cirrose,-0.00045712939677952646,-0.045712939677952646,0.045712939677952646,2.0896728540001376e-05
covid,S1_A0_sep_only,n_comorbidades,comorb_hiv,0.010127824605892575,1.0127824605892575,1.0127824605892575,0.010257283124772308
covid,S1_A0_sep_only,n_comorbidades,obito,0.0837312072377548,8.37312072377548,8.37312072377548,0.7010915065491843
covid,S1_A0_sep_only,comorb_hipertensao,comorb_ic,0.032388931852976956,3.2388931852976954,3.2388931852976954,0.10490429065767852
covid,S1_A0_sep_only,comorb_hipertensao,comorb_dac,0.025318169760377384,2.5318169760377383,2.5318169760377383,0.06410097200152878
covid,S1_A0_sep_only,comorb_hipertensao,comorb_fibrilacao,-0.11919295955754176,-11.919295955754176,11.919295955754176,1.4206961608085786
covid,S1_A0_sep_only,comorb_hipertensao,comorb_avc,-0.04023410279300792,-4.0234102793007915,4.0234102793007915,0.16187830275583276
covid,S1_A0_sep_only,comorb_hipertensao,comorb_dpoc,0.014833033454223455,1.4833033454223454,1.4833033454223454,0.02200188814541122
covid,S1_A0_sep_only,comorb_hipertensao,comorb_asma,-0.008932608292147261,-0.8932608292147262,0.8932608292147262,0.0079791490900938
covid,S1_A0_sep_only,comorb_hipertensao,comorb_dm,0.052449784434418924,5.244978443441893,5.244978443441893,0.2750979887217014
covid,S1_A0_sep_only,comorb_hipertensao,comorb_obesidade,-0.05497108718152266,-5.4971087181522655,5.4971087181522655,0.3021820425918565
covid,S1_A0_sep_only,comorb_hipertensao,comorb_drc,-0.04311347831302236,-4.311347831302236,4.311347831302236,0.18587720122474494
covid,S1_A0_sep_only,comorb_hipertensao,comorb_cancer,-0.0377323395546451,-3.7732339554645096,3.7732339554645096,0.14237294482670348
covid,S1_A0_sep_only,comorb_hipertensao,comorb_reumatologica,0.0037206890210608077,0.3720689021060808,0.3720689021060808,0.0013843526791442432
covid,S1_A0_sep_only,comorb_hipertensao,comorb_cirrose,-0.004278363556009035,-0.4278363556009035,0.4278363556009035,0.0018304394717386274
covid,S1_A0_sep_only,comorb_hipertensao,comorb_hiv,-0.009285379884347784,-0.9285379884347784,0.9285379884347784,0.008621827959665047
covid,S1_A0_sep_only,comorb_hipertensao,obito,0.13022715440229857,13.022715440229856,13.022715440229856,1.6959111743720112
covid,S1_A0_sep_only,comorb_ic,comorb_dac,0.012989393663090251,1.2989393663090252,1.2989393663090252,0.016872434773472916
covid,S1_A0_sep_only,comorb_ic,comorb_fibrilacao,-0.03456481563988616,-3.4564815639886155,3.4564815639886155,0.11947264802193186
covid,S1_A0_sep_only,comorb_ic,comorb_avc,-0.048603777226133967,-4.860377722613396,4.860377722613396,0.23623271606476587
covid,S1_A0_sep_only,comorb_ic,comorb_dpoc,-0.020828773586193478,-2.082877358619348,2.082877358619348,0.04338378091049111
covid,S1_A0_sep_only,comorb_ic,comorb_asma,-0.01923272587048475,-1.923272587048475,1.923272587048475,0.03698977444092134
covid,S1_A0_sep_only,comorb_ic,comorb_dm,0.04502752517168919,4.502752517168919,4.502752517168919,0.20274780230871034
covid,S1_A0_sep_only,comorb_ic,comorb_obesidade,-0.020672021242319157,-2.067202124231916,2.067202124231916,0.042733246224289444
covid,S1_A0_sep_only,comorb_ic,comorb_drc,-0.0012146279616582392,-0.12146279616582392,0.12146279616582392,0.0001475321085242049
covid,S1_A0_sep_only,comorb_ic,comorb_cancer,-0.038767849976480126,-3.8767849976480124,3.8767849976480124,0.150294619179887
covid,S1_A0_sep_only,comorb_ic,comorb_reumatologica,-0.020014411782259572,-2.0014411782259574,2.0014411782259574,0.04005766789898508
covid,S1_A0_sep_only,comorb_ic,comorb_cirrose,0.025545420589444274,2.554542058944427,2.554542058944427,0.06525685130916034
covid,S1_A0_sep_only,comorb_ic,comorb_hiv,-0.02013359085312293,-2.013359085312293,2.013359085312293,0.04053614806409553
covid,S1_A0_sep_only,comorb_ic,obito,0.011711112546610527,1.1711112546610527,1.1711112546610527,0.01371501570793785
covid,S1_A0_sep_only,comorb_dac,comorb_fibrilacao,-0.03271749799999407,-3.271749799999407,3.271749799999407,0.10704346753796161
covid,S1_A0_sep_only,comorb_dac,comorb_avc,-0.03320733798270234,-3.320733798270234,3.320733798270234,0.11027272958974255
covid,S1_A0_sep_only,comorb_dac,comorb_dpoc,0.03969351065854184,3.969351065854184,3.969351065854184,0.15755747883997748
covid,S1_A0_sep_only,comorb_dac,comorb_asma,-0.025564395660147586,-2.5564395660147587,2.5564395660147587,0.06535383254685727
covid,S1_A0_sep_only,comorb_dac,comorb_dm,0.08702061779463423,8.702061779463422,8.702061779463422,0.7572587921359811
covid,S1_A0_sep_only,comorb_dac,comorb_obesidade,-0.008874200293015532,-0.8874200293015533,0.8874200293015533,0.007875143084055696
covid,S1_A0_sep_only,comorb_dac,comorb_drc,0.012735670694652368,1.2735670694652368,1.2735670694652368,0.016219730804262714
covid,S1_A0_sep_only,comorb_dac,comorb_cancer,-0.023266846589038947,-2.3266846589038948,2.3266846589038948,0.05413461501978733
covid,S1_A0_sep_only,comorb_dac,comorb_reumatologica,-0.027728726157202233,-2.7728726157202233,2.7728726157202233,0.07688822543011113
covid,S1_A0_sep_only,comorb_dac,comorb_cirrose,-0.012491057769441058,-1.2491057769441059,1.2491057769441059,0.015602652419951383
covid,S1_A0_sep_only,comorb_dac,comorb_hiv,-0.029043525124901947,-2.9043525124901945,2.9043525124901945,0.08435263516808107
covid,S1_A0_sep_only,comorb_dac,obito,-0.09307223978448886,-9.307223978448887,9.307223978448887,0.8662441818501392
covid,S1_A0_sep_only,comorb_fibrilacao,comorb_avc,0.0002410351861058882,0.02410351861058882,0.02410351861058882,5.809796094110016e-06
covid,S1_A0_sep_only,comorb_fibrilacao,comorb_dpoc,0.020065405212072594,2.0065405212072593,2.0065405212072593,0.040262048632467004
covid,S1_A0_sep_only,comorb_fibrilacao,comorb_asma,-0.015919885826898586,-1.5919885826898585,1.5919885826898585,0.02534427647414865
covid,S1_A0_sep_only,comorb_fibrilacao,comorb_dm,-0.017003770787411537,-1.7003770787411536,1.7003770787411536,0.028912822099082996
covid,S1_A0_sep_only,comorb_fibrilacao,comorb_obesidade,0.009062668668026722,0.9062668668026722,0.9062668668026722,0.008213196338643324
covid,S1_A0_sep_only,comorb_fibrilacao,comorb_drc,0.044661410501268164,4.466141050126817,4.466141050126817,0.19946415879627863
covid,S1_A0_sep_only,comorb_fibrilacao,comorb_cancer,-0.00793810596583667,-0.793810596583667,0.793810596583667,0.006301352632485173
covid,S1_A0_sep_only,comorb_fibrilacao,comorb_reumatologica,-0.01662543552890046,-1.6625435528900459,1.6625435528900459,0.02764051065256257
covid,S1_A0_sep_only,comorb_fibrilacao,comorb_cirrose,-0.008613086605228647,-0.8613086605228647,0.8613086605228647,0.007418526086916915
covid,S1_A0_sep_only,comorb_fibrilacao,comorb_hiv,-0.017027125006701407,-1.7027125006701407,1.7027125006701407,0.02899229859938364
covid,S1_A0_sep_only,comorb_fibrilacao,obito,-0.06852204495397182,-6.852204495397182,6.852204495397182,0.4695270644674135
covid,S1_A0_sep_only,comorb_avc,comorb_dpoc,-0.0263114056906684,-2.63114056906684,2.63114056906684,0.06922900694189375
covid,S1_A0_sep_only,comorb_avc,comorb_asma,-0.023161486592120733,-2.3161486592120735,2.3161486592120735,0.053645446115698846
covid,S1_A0_sep_only,comorb_avc,comorb_dm,0.007798233750519695,0.7798233750519695,0.7798233750519695,0.0060812449627744465
covid,S1_A0_sep_only,comorb_avc,comorb_obesidade,-0.00347175893877063,-0.347175893877063,0.347175893877063,0.001205311012893377
covid,S1_A0_sep_only,comorb_avc,comorb_drc,-0.03142050146885318,-3.1420501468853184,3.1420501468853184,0.09872479125542051
covid,S1_A0_sep_only,comorb_avc,comorb_cancer,-0.028667670876130674,-2.8667670876130673,2.8667670876130673,0.08218353534621509
covid,S1_A0_sep_only,comorb_avc,comorb_reumatologica,0.042681217657489896,4.268121765748989,4.268121765748989,0.18216863407260273
covid,S1_A0_sep_only,comorb_avc,comorb_cirrose,-0.01310646149472548,-1.3106461494725479,1.3106461494725479,0.017177933291272166
covid,S1_A0_sep_only,comorb_avc,comorb_hiv,-0.025039147258087167,-2.5039147258087167,2.5039147258087167,0.06269588954121741
covid,S1_A0_sep_only,comorb_avc,obito,-0.06124141226829545,-6.124141226829545,6.124141226829545,0.37505105766153285
covid,S1_A0_sep_only,comorb_dpoc,comorb_asma,0.05432130210966909,5.432130210966909,5.432130210966909,0.2950803862889939
covid,S1_A0_sep_only,comorb_dpoc,comorb_dm,0.05689560520577265,5.689560520577265,5.689560520577265,0.3237109891731144
covid,S1_A0_sep_only,comorb_dpoc,comorb_obesidade,-0.010505125473405647,-1.0505125473405648,1.0505125473405648,0.011035766121199622
covid,S1_A0_sep_only,comorb_dpoc,comorb_drc,0.023705541672530854,2.3705541672530854,2.3705541672530854,0.05619527059880969
covid,S1_A0_sep_only,comorb_dpoc,comorb_cancer,-0.020114657826979125,-2.0114657826979125,2.0114657826979125,0.040459945949645255
covid,S1_A0_sep_only,comorb_dpoc,comorb_reumatologica,-0.010127670670906226,-1.0127670670906226,1.0127670670906226,0.010256971321833418
covid,S1_A0_sep_only,comorb_dpoc,comorb_cirrose,-0.005487744299292707,-0.5487744299292707,0.5487744299292707,0.00301153374944196
covid,S1_A0_sep_only,comorb_dpoc,comorb_hiv,-0.01085885740326697,-1.085885740326697,1.085885740326697,0.011791478410448588
covid,S1_A0_sep_only,comorb_dpoc,obito,0.019659220113705807,1.9659220113705806,1.9659220113705806,0.03864849354791349
covid,S1_A0_sep_only,comorb_asma,comorb_dm,-0.029572521588541345,-2.9572521588541347,2.9572521588541347,0.0874534033104744
covid,S1_A0_sep_only,comorb_asma,comorb_obesidade,-0.010434255334423412,-1.0434255334423412,1.0434255334423412,0.010887368438394343
covid,S1_A0_sep_only,comorb_asma,comorb_drc,-0.018186687606272366,-1.8186687606272365,1.8186687606272365,0.033075560608814086
covid,S1_A0_sep_only,comorb_asma,comorb_cancer,-0.01770104719327837,-1.770104719327837,1.770104719327837,0.03133270717386681
covid,S1_A0_sep_only,comorb_asma,comorb_reumatologica,-0.009124924448943441,-0.9124924448943441,0.9124924448943441,0.008326424619892575
covid,S1_A0_sep_only,comorb_asma,comorb_cirrose,-0.005414365399170446,-0.5414365399170445,0.5414365399170445,0.002931535267573414
covid,S1_A0_sep_only,comorb_asma,comorb_hiv,-0.00943280194478803,-0.943280194478803,0.943280194478803,0.008897775252959685
covid,S1_A0_sep_only,comorb_asma,obito,-0.05344650786793992,-5.344650786793991,5.344650786793991,0.28565292032777634
covid,S1_A0_sep_only,comorb_dm,comorb_obesidade,0.02078332984733817,2.0783329847338172,2.0783329847338172,0.04319467995432577
covid,S1_A0_sep_only,comorb_dm,comorb_drc,-0.019198892684396007,-1.9198892684396007,1.9198892684396007,0.03685974803069546
covid,S1_A0_sep_only,comorb_dm,comorb_cancer,0.010908000907778433,1.0908000907778432,1.0908000907778432,0.011898448380409514
covid,S1_A0_sep_only,comorb_dm,comorb_reumatologica,-0.05198496842566643,-5.198496842566644,5.198496842566644,0.2702436942217536
covid,S1_A0_sep_only,comorb_dm,comorb_cirrose,-0.00328422681613985,-0.328422681613985,0.328422681613985,0.0010786145779852095
covid,S1_A0_sep_only,comorb_dm,comorb_hiv,0.012100366444382376,1.2100366444382376,1.2100366444382376,0.014641886808833498
covid,S1_A0_sep_only,comorb_dm,obito,0.05051758371627655,5.051758371627655,5.051758371627655,0.255202626453101
covid,S1_A0_sep_only,comorb_obesidade,comorb_drc,-0.01869998284871765,-1.869998284871765,1.869998284871765,0.03496893585423342
covid,S1_A0_sep_only,comorb_obesidade,comorb_cancer,0.028761812334858645,2.8761812334858647,2.8761812334858647,0.08272418487856269
covid,S1_A0_sep_only,comorb_obesidade,comorb_reumatologica,-0.010678644147485043,-1.0678644147485044,1.0678644147485044,0.011403344082861656
covid,S1_A0_sep_only,comorb_obesidade,comorb_cirrose,-0.0057411444213633644,-0.5741144421363364,0.5741144421363364,0.003296073926695168
covid,S1_A0_sep_only,comorb_obesidade,comorb_hiv,-0.011201531253381861,-1.1201531253381862,1.1201531253381862,0.012547430242049063
covid,S1_A0_sep_only,comorb_obesidade,obito,-0.0030373533571756983,-0.30373533571756983,0.30373533571756983,0.0009225515416346485
covid,S1_A0_sep_only,comorb_drc,comorb_cancer,-0.006801734168204433,-0.6801734168204433,0.6801734168204433,0.0046263587694919655
covid,S1_A0_sep_only,comorb_drc,comorb_reumatologica,0.03567108777834901,3.5671087778349007,3.5671087778349007,0.12724265032906798
covid,S1_A0_sep_only,comorb_drc,comorb_cirrose,-0.01044023756494562,-1.044023756494562,1.044023756494562,0.010899856041250164
covid,S1_A0_sep_only,comorb_drc,comorb_hiv,0.01575091881923847,1.575091881923847,1.575091881923847,0.024809144365024065
covid,S1_A0_sep_only,comorb_drc,obito,-0.020169279720066678,-2.016927972006668,2.016927972006668,0.0406799844426293
covid,S1_A0_sep_only,comorb_cancer,comorb_reumatologica,-0.018229693804603007,-1.8229693804603007,1.8229693804603007,0.03323217362095813
covid,S1_A0_sep_only,comorb_cancer,comorb_cirrose,-0.010058532409552722,-1.0058532409552723,1.0058532409552723,0.01011740742340225
covid,S1_A0_sep_only,comorb_cancer,comorb_hiv,-0.018827860744389878,-1.8827860744389877,1.8827860744389877,0.03544883402101374
covid,S1_A0_sep_only,comorb_cancer,obito,0.0647847963520162,6.47847963520162,6.47847963520162,0.41970698383722116
covid,S1_A0_sep_only,comorb_reumatologica,comorb_cirrose,-0.00451530349815667,-0.451530349815667,0.451530349815667,0.0020387965680465857
covid,S1_A0_sep_only,comorb_reumatologica,comorb_hiv,-0.010096245391891951,-1.0096245391891951,1.0096245391891951,0.010193417101329946
covid,S1_A0_sep_only,comorb_reumatologica,obito,0.09125487584241584,9.125487584241585,9.125487584241585,0.8327452365014731
covid,S1_A0_sep_only,comorb_cirrose,comorb_hiv,-0.004759949552353742,-0.4759949552353742,0.4759949552353742,0.002265711974095259
covid,S1_A0_sep_only,comorb_cirrose,obito,0.05734603066980528,5.734603066980528,5.734603066980528,0.3288567233582248
covid,S1_A0_sep_only,comorb_hiv,obito,-0.038521181280684304,-3.8521181280684305,3.8521181280684305,0.1483881407259343
covid,S0_A1_anchor_only,idade,sexo,-0.05650632483490784,-5.650632483490784,5.650632483490784,0.31929647463481226
covid,S0_A1_anchor_only,idade,etilismo,-0.04846747284785851,-4.846747284785851,4.846747284785851,0.23490959242579018
covid,S0_A1_anchor_only,idade,tabagismo,0.09677193064504555,9.677193064504555,9.677193064504555,0.9364806560769507
covid,S0_A1_anchor_only,idade,motivo_cancer,-0.005376831671373159,-0.5376831671373159,0.5376831671373159,0.0028910318822281474
covid,S0_A1_anchor_only,idade,motivo_msk,0.0,0.0,0.0,0.0
covid,S0_A1_anchor_only,idade,motivo_digestivo2,0.028354297946863127,2.8354297946863127,2.8354297946863127,0.08039662120594865
covid,S0_A1_anchor_only,idade,motivo_cardio2,-0.0226525457638763,-2.2652545763876297,2.2652545763876297,0.051313782958451
covid,S0_A1_anchor_only,idade,motivo_procedimentos2,-0.015037980415737031,-1.5037980415737031,1.5037980415737031,0.02261408549840905
covid,S0_A1_anchor_only,idade,motivo_lesao2,0.042877031861728226,4.2877031861728225,4.2877031861728225,0.18384398612716576
covid,S0_A1_anchor_only,idade,motivo_respiratorio,0.0,0.0,0.0,0.0
covid,S0_A1_anchor_only,idade,motivo_neuro,0.006996010983968728,0.6996010983968728,0.6996010983968728,0.004894416968781109
covid,S0_A1_anchor_only,idade,motivo_pele,0.006562230013978987,0.6562230013978987,0.6562230013978987,0.004306286275636666
covid,S0_A1_anchor_only,idade,motivo_genitourinaria,0.025607235446565214,2.5607235446565215,2.5607235446565215,0.0655730507215826
covid,S0_A1_anchor_only,idade,motivo_dm,0.0,0.0,0.0,0.0
covid,S0_A1_anchor_only,idade,motivo_mental_subst,-0.027012808424001757,-2.7012808424001755,2.7012808424001755,0.07296918189518203
covid,S0_A1_anchor_only,idade,motivo_infec2,0.052348340628132206,5.234834062813221,5.234834062813221,0.2740348766518957
covid,S0_A1_anchor_only,idade,motivo_propedeutica,-0.014961790889549187,-1.4961790889549187,1.4961790889549187,0.022385518662259705
covid,S0_A1_anchor_only,idade,n_comorbidades,0.023446211392581604,2.3446211392581606,2.3446211392581606,0.054972482866562346
covid,S0_A1_anchor_only,idade,comorb_hipertensao,0.0908446096079147,9.08446096079147,9.08446096079147,0.8252743094814428
covid,S0_A1_anchor_only,idade,comorb_ic,-0.012098042293100022,-1.2098042293100022,1.2098042293100022,0.014636262732563684
covid,S0_A1_anchor_only,idade,comorb_dac,0.03600112755785166,3.600112755785166,3.600112755785166,0.12960811854367063
covid,S0_A1_anchor_only,idade,comorb_fibrilacao,-0.03328675274872625,-3.328675274872625,3.328675274872625,0.11080079085548344
covid,S0_A1_anchor_only,idade,comorb_avc,0.014398859538365788,1.4398859538365787,1.4398859538365787,0.020732715600558744
covid,S0_A1_anchor_only,idade,comorb_dpoc,0.022335077714773246,2.2335077714773246,2.2335077714773246,0.049885569652496055
covid,S0_A1_anchor_only,idade,comorb_asma,-0.014798361705209429,-1.4798361705209429,1.4798361705209429,0.02189915091582089
covid,S0_A1_anchor_only,idade,comorb_dm,0.035015385341257935,3.5015385341257934,3.5015385341257934,0.1226077210596781
covid,S0_A1_anchor_only,idade,comorb_obesidade,-0.008757743982083458,-0.8757743982083458,0.8757743982083458,0.007669807965571903
covid,S0_A1_anchor_only,idade,comorb_drc,-0.024282110295289903,-2.4282110295289905,2.4282110295289905,0.058962088039262395
covid,S0_A1_anchor_only,idade,comorb_cancer,0.014126435669714657,1.4126435669714656,1.4126435669714656,0.01995561847305866
covid,S0_A1_anchor_only,idade,comorb_reumatologica,-0.01753245120499697,-1.7532451204996968,1.7532451204996968,0.030738684525559966
covid,S0_A1_anchor_only,idade,comorb_cirrose,0.009000046927913962,0.9000046927913962,0.9000046927913962,0.008100084470465355
covid,S0_A1_anchor_only,idade,comorb_hiv,-0.026477804363918257,-2.647780436391826,2.647780436391826,0.07010741239339288
covid,S0_A1_anchor_only,idade,obito,0.05802675478330197,5.8026754783301975,5.8026754783301975,0.3367104270681458
covid,S0_A1_anchor_only,sexo,etilismo,-0.05032543474443056,-5.032543474443056,5.032543474443056,0.25326493822159385
covid,S0_A1_anchor_only,sexo,tabagismo,-0.08610992220698824,-8.610992220698824,8.610992220698824,0.7414918702493566
covid,S0_A1_anchor_only,sexo,motivo_cancer,-0.021161844697265765,-2.1161844697265764,2.1161844697265764,0.04478236709911952
covid,S0_A1_anchor_only,sexo,motivo_msk,0.0,0.0,0.0,0.0
covid,S0_A1_anchor_only,sexo,motivo_digestivo2,0.03367445808915159,3.3674458089151593,3.3674458089151593,0.11339691275980272
covid,S0_A1_anchor_only,sexo,motivo_cardio2,-0.022150427636595554,-2.2150427636595555,2.2150427636595555,0.04906414444840561
covid,S0_A1_anchor_only,sexo,motivo_procedimentos2,0.046014362245563836,4.601436224556384,4.601436224556384,0.21173215328659706
covid,S0_A1_anchor_only,sexo,motivo_lesao2,0.05051670133144324,5.051670133144324,5.051670133144324,0.25519371134102387
covid,S0_A1_anchor_only,sexo,motivo_respiratorio,0.0,0.0,0.0,0.0
covid,S0_A1_anchor_only,sexo,motivo_neuro,-0.004820583785686968,-0.4820583785686968,0.4820583785686968,0.0023238028034828105
covid,S0_A1_anchor_only,sexo,motivo_pele,-0.009814730141840759,-0.9814730141840758,0.9814730141840758,0.009632892775715753
covid,S0_A1_anchor_only,sexo,motivo_genitourinaria,-0.039673472341328994,-3.9673472341328995,3.9673472341328995,0.15739844076181966
covid,S0_A1_anchor_only,sexo,motivo_dm,0.0,0.0,0.0,0.0
covid,S0_A1_anchor_only,sexo,motivo_mental_subst,-0.016330097412723142,-1.6330097412723141,1.6330097412723141,0.026667208150902705
covid,S0_A1_anchor_only,sexo,motivo_infec2,0.002376173586287749,0.2376173586287749,0.2376173586287749,0.0005646200912171582
covid,S0_A1_anchor_only,sexo,motivo_propedeutica,0.013070082925106977,1.3070082925106978,1.3070082925106978,0.017082706766917297
covid,S0_A1_anchor_only,sexo,n_comorbidades,0.0323275322222473,3.2327532222247304,3.2327532222247304,0.10450693395804375
covid,S0_A1_anchor_only,sexo,comorb_hipertensao,0.06594225812519494,6.594225812519494,6.594225812519494,0.43483814066498383
covid,S0_A1_anchor_only,sexo,comorb_ic,-0.06979790359422591,-6.979790359422592,6.979790359422592,0.4871747346148854
covid,S0_A1_anchor_only,sexo,comorb_dac,-0.06788419604625269,-6.788419604625269,6.788419604625269,0.46082640728460694
covid,S0_A1_anchor_only,sexo,comorb_fibrilacao,0.01241022070977406,1.241022070977406,1.241022070977406,0.015401357806530498
covid,S0_A1_anchor_only,sexo,comorb_avc,-0.06742142563815677,-6.742142563815677,6.742142563815677,0.45456486350815034
covid,S0_A1_anchor_only,sexo,comorb_dpoc,0.0026294736642118927,0.26294736642118927,0.26294736642118927,0.0006914131750783918
covid,S0_A1_anchor_only,sexo,comorb_asma,-0.00990078866191922,-0.990078866191922,0.990078866191922,0.009802561612798816
covid,S0_A1_anchor_only,sexo,comorb_dm,0.0027875651190070196,0.27875651190070194,0.27875651190070194,0.000777051929270462
covid,S0_A1_anchor_only,sexo,comorb_obesidade,-0.0128589567581549,-1.28589567581549,1.28589567581549,0.016535276890809754
covid,S0_A1_anchor_only,sexo,comorb_drc,-0.007124949845359062,-0.7124949845359062,0.7124949845359062,0.0050764910298882115
covid,S0_A1_anchor_only,sexo,comorb_cancer,-0.022519424768106408,-2.251942476810641,2.251942476810641,0.05071244918864044
covid,S0_A1_anchor_only,sexo,comorb_reumatologica,-0.02992551405848754,-2.9925514058487543,2.9925514058487543,0.08955363916647355
covid,S0_A1_anchor_only,sexo,comorb_cirrose,-0.026251839340552818,-2.625183934055282,2.625183934055282,0.06891590687621967
covid,S0_A1_anchor_only,sexo,comorb_hiv,0.005759550988399666,0.5759550988399667,0.5759550988399667,0.003317242758797557
covid,S0_A1_anchor_only,sexo,obito,0.007284154326757835,0.7284154326757836,0.7284154326757836,0.00530589042560249
covid,S0_A1_anchor_only,etilismo,tabagismo,0.010793296711570208,1.0793296711570208,1.0793296711570208,0.011649525390399228
covid,S0_A1_anchor_only,etilismo,motivo_cancer,-0.051652102320092264,-5.165210232009226,5.165210232009226,0.26679396740852807
covid,S0_A1_anchor_only,etilismo,motivo_msk,0.0,0.0,0.0,0.0
covid,S0_A1_anchor_only,etilismo,motivo_digestivo2,0.027662404465788232,2.766240446578823,2.766240446578823,0.07652086208288607
covid,S0_A1_anchor_only,etilismo,motivo_cardio2,-0.014993675738077106,-1.4993675738077106,1.4993675738077106,0.022481031213860206
covid,S0_A1_anchor_only,etilismo,motivo_procedimentos2,-0.03417616920843079,-3.4176169208430793,3.4176169208430793,0.1168010541763293
covid,S0_A1_anchor_only,etilismo,motivo_lesao2,0.09392599819859862,9.392599819859862,9.392599819859862,0.8822093137603151
covid,S0_A1_anchor_only,etilismo,motivo_respiratorio,0.0,0.0,0.0,0.0
covid,S0_A1_anchor_only,etilismo,motivo_neuro,0.0005047363976363621,0.05047363976363621,0.05047363976363621,2.5475883109893185e-05
covid,S0_A1_anchor_only,etilismo,motivo_pele,-0.02746072408521642,-2.746072408521642,2.746072408521642,0.0754091367284385
covid,S0_A1_anchor_only,etilismo,motivo_genitourinaria,-0.03903050884504148,-3.903050884504148,3.903050884504148,0.15233806207028613
covid,S0_A1_anchor_only,etilismo,motivo_dm,0.0,0.0,0.0,0.0
covid,S0_A1_anchor_only,etilismo,motivo_mental_subst,0.010204217547439571,1.0204217547439571,1.0204217547439571,0.010412605575547365
covid,S0_A1_anchor_only,etilismo,motivo_infec2,-0.07430967059562825,-7.430967059562825,7.430967059562825,0.5521927144030778
covid,S0_A1_anchor_only,etilismo,motivo_propedeutica,0.029649972666444046,2.9649972666444047,2.9649972666444047,0.0879120879120879
covid,S0_A1_anchor_only,etilismo,n_comorbidades,-0.04521174931569589,-4.521174931569589,4.521174931569589,0.20441022761853275
covid,S0_A1_anchor_only,etilismo,comorb_hipertensao,-0.018131380242694416,-1.8131380242694415,1.8131380242694415,0.03287469495051694
covid,S0_A1_anchor_only,etilismo,comorb_ic,-0.037524323143965706,-3.7524323143965708,3.7524323143965708,0.14080748274127602
covid,S0_A1_anchor_only,etilismo,comorb_dac,-0.02368581326679687,-2.368581326679687,2.368581326679687,0.05610177501095706
covid,S0_A1_anchor_only,etilismo,comorb_fibrilacao,-0.031478660436924495,-3.1478660436924497,3.1478660436924497,0.09909060629031954
covid,S0_A1_anchor_only,etilismo,comorb_avc,-0.05160061995526517,-5.160061995526517,5.160061995526517,0.26626239797677104
covid,S0_A1_anchor_only,etilismo,comorb_dpoc,0.023193620012357103,2.31936200123571,2.31936200123571,0.05379440092776119
covid,S0_A1_anchor_only,etilismo,comorb_asma,-0.005126688580743841,-0.5126688580743841,0.5126688580743841,0.0026282935803929298
covid,S0_A1_anchor_only,etilismo,comorb_dm,-0.05476144707469581,-5.476144707469581,5.476144707469581,0.299881608571471
covid,S0_A1_anchor_only,etilismo,comorb_obesidade,-0.031186828336823347,-3.1186828336823345,3.1186828336823345,0.09726182617104877
covid,S0_A1_anchor_only,etilismo,comorb_drc,-0.030671692758527224,-3.0671692758527223,3.0671692758527223,0.09407527366734914
covid,S0_A1_anchor_only,etilismo,comorb_cancer,-0.049201681431529275,-4.920168143152927,4.920168143152927,0.24208054556896924
covid,S0_A1_anchor_only,etilismo,comorb_reumatologica,-0.010392291518406972,-1.039229151840697,1.039229151840697,0.010799972300355348
covid,S0_A1_anchor_only,etilismo,comorb_cirrose,0.04307647356722979,4.3076473567229785,4.3076473567229785,0.18555825749882465
covid,S0_A1_anchor_only,etilismo,comorb_hiv,-0.02049091059641068,-2.049091059641068,2.049091059641068,0.04198774170700954
covid,S0_A1_anchor_only,etilismo,obito,-0.043358479358830686,-4.335847935883068,4.335847935883068,0.18799577323101466
covid,S0_A1_anchor_only,tabagismo,motivo_cancer,-0.038145709867900654,-3.8145709867900655,3.8145709867900655,0.14550951813260535
covid,S0_A1_anchor_only,tabagismo,motivo_msk,0.0,0.0,0.0,0.0
covid,S0_A1_anchor_only,tabagismo,motivo_digestivo2,-0.04837521967622843,-4.837521967622843,4.837521967622843,0.23401618787233583
covid,S0_A1_anchor_only,tabagismo,motivo_cardio2,0.07630820423613577,7.630820423613577,7.630820423613577,0.5822942033743809
covid,S0_A1_anchor_only,tabagismo,motivo_procedimentos2,-0.005572669349956311,-0.5572669349956311,0.5572669349956311,0.0031054643683942496
covid,S0_A1_anchor_only,tabagismo,motivo_lesao2,-0.05309484784335814,-5.309484784335814,5.309484784335814,0.28190628675093526
covid,S0_A1_anchor_only,tabagismo,motivo_respiratorio,0.0,0.0,0.0,0.0
covid,S0_A1_anchor_only,tabagismo,motivo_neuro,-0.050845618291032416,-5.084561829103242,5.084561829103242,0.258527689939737
covid,S0_A1_anchor_only,tabagismo,motivo_pele,-0.013801425090772207,-1.3801425090772206,1.3801425090772206,0.019047933453619662
covid,S0_A1_anchor_only,tabagismo,motivo_genitourinaria,-0.04259487771553839,-4.259487771553839,4.259487771553839,0.1814323607601669
covid,S0_A1_anchor_only,tabagismo,motivo_dm,0.0,0.0,0.0,0.0
covid,S0_A1_anchor_only,tabagismo,motivo_mental_subst,-0.017471571331740564,-1.7471571331740563,1.7471571331740563,0.030525580480009872
covid,S0_A1_anchor_only,tabagismo,motivo_infec2,-0.039626110811533374,-3.9626110811533373,3.9626110811533373,0.15702286580479222
covid,S0_A1_anchor_only,tabagismo,motivo_propedeutica,-0.010585122480499264,-1.0585122480499265,1.0585122480499265,0.01120448179271709
covid,S0_A1_anchor_only,tabagismo,n_comorbidades,-0.04296075958607486,-4.296075958607486,4.296075958607486,0.18456268642125234
covid,S0_A1_anchor_only,tabagismo,comorb_hipertensao,-0.012324149696097159,-1.232414969609716,1.232414969609716,0.015188466573181169
covid,S0_A1_anchor_only,tabagismo,comorb_ic,-0.07434127006020409,-7.434127006020409,7.434127006020409,0.5526624434164198
covid,S0_A1_anchor_only,tabagismo,comorb_dac,0.028065678285648144,2.8065678285648143,2.8065678285648143,0.07876822976335018
covid,S0_A1_anchor_only,tabagismo,comorb_fibrilacao,-0.003995178781338272,-0.3995178781338272,0.3995178781338272,0.0015961453494855561
covid,S0_A1_anchor_only,tabagismo,comorb_avc,-0.05602342732480903,-5.602342732480903,5.602342732480903,0.3138624409218159
covid,S0_A1_anchor_only,tabagismo,comorb_dpoc,0.028117479159461566,2.8117479159461567,2.8117479159461567,0.07905926342827556
covid,S0_A1_anchor_only,tabagismo,comorb_asma,-0.006785278989246306,-0.6785278989246306,0.6785278989246306,0.004604001096190738
covid,S0_A1_anchor_only,tabagismo,comorb_dm,-0.057699973682810254,-5.769997368281025,5.769997368281025,0.33292869629969957
covid,S0_A1_anchor_only,tabagismo,comorb_obesidade,-0.015196316892108722,-1.519631689210872,1.519631689210872,0.02309280470853889
covid,S0_A1_anchor_only,tabagismo,comorb_drc,-0.024999428814278767,-2.499942881427877,2.499942881427877,0.062497144104019145
covid,S0_A1_anchor_only,tabagismo,comorb_cancer,-0.030824287867062948,-3.082428786706295,3.082428786706295,0.09501367225115641
covid,S0_A1_anchor_only,tabagismo,comorb_reumatologica,0.021580639747719545,2.1580639747719546,2.1580639747719546,0.04657240119208527
covid,S0_A1_anchor_only,tabagismo,comorb_cirrose,0.03444430743173379,3.444430743173379,3.444430743173379,0.11864103144517914
covid,S0_A1_anchor_only,tabagismo,comorb_hiv,0.024289584877378114,2.428958487737811,2.428958487737811,0.05899839335153556
covid,S0_A1_anchor_only,tabagismo,obito,0.11853292950939247,11.853292950939247,11.853292950939247,1.4050055378078603
covid,S0_A1_anchor_only,motivo_cancer,motivo_msk,0.0,0.0,0.0,0.0
covid,S0_A1_anchor_only,motivo_cancer,motivo_digestivo2,-0.025563538863627232,-2.5563538863627233,2.5563538863627233,0.06534945192321799
covid,S0_A1_anchor_only,motivo_cancer,motivo_cardio2,-0.0454639606408158,-4.54639606408158,4.54639606408158,0.20669717171496482
covid,S0_A1_anchor_only,motivo_cancer,motivo_procedimentos2,-0.030233179624752676,-3.0233179624752675,3.0233179624752675,0.09140451502225604
covid,S0_A1_anchor_only,motivo_cancer,motivo_lesao2,-0.04490235535263639,-4.490235535263639,4.490235535263639,0.2016221516214434
covid,S0_A1_anchor_only,motivo_cancer,motivo_respiratorio,0.0,0.0,0.0,0.0
covid,S0_A1_anchor_only,motivo_cancer,motivo_neuro,-0.02571030023489177,-2.571030023489177,2.571030023489177,0.06610195381682758
covid,S0_A1_anchor_only,motivo_cancer,motivo_pele,-0.010462855528700835,-1.0462855528700834,1.0462855528700834,0.010947134581446563
covid,S0_A1_anchor_only,motivo_cancer,motivo_genitourinaria,-0.01981364490089622,-1.9813644900896221,1.9813644900896221,0.03925805242588108
covid,S0_A1_anchor_only,motivo_cancer,motivo_dm,0.0,0.0,0.0,0.0
covid,S0_A1_anchor_only,motivo_cancer,motivo_mental_subst,-0.008962203836504992,-0.8962203836504992,0.8962203836504992,0.00803210976070648
covid,S0_A1_anchor_only,motivo_cancer,motivo_infec2,-0.04725154759507451,-4.725154759507451,4.725154759507451,0.22327087501295917
covid,S0_A1_anchor_only,motivo_cancer,motivo_propedeutica,-0.0016940395049875531,-0.1694039504987553,0.1694039504987553,0.00028697698444584736
covid,S0_A1_anchor_only,motivo_cancer,n_comorbidades,0.04895606460947808,4.895606460947808,4.895606460947808,0.23966962620473922
covid,S0_A1_anchor_only,motivo_cancer,comorb_hipertensao,-0.028985378538132357,-2.898537853813236,2.898537853813236,0.0840152168998824
covid,S0_A1_anchor_only,motivo_cancer,comorb_ic,0.010387706970151287,1.0387706970151287,1.0387706970151287,0.010790445609772964
covid,S0_A1_anchor_only,motivo_cancer,comorb_dac,-0.0026464345948549323,-0.2646434594854932,0.2646434594854932,0.0007003616064844989
covid,S0_A1_anchor_only,motivo_cancer,comorb_fibrilacao,-0.017665537556971533,-1.7665537556971533,1.7665537556971533,0.031207121717677175
covid,S0_A1_anchor_only,motivo_cancer,comorb_avc,-0.02969461666849176,-2.969461666849176,2.969461666849176,0.08817702590886686
covid,S0_A1_anchor_only,motivo_cancer,comorb_dpoc,-0.005696081633850066,-0.5696081633850065,0.5696081633850065,0.0032445345979484033
covid,S0_A1_anchor_only,motivo_cancer,comorb_asma,-0.0020044864799212024,-0.20044864799212023,0.20044864799212023,0.00040179660481868927
covid,S0_A1_anchor_only,motivo_cancer,comorb_dm,0.02446553336896535,2.446553336896535,2.446553336896535,0.0598562323027957
covid,S0_A1_anchor_only,motivo_cancer,comorb_obesidade,-0.012593699034923227,-1.2593699034923227,1.2593699034923227,0.015860125538222625
covid,S0_A1_anchor_only,motivo_cancer,comorb_drc,-0.023587735320300673,-2.3587735320300673,2.3587735320300673,0.055638125754055995
covid,S0_A1_anchor_only,motivo_cancer,comorb_cancer,0.14851997940497785,14.851997940497785,14.851997940497785,2.2058184282455047
covid,S0_A1_anchor_only,motivo_cancer,comorb_reumatologica,-0.004146685632996747,-0.41466856329967466,0.41466856329967466,0.001719500173890163
covid,S0_A1_anchor_only,motivo_cancer,comorb_cirrose,-0.003912561292551789,-0.39125612925517894,0.39125612925517894,0.0015308135867974529
covid,S0_A1_anchor_only,motivo_cancer,comorb_hiv,-0.00835444926808532,-0.835444926808532,0.835444926808532,0.006979682257301133
covid,S0_A1_anchor_only,motivo_cancer,obito,0.05475464782369201,5.475464782369201,5.475464782369201,0.29980714582965395
covid,S0_A1_anchor_only,motivo_msk,motivo_digestivo2,0.0,0.0,0.0,0.0
covid,S0_A1_anchor_only,motivo_msk,motivo_cardio2,0.0,0.0,0.0,0.0
covid,S0_A1_anchor_only,motivo_msk,motivo_procedimentos2,0.0,0.0,0.0,0.0
covid,S0_A1_anchor_only,motivo_msk,motivo_lesao2,0.0,0.0,0.0,0.0
covid,S0_A1_anchor_only,motivo_msk,motivo_respiratorio,0.0,0.0,0.0,0.0
covid,S0_A1_anchor_only,motivo_msk,motivo_neuro,0.0,0.0,0.0,0.0
covid,S0_A1_anchor_only,motivo_msk,motivo_pele,0.0,0.0,0.0,0.0
covid,S0_A1_anchor_only,motivo_msk,motivo_genitourinaria,0.0,0.0,0.0,0.0
covid,S0_A1_anchor_only,motivo_msk,motivo_dm,0.0,0.0,0.0,0.0
covid,S0_A1_anchor_only,motivo_msk,motivo_mental_subst,0.0,0.0,0.0,0.0
covid,S0_A1_anchor_only,motivo_msk,motivo_infec2,0.0,0.0,0.0,0.0
covid,S0_A1_anchor_only,motivo_msk,motivo_propedeutica,0.0,0.0,0.0,0.0
covid,S0_A1_anchor_only,motivo_msk,n_comorbidades,0.0,0.0,0.0,0.0
covid,S0_A1_anchor_only,motivo_msk,comorb_hipertensao,0.0,0.0,0.0,0.0
covid,S0_A1_anchor_only,motivo_msk,comorb_ic,0.0,0.0,0.0,0.0
covid,S0_A1_anchor_only,motivo_msk,comorb_dac,0.0,0.0,0.0,0.0
covid,S0_A1_anchor_only,motivo_msk,comorb_fibrilacao,0.0,0.0,0.0,0.0
covid,S0_A1_anchor_only,motivo_msk,comorb_avc,0.0,0.0,0.0,0.0
covid,S0_A1_anchor_only,motivo_msk,comorb_dpoc,0.0,0.0,0.0,0.0
covid,S0_A1_anchor_only,motivo_msk,comorb_asma,0.0,0.0,0.0,0.0
covid,S0_A1_anchor_only,motivo_msk,comorb_dm,0.0,0.0,0.0,0.0
covid,S0_A1_anchor_only,motivo_msk,comorb_obesidade,0.0,0.0,0.0,0.0
covid,S0_A1_anchor_only,motivo_msk,comorb_drc,0.0,0.0,0.0,0.0
covid,S0_A1_anchor_only,motivo_msk,comorb_cancer,0.0,0.0,0.0,0.0
covid,S0_A1_anchor_only,motivo_msk,comorb_reumatologica,0.0,0.0,0.0,0.0
covid,S0_A1_anchor_only,motivo_msk,comorb_cirrose,0.0,0.0,0.0,0.0
covid,S0_A1_anchor_only,motivo_msk,comorb_hiv,0.0,0.0,0.0,0.0
covid,S0_A1_anchor_only,motivo_msk,obito,0.0,0.0,0.0,0.0
covid,S0_A1_anchor_only,motivo_digestivo2,motivo_cardio2,-0.10393769502317976,-10.393769502317976,10.393769502317976,1.0803044446731527
covid,S0_A1_anchor_only,motivo_digestivo2,motivo_procedimentos2,-0.06970909194216413,-6.9709091942164125,6.9709091942164125,0.48593574994010913
covid,S0_A1_anchor_only,motivo_digestivo2,motivo_lesao2,-0.054105091431700204,-5.41050914317002,5.41050914317002,0.2927360918832639
covid,S0_A1_anchor_only,motivo_digestivo2,motivo_respiratorio,0.0,0.0,0.0,0.0
covid,S0_A1_anchor_only,motivo_digestivo2,motivo_neuro,-0.05824559851937079,-5.824559851937079,5.824559851937079,0.3392549746879729
covid,S0_A1_anchor_only,motivo_digestivo2,motivo_pele,-0.02272028424044114,-2.2720284240441138,2.2720284240441138,0.051621131596643804
covid,S0_A1_anchor_only,motivo_digestivo2,motivo_genitourinaria,-0.029846841172493182,-2.9846841172493184,2.9846841172493184,0.08908339279760341
covid,S0_A1_anchor_only,motivo_digestivo2,motivo_dm,0.0,0.0,0.0,0.0
covid,S0_A1_anchor_only,motivo_digestivo2,motivo_mental_subst,-0.01827643203449663,-1.827643203449663,1.827643203449663,0.03340279679115746
covid,S0_A1_anchor_only,motivo_digestivo2,motivo_infec2,-0.08321458437100614,-8.321458437100613,8.321458437100613,0.6924667052039299
covid,S0_A1_anchor_only,motivo_digestivo2,motivo_propedeutica,-0.004113063728303114,-0.4113063728303114,0.4113063728303114,0.0016917293233082713
covid,S0_A1_anchor_only,motivo_digestivo2,n_comorbidades,0.05467701539932594,5.467701539932595,5.467701539932595,0.2989576012978126
covid,S0_A1_anchor_only,motivo_digestivo2,comorb_hipertensao,-0.004690416367054336,-0.4690416367054336,0.4690416367054336,0.0022000005696331195
covid,S0_A1_anchor_only,motivo_digestivo2,comorb_ic,-0.006779604439996631,-0.6779604439996632,0.6779604439996632,0.0045963036362822035
covid,S0_A1_anchor_only,motivo_digestivo2,comorb_dac,-0.03113514589871761,-3.113514589871761,3.113514589871761,0.0969397310134432
covid,S0_A1_anchor_only,motivo_digestivo2,comorb_fibrilacao,-0.03960577161780343,-3.960577161780343,3.960577161780343,0.1568617145441604
covid,S0_A1_anchor_only,motivo_digestivo2,comorb_avc,-0.013318878534788886,-1.3318878534788885,1.3318878534788885,0.017739252542446012
covid,S0_A1_anchor_only,motivo_digestivo2,comorb_dpoc,-0.013877643890325022,-1.3877643890325022,1.3877643890325022,0.019258899994667542
covid,S0_A1_anchor_only,motivo_digestivo2,comorb_asma,-0.004263579971967453,-0.4263579971967453,0.4263579971967453,0.0018178114177361984
covid,S0_A1_anchor_only,motivo_digestivo2,comorb_dm,-0.00860722113394101,-0.860722113394101,0.860722113394101,0.007408425564856076
covid,S0_A1_anchor_only,motivo_digestivo2,comorb_obesidade,0.017578934301116435,1.7578934301116436,1.7578934301116436,0.030901893116296795
covid,S0_A1_anchor_only,motivo_digestivo2,comorb_drc,0.00388831406810239,0.388831406810239,0.388831406810239,0.0015118986292202957
covid,S0_A1_anchor_only,motivo_digestivo2,comorb_cancer,0.04805725152777002,4.8057251527770015,4.8057251527770015,0.23094994244033537
covid,S0_A1_anchor_only,motivo_digestivo2,comorb_reumatologica,-0.009439400938324558,-0.9439400938324558,0.9439400938324558,0.008910229007444254
covid,S0_A1_anchor_only,motivo_digestivo2,comorb_cirrose,0.018624194996681213,1.8624194996681214,1.8624194996681214,0.03468606392744055
covid,S0_A1_anchor_only,motivo_digestivo2,comorb_hiv,-0.018579755791204404,-1.8579755791204404,1.8579755791204404,0.03452073252607936
covid,S0_A1_anchor_only,motivo_digestivo2,obito,-0.03237085843774342,-3.237085843774342,3.237085843774342,0.10478724759964243
covid,S0_A1_anchor_only,motivo_cardio2,motivo_procedimentos2,-0.08220554385594972,-8.220554385594973,8.220554385594973,0.6757751440652473
covid,S0_A1_anchor_only,motivo_cardio2,motivo_lesao2,-0.07249108228174501,-7.249108228174501,7.249108228174501,0.5254957010378726
covid,S0_A1_anchor_only,motivo_cardio2,motivo_respiratorio,0.0,0.0,0.0,0.0
covid,S0_A1_anchor_only,motivo_cardio2,motivo_neuro,-0.05471110365295451,-5.47111036529545,5.47111036529545,0.2993304862924332
covid,S0_A1_anchor_only,motivo_cardio2,motivo_pele,-0.02853519845291383,-2.853519845291383,2.853519845291383,0.08142575507471758
covid,S0_A1_anchor_only,motivo_cardio2,motivo_genitourinaria,-0.06155352470516726,-6.155352470516727,6.155352470516727,0.3788836403629636
covid,S0_A1_anchor_only,motivo_cardio2,motivo_dm,0.0,0.0,0.0,0.0
covid,S0_A1_anchor_only,motivo_cardio2,motivo_mental_subst,-0.039239389770315096,-3.9239389770315096,3.9239389770315096,0.1539729709546709
covid,S0_A1_anchor_only,motivo_cardio2,motivo_infec2,-0.1478343473874076,-14.78343473874076,14.78343473874076,2.1854994267460714
covid,S0_A1_anchor_only,motivo_cardio2,motivo_propedeutica,-0.006388765649999399,-0.6388765649999399,0.6388765649999399,0.004081632653061225
covid,S0_A1_anchor_only,motivo_cardio2,n_comorbidades,0.03345789065855059,3.345789065855059,3.345789065855059,0.1119430447319527
covid,S0_A1_anchor_only,motivo_cardio2,comorb_hipertensao,-0.018308353081067368,-1.8308353081067368,1.8308353081067368,0.03351957925410289
covid,S0_A1_anchor_only,motivo_cardio2,comorb_ic,0.046014934335814016,4.6014934335814015,4.6014934335814015,0.21173741819292755
covid,S0_A1_anchor_only,motivo_cardio2,comorb_dac,0.014633103419412787,1.4633103419412787,1.4633103419412787,0.02141277156832302
covid,S0_A1_anchor_only,motivo_cardio2,comorb_fibrilacao,0.06018208547812105,6.0182085478121055,6.0182085478121055,0.3621883412495869
covid,S0_A1_anchor_only,motivo_cardio2,comorb_avc,0.03051117152407018,3.051117152407018,3.051117152407018,0.09309315877712311
covid,S0_A1_anchor_only,motivo_cardio2,comorb_dpoc,0.03149430309712673,3.149430309712673,3.149430309712673,0.09918911275736864
covid,S0_A1_anchor_only,motivo_cardio2,comorb_asma,-0.008849361666623617,-0.8849361666623617,0.8849361666623617,0.007831120190670752
covid,S0_A1_anchor_only,motivo_cardio2,comorb_dm,0.03294623676262489,3.294623676262489,3.294623676262489,0.10854545168189357
covid,S0_A1_anchor_only,motivo_cardio2,comorb_obesidade,0.006785734859747849,0.678573485974785,0.678573485974785,0.004604619758679716
covid,S0_A1_anchor_only,motivo_cardio2,comorb_drc,0.07583986289248844,7.583986289248844,7.583986289248844,0.5751684803551445
covid,S0_A1_anchor_only,motivo_cardio2,comorb_cancer,-0.06689968031460121,-6.689968031460121,6.689968031460121,0.44755672261958407
covid,S0_A1_anchor_only,motivo_cardio2,comorb_reumatologica,0.00475831387620632,0.47583138762063204,0.47583138762063204,0.0022641550944497617
covid,S0_A1_anchor_only,motivo_cardio2,comorb_cirrose,-0.01427519280121991,-1.4275192801219911,1.4275192801219911,0.020378112951200074
covid,S0_A1_anchor_only,motivo_cardio2,comorb_hiv,-0.03505718854587868,-3.505718854587868,3.505718854587868,0.12290064687412873
covid,S0_A1_anchor_only,motivo_cardio2,obito,0.035969922607058835,3.5969922607058837,3.5969922607058837,0.12938353323578022
covid,S0_A1_anchor_only,motivo_procedimentos2,motivo_lesao2,-0.06218443591005696,-6.218443591005696,6.218443591005696,0.38669040694519813
covid,S0_A1_anchor_only,motivo_procedimentos2,motivo_respiratorio,0.0,0.0,0.0,0.0
covid,S0_A1_anchor_only,motivo_procedimentos2,motivo_neuro,-0.04067209399999939,-4.067209399999939,4.067209399999939,0.1654219230344786
covid,S0_A1_anchor_only,motivo_procedimentos2,motivo_pele,-0.015707367057545024,-1.5707367057545025,1.5707367057545025,0.024672137988045066
covid,S0_A1_anchor_only,motivo_procedimentos2,motivo_genitourinaria,-0.01797791695339635,-1.7977916953396351,1.7977916953396351,0.03232054979832159
covid,S0_A1_anchor_only,motivo_procedimentos2,motivo_dm,0.0,0.0,0.0,0.0
covid,S0_A1_anchor_only,motivo_procedimentos2,motivo_mental_subst,-0.012362187888916226,-1.2362187888916225,1.2362187888916225,0.0152823689400867
covid,S0_A1_anchor_only,motivo_procedimentos2,motivo_infec2,-0.07952986016459065,-7.952986016459065,7.952986016459065,0.6324998657799343
covid,S0_A1_anchor_only,motivo_procedimentos2,motivo_propedeutica,-0.0028846487225567636,-0.28846487225567635,0.28846487225567635,0.0008321198252548368
covid,S0_A1_anchor_only,motivo_procedimentos2,n_comorbidades,-0.04785567374492333,-4.7855673744923335,4.7855673744923335,0.22901655095805443
covid,S0_A1_anchor_only,motivo_procedimentos2,comorb_hipertensao,-0.018941374939023807,-1.8941374939023807,1.8941374939023807,0.035877568458067916
covid,S0_A1_anchor_only,motivo_procedimentos2,comorb_ic,-0.03745029687391825,-3.745029687391825,3.745029687391825,0.1402524735944611
covid,S0_A1_anchor_only,motivo_procedimentos2,comorb_dac,-0.027708275012862632,-2.7708275012862633,2.7708275012862633,0.07677485041884277
covid,S0_A1_anchor_only,motivo_procedimentos2,comorb_fibrilacao,-0.02840088309079833,-2.840088309079833,2.840088309079833,0.08066101603371945
covid,S0_A1_anchor_only,motivo_procedimentos2,comorb_avc,-0.04737199698428186,-4.737199698428186,4.737199698428186,0.2244106098278809
covid,S0_A1_anchor_only,motivo_procedimentos2,comorb_dpoc,0.07421127427753563,7.421127427753563,7.421127427753563,0.5507313229895622
covid,S0_A1_anchor_only,motivo_procedimentos2,comorb_asma,-0.0020044864799212024,-0.20044864799212023,0.20044864799212023,0.00040179660481868927
covid,S0_A1_anchor_only,motivo_procedimentos2,comorb_dm,-0.05547693862152444,-5.547693862152444,5.547693862152444,0.307769071881639
covid,S0_A1_anchor_only,motivo_procedimentos2,comorb_obesidade,-0.019762956068775372,-1.9762956068775372,1.9762956068775372,0.039057443257634536
covid,S0_A1_anchor_only,motivo_procedimentos2,comorb_drc,0.0014832374171043967,0.14832374171043966,0.14832374171043966,0.00021999932354985219
covid,S0_A1_anchor_only,motivo_procedimentos2,comorb_cancer,0.028871425511266847,2.8871425511266846,2.8871425511266846,0.083355921105263
covid,S0_A1_anchor_only,motivo_procedimentos2,comorb_reumatologica,-0.0069950442564047,-0.69950442564047,0.69950442564047,0.004893064414906038
covid,S0_A1_anchor_only,motivo_procedimentos2,comorb_cirrose,-0.008028608238120996,-0.8028608238120997,0.8028608238120997,0.006445855024122433
covid,S0_A1_anchor_only,motivo_procedimentos2,comorb_hiv,-0.013121721639781703,-1.3121721639781703,1.3121721639781703,0.01721795787919154
covid,S0_A1_anchor_only,motivo_procedimentos2,obito,0.04207182500125592,4.207182500125592,4.207182500125592,0.17700384589363027
covid,S0_A1_anchor_only,motivo_lesao2,motivo_respiratorio,0.0,0.0,0.0,0.0
covid,S0_A1_anchor_only,motivo_lesao2,motivo_neuro,-0.031994060988464815,-3.1994060988464814,3.1994060988464814,0.10236199385336062
covid,S0_A1_anchor_only,motivo_lesao2,motivo_pele,-0.023313965667987113,-2.3313965667987113,2.3313965667987113,0.054354099516808176
covid,S0_A1_anchor_only,motivo_lesao2,motivo_genitourinaria,-0.016436388092628988,-1.6436388092628988,1.6436388092628988,0.027015485353151597
covid,S0_A1_anchor_only,motivo_lesao2,motivo_dm,0.0,0.0,0.0,0.0
covid,S0_A1_anchor_only,motivo_lesao2,motivo_mental_subst,-0.02096124224714877,-2.096124224714877,2.096124224714877,0.04393736765436545
covid,S0_A1_anchor_only,motivo_lesao2,motivo_infec2,-0.10328973906327651,-10.32897390632765,10.32897390632765,1.066877019575975
covid,S0_A1_anchor_only,motivo_lesao2,motivo_propedeutica,-0.0036746626537887683,-0.36746626537887683,0.36746626537887683,0.0013503145619149913
covid,S0_A1_anchor_only,motivo_lesao2,n_comorbidades,0.023417031097328008,2.341703109732801,2.341703109732801,0.0548357345413227
covid,S0_A1_anchor_only,motivo_lesao2,comorb_hipertensao,0.013274122709539284,1.3274122709539284,1.3274122709539284,0.017620233370790654
covid,S0_A1_anchor_only,motivo_lesao2,comorb_ic,-0.0549653130523323,-5.49653130523323,5.49653130523323,0.30211856389408914
covid,S0_A1_anchor_only,motivo_lesao2,comorb_dac,-0.059214311030964514,-5.9214311030964515,5.9214311030964515,0.3506334630871806
covid,S0_A1_anchor_only,motivo_lesao2,comorb_fibrilacao,-0.040372212825248006,-4.037221282524801,4.037221282524801,0.16299155684071195
covid,S0_A1_anchor_only,motivo_lesao2,comorb_avc,-0.030166679186266598,-3.0166679186266596,3.0166679186266596,0.09100285331271303
covid,S0_A1_anchor_only,motivo_lesao2,comorb_dpoc,0.03395951667625395,3.395951667625395,3.395951667625395,0.11532487728847703
covid,S0_A1_anchor_only,motivo_lesao2,comorb_asma,-0.0039259180740976295,-0.39259180740976296,0.39259180740976296,0.001541283272452644
covid,S0_A1_anchor_only,motivo_lesao2,comorb_dm,0.0033664033953503306,0.3366403395350331,0.3366403395350331,0.0011332671820226234
covid,S0_A1_anchor_only,motivo_lesao2,comorb_obesidade,0.03309101809322664,3.309101809322664,3.309101809322664,0.10950154784462529
covid,S0_A1_anchor_only,motivo_lesao2,comorb_drc,-0.028670566968858023,-2.8670566968858022,2.8670566968858022,0.08220014103157727
covid,S0_A1_anchor_only,motivo_lesao2,comorb_cancer,-0.0038445007472684757,-0.38445007472684756,0.38445007472684756,0.0014780185995747867
covid,S0_A1_anchor_only,motivo_lesao2,comorb_reumatologica,0.02420403143313803,2.420403143313803,2.420403143313803,0.05858351376163337
covid,S0_A1_anchor_only,motivo_lesao2,comorb_cirrose,-0.009060375819452954,-0.9060375819452954,0.9060375819452954,0.008209040998972779
covid,S0_A1_anchor_only,motivo_lesao2,comorb_hiv,-0.019353346604428133,-1.9353346604428132,1.9353346604428132,0.03745520247911299
covid,S0_A1_anchor_only,motivo_lesao2,obito,-0.04110348375478265,-4.110348375478265,4.110348375478265,0.1689496376779681
covid,S0_A1_anchor_only,motivo_respiratorio,motivo_neuro,0.0,0.0,0.0,0.0
covid,S0_A1_anchor_only,motivo_respiratorio,motivo_pele,0.0,0.0,0.0,0.0
covid,S0_A1_anchor_only,motivo_respiratorio,motivo_genitourinaria,0.0,0.0,0.0,0.0
covid,S0_A1_anchor_only,motivo_respiratorio,motivo_dm,0.0,0.0,0.0,0.0
covid,S0_A1_anchor_only,motivo_respiratorio,motivo_mental_subst,0.0,0.0,0.0,0.0
covid,S0_A1_anchor_only,motivo_respiratorio,motivo_infec2,0.0,0.0,0.0,0.0
covid,S0_A1_anchor_only,motivo_respiratorio,motivo_propedeutica,0.0,0.0,0.0,0.0
covid,S0_A1_anchor_only,motivo_respiratorio,n_comorbidades,0.0,0.0,0.0,0.0
covid,S0_A1_anchor_only,motivo_respiratorio,comorb_hipertensao,0.0,0.0,0.0,0.0
covid,S0_A1_anchor_only,motivo_respiratorio,comorb_ic,0.0,0.0,0.0,0.0
covid,S0_A1_anchor_only,motivo_respiratorio,comorb_dac,0.0,0.0,0.0,0.0
covid,S0_A1_anchor_only,motivo_respiratorio,comorb_fibrilacao,0.0,0.0,0.0,0.0
covid,S0_A1_anchor_only,motivo_respiratorio,comorb_avc,0.0,0.0,0.0,0.0
covid,S0_A1_anchor_only,motivo_respiratorio,comorb_dpoc,0.0,0.0,0.0,0.0
covid,S0_A1_anchor_only,motivo_respiratorio,comorb_asma,0.0,0.0,0.0,0.0
covid,S0_A1_anchor_only,motivo_respiratorio,comorb_dm,0.0,0.0,0.0,0.0
covid,S0_A1_anchor_only,motivo_respiratorio,comorb_obesidade,0.0,0.0,0.0,0.0
covid,S0_A1_anchor_only,motivo_respiratorio,comorb_drc,0.0,0.0,0.0,0.0
covid,S0_A1_anchor_only,motivo_respiratorio,comorb_cancer,0.0,0.0,0.0,0.0
covid,S0_A1_anchor_only,motivo_respiratorio,comorb_reumatologica,0.0,0.0,0.0,0.0
covid,S0_A1_anchor_only,motivo_respiratorio,comorb_cirrose,0.0,0.0,0.0,0.0
covid,S0_A1_anchor_only,motivo_respiratorio,comorb_hiv,0.0,0.0,0.0,0.0
covid,S0_A1_anchor_only,motivo_respiratorio,obito,0.0,0.0,0.0,0.0
covid,S0_A1_anchor_only,motivo_neuro,motivo_pele,-0.01334029654920266,-1.3340296549202662,1.3340296549202662,0.01779635120206684
covid,S0_A1_anchor_only,motivo_neuro,motivo_genitourinaria,-0.025454378687563194,-2.5454378687563195,2.5454378687563195,0.06479253943698714
covid,S0_A1_anchor_only,motivo_neuro,motivo_dm,0.0,0.0,0.0,0.0
covid,S0_A1_anchor_only,motivo_neuro,motivo_mental_subst,-0.010634101169139789,-1.063410116913979,1.063410116913979,0.011308410767550021
covid,S0_A1_anchor_only,motivo_neuro,motivo_infec2,-0.07933062626464252,-7.933062626464252,7.933062626464252,0.6293348263540389
covid,S0_A1_anchor_only,motivo_neuro,motivo_propedeutica,-0.002418926184322163,-0.2418926184322163,0.2418926184322163,0.000585120388519938
covid,S0_A1_anchor_only,motivo_neuro,n_comorbidades,0.019178694518180942,1.9178694518180943,1.9178694518180943,0.03678223234217037
covid,S0_A1_anchor_only,motivo_neuro,comorb_hipertensao,-0.03275317061825034,-3.275317061825034,3.275317061825034,0.10727701855482172
covid,S0_A1_anchor_only,motivo_neuro,comorb_ic,-0.030427194099608507,-3.0427194099608506,3.0427194099608506,0.09258141407752507
covid,S0_A1_anchor_only,motivo_neuro,comorb_dac,-0.039398677782432515,-3.9398677782432516,3.9398677782432516,0.15522558110039414
covid,S0_A1_anchor_only,motivo_neuro,comorb_fibrilacao,-0.023195100158622,-2.3195100158622,2.3195100158622,0.05380126713685064
covid,S0_A1_anchor_only,motivo_neuro,comorb_avc,0.011324027424973087,1.1324027424973087,1.1324027424973087,0.012823359712154259
covid,S0_A1_anchor_only,motivo_neuro,comorb_dpoc,-0.008175734231239878,-0.8175734231239878,0.8175734231239878,0.006684263021986753
covid,S0_A1_anchor_only,motivo_neuro,comorb_asma,-0.0025322358085883606,-0.25322358085883606,0.25322358085883606,0.0006412218190297149
covid,S0_A1_anchor_only,motivo_neuro,comorb_dm,0.006095914541114798,0.6095914541114797,0.6095914541114797,0.003716017409257484
covid,S0_A1_anchor_only,motivo_neuro,comorb_obesidade,-0.016497755986207542,-1.6497755986207543,1.6497755986207543,0.02721759525804468
covid,S0_A1_anchor_only,motivo_neuro,comorb_drc,0.052375086056043255,5.237508605604326,5.237508605604326,0.2743149639377937
covid,S0_A1_anchor_only,motivo_neuro,comorb_cancer,-0.038202488911357496,-3.8202488911357495,3.8202488911357495,0.14594301590223926
covid,S0_A1_anchor_only,motivo_neuro,comorb_reumatologica,0.05610427402770052,5.610427402770052,5.610427402770052,0.3147689564175311
covid,S0_A1_anchor_only,motivo_neuro,comorb_cirrose,-0.005969268042368786,-0.5969268042368786,0.5969268042368786,0.003563216096164528
covid,S0_A1_anchor_only,motivo_neuro,comorb_hiv,-0.010856967042238378,-1.085696704223838,1.085696704223838,0.011787373335625037
covid,S0_A1_anchor_only,motivo_neuro,obito,-0.02554778789573687,-2.554778789573687,2.554778789573687,0.06526894663655593
covid,S0_A1_anchor_only,motivo_pele,motivo_genitourinaria,-0.011237129053506037,-1.1237129053506036,1.1237129053506036,0.012627306936514947
covid,S0_A1_anchor_only,motivo_pele,motivo_dm,0.0,0.0,0.0,0.0
covid,S0_A1_anchor_only,motivo_pele,motivo_mental_subst,-0.004950924027743369,-0.4950924027743369,0.4950924027743369,0.0024511648728486623
covid,S0_A1_anchor_only,motivo_pele,motivo_infec2,-0.03208562263661518,-3.2085622636615176,3.2085622636615176,0.10294871799792724
covid,S0_A1_anchor_only,motivo_pele,motivo_propedeutica,-0.0007518796992481202,-0.07518796992481203,0.07518796992481203,5.653230821414437e-05
covid,S0_A1_anchor_only,motivo_pele,n_comorbidades,-0.0056304073183402635,-0.5630407318340264,0.5630407318340264,0.0031701486570419597
covid,S0_A1_anchor_only,motivo_pele,comorb_hipertensao,0.048979053484070854,4.897905348407085,4.897905348407085,0.23989476801954732
covid,S0_A1_anchor_only,motivo_pele,comorb_ic,-0.013482111630407112,-1.3482111630407112,1.3482111630407112,0.01817673340147587
covid,S0_A1_anchor_only,motivo_pele,comorb_dac,-0.015734236179626826,-1.5734236179626826,1.5734236179626826,0.024756618815627778
covid,S0_A1_anchor_only,motivo_pele,comorb_fibrilacao,-0.009768001137457873,-0.9768001137457873,0.9768001137457873,0.00954138462213783
covid,S0_A1_anchor_only,motivo_pele,comorb_avc,-0.015240095817730013,-1.5240095817730013,1.5240095817730013,0.023226052053359182
covid,S0_A1_anchor_only,motivo_pele,comorb_dpoc,-0.0033295141929289658,-0.33295141929289657,0.33295141929289657,0.0011085664760915421
covid,S0_A1_anchor_only,motivo_pele,comorb_asma,-0.000749063670411985,-0.0749063670411985,0.0749063670411985,5.610963823310749e-05
covid,S0_A1_anchor_only,motivo_pele,comorb_dm,0.005201324674390364,0.5201324674390364,0.5201324674390364,0.002705377836842203
covid,S0_A1_anchor_only,motivo_pele,comorb_obesidade,-0.007155570108455361,-0.7155570108455361,0.7155570108455361,0.005120218357701986
covid,S0_A1_anchor_only,motivo_pele,comorb_drc,-0.01308629386651714,-1.308629386651714,1.308629386651714,0.01712510871608441
covid,S0_A1_anchor_only,motivo_pele,comorb_cancer,-0.01586521386111221,-1.5865213861112208,1.5865213861112208,0.025170501085882698
covid,S0_A1_anchor_only,motivo_pele,comorb_reumatologica,-0.0028946428932913786,-0.28946428932913787,0.28946428932913787,0.0008378957479682282
covid,S0_A1_anchor_only,motivo_pele,comorb_cirrose,-0.0018172025393215266,-0.18172025393215266,0.18172025393215266,0.00033022250689166045
covid,S0_A1_anchor_only,motivo_pele,comorb_hiv,-0.004390839559842484,-0.4390839559842484,0.4390839559842484,0.0019279472040277736
covid,S0_A1_anchor_only,motivo_pele,obito,0.014199341389093328,1.4199341389093327,1.4199341389093327,0.020162129588401884
covid,S0_A1_anchor_only,motivo_genitourinaria,motivo_dm,0.0,0.0,0.0,0.0
covid,S0_A1_anchor_only,motivo_genitourinaria,motivo_mental_subst,-0.009506964483310681,-0.9506964483310681,0.9506964483310681,0.009038237368693072
covid,S0_A1_anchor_only,motivo_genitourinaria,motivo_infec2,-0.020712579165584236,-2.0712579165584235,2.0712579165584235,0.04290109356905941
covid,S0_A1_anchor_only,motivo_genitourinaria,motivo_propedeutica,-0.0013072174640400053,-0.13072174640400053,0.13072174640400053,0.00017088174982911824
covid,S0_A1_anchor_only,motivo_genitourinaria,n_comorbidades,0.019324332345610172,1.9324332345610171,1.9324332345610171,0.037342982060359554
covid,S0_A1_anchor_only,motivo_genitourinaria,comorb_hipertensao,0.03936115920414247,3.9361159204142466,3.9361159204142466,0.15493008538938494
covid,S0_A1_anchor_only,motivo_genitourinaria,comorb_ic,-0.004935816688541809,-0.49358166885418087,0.49358166885418087,0.0024362286382887824
covid,S0_A1_anchor_only,motivo_genitourinaria,comorb_dac,-0.03170310555822388,-3.170310555822388,3.170310555822388,0.10050869020358857
covid,S0_A1_anchor_only,motivo_genitourinaria,comorb_fibrilacao,-0.019326181520247836,-1.9326181520247836,1.9326181520247836,0.037350129215356895
covid,S0_A1_anchor_only,motivo_genitourinaria,comorb_avc,0.010398810790081744,1.0398810790081745,1.0398810790081745,0.010813526584792052
covid,S0_A1_anchor_only,motivo_genitourinaria,comorb_dpoc,-0.006651196043716829,-0.6651196043716828,0.6651196043716828,0.00442384088119544
covid,S0_A1_anchor_only,motivo_genitourinaria,comorb_asma,-0.000749063670411985,-0.0749063670411985,0.0749063670411985,5.610963823310749e-05
covid,S0_A1_anchor_only,motivo_genitourinaria,comorb_dm,0.060209583662536946,6.020958366253694,6.020958366253694,0.3625193964816036
covid,S0_A1_anchor_only,motivo_genitourinaria,comorb_obesidade,-0.013737323934013692,-1.3737323934013692,1.3737323934013692,0.01887140688680254
covid,S0_A1_anchor_only,motivo_genitourinaria,comorb_drc,0.11049806157202938,11.049806157202937,11.049806157202937,1.2209821611175997
covid,S0_A1_anchor_only,motivo_genitourinaria,comorb_cancer,-0.013475442311720631,-1.3475442311720631,1.3475442311720631,0.018158754549651067
covid,S0_A1_anchor_only,motivo_genitourinaria,comorb_reumatologica,-0.005400323829649184,-0.5400323829649184,0.5400323829649184,0.002916349746507683
covid,S0_A1_anchor_only,motivo_genitourinaria,comorb_cirrose,-0.004007353141883631,-0.40073531418836306,0.40073531418836306,0.0016058879203764607
covid,S0_A1_anchor_only,motivo_genitourinaria,comorb_hiv,-0.008824230130912504,-0.8824230130912504,0.8824230130912504,0.0077867037403304105
covid,S0_A1_anchor_only,motivo_genitourinaria,obito,-0.009827732571209245,-0.9827732571209246,0.9827732571209246,0.009658432749120708
covid,S0_A1_anchor_only,motivo_dm,motivo_mental_subst,0.0,0.0,0.0,0.0
covid,S0_A1_anchor_only,motivo_dm,motivo_infec2,0.0,0.0,0.0,0.0
covid,S0_A1_anchor_only,motivo_dm,motivo_propedeutica,0.0,0.0,0.0,0.0
covid,S0_A1_anchor_only,motivo_dm,n_comorbidades,0.0,0.0,0.0,0.0
covid,S0_A1_anchor_only,motivo_dm,comorb_hipertensao,0.0,0.0,0.0,0.0
covid,S0_A1_anchor_only,motivo_dm,comorb_ic,0.0,0.0,0.0,0.0
covid,S0_A1_anchor_only,motivo_dm,comorb_dac,0.0,0.0,0.0,0.0
covid,S0_A1_anchor_only,motivo_dm,comorb_fibrilacao,0.0,0.0,0.0,0.0
covid,S0_A1_anchor_only,motivo_dm,comorb_avc,0.0,0.0,0.0,0.0
covid,S0_A1_anchor_only,motivo_dm,comorb_dpoc,0.0,0.0,0.0,0.0
covid,S0_A1_anchor_only,motivo_dm,comorb_asma,0.0,0.0,0.0,0.0
covid,S0_A1_anchor_only,motivo_dm,comorb_dm,0.0,0.0,0.0,0.0
covid,S0_A1_anchor_only,motivo_dm,comorb_obesidade,0.0,0.0,0.0,0.0
covid,S0_A1_anchor_only,motivo_dm,comorb_drc,0.0,0.0,0.0,0.0
covid,S0_A1_anchor_only,motivo_dm,comorb_cancer,0.0,0.0,0.0,0.0
covid,S0_A1_anchor_only,motivo_dm,comorb_reumatologica,0.0,0.0,0.0,0.0
covid,S0_A1_anchor_only,motivo_dm,comorb_cirrose,0.0,0.0,0.0,0.0
covid,S0_A1_anchor_only,motivo_dm,comorb_hiv,0.0,0.0,0.0,0.0
covid,S0_A1_anchor_only,motivo_dm,obito,0.0,0.0,0.0,0.0
covid,S0_A1_anchor_only,motivo_mental_subst,motivo_infec2,-0.02726795487249899,-2.726795487249899,2.726795487249899,0.07435413629286415
covid,S0_A1_anchor_only,motivo_mental_subst,motivo_propedeutica,-0.0007518796992481202,-0.07518796992481203,0.07518796992481203,5.653230821414437e-05
covid,S0_A1_anchor_only,motivo_mental_subst,n_comorbidades,-0.028331489568784167,-2.8331489568784165,2.8331489568784165,0.0802673301186126
covid,S0_A1_anchor_only,motivo_mental_subst,comorb_hipertensao,-0.01573820856255499,-1.573820856255499,1.573820856255499,0.024769120875847917
covid,S0_A1_anchor_only,motivo_mental_subst,comorb_ic,-0.011239955118966551,-1.1239955118966551,1.1239955118966551,0.012633659107638237
covid,S0_A1_anchor_only,motivo_mental_subst,comorb_dac,-0.013434982049060223,-1.3434982049060222,1.3434982049060222,0.01804987426585704
covid,S0_A1_anchor_only,motivo_mental_subst,comorb_fibrilacao,-0.007382138230895468,-0.7382138230895468,0.7382138230895468,0.005449596486004847
covid,S0_A1_anchor_only,motivo_mental_subst,comorb_avc,-0.013283952148556382,-1.3283952148556382,1.3283952148556382,0.017646338468513573
covid,S0_A1_anchor_only,motivo_mental_subst,comorb_dpoc,-0.0018172025393215266,-0.18172025393215266,0.18172025393215266,0.00033022250689166045
covid,S0_A1_anchor_only,motivo_mental_subst,comorb_asma,-0.000749063670411985,-0.0749063670411985,0.0749063670411985,5.610963823310749e-05
covid,S0_A1_anchor_only,motivo_mental_subst,comorb_dm,-0.013853124395526542,-1.3853124395526542,1.3853124395526542,0.01919090555179326
covid,S0_A1_anchor_only,motivo_mental_subst,comorb_obesidade,-0.00500977014606885,-0.500977014606885,0.500977014606885,0.0025097796916442702
covid,S0_A1_anchor_only,motivo_mental_subst,comorb_drc,-0.011237372679398864,-1.1237372679398865,1.1237372679398865,0.01262785447357
covid,S0_A1_anchor_only,motivo_mental_subst,comorb_cancer,-0.012881398631428348,-1.2881398631428347,1.2881398631428347,0.01659304307017641
covid,S0_A1_anchor_only,motivo_mental_subst,comorb_reumatologica,-0.0015094339622641509,-0.1509433962264151,0.1509433962264151,0.0002278390886436454
covid,S0_A1_anchor_only,motivo_mental_subst,comorb_cirrose,-0.0010653228400734063,-0.10653228400734063,0.10653228400734063,0.00011349127535820685
covid,S0_A1_anchor_only,motivo_mental_subst,comorb_hiv,-0.0034338656710269297,-0.343386567102693,0.343386567102693,0.0011791433446657227
covid,S0_A1_anchor_only,motivo_mental_subst,obito,-0.019863088136370576,-1.9863088136370575,1.9863088136370575,0.03945422703132255
covid,S0_A1_anchor_only,motivo_infec2,motivo_propedeutica,-0.006174421244809541,-0.6174421244809541,0.6174421244809541,0.0038123477708355406
covid,S0_A1_anchor_only,motivo_infec2,n_comorbidades,0.020677942973079427,2.067794297307943,2.067794297307943,0.04275773255979249
covid,S0_A1_anchor_only,motivo_infec2,comorb_hipertensao,0.004430982449242474,0.4430982449242474,0.4430982449242474,0.001963360546549483
covid,S0_A1_anchor_only,motivo_infec2,comorb_ic,0.09803712084274732,9.803712084274732,9.803712084274732,0.961127706313544
covid,S0_A1_anchor_only,motivo_infec2,comorb_dac,0.0529059290779718,5.29059290779718,5.29059290779718,0.27990373316033823
covid,S0_A1_anchor_only,motivo_infec2,comorb_fibrilacao,0.022542030747462524,2.2542030747462523,2.2542030747462523,0.05081431502195458
covid,S0_A1_anchor_only,motivo_infec2,comorb_avc,-0.011746705708618405,-1.1746705708618406,1.1746705708618406,0.013798509500488823
covid,S0_A1_anchor_only,motivo_infec2,comorb_dpoc,0.013984822749325651,1.3984822749325652,1.3984822749325652,0.019557526733005627
covid,S0_A1_anchor_only,motivo_infec2,comorb_asma,0.029222124910239893,2.922212491023989,2.922212491023989,0.08539325842696628
covid,S0_A1_anchor_only,motivo_infec2,comorb_dm,0.04015699561164619,4.015699561164619,4.015699561164619,0.16125842965537715
covid,S0_A1_anchor_only,motivo_infec2,comorb_obesidade,0.023862879962636977,2.3862879962636976,2.3862879962636976,0.05694370401112213
covid,S0_A1_anchor_only,motivo_infec2,comorb_drc,-0.011866075717745821,-1.186607571774582,1.186607571774582,0.0140803752939277
covid,S0_A1_anchor_only,motivo_infec2,comorb_cancer,0.041323851428405466,4.132385142840547,4.132385142840547,0.17076606968769284
covid,S0_A1_anchor_only,motivo_infec2,comorb_reumatologica,-0.012817931735892301,-1.28179317358923,1.28179317358923,0.016429937398599503
covid,S0_A1_anchor_only,motivo_infec2,comorb_cirrose,-0.013743729210033062,-1.3743729210033062,1.3743729210033062,0.0188890092598716
covid,S0_A1_anchor_only,motivo_infec2,comorb_hiv,0.06090682766362503,6.0906827663625025,6.0906827663625025,0.3709641656046519
covid,S0_A1_anchor_only,motivo_infec2,obito,-0.012907716090077964,-1.2907716090077963,1.2907716090077963,0.016660913466205757
covid,S0_A1_anchor_only,motivo_propedeutica,n_comorbidades,-0.007956322190393071,-0.7956322190393071,0.7956322190393071,0.0063303062797341195
covid,S0_A1_anchor_only,motivo_propedeutica,comorb_hipertensao,-0.019262853213235488,-1.926285321323549,1.926285321323549,0.03710575139146568
covid,S0_A1_anchor_only,motivo_propedeutica,comorb_ic,-0.0015123116536074393,-0.15123116536074394,0.15123116536074394,0.00022870865376368673
covid,S0_A1_anchor_only,motivo_propedeutica,comorb_dac,-0.002012109091463834,-0.2012109091463834,0.2012109091463834,0.00040485829959514163
covid,S0_A1_anchor_only,motivo_propedeutica,comorb_fibrilacao,-0.0007518796992481202,-0.07518796992481203,0.07518796992481203,5.653230821414437e-05
covid,S0_A1_anchor_only,motivo_propedeutica,comorb_avc,-0.0021551836754420406,-0.21551836754420406,0.21551836754420406,0.0004644816674891863
covid,S0_A1_anchor_only,motivo_propedeutica,comorb_dpoc,-0.0007518796992481202,-0.07518796992481203,0.07518796992481203,5.653230821414437e-05
covid,S0_A1_anchor_only,motivo_propedeutica,comorb_asma,0.0,0.0,0.0,0.0
covid,S0_A1_anchor_only,motivo_propedeutica,comorb_dm,-0.007239042520545305,-0.7239042520545305,0.7239042520545305,0.005240373661426292
covid,S0_A1_anchor_only,motivo_propedeutica,comorb_obesidade,0.0,0.0,0.0,0.0
covid,S0_A1_anchor_only,motivo_propedeutica,comorb_drc,-0.002418926184322163,-0.2418926184322163,0.2418926184322163,0.000585120388519938
covid,S0_A1_anchor_only,motivo_propedeutica,comorb_cancer,-0.0021551836754420406,-0.21551836754420406,0.21551836754420406,0.0004644816674891863
covid,S0_A1_anchor_only,motivo_propedeutica,comorb_reumatologica,0.0,0.0,0.0,0.0
covid,S0_A1_anchor_only,motivo_propedeutica,comorb_cirrose,-0.0010653228400734063,-0.10653228400734063,0.10653228400734063,0.00011349127535820685
covid,S0_A1_anchor_only,motivo_propedeutica,comorb_hiv,0.0,0.0,0.0,0.0
covid,S0_A1_anchor_only,motivo_propedeutica,obito,-0.007097600992562491,-0.7097600992562492,0.7097600992562492,0.005037593984962406
covid,S0_A1_anchor_only,n_comorbidades,comorb_hipertensao,0.08953098675461532,8.953098675461533,8.953098675461533,0.8015797589255105
covid,S0_A1_anchor_only,n_comorbidades,comorb_ic,0.03157786932568688,3.1577869325686883,3.1577869325686883,0.09971618311501564
covid,S0_A1_anchor_only,n_comorbidades,comorb_dac,0.08823392280605473,8.823392280605473,8.823392280605473,0.7785225133744825
covid,S0_A1_anchor_only,n_comorbidades,comorb_fibrilacao,0.017889667027951833,1.7889667027951832,1.7889667027951832,0.032004018637098695
covid,S0_A1_anchor_only,n_comorbidades,comorb_avc,0.07187774588442995,7.187774588442995,7.187774588442995,0.5166410353426687
covid,S0_A1_anchor_only,n_comorbidades,comorb_dpoc,-0.0168441598445982,-1.68441598445982,1.68441598445982,0.02837257208703745
covid,S0_A1_anchor_only,n_comorbidades,comorb_asma,0.000827216963643136,0.08272169636431359,0.08272169636431359,6.842879049389693e-05
covid,S0_A1_anchor_only,n_comorbidades,comorb_dm,0.10260154251322699,10.2601542513227,10.2601542513227,1.0527076526093526
covid,S0_A1_anchor_only,n_comorbidades,comorb_obesidade,-0.02196917181751405,-2.196917181751405,2.196917181751405,0.04826445103474535
covid,S0_A1_anchor_only,n_comorbidades,comorb_drc,-0.008691955354634915,-0.8691955354634915,0.8691955354634915,0.007555008788696657
covid,S0_A1_anchor_only,n_comorbidades,comorb_cancer,0.07540015022943505,7.540015022943505,7.540015022943505,0.5685182654621375
covid,S0_A1_anchor_only,n_comorbidades,comorb_reumatologica,0.026275758335916506,2.6275758335916506,2.6275758335916506,0.06904154761274857
covid,S0_A1_anchor_only,n_comorbidades,comorb_cirrose,0.016492376814672388,1.649237681467239,1.649237681467239,0.027199849299714335
covid,S0_A1_anchor_only,n_comorbidades,comorb_hiv,-0.04570697763455307,-4.570697763455307,4.570697763455307,0.20891278044855346
covid,S0_A1_anchor_only,n_comorbidades,obito,-0.02458133505827576,-2.458133505827576,2.458133505827576,0.06042420332472169
covid,S0_A1_anchor_only,comorb_hipertensao,comorb_ic,0.022684741554397893,2.2684741554397894,2.2684741554397894,0.051459749938982655
covid,S0_A1_anchor_only,comorb_hipertensao,comorb_dac,0.058468871469178806,5.84688714691788,5.84688714691788,0.34186089308793516
covid,S0_A1_anchor_only,comorb_hipertensao,comorb_fibrilacao,-0.081050431658832,-8.105043165883199,8.105043165883199,0.6569172472082996
covid,S0_A1_anchor_only,comorb_hipertensao,comorb_avc,0.012745487084754805,1.2745487084754805,1.2745487084754805,0.016244744102765156
covid,S0_A1_anchor_only,comorb_hipertensao,comorb_dpoc,0.009952084397473158,0.9952084397473159,0.9952084397473159,0.009904398385442869
covid,S0_A1_anchor_only,comorb_hipertensao,comorb_asma,-0.015013965519763705,-1.5013965519763706,1.5013965519763706,0.022541916062865344
covid,S0_A1_anchor_only,comorb_hipertensao,comorb_dm,0.08536121128763152,8.536121128763153,8.536121128763153,0.728653639249167
covid,S0_A1_anchor_only,comorb_hipertensao,comorb_obesidade,-0.053361860374011874,-5.336186037401188,5.336186037401188,0.2847488142575539
covid,S0_A1_anchor_only,comorb_hipertensao,comorb_drc,-0.03200074909437573,-3.200074909437573,3.200074909437573,0.1024047942601189
covid,S0_A1_anchor_only,comorb_hipertensao,comorb_cancer,-0.01759326709201605,-1.759326709201605,1.759326709201605,0.030952304697101488
covid,S0_A1_anchor_only,comorb_hipertensao,comorb_reumatologica,-0.02181492729170664,-2.181492729170664,2.181492729170664,0.04758910527424472
covid,S0_A1_anchor_only,comorb_hipertensao,comorb_cirrose,-0.04747402573037807,-4.747402573037807,4.747402573037807,0.22537831190485988
covid,S0_A1_anchor_only,comorb_hipertensao,comorb_hiv,-0.03705165413296208,-3.7051654132962084,3.7051654132962084,0.1372825073988646
covid,S0_A1_anchor_only,comorb_hipertensao,obito,-0.011882841828165463,-1.1882841828165462,1.1882841828165462,0.014120192991319872
covid,S0_A1_anchor_only,comorb_ic,comorb_dac,0.018695393432625676,1.8695393432625675,1.8695393432625675,0.034951773560066325
covid,S0_A1_anchor_only,comorb_ic,comorb_fibrilacao,-0.02270861760078525,-2.270861760078525,2.270861760078525,0.05156813133386936
covid,S0_A1_anchor_only,comorb_ic,comorb_avc,-0.01699139942174916,-1.699139942174916,1.699139942174916,0.02887076543094177
covid,S0_A1_anchor_only,comorb_ic,comorb_dpoc,-0.007557760588284744,-0.7557760588284744,0.7557760588284744,0.005711974510983016
covid,S0_A1_anchor_only,comorb_ic,comorb_asma,-0.0015066153823518956,-0.15066153823518955,0.15066153823518955,0.00022698899103393486
covid,S0_A1_anchor_only,comorb_ic,comorb_dm,0.06426912844738028,6.426912844738028,6.426912844738028,0.4130520871385865
covid,S0_A1_anchor_only,comorb_ic,comorb_obesidade,0.007490887624513612,0.7490887624513611,0.7490887624513611,0.005611339740309118
covid,S0_A1_anchor_only,comorb_ic,comorb_drc,-0.0003193704924353634,-0.03193704924353634,0.03193704924353634,1.0199751143840651e-05
covid,S0_A1_anchor_only,comorb_ic,comorb_cancer,-0.014913239299494748,-1.491323929949475,1.491323929949475,0.02224047064039946
covid,S0_A1_anchor_only,comorb_ic,comorb_reumatologica,-0.006394222709435013,-0.6394222709435013,0.6394222709435013,0.004088608405785444
covid,S0_A1_anchor_only,comorb_ic,comorb_cirrose,-0.004297946869485298,-0.42979468694852985,0.42979468694852985,0.0018472347292918475
covid,S0_A1_anchor_only,comorb_ic,comorb_hiv,-0.010470469390167145,-1.0470469390167145,1.0470469390167145,0.010963072925042713
covid,S0_A1_anchor_only,comorb_ic,obito,-0.03324908368427689,-3.324908368427689,3.324908368427689,0.11055015658440477
covid,S0_A1_anchor_only,comorb_dac,comorb_fibrilacao,-0.02807074325199237,-2.807074325199237,2.807074325199237,0.07879666267192752
covid,S0_A1_anchor_only,comorb_dac,comorb_avc,-0.0324969463934323,-3.2496946393432298,3.2496946393432298,0.10560515248976125
covid,S0_A1_anchor_only,comorb_dac,comorb_dpoc,0.029057373092758493,2.905737309275849,2.905737309275849,0.08443309310517652
covid,S0_A1_anchor_only,comorb_dac,comorb_asma,-0.0029802982921217024,-0.29802982921217025,0.29802982921217025,0.0008882177910023536
covid,S0_A1_anchor_only,comorb_dac,comorb_dm,0.06464508377855707,6.464508377855707,6.464508377855707,0.4178986856736662
covid,S0_A1_anchor_only,comorb_dac,comorb_obesidade,-0.020256908829002607,-2.0256908829002604,2.0256908829002604,0.04103423553065237
covid,S0_A1_anchor_only,comorb_dac,comorb_drc,-0.03587982171546888,-3.5879821715468876,3.5879821715468876,0.1287361606333832
covid,S0_A1_anchor_only,comorb_dac,comorb_cancer,-0.0004581017479606653,-0.04581017479606653,0.04581017479606653,2.098572114846169e-05
covid,S0_A1_anchor_only,comorb_dac,comorb_reumatologica,-0.0064191402564262885,-0.6419140256426289,0.6419140256426289,0.004120536163167255
covid,S0_A1_anchor_only,comorb_dac,comorb_cirrose,-0.005842729507223147,-0.5842729507223147,0.5842729507223147,0.0034137488094576037
covid,S0_A1_anchor_only,comorb_dac,comorb_hiv,-0.013765307289032958,-1.3765307289032958,1.3765307289032958,0.018948368476150387
covid,S0_A1_anchor_only,comorb_dac,obito,-0.025485305514709934,-2.5485305514709933,2.5485305514709933,0.06495007971781046
covid,S0_A1_anchor_only,comorb_fibrilacao,comorb_avc,-0.0271724857180697,-2.71724857180697,2.71724857180697,0.07383439800987018
covid,S0_A1_anchor_only,comorb_fibrilacao,comorb_dpoc,-0.005817624094734292,-0.5817624094734292,0.5817624094734292,0.003384475010763299
covid,S0_A1_anchor_only,comorb_fibrilacao,comorb_asma,-0.0015066153823518956,-0.15066153823518955,0.15066153823518955,0.00022698899103393486
covid,S0_A1_anchor_only,comorb_fibrilacao,comorb_dm,-0.02935311492451962,-2.935311492451962,2.935311492451962,0.08616053557720564
covid,S0_A1_anchor_only,comorb_fibrilacao,comorb_obesidade,-0.013315793549358338,-1.3315793549358337,1.3315793549358337,0.01773103578491331
covid,S0_A1_anchor_only,comorb_fibrilacao,comorb_drc,0.07299664787256946,7.299664787256946,7.299664787256946,0.5328510600631899
covid,S0_A1_anchor_only,comorb_fibrilacao,comorb_cancer,-0.027531971919822873,-2.753197191982287,2.753197191982287,0.07580094777939152
covid,S0_A1_anchor_only,comorb_fibrilacao,comorb_reumatologica,-0.00500609955201022,-0.5006099552010219,0.5006099552010219,0.002506103272463692
covid,S0_A1_anchor_only,comorb_fibrilacao,comorb_cirrose,-0.003220506515515447,-0.32205065155154466,0.32205065155154466,0.0010371662216477446
covid,S0_A1_anchor_only,comorb_fibrilacao,comorb_hiv,-0.008507639039361529,-0.8507639039361529,0.8507639039361529,0.0072379922024068365
covid,S0_A1_anchor_only,comorb_fibrilacao,obito,0.021372313375609103,2.13723133756091,2.13723133756091,0.04567757790252398
covid,S0_A1_anchor_only,comorb_avc,comorb_dpoc,-0.008397566636622713,-0.8397566636622713,0.8397566636622713,0.0070519125416518905
covid,S0_A1_anchor_only,comorb_avc,comorb_asma,-0.0028735683029890106,-0.2873568302989011,0.2873568302989011,0.0008257394791943143
covid,S0_A1_anchor_only,comorb_avc,comorb_dm,0.04726225542358052,4.726225542358052,4.726225542358052,0.22337207877237664
covid,S0_A1_anchor_only,comorb_avc,comorb_obesidade,0.0130695315755235,1.3069531575523499,1.3069531575523499,0.017081265560360576
covid,S0_A1_anchor_only,comorb_avc,comorb_drc,-0.016182634287111416,-1.6182634287111415,1.6182634287111415,0.0261877652470394
covid,S0_A1_anchor_only,comorb_avc,comorb_cancer,-0.04460967360970468,-4.460967360970468,4.460967360970468,0.1990022979564382
covid,S0_A1_anchor_only,comorb_avc,comorb_reumatologica,-0.0059382840265791,-0.59382840265791,0.59382840265791,0.003526321718032449
covid,S0_A1_anchor_only,comorb_avc,comorb_cirrose,-0.0059382840265791,-0.59382840265791,0.59382840265791,0.003526321718032449
covid,S0_A1_anchor_only,comorb_avc,comorb_hiv,-0.013305667488085995,-1.3305667488085995,1.3305667488085995,0.017704078730350868
covid,S0_A1_anchor_only,comorb_avc,obito,-0.038022504326561804,-3.8022504326561806,3.8022504326561806,0.14457108352634113
covid,S0_A1_anchor_only,comorb_dpoc,comorb_asma,0.0,0.0,0.0,0.0
covid,S0_A1_anchor_only,comorb_dpoc,comorb_dm,-0.00965013841580982,-0.9650138415809819,0.9650138415809819,0.009312517144428845
covid,S0_A1_anchor_only,comorb_dpoc,comorb_obesidade,-0.004094289143931904,-0.4094289143931904,0.4094289143931904,0.001676320359411864
covid,S0_A1_anchor_only,comorb_dpoc,comorb_drc,-0.0077134721161335115,-0.7713472116133512,0.7713472116133512,0.0059497652086369195
covid,S0_A1_anchor_only,comorb_dpoc,comorb_cancer,0.043868246285568444,4.386824628556845,4.386824628556845,0.19244230321712893
covid,S0_A1_anchor_only,comorb_dpoc,comorb_reumatologica,-0.0021306456801468126,-0.21306456801468127,0.21306456801468127,0.0004539651014328274
covid,S0_A1_anchor_only,comorb_dpoc,comorb_cirrose,-0.0021306456801468126,-0.21306456801468127,0.21306456801468127,0.0004539651014328274
covid,S0_A1_anchor_only,comorb_dpoc,comorb_hiv,-0.002261313661512271,-0.22613136615122711,0.22613136615122711,0.0005113539475742034
covid,S0_A1_anchor_only,comorb_dpoc,obito,0.004346216551846504,0.4346216551846504,0.4346216551846504,0.0018889598315544518
covid,S0_A1_anchor_only,comorb_asma,comorb_dm,-0.005717203399292928,-0.5717203399292928,0.5717203399292928,0.0032686414708886615
covid,S0_A1_anchor_only,comorb_asma,comorb_obesidade,-0.001302303043084495,-0.1302303043084495,0.1302303043084495,0.0001695993216027136
covid,S0_A1_anchor_only,comorb_asma,comorb_drc,-0.001302303043084495,-0.1302303043084495,0.1302303043084495,0.0001695993216027136
covid,S0_A1_anchor_only,comorb_asma,comorb_cancer,-0.0022816327273417853,-0.22816327273417852,0.22816327273417852,0.0005205847902477114
covid,S0_A1_anchor_only,comorb_asma,comorb_reumatologica,0.0,0.0,0.0,0.0
covid,S0_A1_anchor_only,comorb_asma,comorb_cirrose,0.0,0.0,0.0,0.0
covid,S0_A1_anchor_only,comorb_asma,comorb_hiv,-0.0010613253669135177,-0.10613253669135177,0.10613253669135177,0.0001126411534454113
covid,S0_A1_anchor_only,comorb_asma,obito,-0.007066652533375734,-0.7066652533375734,0.7066652533375734,0.004993757802746568
covid,S0_A1_anchor_only,comorb_dm,comorb_obesidade,-0.0035306588666016796,-0.35306588666016797,0.35306588666016797,0.0012465552032313056
covid,S0_A1_anchor_only,comorb_dm,comorb_drc,-0.04122105522512122,-4.122105522512122,4.122105522512122,0.16991753938724935
covid,S0_A1_anchor_only,comorb_dm,comorb_cancer,0.010326215442037379,1.0326215442037379,1.0326215442037379,0.01066307253553712
covid,S0_A1_anchor_only,comorb_dm,comorb_reumatologica,-0.027175417748039277,-2.7175417748039274,2.7175417748039274,0.07385033297804482
covid,S0_A1_anchor_only,comorb_dm,comorb_cirrose,-0.001408000739140776,-0.1408000739140776,0.1408000739140776,0.00019824660814209713
covid,S0_A1_anchor_only,comorb_dm,comorb_hiv,-0.004648821461679026,-0.4648821461679026,0.4648821461679026,0.0021611540982567515
covid,S0_A1_anchor_only,comorb_dm,obito,0.0298532606158341,2.98532606158341,2.98532606158341,0.08912171693969113
covid,S0_A1_anchor_only,comorb_obesidade,comorb_drc,-0.014601985316142546,-1.4601985316142545,1.4601985316142545,0.02132179751728425
covid,S0_A1_anchor_only,comorb_obesidade,comorb_cancer,-0.019867261086913456,-1.9867261086913457,1.9867261086913457,0.03947080630955856
covid,S0_A1_anchor_only,comorb_obesidade,comorb_reumatologica,-0.004094289143931904,-0.4094289143931904,0.4094289143931904,0.001676320359411864
covid,S0_A1_anchor_only,comorb_obesidade,comorb_cirrose,-0.0016940395049875531,-0.1694039504987553,0.1694039504987553,0.00028697698444584736
covid,S0_A1_anchor_only,comorb_obesidade,comorb_hiv,-0.006691362128650737,-0.6691362128650737,0.6691362128650737,0.004477432713674132
covid,S0_A1_anchor_only,comorb_obesidade,obito,-0.02178617029372442,-2.178617029372442,2.178617029372442,0.04746372160671604
covid,S0_A1_anchor_only,comorb_drc,comorb_cancer,-0.020116117846135297,-2.0116117846135295,2.0116117846135295,0.04046581971996029
covid,S0_A1_anchor_only,comorb_drc,comorb_reumatologica,-0.005628421714271618,-0.5628421714271619,0.5628421714271619,0.0031679130993684263
covid,S0_A1_anchor_only,comorb_drc,comorb_cirrose,-0.005286605560590574,-0.5286605560590574,0.5286605560590574,0.0027948198353267176
covid,S0_A1_anchor_only,comorb_drc,comorb_hiv,-0.009294922892724102,-0.9294922892724102,0.9294922892724102,0.008639559158168659
covid,S0_A1_anchor_only,comorb_drc,obito,0.009988018312599581,0.9988018312599581,0.9988018312599581,0.009976050981282458
covid,S0_A1_anchor_only,comorb_cancer,comorb_reumatologica,-0.007230852664647941,-0.7230852664647941,0.7230852664647941,0.005228523025784623
covid,S0_A1_anchor_only,comorb_cancer,comorb_cirrose,-0.0060454489346773044,-0.6045448934677304,0.6045448934677304,0.0036547452821790957
covid,S0_A1_anchor_only,comorb_cancer,comorb_hiv,-0.012882554362133165,-1.2882554362133165,1.2882554362133165,0.016596020689331623
covid,S0_A1_anchor_only,comorb_cancer,obito,-0.00935069702847924,-0.935069702847924,0.935069702847924,0.008743553491841048
covid,S0_A1_anchor_only,comorb_reumatologica,comorb_cirrose,-0.0007518796992481202,-0.07518796992481203,0.07518796992481203,5.653230821414437e-05
covid,S0_A1_anchor_only,comorb_reumatologica,comorb_hiv,-0.0021306456801468126,-0.21306456801468127,0.21306456801468127,0.0004539651014328274
covid,S0_A1_anchor_only,comorb_reumatologica,obito,0.0031556437812762144,0.31556437812762145,0.31556437812762145,0.0009958087674307244
covid,S0_A1_anchor_only,comorb_cirrose,comorb_hiv,-0.0010653228400734063,-0.10653228400734063,0.10653228400734063,0.00011349127535820685
covid,S0_A1_anchor_only,comorb_cirrose,obito,0.031381468566994454,3.1381468566994455,3.1381468566994455,0.0984796569421261
covid,S0_A1_anchor_only,comorb_hiv,obito,0.05470702724978188,5.470702724978188,5.470702724978188,0.29928588305083775
covid,S1_A1_sep_anchor,idade,sexo,-0.06022250873333641,-6.0222508733336415,6.0222508733336415,0.36267505581367804
covid,S1_A1_sep_anchor,idade,etilismo,-0.032221542090301,-3.2221542090301,3.2221542090301,0.1038227774677039
covid,S1_A1_sep_anchor,idade,tabagismo,0.14473959529198296,14.473959529198297,14.473959529198297,2.0949550445287017
covid,S1_A1_sep_anchor,idade,motivo_cancer,0.017563892600739824,1.7563892600739823,1.7563892600739823,0.030849032329032314
covid,S1_A1_sep_anchor,idade,motivo_msk,0.018937119476477186,1.8937119476477187,1.8937119476477187,0.03586144940663716
covid,S1_A1_sep_anchor,idade,motivo_digestivo2,0.01976998138307226,1.9769981383072261,1.9769981383072261,0.039085216388702375
covid,S1_A1_sep_anchor,idade,motivo_cardio2,-0.00528874973891631,-0.528874973891631,0.528874973891631,0.0027970873800887332
covid,S1_A1_sep_anchor,idade,motivo_procedimentos2,-0.043022865019188165,-4.302286501918816,4.302286501918816,0.18509669144592847
covid,S1_A1_sep_anchor,idade,motivo_lesao2,0.00889317282259303,0.889317282259303,0.889317282259303,0.007908852285250727
covid,S1_A1_sep_anchor,idade,motivo_respiratorio,-0.020478961412628116,-2.047896141262812,2.047896141262812,0.04193878605399114
covid,S1_A1_sep_anchor,idade,motivo_neuro,-0.018177220393373567,-1.8177220393373568,1.8177220393373568,0.03304113412292759
covid,S1_A1_sep_anchor,idade,motivo_pele,0.03698734093214388,3.698734093214388,3.698734093214388,0.13680633892306462
covid,S1_A1_sep_anchor,idade,motivo_genitourinaria,0.04661465769583832,4.661465769583832,4.661465769583832,0.2172926312100179
covid,S1_A1_sep_anchor,idade,motivo_dm,0.012809984852545007,1.2809984852545007,1.2809984852545007,0.016409571192243254
covid,S1_A1_sep_anchor,idade,motivo_mental_subst,-0.01069519827071278,-1.069519827071278,1.069519827071278,0.011438726604985764
covid,S1_A1_sep_anchor,idade,motivo_infec2,0.0403684001439796,4.03684001439796,4.03684001439796,0.16296077301844522
covid,S1_A1_sep_anchor,idade,motivo_propedeutica,-0.02967859426246436,-2.9678594262464357,2.9678594262464357,0.08808189573959824
covid,S1_A1_sep_anchor,idade,n_comorbidades,0.030647869313524406,3.0647869313524407,3.0647869313524407,0.09392918934588709
covid,S1_A1_sep_anchor,idade,comorb_hipertensao,0.06955124434448123,6.955124434448123,6.955124434448123,0.48373755898657333
covid,S1_A1_sep_anchor,idade,comorb_ic,-0.015200513469693328,-1.5200513469693329,1.5200513469693329,0.02310556097423283
covid,S1_A1_sep_anchor,idade,comorb_dac,0.011174076946358124,1.1174076946358125,1.1174076946358125,0.012485999560313208
covid,S1_A1_sep_anchor,idade,comorb_fibrilacao,-0.04005079842147312,-4.005079842147312,4.005079842147312,0.16040664541974736
covid,S1_A1_sep_anchor,idade,comorb_avc,0.01729474856622016,1.729474856622016,1.729474856622016,0.02991083279687743
covid,S1_A1_sep_anchor,idade,comorb_dpoc,0.04463394092013423,4.463394092013423,4.463394092013423,0.1992188682062033
covid,S1_A1_sep_anchor,idade,comorb_asma,-0.019296161522765802,-1.9296161522765802,1.9296161522765802,0.03723418495126674
covid,S1_A1_sep_anchor,idade,comorb_dm,-0.02914698488229258,-2.914698488229258,2.914698488229258,0.08495467277285922
covid,S1_A1_sep_anchor,idade,comorb_obesidade,0.002867791132189358,0.2867791132189358,0.2867791132189358,0.000822422597786392
covid,S1_A1_sep_anchor,idade,comorb_drc,-0.01690534189905362,-1.690534189905362,1.690534189905362,0.028579058472389788
covid,S1_A1_sep_anchor,idade,comorb_cancer,0.025660336203733203,2.5660336203733203,2.5660336203733203,0.06584528540886209
covid,S1_A1_sep_anchor,idade,comorb_reumatologica,0.020100886856514046,2.0100886856514046,2.0100886856514046,0.04040456524183791
covid,S1_A1_sep_anchor,idade,comorb_cirrose,0.053577108746246896,5.35771087462469,5.35771087462469,0.28705065816071657
covid,S1_A1_sep_anchor,idade,comorb_hiv,-0.09393309517828854,-9.393309517828854,9.393309517828854,0.8823426369773414
covid,S1_A1_sep_anchor,idade,obito,0.3761357864694769,37.61357864694769,37.61357864694769,14.14781298630119
covid,S1_A1_sep_anchor,sexo,etilismo,-0.05468820124497502,-5.468820124497502,5.468820124497502,0.2990799355410887
covid,S1_A1_sep_anchor,sexo,tabagismo,-0.03470170241225452,-3.4701702412254525,3.4701702412254525,0.12042081503086713
covid,S1_A1_sep_anchor,sexo,motivo_cancer,-0.013225901023171388,-1.322590102317139,1.322590102317139,0.017492445787472596
covid,S1_A1_sep_anchor,sexo,motivo_msk,0.015231828285233803,1.5231828285233804,1.5231828285233804,0.02320085929108485
covid,S1_A1_sep_anchor,sexo,motivo_digestivo2,0.010928523746274722,1.092852374627472,1.092852374627472,0.011943263127289048
covid,S1_A1_sep_anchor,sexo,motivo_cardio2,-0.003941938724997924,-0.39419387249979243,0.39419387249979243,0.001553888091163826
covid,S1_A1_sep_anchor,sexo,motivo_procedimentos2,0.025526311316120646,2.5526311316120647,2.5526311316120647,0.06515925694075089
covid,S1_A1_sep_anchor,sexo,motivo_lesao2,-0.00016426310723830634,-0.016426310723830634,0.016426310723830634,2.698236839958333e-06
covid,S1_A1_sep_anchor,sexo,motivo_respiratorio,0.04016098918093271,4.016098918093271,4.016098918093271,0.1612905051990994
covid,S1_A1_sep_anchor,sexo,motivo_neuro,0.02462230471776222,2.462230471776222,2.462230471776222,0.060625788961433565
covid,S1_A1_sep_anchor,sexo,motivo_pele,0.025448393758562643,2.5448393758562644,2.5448393758562644,0.06476207448908501
covid,S1_A1_sep_anchor,sexo,motivo_genitourinaria,-0.018547207989534843,-1.8547207989534842,1.8547207989534842,0.034399892420706506
covid,S1_A1_sep_anchor,sexo,motivo_dm,0.023380574449244053,2.3380574449244054,2.3380574449244054,0.05466512615766438
covid,S1_A1_sep_anchor,sexo,motivo_mental_subst,-0.031159124446757447,-3.115912444675745,3.115912444675745,0.09708910362885176
covid,S1_A1_sep_anchor,sexo,motivo_infec2,0.022178950559649725,2.2178950559649726,2.2178950559649726,0.04919058479273869
covid,S1_A1_sep_anchor,sexo,motivo_propedeutica,0.029332829101532242,2.933282910153224,2.933282910153224,0.08604148630996969
covid,S1_A1_sep_anchor,sexo,n_comorbidades,-0.0316582083101893,-3.1658208310189297,3.1658208310189297,0.10022421534113388
covid,S1_A1_sep_anchor,sexo,comorb_hipertensao,0.022772935562108656,2.2772935562108656,2.2772935562108656,0.0518606594115953
covid,S1_A1_sep_anchor,sexo,comorb_ic,-0.050525962273529734,-5.052596227352973,5.052596227352973,0.255287286366615
covid,S1_A1_sep_anchor,sexo,comorb_dac,-0.029304508147795415,-2.9304508147795416,2.9304508147795416,0.08587541977842078
covid,S1_A1_sep_anchor,sexo,comorb_fibrilacao,0.057572618790124784,5.7572618790124785,5.7572618790124785,0.33146064343530296
covid,S1_A1_sep_anchor,sexo,comorb_avc,-0.07352207711105578,-7.352207711105578,7.352207711105578,0.5405495822724032
covid,S1_A1_sep_anchor,sexo,comorb_dpoc,0.004310278543876658,0.4310278543876658,0.4310278543876658,0.0018578501125803483
covid,S1_A1_sep_anchor,sexo,comorb_asma,0.03673170612240982,3.673170612240982,3.673170612240982,0.13492182346630793
covid,S1_A1_sep_anchor,sexo,comorb_dm,-0.014962299906922225,-1.4962299906922225,1.4962299906922225,0.022387041850468484
covid,S1_A1_sep_anchor,sexo,comorb_obesidade,-0.019623014161193053,-1.9623014161193053,1.9623014161193053,0.038506268477038315
covid,S1_A1_sep_anchor,sexo,comorb_drc,0.007262128412385704,0.7262128412385704,0.7262128412385704,0.005273850907797971
covid,S1_A1_sep_anchor,sexo,comorb_cancer,-0.006124510811719423,-0.6124510811719424,0.6124510811719424,0.0037509632682868107
covid,S1_A1_sep_anchor,sexo,comorb_reumatologica,0.018890463354068902,1.8890463354068903,1.8890463354068903,0.03568496057314201
covid,S1_A1_sep_anchor,sexo,comorb_cirrose,-0.03236414071580968,-3.236414071580968,3.236414071580968,0.104743760427273
covid,S1_A1_sep_anchor,sexo,comorb_hiv,0.01329782770318506,1.3297827703185061,1.3297827703185061,0.017683222162359607
covid,S1_A1_sep_anchor,sexo,obito,0.023948250404133176,2.3948250404133176,2.3948250404133176,0.05735186974190649
covid,S1_A1_sep_anchor,etilismo,tabagismo,0.030633252913384902,3.06332529133849,3.06332529133849,0.09383961840554046
covid,S1_A1_sep_anchor,etilismo,motivo_cancer,-0.047582949004641696,-4.758294900464169,4.758294900464169,0.22641370359783322
covid,S1_A1_sep_anchor,etilismo,motivo_msk,0.034466939591614884,3.4466939591614882,3.4466939591614882,0.11879699248120296
covid,S1_A1_sep_anchor,etilismo,motivo_digestivo2,0.007596144054577545,0.7596144054577545,0.7596144054577545,0.005770140449789378
covid,S1_A1_sep_anchor,etilismo,motivo_cardio2,0.020053815683816725,2.0053815683816723,2.0053815683816723,0.04021555234804937
covid,S1_A1_sep_anchor,etilismo,motivo_procedimentos2,-0.019589776210639905,-1.9589776210639904,1.9589776210639904,0.03837593319829531
covid,S1_A1_sep_anchor,etilismo,motivo_lesao2,0.10020620793929835,10.020620793929835,10.020620793929835,1.00412841095739
covid,S1_A1_sep_anchor,etilismo,motivo_respiratorio,0.028451731526630865,2.8451731526630866,2.8451731526630866,0.08095010268634806
covid,S1_A1_sep_anchor,etilismo,motivo_neuro,-0.011458339159254894,-1.1458339159254893,1.1458339159254893,0.013129353628851414
covid,S1_A1_sep_anchor,etilismo,motivo_pele,-0.023124009322955524,-2.3124009322955525,2.3124009322955525,0.0534719807168134
covid,S1_A1_sep_anchor,etilismo,motivo_genitourinaria,-0.05350703417764317,-5.350703417764318,5.350703417764318,0.28630027064874747
covid,S1_A1_sep_anchor,etilismo,motivo_dm,-0.00990005227467246,-0.990005227467246,0.990005227467246,0.009801103504124734
covid,S1_A1_sep_anchor,etilismo,motivo_mental_subst,0.029679073263054457,2.9679073263054456,2.9679073263054456,0.08808473897537539
covid,S1_A1_sep_anchor,etilismo,motivo_infec2,-0.04284045542002896,-4.284045542002897,4.284045542002897,0.1835304620595489
covid,S1_A1_sep_anchor,etilismo,motivo_propedeutica,0.03375721071787146,3.375721071787146,3.375721071787146,0.11395492754507758
covid,S1_A1_sep_anchor,etilismo,n_comorbidades,-0.024750892728049204,-2.4750892728049205,2.4750892728049205,0.0612606690835399
covid,S1_A1_sep_anchor,etilismo,comorb_hipertensao,-0.0021627635242113014,-0.21627635242113014,0.21627635242113014,0.0004677546061658888
covid,S1_A1_sep_anchor,etilismo,comorb_ic,-0.03310707066802084,-3.310707066802084,3.310707066802084,0.1096078128217326
covid,S1_A1_sep_anchor,etilismo,comorb_dac,-0.020366311315160906,-2.0366311315160908,2.0366311315160908,0.041478663658605114
covid,S1_A1_sep_anchor,etilismo,comorb_fibrilacao,-0.028934015283545056,-2.893401528354506,2.893401528354506,0.08371772404284189
covid,S1_A1_sep_anchor,etilismo,comorb_avc,-0.03171835053888141,-3.1718350538881412,3.1718350538881412,0.10060537609073586
covid,S1_A1_sep_anchor,etilismo,comorb_dpoc,0.09428228465746487,9.428228465746487,9.428228465746487,0.8889149200231236
covid,S1_A1_sep_anchor,etilismo,comorb_asma,0.011973974710594179,1.197397471059418,1.197397471059418,0.014337607036994895
covid,S1_A1_sep_anchor,etilismo,comorb_dm,-0.005899721071594026,-0.5899721071594026,0.5899721071594026,0.0034806708722610567
covid,S1_A1_sep_anchor,etilismo,comorb_obesidade,-0.0012488691484497023,-0.12488691484497023,0.12488691484497023,0.00015596741499494845
covid,S1_A1_sep_anchor,etilismo,comorb_drc,-0.026553749546613853,-2.655374954661385,2.655374954661385,0.07051016149842955
covid,S1_A1_sep_anchor,etilismo,comorb_cancer,-0.03596194340429712,-3.596194340429712,3.596194340429712,0.1293261373413869
covid,S1_A1_sep_anchor,etilismo,comorb_reumatologica,0.03543865880808487,3.543865880808487,3.543865880808487,0.12558985381158513
covid,S1_A1_sep_anchor,etilismo,comorb_cirrose,0.016823750192274327,1.6823750192274327,1.6823750192274327,0.028303857053205046
covid,S1_A1_sep_anchor,etilismo,comorb_hiv,0.0006024965718743932,0.06024965718743932,0.06024965718743932,3.630021191203959e-05
covid,S1_A1_sep_anchor,etilismo,obito,-0.029064808738474,-2.9064808738474,2.9064808738474,0.08447631070040747
covid,S1_A1_sep_anchor,tabagismo,motivo_cancer,-0.03836866805149039,-3.836866805149039,3.836866805149039,0.14721546880454595
covid,S1_A1_sep_anchor,tabagismo,motivo_msk,0.013470165140393186,1.3470165140393187,1.3470165140393187,0.01814453489094638
covid,S1_A1_sep_anchor,tabagismo,motivo_digestivo2,-0.04517104591768463,-4.517104591768463,4.517104591768463,0.20404233892975734
covid,S1_A1_sep_anchor,tabagismo,motivo_cardio2,0.060525165324994634,6.052516532499464,6.052516532499464,0.36632956376179326
covid,S1_A1_sep_anchor,tabagismo,motivo_procedimentos2,0.001380414627397994,0.1380414627397994,0.1380414627397994,0.00019055445435343425
covid,S1_A1_sep_anchor,tabagismo,motivo_lesao2,-0.07145140688278981,-7.145140688278981,7.145140688278981,0.5105303545529982
covid,S1_A1_sep_anchor,tabagismo,motivo_respiratorio,-0.0038672793484560582,-0.3867279348456058,0.3867279348456058,0.0014955849558994714
covid,S1_A1_sep_anchor,tabagismo,motivo_neuro,-0.02184923192341478,-2.184923192341478,2.184923192341478,0.047738893564316744
covid,S1_A1_sep_anchor,tabagismo,motivo_pele,-0.0061905801506997715,-0.6190580150699772,0.6190580150699772,0.0038323282602238003
covid,S1_A1_sep_anchor,tabagismo,motivo_genitourinaria,0.0004545947597684466,0.04545947597684466,0.04545947597684466,2.066563956089317e-05
covid,S1_A1_sep_anchor,tabagismo,motivo_dm,0.011933770762159698,1.19337707621597,1.19337707621597,0.014241488460377765
covid,S1_A1_sep_anchor,tabagismo,motivo_mental_subst,0.006464596291425847,0.6464596291425847,0.6464596291425847,0.004179100521111681
covid,S1_A1_sep_anchor,tabagismo,motivo_infec2,0.013824752511040326,1.3824752511040326,1.3824752511040326,0.019112378199151576
covid,S1_A1_sep_anchor,tabagismo,motivo_propedeutica,0.027805617181786813,2.7805617181786815,2.7805617181786815,0.0773152346860078
covid,S1_A1_sep_anchor,tabagismo,n_comorbidades,0.008762289955548688,0.8762289955548688,0.8762289955548688,0.007677772526510943
covid,S1_A1_sep_anchor,tabagismo,comorb_hipertensao,-0.0025898129582646507,-0.25898129582646506,0.25898129582646506,0.0006707131158795502
covid,S1_A1_sep_anchor,tabagismo,comorb_ic,-0.02898621947631864,-2.898621947631864,2.898621947631864,0.08402009195293142
covid,S1_A1_sep_anchor,tabagismo,comorb_dac,0.004057306185179141,0.40573061851791414,0.40573061851791414,0.0016461733480292915
covid,S1_A1_sep_anchor,tabagismo,comorb_fibrilacao,-0.025227957499838295,-2.5227957499838296,2.5227957499838296,0.06364498396136473
covid,S1_A1_sep_anchor,tabagismo,comorb_avc,-0.042430993745901,-4.2430993745901,4.2430993745901,0.18003892302646898
covid,S1_A1_sep_anchor,tabagismo,comorb_dpoc,0.09846339902339662,9.846339902339663,9.846339902339663,0.9695040947240623
covid,S1_A1_sep_anchor,tabagismo,comorb_asma,-0.010177066199690442,-1.017706619969044,1.017706619969044,0.010357267643288166
covid,S1_A1_sep_anchor,tabagismo,comorb_dm,-0.06595701195182606,-6.595701195182606,6.595701195182606,0.4350327425613325
covid,S1_A1_sep_anchor,tabagismo,comorb_obesidade,-0.03134185477250253,-3.134185477250253,3.134185477250253,0.09823118605806395
covid,S1_A1_sep_anchor,tabagismo,comorb_drc,-0.029505053961136268,-2.950505396113627,2.950505396113627,0.0870548209249563
covid,S1_A1_sep_anchor,tabagismo,comorb_cancer,-0.017005679886037094,-1.7005679886037093,1.7005679886037093,0.028919314838636658
covid,S1_A1_sep_anchor,tabagismo,comorb_reumatologica,0.019841565389004626,1.9841565389004625,1.9841565389004625,0.03936877170861462
covid,S1_A1_sep_anchor,tabagismo,comorb_cirrose,0.06300581685327429,6.300581685327429,6.300581685327429,0.3969732957348342
covid,S1_A1_sep_anchor,tabagismo,comorb_hiv,0.03384020517506,3.384020517506,3.384020517506,0.11451594862901576
covid,S1_A1_sep_anchor,tabagismo,obito,0.23437827421816695,23.437827421816696,23.437827421816696,5.493317542548627
covid,S1_A1_sep_anchor,motivo_cancer,motivo_msk,-0.0010653228400734063,-0.10653228400734063,0.10653228400734063,0.00011349127535820685
covid,S1_A1_sep_anchor,motivo_cancer,motivo_digestivo2,-0.010410979118847342,-1.0410979118847343,1.0410979118847343,0.010838848621307538
covid,S1_A1_sep_anchor,motivo_cancer,motivo_cardio2,-0.043777060731650747,-4.377706073165075,4.377706073165075,0.1916431046302638
covid,S1_A1_sep_anchor,motivo_cancer,motivo_procedimentos2,-0.03133949673501675,-3.133949673501675,3.133949673501675,0.09821640556041254
covid,S1_A1_sep_anchor,motivo_cancer,motivo_lesao2,-0.035786429038519516,-3.5786429038519514,3.5786429038519514,0.12806685033289927
covid,S1_A1_sep_anchor,motivo_cancer,motivo_respiratorio,-0.00681869355516667,-0.681869355516667,0.681869355516667,0.004649458179927148
covid,S1_A1_sep_anchor,motivo_cancer,motivo_neuro,-0.02525885766551312,-2.525885766551312,2.525885766551312,0.06380098905666508
covid,S1_A1_sep_anchor,motivo_cancer,motivo_pele,-0.0064926756149009555,-0.6492675614900956,0.6492675614900956,0.00421548366403295
covid,S1_A1_sep_anchor,motivo_cancer,motivo_genitourinaria,-0.015387953478433436,-1.5387953478433436,1.5387953478433436,0.023678911225443168
covid,S1_A1_sep_anchor,motivo_cancer,motivo_dm,-0.0031664963988592603,-0.31664963988592604,0.31664963988592604,0.0010026699443988665
covid,S1_A1_sep_anchor,motivo_cancer,motivo_mental_subst,-0.01356789309923837,-1.356789309923837,1.356789309923837,0.018408772315236018
covid,S1_A1_sep_anchor,motivo_cancer,motivo_infec2,-0.04372027935861823,-4.372027935861824,4.372027935861824,0.19114628271956197
covid,S1_A1_sep_anchor,motivo_cancer,motivo_propedeutica,-0.009351634046665168,-0.9351634046665167,0.9351634046665167,0.008745305934274713
covid,S1_A1_sep_anchor,motivo_cancer,n_comorbidades,0.022749066937853626,2.2749066937853626,2.2749066937853626,0.0517520046542945
covid,S1_A1_sep_anchor,motivo_cancer,comorb_hipertensao,-0.023284633988285675,-2.3284633988285677,2.3284633988285677,0.05421741799684285
covid,S1_A1_sep_anchor,motivo_cancer,comorb_ic,-0.023119094455110532,-2.3119094455110534,2.3119094455110534,0.05344925284243225
covid,S1_A1_sep_anchor,motivo_cancer,comorb_dac,-0.007497293063158784,-0.7497293063158784,0.7497293063158784,0.005620940327488882
covid,S1_A1_sep_anchor,motivo_cancer,comorb_fibrilacao,-0.01987474786579716,-1.9874747865797162,1.9874747865797162,0.03950056027290088
covid,S1_A1_sep_anchor,motivo_cancer,comorb_avc,-0.029005790106163,-2.9005790106163,2.9005790106163,0.08413358596827833
covid,S1_A1_sep_anchor,motivo_cancer,comorb_dpoc,-0.009549204239682755,-0.9549204239682755,0.9549204239682755,0.00911873016111751
covid,S1_A1_sep_anchor,motivo_cancer,comorb_asma,-0.010139019096040402,-1.0139019096040403,1.0139019096040403,0.010279970822987193
covid,S1_A1_sep_anchor,motivo_cancer,comorb_dm,0.02752844913682064,2.7528449136820643,2.7528449136820643,0.07578155118785211
covid,S1_A1_sep_anchor,motivo_cancer,comorb_obesidade,-0.012067858506793096,-1.2067858506793097,1.2067858506793097,0.014563320893997849
covid,S1_A1_sep_anchor,motivo_cancer,comorb_drc,-0.024484043386219755,-2.4484043386219754,2.4484043386219754,0.05994683805382913
covid,S1_A1_sep_anchor,motivo_cancer,comorb_cancer,0.05638143006537859,5.638143006537859,5.638143006537859,0.31788656562171763
covid,S1_A1_sep_anchor,motivo_cancer,comorb_reumatologica,-0.012347895834783235,-1.2347895834783236,1.2347895834783236,0.015247053154665718
covid,S1_A1_sep_anchor,motivo_cancer,comorb_cirrose,-0.00808993830605721,-0.808993830605721,0.808993830605721,0.006544710179581181
covid,S1_A1_sep_anchor,motivo_cancer,comorb_hiv,-0.011436106511813732,-1.143610651181373,1.143610651181373,0.013078453214954844
covid,S1_A1_sep_anchor,motivo_cancer,obito,0.03798731432227489,3.798731432227489,3.798731432227489,0.1443036049419311
covid,S1_A1_sep_anchor,motivo_msk,motivo_digestivo2,-0.004605091021046866,-0.4605091021046866,0.4605091021046866,0.002120686331212647
covid,S1_A1_sep_anchor,motivo_msk,motivo_cardio2,-0.0058137850469125955,-0.5813785046912595,0.5813785046912595,0.0033800096571704494
covid,S1_A1_sep_anchor,motivo_msk,motivo_procedimentos2,-0.004113063728303114,-0.4113063728303114,0.4113063728303114,0.0016917293233082713
covid,S1_A1_sep_anchor,motivo_msk,motivo_lesao2,-0.004113063728303114,-0.4113063728303114,0.4113063728303114,0.0016917293233082713
covid,S1_A1_sep_anchor,motivo_msk,motivo_respiratorio,-0.0010653228400734063,-0.10653228400734063,0.10653228400734063,0.00011349127535820685
covid,S1_A1_sep_anchor,motivo_msk,motivo_neuro,-0.003297051693353855,-0.32970516933538546,0.32970516933538546,0.001087054986864752
covid,S1_A1_sep_anchor,motivo_msk,motivo_pele,0.0,0.0,0.0,0.0
covid,S1_A1_sep_anchor,motivo_msk,motivo_genitourinaria,-0.002012109091463834,-0.2012109091463834,0.2012109091463834,0.00040485829959514163
covid,S1_A1_sep_anchor,motivo_msk,motivo_dm,0.0,0.0,0.0,0.0
covid,S1_A1_sep_anchor,motivo_msk,motivo_mental_subst,-0.0013072174640400053,-0.13072174640400053,0.13072174640400053,0.00017088174982911824
covid,S1_A1_sep_anchor,motivo_msk,motivo_infec2,-0.004444409045070924,-0.44444090450709245,0.44444090450709245,0.0019752771759908245
covid,S1_A1_sep_anchor,motivo_msk,motivo_propedeutica,-0.0010653228400734063,-0.10653228400734063,0.10653228400734063,0.00011349127535820685
covid,S1_A1_sep_anchor,motivo_msk,n_comorbidades,-0.007514573989965719,-0.7514573989965719,0.7514573989965719,0.00564688222506693
covid,S1_A1_sep_anchor,motivo_msk,comorb_hipertensao,0.008020720221828244,0.8020720221828244,0.8020720221828244,0.00643319528768445
covid,S1_A1_sep_anchor,motivo_msk,comorb_ic,-0.0021551836754420406,-0.21551836754420406,0.21551836754420406,0.0004644816674891863
covid,S1_A1_sep_anchor,motivo_msk,comorb_dac,-0.003582871819500093,-0.3582871819500093,0.3582871819500093,0.0012836970474967907
covid,S1_A1_sep_anchor,motivo_msk,comorb_fibrilacao,-0.0021551836754420406,-0.21551836754420406,0.21551836754420406,0.0004644816674891863
covid,S1_A1_sep_anchor,motivo_msk,comorb_avc,-0.0036746626537887683,-0.36746626537887683,0.36746626537887683,0.0013503145619149913
covid,S1_A1_sep_anchor,motivo_msk,comorb_dpoc,0.09943449122468914,9.943449122468914,9.943449122468914,0.9887218045112781
covid,S1_A1_sep_anchor,motivo_msk,comorb_asma,-0.0015123116536074393,-0.15123116536074394,0.15123116536074394,0.00022870865376368673
covid,S1_A1_sep_anchor,motivo_msk,comorb_dm,0.013168804596621592,1.3168804596621593,1.3168804596621593,0.017341741450400197
covid,S1_A1_sep_anchor,motivo_msk,comorb_obesidade,-0.002012109091463834,-0.2012109091463834,0.2012109091463834,0.00040485829959514163
covid,S1_A1_sep_anchor,motivo_msk,comorb_drc,-0.0025419414165974664,-0.25419414165974663,0.25419414165974663,0.0006461466165413535
covid,S1_A1_sep_anchor,motivo_msk,comorb_cancer,-0.002418926184322163,-0.2418926184322163,0.2418926184322163,0.000585120388519938
covid,S1_A1_sep_anchor,motivo_msk,comorb_reumatologica,-0.0013072174640400053,-0.13072174640400053,0.13072174640400053,0.00017088174982911824
covid,S1_A1_sep_anchor,motivo_msk,comorb_cirrose,-0.0016940395049875531,-0.1694039504987553,0.1694039504987553,0.00028697698444584736
covid,S1_A1_sep_anchor,motivo_msk,comorb_hiv,-0.0016940395049875531,-0.1694039504987553,0.1694039504987553,0.00028697698444584736
covid,S1_A1_sep_anchor,motivo_msk,obito,-0.007026889374323537,-0.7026889374323537,0.7026889374323537,0.004937717427898103
covid,S1_A1_sep_anchor,motivo_digestivo2,motivo_cardio2,-0.11999654373653582,-11.999654373653582,11.999654373653582,1.4399170508714354
covid,S1_A1_sep_anchor,motivo_digestivo2,motivo_procedimentos2,-0.07436650853923672,-7.436650853923672,7.436650853923672,0.5530377592316368
covid,S1_A1_sep_anchor,motivo_digestivo2,motivo_lesao2,-0.08920107090564897,-8.920107090564896,8.920107090564896,0.7956831050714614
covid,S1_A1_sep_anchor,motivo_digestivo2,motivo_respiratorio,0.023462661863130722,2.346266186313072,2.346266186313072,0.055049650170360884
covid,S1_A1_sep_anchor,motivo_digestivo2,motivo_neuro,-0.04729293074042499,-4.7292930740424985,4.7292930740424985,0.22366212980186348
covid,S1_A1_sep_anchor,motivo_digestivo2,motivo_pele,-0.016471780647071867,-1.6471780647071868,1.6471780647071868,0.027131955768525128
covid,S1_A1_sep_anchor,motivo_digestivo2,motivo_genitourinaria,-0.044026666927980976,-4.402666692798098,4.402666692798098,0.19383474007873738
covid,S1_A1_sep_anchor,motivo_digestivo2,motivo_dm,-0.007616071606171132,-0.7616071606171132,0.7616071606171132,0.005800454671032612
covid,S1_A1_sep_anchor,motivo_digestivo2,motivo_mental_subst,-0.009222708124346897,-0.9222708124346897,0.9222708124346897,0.008505834514689425
covid,S1_A1_sep_anchor,motivo_digestivo2,motivo_infec2,-0.08092485356512732,-8.092485356512732,8.092485356512732,0.6548831924537301
covid,S1_A1_sep_anchor,motivo_digestivo2,motivo_propedeutica,-0.02788998280379943,-2.788998280379943,2.788998280379943,0.0777851140796228
covid,S1_A1_sep_anchor,motivo_digestivo2,n_comorbidades,0.036610736420093395,3.6610736420093395,3.6610736420093395,0.1340346021221553
covid,S1_A1_sep_anchor,motivo_digestivo2,comorb_hipertensao,0.02967396801679565,2.967396801679565,2.967396801679565,0.08805443778618112
covid,S1_A1_sep_anchor,motivo_digestivo2,comorb_ic,-0.006682316622914718,-0.6682316622914718,0.6682316622914718,0.004465335544888236
covid,S1_A1_sep_anchor,motivo_digestivo2,comorb_dac,-0.035271845264157074,-3.5271845264157076,3.5271845264157076,0.12441030683386398
covid,S1_A1_sep_anchor,motivo_digestivo2,comorb_fibrilacao,-0.03079308696757934,-3.079308696757934,3.079308696757934,0.09482142049929046
covid,S1_A1_sep_anchor,motivo_digestivo2,comorb_avc,0.022571790327757715,2.2571790327757713,2.2571790327757713,0.050948571860025674
covid,S1_A1_sep_anchor,motivo_digestivo2,comorb_dpoc,0.021398596006821355,2.1398596006821355,2.1398596006821355,0.045789991106315084
covid,S1_A1_sep_anchor,motivo_digestivo2,comorb_asma,0.038880808073096754,3.8880808073096755,3.8880808073096755,0.15117172364169856
covid,S1_A1_sep_anchor,motivo_digestivo2,comorb_dm,-0.004357716532499787,-0.4357716532499787,0.4357716532499787,0.0018989693377621966
covid,S1_A1_sep_anchor,motivo_digestivo2,comorb_obesidade,0.0031198061507408574,0.31198061507408575,0.31198061507408575,0.0009733190418200486
covid,S1_A1_sep_anchor,motivo_digestivo2,comorb_drc,0.014231161964347072,1.4231161964347072,1.4231161964347072,0.020252597085547882
covid,S1_A1_sep_anchor,motivo_digestivo2,comorb_cancer,0.07094850687507755,7.094850687507755,7.094850687507755,0.5033690627802926
covid,S1_A1_sep_anchor,motivo_digestivo2,comorb_reumatologica,-0.03578110847534989,-3.578110847534989,3.578110847534989,0.12802877237247556
covid,S1_A1_sep_anchor,motivo_digestivo2,comorb_cirrose,0.012444345499589135,1.2444345499589136,1.2444345499589136,0.015486173491314434
covid,S1_A1_sep_anchor,motivo_digestivo2,comorb_hiv,0.01841921240603376,1.841921240603376,1.841921240603376,0.033926738565858795
covid,S1_A1_sep_anchor,motivo_digestivo2,obito,-0.062390748779026325,-6.239074877902633,6.239074877902633,0.3892605533207575
covid,S1_A1_sep_anchor,motivo_cardio2,motivo_procedimentos2,-0.018176101873003624,-1.8176101873003625,1.8176101873003625,0.03303706792978058
covid,S1_A1_sep_anchor,motivo_cardio2,motivo_lesao2,-0.061520325522021135,-6.1520325522021135,6.1520325522021135,0.3784750452335445
covid,S1_A1_sep_anchor,motivo_cardio2,motivo_respiratorio,0.005018199927869979,0.5018199927869978,0.5018199927869978,0.002518233051607426
covid,S1_A1_sep_anchor,motivo_cardio2,motivo_neuro,-0.05372342012997132,-5.372342012997132,5.372342012997132,0.28862058704614074
covid,S1_A1_sep_anchor,motivo_cardio2,motivo_pele,-0.014646731888433972,-1.4646731888433973,1.4646731888433973,0.02145267550116686
covid,S1_A1_sep_anchor,motivo_cardio2,motivo_genitourinaria,-0.04597848050724362,-4.5978480507243615,4.5978480507243615,0.21140206697549813
covid,S1_A1_sep_anchor,motivo_cardio2,motivo_dm,0.010816387532500275,1.0816387532500276,1.0816387532500276,0.011699423925322739
covid,S1_A1_sep_anchor,motivo_cardio2,motivo_mental_subst,-0.07512265168840164,-7.512265168840164,7.512265168840164,0.5643412796696914
covid,S1_A1_sep_anchor,motivo_cardio2,motivo_infec2,-0.10104148819084684,-10.104148819084683,10.104148819084683,1.020938233582104
covid,S1_A1_sep_anchor,motivo_cardio2,motivo_propedeutica,-0.010284527749570772,-1.028452774957077,1.028452774957077,0.010577151103169124
covid,S1_A1_sep_anchor,motivo_cardio2,n_comorbidades,0.048255537833017656,4.825553783301766,4.825553783301766,0.2328596931553798
covid,S1_A1_sep_anchor,motivo_cardio2,comorb_hipertensao,0.06298394123271192,6.298394123271192,6.298394123271192,0.39669768532057087
covid,S1_A1_sep_anchor,motivo_cardio2,comorb_ic,0.08991019225128606,8.991019225128607,8.991019225128607,0.808384267066322
covid,S1_A1_sep_anchor,motivo_cardio2,comorb_dac,0.012561718945165553,1.2561718945165552,1.2561718945165552,0.01577967828573312
covid,S1_A1_sep_anchor,motivo_cardio2,comorb_fibrilacao,0.004427457375896557,0.4427457375896557,0.4427457375896557,0.0019602378815380826
covid,S1_A1_sep_anchor,motivo_cardio2,comorb_avc,-0.007196423743614927,-0.7196423743614927,0.7196423743614927,0.005178851469766469
covid,S1_A1_sep_anchor,motivo_cardio2,comorb_dpoc,0.055901949197233014,5.590194919723301,5.590194919723301,0.31250279240500206
covid,S1_A1_sep_anchor,motivo_cardio2,comorb_asma,-0.005754637625788974,-0.5754637625788974,0.5754637625788974,0.003311585420414616
covid,S1_A1_sep_anchor,motivo_cardio2,comorb_dm,0.045375153171095826,4.537515317109583,4.537515317109583,0.20589045253004076
covid,S1_A1_sep_anchor,motivo_cardio2,comorb_obesidade,-0.007143803214880834,-0.7143803214880834,0.7143803214880834,0.005103392437294174
covid,S1_A1_sep_anchor,motivo_cardio2,comorb_drc,0.01804666999576574,1.8046669995765738,1.8046669995765738,0.032568229793607135
covid,S1_A1_sep_anchor,motivo_cardio2,comorb_cancer,-0.03552272203568822,-3.552272203568822,3.552272203568822,0.12618637808247696
covid,S1_A1_sep_anchor,motivo_cardio2,comorb_reumatologica,0.005233311940185501,0.5233311940185501,0.5233311940185501,0.002738755386328813
covid,S1_A1_sep_anchor,motivo_cardio2,comorb_cirrose,-0.02779798360236521,-2.779798360236521,2.779798360236521,0.07727278923573652
covid,S1_A1_sep_anchor,motivo_cardio2,comorb_hiv,-0.0360182710442532,-3.60182710442532,3.60182710442532,0.12973158490172887
covid,S1_A1_sep_anchor,motivo_cardio2,obito,-0.08072940134169819,-8.07294013416982,8.07294013416982,0.6517236240988982
covid,S1_A1_sep_anchor,motivo_procedimentos2,motivo_lesao2,-0.023648936057559394,-2.3648936057559395,2.3648936057559395,0.05592721766545329
covid,S1_A1_sep_anchor,motivo_procedimentos2,motivo_respiratorio,-0.01915059373288698,-1.915059373288698,1.915059373288698,0.03667452403220901
covid,S1_A1_sep_anchor,motivo_procedimentos2,motivo_neuro,-0.06261810444400297,-6.261810444400297,6.261810444400297,0.3921027004160064
covid,S1_A1_sep_anchor,motivo_procedimentos2,motivo_pele,-0.013104399884772239,-1.310439988477224,1.310439988477224,0.017172529634001867
covid,S1_A1_sep_anchor,motivo_procedimentos2,motivo_genitourinaria,-0.02203316129281397,-2.203316129281397,2.203316129281397,0.048546019655515575
covid,S1_A1_sep_anchor,motivo_procedimentos2,motivo_dm,-0.006691272859864508,-0.6691272859864509,0.6691272859864509,0.004477313248515935
covid,S1_A1_sep_anchor,motivo_procedimentos2,motivo_mental_subst,-0.03402078897238199,-3.4020788972381992,3.4020788972381992,0.1157414082303348
covid,S1_A1_sep_anchor,motivo_procedimentos2,motivo_infec2,-0.07556173859557277,-7.556173859557277,7.556173859557277,0.5709576339585672
covid,S1_A1_sep_anchor,motivo_procedimentos2,motivo_propedeutica,-0.022828186738671857,-2.282818673867186,2.282818673867186,0.05211261097756736
covid,S1_A1_sep_anchor,motivo_procedimentos2,n_comorbidades,0.04117461845070821,4.117461845070821,4.117461845070821,0.16953492045614008
covid,S1_A1_sep_anchor,motivo_procedimentos2,comorb_hipertensao,0.010744168212763278,1.0744168212763276,1.0744168212763276,0.011543715058415284
covid,S1_A1_sep_anchor,motivo_procedimentos2,comorb_ic,-0.03376463350675858,-3.3764633506758583,3.3764633506758583,0.11400504758457243
covid,S1_A1_sep_anchor,motivo_procedimentos2,comorb_dac,-0.004185334842594922,-0.4185334842594922,0.4185334842594922,0.0017517027744639064
covid,S1_A1_sep_anchor,motivo_procedimentos2,comorb_fibrilacao,-0.03387337633873276,-3.387337633873276,3.387337633873276,0.11474056245854206
covid,S1_A1_sep_anchor,motivo_procedimentos2,comorb_avc,-0.0068115524961081,-0.68115524961081,0.68115524961081,0.0046397247407236495
covid,S1_A1_sep_anchor,motivo_procedimentos2,comorb_dpoc,0.04329155971128036,4.329155971128036,4.329155971128036,0.1874159142235353
covid,S1_A1_sep_anchor,motivo_procedimentos2,comorb_asma,-0.02499089852891514,-2.499089852891514,2.499089852891514,0.06245450092825329
covid,S1_A1_sep_anchor,motivo_procedimentos2,comorb_dm,-0.02855781933809006,-2.855781933809006,2.855781933809006,0.08155490453469906
covid,S1_A1_sep_anchor,motivo_procedimentos2,comorb_obesidade,-0.028568805824206872,-2.856880582420687,2.856880582420687,0.08161766662212365
covid,S1_A1_sep_anchor,motivo_procedimentos2,comorb_drc,0.056772982212395295,5.677298221239529,5.677298221239529,0.32231715092889524
covid,S1_A1_sep_anchor,motivo_procedimentos2,comorb_cancer,0.0904519365464423,9.04519365464423,9.04519365464423,0.8181552825001625
covid,S1_A1_sep_anchor,motivo_procedimentos2,comorb_reumatologica,-0.029315436358994935,-2.9315436358994935,2.9315436358994935,0.08593948089182822
covid,S1_A1_sep_anchor,motivo_procedimentos2,comorb_cirrose,0.02064717623632112,2.064717623632112,2.064717623632112,0.042630588653370355
covid,S1_A1_sep_anchor,motivo_procedimentos2,comorb_hiv,-0.002284552665750761,-0.2284552665750761,0.2284552665750761,0.0005219180882588908
covid,S1_A1_sep_anchor,motivo_procedimentos2,obito,-0.012256332927285138,-1.2256332927285138,1.2256332927285138,0.015021769682445387
covid,S1_A1_sep_anchor,motivo_lesao2,motivo_respiratorio,-0.020751691647890386,-2.0751691647890387,2.0751691647890387,0.04306327062491236
covid,S1_A1_sep_anchor,motivo_lesao2,motivo_neuro,-0.020963306626837003,-2.0963306626837004,2.0963306626837004,0.04394602247307882
covid,S1_A1_sep_anchor,motivo_lesao2,motivo_pele,-0.013678864398162821,-1.367886439816282,1.367886439816282,0.01871113312233263
covid,S1_A1_sep_anchor,motivo_lesao2,motivo_genitourinaria,-0.02753782246802222,-2.7537822468022224,2.7537822468022224,0.07583316662803094
covid,S1_A1_sep_anchor,motivo_lesao2,motivo_dm,-0.008292370774867917,-0.8292370774867917,0.8292370774867917,0.006876341306788354
covid,S1_A1_sep_anchor,motivo_lesao2,motivo_mental_subst,-0.027513723866472422,-2.751372386647242,2.751372386647242,0.07570050010004942
covid,S1_A1_sep_anchor,motivo_lesao2,motivo_infec2,-0.04124396801573451,-4.124396801573451,4.124396801573451,0.17010648976829312
covid,S1_A1_sep_anchor,motivo_lesao2,motivo_propedeutica,-0.02547963677452373,-2.547963677452373,2.547963677452373,0.06492118901616621
covid,S1_A1_sep_anchor,motivo_lesao2,n_comorbidades,-0.011187497669054306,-1.1187497669054307,1.1187497669054307,0.012516010409509552
covid,S1_A1_sep_anchor,motivo_lesao2,comorb_hipertensao,0.019120168736892484,1.9120168736892484,1.9120168736892484,0.036558085252724075
covid,S1_A1_sep_anchor,motivo_lesao2,comorb_ic,-0.049580822400087744,-4.958082240008775,4.958082240008775,0.24582579498690424
covid,S1_A1_sep_anchor,motivo_lesao2,comorb_dac,-0.04497465660732937,-4.497465660732937,4.497465660732937,0.20227197369471953
covid,S1_A1_sep_anchor,motivo_lesao2,comorb_fibrilacao,-0.052212064941633995,-5.2212064941633995,5.2212064941633995,0.2726099725469406
covid,S1_A1_sep_anchor,motivo_lesao2,comorb_avc,-0.05863811156787607,-5.863811156787607,5.863811156787607,0.34384281282466816
covid,S1_A1_sep_anchor,motivo_lesao2,comorb_dpoc,0.005023641251377603,0.5023641251377603,0.5023641251377603,0.002523697142254273
covid,S1_A1_sep_anchor,motivo_lesao2,comorb_asma,0.0007317119955131603,0.07317119955131603,0.07317119955131603,5.354024443778511e-05
covid,S1_A1_sep_anchor,motivo_lesao2,comorb_dm,-0.012925211329033862,-1.292521132903386,1.292521132903386,0.01670610879001853
covid,S1_A1_sep_anchor,motivo_lesao2,comorb_obesidade,-0.01579602278441245,-1.5796022784412451,1.5796022784412451,0.02495143358056773
covid,S1_A1_sep_anchor,motivo_lesao2,comorb_drc,-0.05426318226772968,-5.426318226772968,5.426318226772968,0.2944492949820853
covid,S1_A1_sep_anchor,motivo_lesao2,comorb_cancer,-0.006529315460356244,-0.6529315460356244,0.6529315460356244,0.004263196038084708
covid,S1_A1_sep_anchor,motivo_lesao2,comorb_reumatologica,-0.008482569406815256,-0.8482569406815256,0.8482569406815256,0.007195398374143812
covid,S1_A1_sep_anchor,motivo_lesao2,comorb_cirrose,0.013710360404378397,1.3710360404378397,1.3710360404378397,0.018797398241794695
covid,S1_A1_sep_anchor,motivo_lesao2,comorb_hiv,0.023533732433661997,2.3533732433661996,2.3533732433661996,0.05538365622591947
covid,S1_A1_sep_anchor,motivo_lesao2,obito,-0.03445617708789782,-3.445617708789782,3.445617708789782,0.11872281395125747
covid,S1_A1_sep_anchor,motivo_respiratorio,motivo_neuro,-0.014682594979242417,-1.4682594979242416,1.4682594979242416,0.021557859532447463
covid,S1_A1_sep_anchor,motivo_respiratorio,motivo_pele,-0.0030246233072148787,-0.30246233072148787,0.30246233072148787,0.0009148346150547469
covid,S1_A1_sep_anchor,motivo_respiratorio,motivo_genitourinaria,-0.008917278038236918,-0.8917278038236918,0.8917278038236918,0.007951784761122245
covid,S1_A1_sep_anchor,motivo_respiratorio,motivo_dm,-0.0015037593984962405,-0.15037593984962405,0.15037593984962405,0.0002261292328565775
covid,S1_A1_sep_anchor,motivo_respiratorio,motivo_mental_subst,-0.00848002384309223,-0.8480023843092229,0.8480023843092229,0.007191080437941271
covid,S1_A1_sep_anchor,motivo_respiratorio,motivo_infec2,-0.02735445009263302,-2.735445009263302,2.735445009263302,0.07482659398703508
covid,S1_A1_sep_anchor,motivo_respiratorio,motivo_propedeutica,-0.005469399695628936,-0.5469399695628936,0.5469399695628936,0.0029914333030545896
covid,S1_A1_sep_anchor,motivo_respiratorio,n_comorbidades,-0.02882033136885583,-2.8820331368855827,2.8820331368855827,0.08306115002106554
covid,S1_A1_sep_anchor,motivo_respiratorio,comorb_hipertensao,0.03138799729796228,3.138799729796228,3.138799729796228,0.09852063743768875
covid,S1_A1_sep_anchor,motivo_respiratorio,comorb_ic,0.041194597025629956,4.119459702562995,4.119459702562995,0.16969948241040406
covid,S1_A1_sep_anchor,motivo_respiratorio,comorb_dac,-0.01806063016828075,-1.8060630168280751,1.8060630168280751,0.03261863620754128
covid,S1_A1_sep_anchor,motivo_respiratorio,comorb_fibrilacao,0.027409838700030192,2.7409838700030194,2.7409838700030194,0.07512992575616728
covid,S1_A1_sep_anchor,motivo_respiratorio,comorb_avc,0.014257124288492235,1.4257124288492236,1.4257124288492236,0.020326559297751522
covid,S1_A1_sep_anchor,motivo_respiratorio,comorb_dpoc,-0.007762222782781139,-0.776222278278114,0.776222278278114,0.0060252102529526575
covid,S1_A1_sep_anchor,motivo_respiratorio,comorb_asma,-0.005714172010938824,-0.5714172010938824,0.5714172010938824,0.0032651761770596636
covid,S1_A1_sep_anchor,motivo_respiratorio,comorb_dm,-0.013940726558562783,-1.3940726558562784,1.3940726558562784,0.019434385698061774
covid,S1_A1_sep_anchor,motivo_respiratorio,comorb_obesidade,0.048756133835841556,4.875613383584156,4.875613383584156,0.2377160586618494
covid,S1_A1_sep_anchor,motivo_respiratorio,comorb_drc,0.03208809886338474,3.208809886338474,3.208809886338474,0.1029646088666353
covid,S1_A1_sep_anchor,motivo_respiratorio,comorb_cancer,-0.014071944837085917,-1.4071944837085917,1.4071944837085917,0.0198019631497989
covid,S1_A1_sep_anchor,motivo_respiratorio,comorb_reumatologica,-0.006572567154165694,-0.6572567154165694,0.6572567154165694,0.004319863899601773
covid,S1_A1_sep_anchor,motivo_respiratorio,comorb_cirrose,-0.006193954433249505,-0.6193954433249504,0.6193954433249504,0.003836507152117119
covid,S1_A1_sep_anchor,motivo_respiratorio,comorb_hiv,-0.006602109996275735,-0.6602109996275735,0.6602109996275735,0.004358785640292398
covid,S1_A1_sep_anchor,motivo_respiratorio,obito,-0.03828596703230956,-3.8285967032309562,3.8285967032309562,0.14658152715990946
covid,S1_A1_sep_anchor,motivo_neuro,motivo_pele,-0.010824991476781742,-1.0824991476781742,1.0824991476781742,0.011718044047239735
covid,S1_A1_sep_anchor,motivo_neuro,motivo_genitourinaria,-0.028345359549230224,-2.8345359549230222,2.8345359549230222,0.0803459407975137
covid,S1_A1_sep_anchor,motivo_neuro,motivo_dm,0.060154293845615756,6.015429384561576,6.015429384561576,0.36185390680646856
covid,S1_A1_sep_anchor,motivo_neuro,motivo_mental_subst,0.0016271298050914117,0.16271298050914118,0.16271298050914118,0.00026475514026168154
covid,S1_A1_sep_anchor,motivo_neuro,motivo_infec2,-0.06870536598553598,-6.870536598553597,6.870536598553597,0.47204273152064435
covid,S1_A1_sep_anchor,motivo_neuro,motivo_propedeutica,-0.018554998180897835,-1.8554998180897835,1.8554998180897835,0.034428795749312194
covid,S1_A1_sep_anchor,motivo_neuro,n_comorbidades,0.02589271771071764,2.589271771071764,2.589271771071764,0.0670432830446911
covid,S1_A1_sep_anchor,motivo_neuro,comorb_hipertensao,-0.00760717111153938,-0.760717111153938,0.760717111153938,0.005786905232023929
covid,S1_A1_sep_anchor,motivo_neuro,comorb_ic,-0.044031061422392555,-4.403106142239255,4.403106142239255,0.1938734369982506
covid,S1_A1_sep_anchor,motivo_neuro,comorb_dac,-0.012797562630389508,-1.2797562630389507,1.2797562630389507,0.016377760927874203
covid,S1_A1_sep_anchor,motivo_neuro,comorb_fibrilacao,-0.020905292259028225,-2.0905292259028223,2.0905292259028223,0.04370312444353854
covid,S1_A1_sep_anchor,motivo_neuro,comorb_avc,0.022157954085210697,2.21579540852107,2.21579540852107,0.049097492924230546
covid,S1_A1_sep_anchor,motivo_neuro,comorb_dpoc,-0.019686072394285124,-1.9686072394285123,1.9686072394285123,0.038754144631303486
covid,S1_A1_sep_anchor,motivo_neuro,comorb_asma,-0.020136772545497998,-2.0136772545498,2.0136772545498,0.04054896085491219
covid,S1_A1_sep_anchor,motivo_neuro,comorb_dm,0.017756116032290138,1.775611603229014,1.775611603229014,0.03152796565521509
covid,S1_A1_sep_anchor,motivo_neuro,comorb_obesidade,-0.022846696363819922,-2.284669636381992,2.284669636381992,0.05219715347405824
covid,S1_A1_sep_anchor,motivo_neuro,comorb_drc,0.0279363912638455,2.7936391263845497,2.7936391263845497,0.0780441956846663
covid,S1_A1_sep_anchor,motivo_neuro,comorb_cancer,-0.027602459322318095,-2.7602459322318094,2.7602459322318094,0.07618957606402252
covid,S1_A1_sep_anchor,motivo_neuro,comorb_reumatologica,0.0701731389349701,7.017313893497009,7.017313893497009,0.4924269427986616
covid,S1_A1_sep_anchor,motivo_neuro,comorb_cirrose,-0.018612843227774085,-1.8612843227774085,1.8612843227774085,0.03464379330216956
covid,S1_A1_sep_anchor,motivo_neuro,comorb_hiv,0.04564303242043122,4.564303242043122,4.564303242043122,0.20832864085325353
covid,S1_A1_sep_anchor,motivo_neuro,obito,-0.04646715205688888,-4.646715205688888,4.646715205688888,0.21591962202780324
covid,S1_A1_sep_anchor,motivo_pele,motivo_genitourinaria,-0.006613739513713414,-0.6613739513713415,0.6613739513713415,0.0043741550355254144
covid,S1_A1_sep_anchor,motivo_pele,motivo_dm,-0.0015123116536074393,-0.15123116536074394,0.15123116536074394,0.00022870865376368673
covid,S1_A1_sep_anchor,motivo_pele,motivo_mental_subst,-0.005139105742115306,-0.5139105742115306,0.5139105742115306,0.002641040782864251
covid,S1_A1_sep_anchor,motivo_pele,motivo_infec2,-0.01986280408253068,-1.986280408253068,1.986280408253068,0.03945309860209975
covid,S1_A1_sep_anchor,motivo_pele,motivo_propedeutica,-0.004269411401030182,-0.4269411401030182,0.4269411401030182,0.0018227873711246503
covid,S1_A1_sep_anchor,motivo_pele,n_comorbidades,0.006444460450130617,0.6444460450130617,0.6444460450130617,0.004153107049329771
covid,S1_A1_sep_anchor,motivo_pele,comorb_hipertensao,0.032056562639340355,3.2056562639340354,3.2056562639340354,0.10276232082499519
covid,S1_A1_sep_anchor,motivo_pele,comorb_ic,-0.011943394630179613,-1.1943394630179613,1.1943394630179613,0.014264467529220322
covid,S1_A1_sep_anchor,motivo_pele,comorb_dac,-0.013294426617256591,-1.3294426617256592,1.3294426617256592,0.017674177908162055
covid,S1_A1_sep_anchor,motivo_pele,comorb_fibrilacao,-0.009739147408938284,-0.9739147408938285,0.9739147408938285,0.00948509922530293
covid,S1_A1_sep_anchor,motivo_pele,comorb_avc,-0.011206116583584743,-1.1206116583584744,1.1206116583584744,0.012557704888489299
covid,S1_A1_sep_anchor,motivo_pele,comorb_dpoc,-0.0036550748476506982,-0.36550748476506983,0.36550748476506983,0.0013359572141928774
covid,S1_A1_sep_anchor,motivo_pele,comorb_asma,-0.004442508938368566,-0.4442508938368566,0.4442508938368566,0.0019735885667484607
covid,S1_A1_sep_anchor,motivo_pele,comorb_dm,0.002224725214036992,0.2224725214036992,0.2224725214036992,0.000494940227797194
covid,S1_A1_sep_anchor,motivo_pele,comorb_obesidade,-0.005349407959460306,-0.5349407959460306,0.5349407959460306,0.0028616165516737275
covid,S1_A1_sep_anchor,motivo_pele,comorb_drc,-0.011878075761016852,-1.1878075761016853,1.1878075761016853,0.014108868378445608
covid,S1_A1_sep_anchor,motivo_pele,comorb_cancer,-0.010206523831287425,-1.0206523831287424,1.0206523831287424,0.010417312871863814
covid,S1_A1_sep_anchor,motivo_pele,comorb_reumatologica,-0.0056137633174823355,-0.5613763317482335,0.5613763317482335,0.0031514338584710273
covid,S1_A1_sep_anchor,motivo_pele,comorb_cirrose,-0.003773686977626864,-0.3773686977626864,0.3773686977626864,0.0014240713405110576
covid,S1_A1_sep_anchor,motivo_pele,comorb_hiv,-0.004084249876032741,-0.4084249876032741,0.4084249876032741,0.001668109704987346
covid,S1_A1_sep_anchor,motivo_pele,obito,0.01426296690412041,1.426296690412041,1.426296690412041,0.020343222490803416
covid,S1_A1_sep_anchor,motivo_genitourinaria,motivo_dm,-0.0045540505080613,-0.45540505080613003,0.45540505080613003,0.0020739376029973388
covid,S1_A1_sep_anchor,motivo_genitourinaria,motivo_mental_subst,-0.015863716238239657,-1.5863716238239658,1.5863716238239658,0.025165749288738857
covid,S1_A1_sep_anchor,motivo_genitourinaria,motivo_infec2,-0.011117602181158356,-1.1117602181158357,1.1117602181158357,0.012360107825849705
covid,S1_A1_sep_anchor,motivo_genitourinaria,motivo_propedeutica,-0.010591297546494611,-1.0591297546494611,1.0591297546494611,0.011217558371838276
covid,S1_A1_sep_anchor,motivo_genitourinaria,n_comorbidades,0.04748419456400784,4.748419456400784,4.748419456400784,0.2254748733392552
covid,S1_A1_sep_anchor,motivo_genitourinaria,comorb_hipertensao,0.043401889288460116,4.340188928846011,4.340188928846011,0.18837239938077488
covid,S1_A1_sep_anchor,motivo_genitourinaria,comorb_ic,0.014348509255850881,1.434850925585088,1.434850925585088,0.02058797178652384
covid,S1_A1_sep_anchor,motivo_genitourinaria,comorb_dac,-0.037054958365295876,-3.705495836529588,3.705495836529588,0.13730699394538107
covid,S1_A1_sep_anchor,motivo_genitourinaria,comorb_fibrilacao,-0.022803961727639505,-2.2803961727639503,2.2803961727639503,0.05200206704756473
covid,S1_A1_sep_anchor,motivo_genitourinaria,comorb_avc,-0.00011124062429206695,-0.011124062429206695,0.011124062429206695,1.2374476492888795e-06
covid,S1_A1_sep_anchor,motivo_genitourinaria,comorb_dpoc,-0.013208145857834735,-1.3208145857834734,1.3208145857834734,0.017445511700183686
covid,S1_A1_sep_anchor,motivo_genitourinaria,comorb_asma,-0.012291836456417207,-1.2291836456417207,1.2291836456417207,0.01510892434713071
covid,S1_A1_sep_anchor,motivo_genitourinaria,comorb_dm,0.05814812480152827,5.814812480152827,5.814812480152827,0.3381204417934107
covid,S1_A1_sep_anchor,motivo_genitourinaria,comorb_obesidade,-0.015501529886788327,-1.5501529886788328,1.5501529886788328,0.02402974288309917
covid,S1_A1_sep_anchor,motivo_genitourinaria,comorb_drc,0.08383277855336312,8.383277855336312,8.383277855336312,0.7027934759977219
covid,S1_A1_sep_anchor,motivo_genitourinaria,comorb_cancer,-0.009096062650779129,-0.9096062650779129,0.9096062650779129,0.008273835574689904
covid,S1_A1_sep_anchor,motivo_genitourinaria,comorb_reumatologica,-0.014033901554453995,-1.4033901554453994,1.4033901554453994,0.019695039284010625
covid,S1_A1_sep_anchor,motivo_genitourinaria,comorb_cirrose,-0.009336744485365076,-0.9336744485365076,0.9336744485365076,0.008717479758499515
covid,S1_A1_sep_anchor,motivo_genitourinaria,comorb_hiv,-0.013145558695178158,-1.314555869517816,1.314555869517816,0.017280571340837405
covid,S1_A1_sep_anchor,motivo_genitourinaria,obito,0.022492471923463864,2.2492471923463864,2.2492471923463864,0.05059112932278102
covid,S1_A1_sep_anchor,motivo_dm,motivo_mental_subst,-0.003220506515515447,-0.32205065155154466,0.32205065155154466,0.0010371662216477446
covid,S1_A1_sep_anchor,motivo_dm,motivo_infec2,-0.008638185132663899,-0.8638185132663898,0.8638185132663898,0.007461824238617562
covid,S1_A1_sep_anchor,motivo_dm,motivo_propedeutica,-0.0018172025393215266,-0.18172025393215266,0.18172025393215266,0.00033022250689166045
covid,S1_A1_sep_anchor,motivo_dm,n_comorbidades,0.01354857719492696,1.3548577194926958,1.3548577194926958,0.018356394400689487
covid,S1_A1_sep_anchor,motivo_dm,comorb_hipertensao,0.027701557978202774,2.7701557978202773,2.7701557978202773,0.07673763144197297
covid,S1_A1_sep_anchor,motivo_dm,comorb_ic,-0.0052769113244876455,-0.5276911324487645,0.5276911324487645,0.0027845793126505957
covid,S1_A1_sep_anchor,motivo_dm,comorb_dac,-0.006756754694646995,-0.6756754694646995,0.6756754694646995,0.0045653734003634205
covid,S1_A1_sep_anchor,motivo_dm,comorb_fibrilacao,-0.004081457246441005,-0.4081457246441005,0.4081457246441005,0.0016658293254525791
covid,S1_A1_sep_anchor,motivo_dm,comorb_avc,-0.006448902436189769,-0.6448902436189768,0.6448902436189768,0.004158834263149433
covid,S1_A1_sep_anchor,motivo_dm,comorb_dpoc,-0.002577634493680846,-0.2577634493680846,0.2577634493680846,0.000664419958301331
covid,S1_A1_sep_anchor,motivo_dm,comorb_asma,-0.0020590971632881254,-0.20590971632881255,0.20590971632881255,0.00042398811278612054
covid,S1_A1_sep_anchor,motivo_dm,comorb_dm,-0.02133992235693733,-2.133992235693733,2.133992235693733,0.04553922862001138
covid,S1_A1_sep_anchor,motivo_dm,comorb_obesidade,-0.0027639887907119545,-0.2763988790711954,0.2763988790711954,0.0007639634035181333
covid,S1_A1_sep_anchor,motivo_dm,comorb_drc,-0.0054522353687958955,-0.5452235368795896,0.5452235368795896,0.0029726870516748917
covid,S1_A1_sep_anchor,motivo_dm,comorb_cancer,-0.005064583058055487,-0.5064583058055486,0.5064583058055486,0.0025650001551942667
covid,S1_A1_sep_anchor,motivo_dm,comorb_reumatologica,-0.002577634493680846,-0.2577634493680846,0.2577634493680846,0.000664419958301331
covid,S1_A1_sep_anchor,motivo_dm,comorb_cirrose,-0.0007518796992481202,-0.07518796992481203,0.07518796992481203,5.653230821414437e-05
covid,S1_A1_sep_anchor,motivo_dm,comorb_hiv,-0.0020590971632881254,-0.20590971632881255,0.20590971632881255,0.00042398811278612054
covid,S1_A1_sep_anchor,motivo_dm,obito,0.04280014437087973,4.2800144370879725,4.2800144370879725,0.18318523581681476
covid,S1_A1_sep_anchor,motivo_mental_subst,motivo_infec2,-0.04781394479162622,-4.781394479162622,4.781394479162622,0.228617331653668
covid,S1_A1_sep_anchor,motivo_mental_subst,motivo_propedeutica,-0.009762230028562845,-0.9762230028562845,0.9762230028562845,0.009530113513057412
covid,S1_A1_sep_anchor,motivo_mental_subst,n_comorbidades,-0.0021159306272913185,-0.21159306272913186,0.21159306272913186,0.0004477162419509433
covid,S1_A1_sep_anchor,motivo_mental_subst,comorb_hipertensao,-0.05926352616598264,-5.9263526165982645,5.9263526165982645,0.35121655336261093
covid,S1_A1_sep_anchor,motivo_mental_subst,comorb_ic,0.009013487282932909,0.9013487282932908,0.9013487282932908,0.008124295299959327
covid,S1_A1_sep_anchor,motivo_mental_subst,comorb_dac,0.02662685258490432,2.662685258490432,2.662685258490432,0.07089892785782259
covid,S1_A1_sep_anchor,motivo_mental_subst,comorb_fibrilacao,-0.01969091731214053,-1.969091731214053,1.969091731214053,0.03877322245935557
covid,S1_A1_sep_anchor,motivo_mental_subst,comorb_avc,0.02579897580878292,2.579897580878292,2.579897580878292,0.06655871527821663
covid,S1_A1_sep_anchor,motivo_mental_subst,comorb_dpoc,-0.011880967181693503,-1.1880967181693503,1.1880967181693503,0.014115738117247806
covid,S1_A1_sep_anchor,motivo_mental_subst,comorb_asma,-0.010175889804548826,-1.0175889804548826,1.0175889804548826,0.010354873331432073
covid,S1_A1_sep_anchor,motivo_mental_subst,comorb_dm,-0.041745089136430144,-4.174508913643014,4.174508913643014,0.1742652467008498
covid,S1_A1_sep_anchor,motivo_mental_subst,comorb_obesidade,-0.010768501806813652,-1.0768501806813653,1.0768501806813653,0.011596063116334888
covid,S1_A1_sep_anchor,motivo_mental_subst,comorb_drc,0.02112924679391146,2.112924679391146,2.112924679391146,0.04464450700780178
covid,S1_A1_sep_anchor,motivo_mental_subst,comorb_cancer,-0.02417216950470753,-2.417216950470753,2.417216950470753,0.05842937785643127
covid,S1_A1_sep_anchor,motivo_mental_subst,comorb_reumatologica,-0.012488738588992254,-1.2488738588992254,1.2488738588992254,0.015596859154418422
covid,S1_A1_sep_anchor,motivo_mental_subst,comorb_cirrose,-0.008720229518465334,-0.8720229518465334,0.8720229518465334,0.007604240285471416
covid,S1_A1_sep_anchor,motivo_mental_subst,comorb_hiv,-0.012777192104984878,-1.2777192104984878,1.2777192104984878,0.016325663808768792
covid,S1_A1_sep_anchor,motivo_mental_subst,obito,-0.07059234688849662,-7.059234688849663,7.059234688849663,0.4983279439225839
covid,S1_A1_sep_anchor,motivo_infec2,motivo_propedeutica,-0.005680222768266502,-0.5680222768266502,0.5680222768266502,0.0032264930697133167
covid,S1_A1_sep_anchor,motivo_infec2,n_comorbidades,0.006134994447693892,0.6134994447693892,0.6134994447693892,0.0037638156873234883
covid,S1_A1_sep_anchor,motivo_infec2,comorb_hipertensao,-0.032325754551818284,-3.2325754551818284,3.2325754551818284,0.10449544073444005
covid,S1_A1_sep_anchor,motivo_infec2,comorb_ic,-0.0035862116873962486,-0.35862116873962485,0.35862116873962485,0.001286091426681745
covid,S1_A1_sep_anchor,motivo_infec2,comorb_dac,-0.013433525902553317,-1.3433525902553316,1.3433525902553316,0.01804596181745709
covid,S1_A1_sep_anchor,motivo_infec2,comorb_fibrilacao,0.05584260433844588,5.584260433844588,5.584260433844588,0.31183964593002145
covid,S1_A1_sep_anchor,motivo_infec2,comorb_avc,-0.033969363281716014,-3.396936328171601,3.396936328171601,0.11539176417651961
covid,S1_A1_sep_anchor,motivo_infec2,comorb_dpoc,0.011157758645974165,1.1157758645974165,1.1157758645974165,0.012449557800181123
covid,S1_A1_sep_anchor,motivo_infec2,comorb_asma,0.012044249607861815,1.2044249607861814,1.2044249607861814,0.014506394861647946
covid,S1_A1_sep_anchor,motivo_infec2,comorb_dm,-0.02143228152625882,-2.143228152625882,2.143228152625882,0.045934269142081506
covid,S1_A1_sep_anchor,motivo_infec2,comorb_obesidade,0.06574901873415742,6.574901873415742,6.574901873415742,0.43229334645045836
covid,S1_A1_sep_anchor,motivo_infec2,comorb_drc,-0.029440164989848562,-2.944016498984856,2.944016498984856,0.0866723314629505
covid,S1_A1_sep_anchor,motivo_infec2,comorb_cancer,0.0015541771286849693,0.15541771286849693,0.15541771286849693,0.00024154665473274557
covid,S1_A1_sep_anchor,motivo_infec2,comorb_reumatologica,0.03255281696879492,3.255281696879492,3.255281696879492,0.10596858926038623
covid,S1_A1_sep_anchor,motivo_infec2,comorb_cirrose,0.040203256682646085,4.020325668264609,4.020325668264609,0.1616301847890727
covid,S1_A1_sep_anchor,motivo_infec2,comorb_hiv,0.01988769624583467,1.9887696245834667,1.9887696245834667,0.039552046196658634
covid,S1_A1_sep_anchor,motivo_infec2,obito,0.12300140942635115,12.300140942635116,12.300140942635116,1.5129346720868866
covid,S1_A1_sep_anchor,motivo_propedeutica,n_comorbidades,0.003751484150013833,0.3751484150013833,0.3751484150013833,0.0014073633327805013
covid,S1_A1_sep_anchor,motivo_propedeutica,comorb_hipertensao,-0.02610045292081613,-2.610045292081613,2.610045292081613,0.06812336426717393
covid,S1_A1_sep_anchor,motivo_propedeutica,comorb_ic,-0.016535766003552742,-1.653576600355274,1.653576600355274,0.027343155732425063
covid,S1_A1_sep_anchor,motivo_propedeutica,comorb_dac,0.00495738554016926,0.495738554016926,0.495738554016926,0.0024575671393879265
covid,S1_A1_sep_anchor,motivo_propedeutica,comorb_fibrilacao,-0.014184554789561977,-1.4184554789561976,1.4184554789561976,0.02012015945780856
covid,S1_A1_sep_anchor,motivo_propedeutica,comorb_avc,0.019582486340621468,1.9582486340621468,1.9582486340621468,0.03834737712806264
covid,S1_A1_sep_anchor,motivo_propedeutica,comorb_dpoc,-0.007307272003958108,-0.7307272003958108,0.7307272003958108,0.005339622413982995
covid,S1_A1_sep_anchor,motivo_propedeutica,comorb_asma,-0.0073158945983026165,-0.7315894598302617,0.7315894598302617,0.005352231377347341
covid,S1_A1_sep_anchor,motivo_propedeutica,comorb_dm,0.0038871989549527585,0.38871989549527586,0.38871989549527586,0.0015110315715385818
covid,S1_A1_sep_anchor,motivo_propedeutica,comorb_obesidade,0.0460721337652665,4.60721337652665,4.60721337652665,0.21226415096846094
covid,S1_A1_sep_anchor,motivo_propedeutica,comorb_drc,-0.017861929286184772,-1.7861929286184772,1.7861929286184772,0.03190485178246653
covid,S1_A1_sep_anchor,motivo_propedeutica,comorb_cancer,0.024162322847819266,2.4162322847819264,2.4162322847819264,0.05838178454022489
covid,S1_A1_sep_anchor,motivo_propedeutica,comorb_reumatologica,-0.008704366642657758,-0.8704366642657758,0.8704366642657758,0.00757659986498131
covid,S1_A1_sep_anchor,motivo_propedeutica,comorb_cirrose,-0.006669661039974533,-0.6669661039974533,0.6669661039974533,0.004448437838815417
covid,S1_A1_sep_anchor,motivo_propedeutica,comorb_hiv,-0.008416901085157266,-0.8416901085157266,0.8416901085157266,0.007084422387732156
covid,S1_A1_sep_anchor,motivo_propedeutica,obito,-0.006831737964635242,-0.6831737964635243,0.6831737964635243,0.004667264361743848
covid,S1_A1_sep_anchor,n_comorbidades,comorb_hipertensao,0.08973970118218352,8.973970118218352,8.973970118218352,0.8053213968267591
covid,S1_A1_sep_anchor,n_comorbidades,comorb_ic,0.029648762542059604,2.9648762542059606,2.9648762542059606,0.08790491202754366
covid,S1_A1_sep_anchor,n_comorbidades,comorb_dac,0.060092340239145135,6.009234023914513,6.009234023914513,0.36110893554171813
covid,S1_A1_sep_anchor,n_comorbidades,comorb_fibrilacao,-0.012982482053491742,-1.2982482053491742,1.2982482053491742,0.01685448402692352
covid,S1_A1_sep_anchor,n_comorbidades,comorb_avc,0.0412628129701115,4.12628129701115,4.12628129701115,0.1702619734206402
covid,S1_A1_sep_anchor,n_comorbidades,comorb_dpoc,0.01830616870877621,1.830616870877621,1.830616870877621,0.033511581279417724
covid,S1_A1_sep_anchor,n_comorbidades,comorb_asma,-0.03633278929117793,-3.633278929117793,3.633278929117793,0.13200715776771338
covid,S1_A1_sep_anchor,n_comorbidades,comorb_dm,0.05696125169014503,5.696125169014503,5.696125169014503,0.324458419410805
covid,S1_A1_sep_anchor,n_comorbidades,comorb_obesidade,0.013466491428691107,1.3466491428691107,1.3466491428691107,0.018134639139901106
covid,S1_A1_sep_anchor,n_comorbidades,comorb_drc,0.012962428739216509,1.296242873921651,1.296242873921651,0.01680245588192661
covid,S1_A1_sep_anchor,n_comorbidades,comorb_cancer,0.08233805858542323,8.233805858542324,8.233805858542324,0.6779555891616589
covid,S1_A1_sep_anchor,n_comorbidades,comorb_reumatologica,0.016550131232598957,1.6550131232598957,1.6550131232598957,0.027390684381624748
covid,S1_A1_sep_anchor,n_comorbidades,comorb_cirrose,0.0464414551805654,4.64414551805654,4.64414551805654,0.2156808759288465
covid,S1_A1_sep_anchor,n_comorbidades,comorb_hiv,0.0021062427397774306,0.21062427397774305,0.21062427397774305,0.0004436258478865137
covid,S1_A1_sep_anchor,n_comorbidades,obito,0.09326693231579077,9.326693231579076,9.326693231579076,0.8698720663598296
covid,S1_A1_sep_anchor,comorb_hipertensao,comorb_ic,0.05053642622368952,5.053642622368952,5.053642622368952,0.25539303754624143
covid,S1_A1_sep_anchor,comorb_hipertensao,comorb_dac,0.03215150292821271,3.2151502928212707,3.2151502928212707,0.10337191405428703
covid,S1_A1_sep_anchor,comorb_hipertensao,comorb_fibrilacao,-0.09830059690454614,-9.830059690454613,9.830059690454613,0.9663007351790065
covid,S1_A1_sep_anchor,comorb_hipertensao,comorb_avc,-0.052738875060536414,-5.273887506053641,5.273887506053641,0.278138894265087
covid,S1_A1_sep_anchor,comorb_hipertensao,comorb_dpoc,-0.0008876367452217759,-0.0887636745221776,0.0887636745221776,7.878989914679079e-05
covid,S1_A1_sep_anchor,comorb_hipertensao,comorb_asma,-0.010414523834139242,-1.0414523834139242,1.0414523834139242,0.010846230669185435
covid,S1_A1_sep_anchor,comorb_hipertensao,comorb_dm,0.044357495691200746,4.435749569120075,4.435749569120075,0.1967587423994893
covid,S1_A1_sep_anchor,comorb_hipertensao,comorb_obesidade,-0.030837321439154998,-3.0837321439155,3.0837321439155,0.09509403935417685
covid,S1_A1_sep_anchor,comorb_hipertensao,comorb_drc,-0.050479151608025706,-5.047915160802571,5.047915160802571,0.2548144747066044
covid,S1_A1_sep_anchor,comorb_hipertensao,comorb_cancer,-0.04064496292287484,-4.064496292287484,4.064496292287484,0.16520130110018705
covid,S1_A1_sep_anchor,comorb_hipertensao,comorb_reumatologica,0.005003681439129167,0.5003681439129167,0.5003681439129167,0.0025036827944285734
covid,S1_A1_sep_anchor,comorb_hipertensao,comorb_cirrose,-0.018268455565244084,-1.8268455565244084,1.8268455565244084,0.033373646873929755
covid,S1_A1_sep_anchor,comorb_hipertensao,comorb_hiv,-0.01259606085325416,-1.2596060853254158,1.2596060853254158,0.01586607490188819
covid,S1_A1_sep_anchor,comorb_hipertensao,obito,0.11654342736630349,11.65434273663035,11.65434273663035,1.3582370462284858
covid,S1_A1_sep_anchor,comorb_ic,comorb_dac,0.0014978031764766892,0.14978031764766891,0.14978031764766891,0.000224341435546366
covid,S1_A1_sep_anchor,comorb_ic,comorb_fibrilacao,-0.035371353610071106,-3.5371353610071106,3.5371353610071106,0.12511326562086902
covid,S1_A1_sep_anchor,comorb_ic,comorb_avc,-0.036481542932884505,-3.6481542932884503,3.6481542932884503,0.13309029747638954
covid,S1_A1_sep_anchor,comorb_ic,comorb_dpoc,-0.018620835419755864,-1.8620835419755863,1.8620835419755863,0.03467355117296345
covid,S1_A1_sep_anchor,comorb_ic,comorb_asma,-0.01776714260632877,-1.7767142606328772,1.7767142606328772,0.03156713563936231
covid,S1_A1_sep_anchor,comorb_ic,comorb_dm,0.030246191790563655,3.0246191790563657,3.0246191790563657,0.09148321178315602
covid,S1_A1_sep_anchor,comorb_ic,comorb_obesidade,-0.0028547560245331316,-0.28547560245331316,0.28547560245331316,0.0008149631959608208
covid,S1_A1_sep_anchor,comorb_ic,comorb_drc,-0.012250941302689153,-1.2250941302689153,1.2250941302689153,0.0150085562801935
covid,S1_A1_sep_anchor,comorb_ic,comorb_cancer,-0.040537520614788575,-4.053752061478858,4.053752061478858,0.16432905775944087
covid,S1_A1_sep_anchor,comorb_ic,comorb_reumatologica,-0.02116643322447708,-2.116643322447708,2.116643322447708,0.04480178954462472
covid,S1_A1_sep_anchor,comorb_ic,comorb_cirrose,0.016319351195352917,1.6319351195352918,1.6319351195352918,0.02663212234372667
covid,S1_A1_sep_anchor,comorb_ic,comorb_hiv,-0.0191965986559848,-1.91965986559848,1.91965986559848,0.03685093999589575
covid,S1_A1_sep_anchor,comorb_ic,obito,0.01781313989072463,1.7813139890724632,1.7813139890724632,0.03173079527665251
covid,S1_A1_sep_anchor,comorb_dac,comorb_fibrilacao,-0.04812298990845225,-4.812298990845225,4.812298990845225,0.2315822157728997
covid,S1_A1_sep_anchor,comorb_dac,comorb_avc,-0.044093708692212394,-4.409370869221239,4.409370869221239,0.19442551462336868
covid,S1_A1_sep_anchor,comorb_dac,comorb_dpoc,0.04161536693385444,4.161536693385444,4.161536693385444,0.17318387650393452
covid,S1_A1_sep_anchor,comorb_dac,comorb_asma,-0.025192572674897433,-2.5192572674897433,2.5192572674897433,0.06346657179799887
covid,S1_A1_sep_anchor,comorb_dac,comorb_dm,0.06874169135556761,6.874169135556761,6.874169135556761,0.4725420130424119
covid,S1_A1_sep_anchor,comorb_dac,comorb_obesidade,-0.005438150235826378,-0.5438150235826378,0.5438150235826378,0.0029573477987418486
covid,S1_A1_sep_anchor,comorb_dac,comorb_drc,0.008571718124940805,0.8571718124940805,0.8571718124940805,0.007347435161343871
covid,S1_A1_sep_anchor,comorb_dac,comorb_cancer,0.005718139391302125,0.5718139391302125,0.5718139391302125,0.0032697118098361034
covid,S1_A1_sep_anchor,comorb_dac,comorb_reumatologica,-0.030376826077820728,-3.037682607782073,3.037682607782073,0.09227515625621695
covid,S1_A1_sep_anchor,comorb_dac,comorb_cirrose,-0.021472350047135512,-2.147235004713551,2.147235004713551,0.04610618165467204
covid,S1_A1_sep_anchor,comorb_dac,comorb_hiv,-0.030405530279286754,-3.0405530279286754,3.0405530279286754,0.09244962715646235
covid,S1_A1_sep_anchor,comorb_dac,obito,-0.08347420135227951,-8.347420135227951,8.347420135227951,0.6967942291400903
covid,S1_A1_sep_anchor,comorb_fibrilacao,comorb_avc,-0.0032334482515186725,-0.32334482515186724,0.32334482515186724,0.001045518759524916
covid,S1_A1_sep_anchor,comorb_fibrilacao,comorb_dpoc,0.023649982756836736,2.3649982756836736,2.3649982756836736,0.05593216843986749
covid,S1_A1_sep_anchor,comorb_fibrilacao,comorb_asma,-0.015519522192835427,-1.5519522192835427,1.5519522192835427,0.024085556909391133
covid,S1_A1_sep_anchor,comorb_fibrilacao,comorb_dm,-0.010479433078534484,-1.0479433078534484,1.0479433078534484,0.010981851764748274
covid,S1_A1_sep_anchor,comorb_fibrilacao,comorb_obesidade,-0.01823159776540745,-1.8231597765407452,1.8231597765407452,0.033239115707960995
covid,S1_A1_sep_anchor,comorb_fibrilacao,comorb_drc,0.04487562211790154,4.487562211790154,4.487562211790154,0.20138214604686938
covid,S1_A1_sep_anchor,comorb_fibrilacao,comorb_cancer,-0.0121020031368098,-1.21020031368098,1.21020031368098,0.014645847992335422
covid,S1_A1_sep_anchor,comorb_fibrilacao,comorb_reumatologica,-0.018348456339684027,-1.8348456339684027,1.8348456339684027,0.03366658500492909
covid,S1_A1_sep_anchor,comorb_fibrilacao,comorb_cirrose,-0.013824133024307262,-1.3824133024307261,1.3824133024307261,0.019110665387374264
covid,S1_A1_sep_anchor,comorb_fibrilacao,comorb_hiv,0.01534036268789149,1.5340362687891491,1.5340362687891491,0.02353267273960534
covid,S1_A1_sep_anchor,comorb_fibrilacao,obito,-0.06251676898372346,-6.251676898372346,6.251676898372346,0.3908346404164248
covid,S1_A1_sep_anchor,comorb_avc,comorb_dpoc,-0.023825804790122064,-2.3825804790122063,2.3825804790122063,0.05676689738970035
covid,S1_A1_sep_anchor,comorb_avc,comorb_asma,-0.02280084146971125,-2.280084146971125,2.280084146971125,0.05198783717269043
covid,S1_A1_sep_anchor,comorb_avc,comorb_dm,0.033464591137499056,3.346459113749906,3.346459113749906,0.11198788599999802
covid,S1_A1_sep_anchor,comorb_avc,comorb_obesidade,0.017271322827274907,1.7271322827274906,1.7271322827274906,0.02982985922039473
covid,S1_A1_sep_anchor,comorb_avc,comorb_drc,-0.007605179455465613,-0.7605179455465614,0.7605179455465614,0.005783875454983624
covid,S1_A1_sep_anchor,comorb_avc,comorb_cancer,-0.03408523679660038,-3.408523679660038,3.408523679660038,0.11618033674803206
covid,S1_A1_sep_anchor,comorb_avc,comorb_reumatologica,0.06191677640853131,6.191677640853131,6.191677640853131,0.38336872008240597
covid,S1_A1_sep_anchor,comorb_avc,comorb_cirrose,-0.019250457465199843,-1.9250457465199842,1.9250457465199842,0.037058011261946834
covid,S1_A1_sep_anchor,comorb_avc,comorb_hiv,-0.02724713939821658,-2.724713939821658,2.724713939821658,0.07424066053858462
covid,S1_A1_sep_anchor,comorb_avc,obito,-0.043088149699342035,-4.308814969934203,4.308814969934203,0.1856588644512909
covid,S1_A1_sep_anchor,comorb_dpoc,comorb_asma,0.09302818500958307,9.302818500958306,9.302818500958306,0.8654243206177217
covid,S1_A1_sep_anchor,comorb_dpoc,comorb_dm,0.01174934741347586,1.174934741347586,1.174934741347586,0.013804716464255188
covid,S1_A1_sep_anchor,comorb_dpoc,comorb_obesidade,-0.00841033244655143,-0.8410332446551431,0.8410332446551431,0.007073369186151578
covid,S1_A1_sep_anchor,comorb_dpoc,comorb_drc,0.0030382521718419703,0.303825217184197,0.303825217184197,0.0009230976259702449
covid,S1_A1_sep_anchor,comorb_dpoc,comorb_cancer,0.05554965155188256,5.554965155188256,5.554965155188256,0.30857637875355687
covid,S1_A1_sep_anchor,comorb_dpoc,comorb_reumatologica,-0.009057593454336705,-0.9057593454336704,0.9057593454336704,0.008203999918404311
covid,S1_A1_sep_anchor,comorb_dpoc,comorb_cirrose,-0.007514495796265633,-0.7514495796265632,0.7514495796265632,0.005646764707209387
covid,S1_A1_sep_anchor,comorb_dpoc,comorb_hiv,-0.009244737767458785,-0.9244737767458785,0.9244737767458785,0.008546517638907885
covid,S1_A1_sep_anchor,comorb_dpoc,obito,0.0448119383697448,4.48119383697448,4.48119383697448,0.20081098204538061
covid,S1_A1_sep_anchor,comorb_asma,comorb_dm,-0.028387636869323035,-2.8387636869323036,2.8387636869323036,0.08058579270245485
covid,S1_A1_sep_anchor,comorb_asma,comorb_obesidade,-0.01014242921250185,-1.0142429212501851,1.0142429212501851,0.010286887033061092
covid,S1_A1_sep_anchor,comorb_asma,comorb_drc,-0.019018847228274828,-1.9018847228274829,1.9018847228274829,0.03617165498924571
covid,S1_A1_sep_anchor,comorb_asma,comorb_cancer,-0.01737763535881429,-1.737763535881429,1.737763535881429,0.030198221066391265
covid,S1_A1_sep_anchor,comorb_asma,comorb_reumatologica,-0.009523930604396023,-0.9523930604396023,0.9523930604396023,0.00907052541573512
covid,S1_A1_sep_anchor,comorb_asma,comorb_cirrose,-0.0072882023456961546,-0.7288202345696154,0.7288202345696154,0.005311789343181093
covid,S1_A1_sep_anchor,comorb_asma,comorb_hiv,-0.009221782809123964,-0.9221782809123964,0.9221782809123964,0.008504127817865427
covid,S1_A1_sep_anchor,comorb_asma,obito,-0.05048766438585343,-5.048766438585343,5.048766438585343,0.2549004255138573
covid,S1_A1_sep_anchor,comorb_dm,comorb_obesidade,-0.004084180501731654,-0.4084180501731654,0.4084180501731654,0.0016680530370725027
covid,S1_A1_sep_anchor,comorb_dm,comorb_drc,-0.023305946091598626,-2.3305946091598626,2.3305946091598626,0.054316712322450125
covid,S1_A1_sep_anchor,comorb_dm,comorb_cancer,0.0034555955881616614,0.3455595588161661,0.3455595588161661,0.0011941140868922339
covid,S1_A1_sep_anchor,comorb_dm,comorb_reumatologica,-0.048062031794028355,-4.806203179402836,4.806203179402836,0.23099589001701923
covid,S1_A1_sep_anchor,comorb_dm,comorb_cirrose,0.02303888310591192,2.303888310591192,2.303888310591192,0.05307901347678737
covid,S1_A1_sep_anchor,comorb_dm,comorb_hiv,-0.0012129131325621628,-0.12129131325621628,0.12129131325621628,0.00014711582671417587
covid,S1_A1_sep_anchor,comorb_dm,obito,0.027138609044310102,2.71386090443101,2.71386090443101,0.073650410085991
covid,S1_A1_sep_anchor,comorb_obesidade,comorb_drc,0.0025866821397415524,0.25866821397415524,0.25866821397415524,0.0006690924492057936
covid,S1_A1_sep_anchor,comorb_obesidade,comorb_cancer,-0.01940807397435907,-1.940807397435907,1.940807397435907,0.03766733353941939
covid,S1_A1_sep_anchor,comorb_obesidade,comorb_reumatologica,0.03324772442649444,3.3247724426494445,3.3247724426494445,0.11054111795401153
covid,S1_A1_sep_anchor,comorb_obesidade,comorb_cirrose,-0.007847839879296515,-0.7847839879296514,0.7847839879296514,0.006158859077107674
covid,S1_A1_sep_anchor,comorb_obesidade,comorb_hiv,-0.010472117479507062,-1.0472117479507062,1.0472117479507062,0.010966524450459734
covid,S1_A1_sep_anchor,comorb_obesidade,obito,0.020488928342542383,2.0488928342542385,2.0488928342542385,0.04197961846258366
covid,S1_A1_sep_anchor,comorb_drc,comorb_cancer,-0.016593356225738855,-1.6593356225738856,1.6593356225738856,0.027533947083426644
covid,S1_A1_sep_anchor,comorb_drc,comorb_reumatologica,0.04887486157842937,4.887486157842937,4.887486157842937,0.2388752094310632
covid,S1_A1_sep_anchor,comorb_drc,comorb_cirrose,0.006280975355022071,0.6280975355022071,0.6280975355022071,0.003945065141039463
covid,S1_A1_sep_anchor,comorb_drc,comorb_hiv,0.012485052394220365,1.2485052394220364,1.2485052394220364,0.015587653328642766
covid,S1_A1_sep_anchor,comorb_drc,obito,-0.00343455675883374,-0.343455675883374,0.343455675883374,0.0011796180129650525
covid,S1_A1_sep_anchor,comorb_cancer,comorb_reumatologica,-0.020686968252739166,-2.068696825273917,2.068696825273917,0.04279506554898382
covid,S1_A1_sep_anchor,comorb_cancer,comorb_cirrose,-0.015656539997421857,-1.5656539997421857,1.5656539997421857,0.024512724469087043
covid,S1_A1_sep_anchor,comorb_cancer,comorb_hiv,-0.019862494748171037,-1.9862494748171038,1.9862494748171038,0.0394518697621122
covid,S1_A1_sep_anchor,comorb_cancer,obito,0.04203206539692071,4.203206539692071,4.203206539692071,0.17666945215310195
covid,S1_A1_sep_anchor,comorb_reumatologica,comorb_cirrose,-0.008106946004174836,-0.8106946004174836,0.8106946004174836,0.006572257351460635
covid,S1_A1_sep_anchor,comorb_reumatologica,comorb_hiv,-0.010849473886788452,-1.0849473886788452,1.0849473886788452,0.011771108362010452
covid,S1_A1_sep_anchor,comorb_reumatologica,obito,0.10615716243988502,10.615716243988501,10.615716243988501,1.1269343137288133
covid,S1_A1_sep_anchor,comorb_cirrose,comorb_hiv,-0.008218052168773046,-0.8218052168773046,0.8218052168773046,0.0067536381448675365
covid,S1_A1_sep_anchor,comorb_cirrose,obito,0.11920800687347562,11.920800687347562,11.920800687347562,1.421054890274661
covid,S1_A1_sep_anchor,comorb_hiv,obito,-0.03091878931759786,-3.091878931759786,3.091878931759786,0.09559715328660034
vigitel,Real_train,age,sex,0.07613917571583453,7.613917571583453,7.613917571583453,0.5797174078686727
vigitel,Real_train,age,fumante,0.015713539353622026,1.5713539353622026,1.5713539353622026,0.02469153190178281
vigitel,Real_train,age,exfuma,-0.005467867834118281,-0.5467867834118281,0.5467867834118281,0.002989757865138534
vigitel,Real_train,age,inativo,0.1829779604201786,18.29779604201786,18.29779604201786,3.348093399952845
vigitel,Real_train,age,ativo_livre,0.03737848131841897,3.737848131841897,3.737848131841897,0.1397150865671396
vigitel,Real_train,age,ati_livre,-0.1054927836338458,-10.54927836338458,10.54927836338458,1.1128727398817404
vigitel,Real_train,age,diab,0.2612154930756804,26.121549307568042,26.121549307568042,6.823353382277085
vigitel,Real_train,age,hart,0.42848292476988437,42.84829247698843,42.84829247698843,18.35976168193544
vigitel,Real_train,age,dislipidemia,0.1606929532127364,16.069295321273643,16.069295321273643,2.5822225212230694
vigitel,Real_train,age,doces5,0.06108625493918124,6.108625493918124,6.108625493918124,0.37315305424946443
vigitel,Real_train,age,lanche_7,0.10689448065646594,10.689448065646594,10.689448065646594,1.142642999481557
vigitel,Real_train,age,gordura,-0.2147413359197404,-21.47413359197404,21.47413359197404,4.611384135259479
vigitel,Real_train,age,flvreg,0.1558548834266634,15.58548834266634,15.58548834266634,2.4290744687938837
vigitel,Real_train,age,years_schooling,-0.2320275317533902,-23.20275317533902,23.20275317533902,5.383677549157049
vigitel,Real_train,age,obesity,0.105778902208495,10.577890220849499,10.577890220849499,1.1189176152434346
vigitel,Real_train,sex,fumante,-0.07893725432502038,-7.8937254325020385,7.8937254325020385,0.623109012037295
vigitel,Real_train,sex,exfuma,-0.09132581928647039,-9.132581928647038,9.132581928647038,0.8340405268345048
vigitel,Real_train,sex,inativo,0.01580149136395642,1.5801491363956421,1.5801491363956421,0.024968712932518934
vigitel,Real_train,sex,ativo_livre,-0.05423385816084425,-5.423385816084425,5.423385816084425,0.29413113710105726
vigitel,Real_train,sex,ati_livre,-0.10432932886858977,-10.432932886858977,10.432932886858977,1.0884608862170357
vigitel,Real_train,sex,diab,0.03058965231298476,3.058965231298476,3.058965231298476,0.0935726828629294
vigitel,Real_train,sex,hart,0.05779060684842556,5.779060684842556,5.779060684842556,0.3339754239909291
vigitel,Real_train,sex,dislipidemia,0.03592174380663791,3.5921743806637907,3.5921743806637907,0.1290371678109729
vigitel,Real_train,sex,doces5,0.00015820164782789453,0.015820164782789452,0.015820164782789452,2.5027761375461166e-06
vigitel,Real_train,sex,lanche_7,0.006025296985693111,0.602529698569311,0.602529698569311,0.0036304203765802484
vigitel,Real_train,sex,gordura,-0.11661809144465156,-11.661809144465156,11.661809144465156,1.3599779252193114
vigitel,Real_train,sex,flvreg,0.10376159080708583,10.376159080708582,10.376159080708582,1.076646772681712
vigitel,Real_train,sex,years_schooling,0.003734984723955656,0.3734984723955656,0.3734984723955656,0.0013950110888182109
vigitel,Real_train,sex,obesity,-0.024197492367114777,-2.419749236711478,2.419749236711478,0.05855186368565779
vigitel,Real_train,fumante,exfuma,-0.0700434043796698,-7.00434043796698,7.00434043796698,0.49060784970939464
vigitel,Real_train,fumante,inativo,-0.01341805836788883,-1.341805836788883,1.341805836788883,0.018004429036407147
vigitel,Real_train,fumante,ativo_livre,-0.06387442492958997,-6.387442492958997,6.387442492958997,0.40799421600858254
vigitel,Real_train,fumante,ati_livre,-0.05025430067754214,-5.025430067754214,5.025430067754214,0.25254947365888125
vigitel,Real_train,fumante,diab,-0.019725211366474486,-1.9725211366474487,1.9725211366474487,0.03890839634520942
vigitel,Real_train,fumante,hart,-0.027840000054659426,-2.7840000054659426,2.7840000054659426,0.07750656030434368
vigitel,Real_train,fumante,dislipidemia,-0.035393558503302135,-3.5393558503302134,3.5393558503302134,0.1252703983526671
vigitel,Real_train,fumante,doces5,-0.041559391455559924,-4.155939145555992,4.155939145555992,0.1727183018156467
vigitel,Real_train,fumante,lanche_7,-0.034757277536446224,-3.4757277536446223,3.4757277536446223,0.12080683417455493
vigitel,Real_train,fumante,gordura,0.058542062881970815,5.854206288197082,5.854206288197082,0.34271731264766253
vigitel,Real_train,fumante,flvreg,-0.061814421546858477,-6.181442154685848,6.181442154685848,0.38210227111727213
vigitel,Real_train,fumante,years_schooling,-0.07866909325444732,-7.866909325444732,7.866909325444732,0.6188826233476928
vigitel,Real_train,fumante,obesity,-0.04957534484407521,-4.957534484407521,4.957534484407521,0.2457714816408975
vigitel,Real_train,exfuma,inativo,-0.07326689862455035,-7.326689862455035,7.326689862455035,0.5368038434060138
vigitel,Real_train,exfuma,ativo_livre,-0.1609439676002181,-16.09439676002181,16.09439676002181,2.5902960706900053
vigitel,Real_train,exfuma,ati_livre,0.0017995083610282357,0.17995083610282359,0.17995083610282359,0.0003238230341410527
vigitel,Real_train,exfuma,diab,0.005910790037688283,0.5910790037688283,0.5910790037688283,0.0034937438869635054
vigitel,Real_train,exfuma,hart,0.0043170678072300865,0.43170678072300867,0.43170678072300867,0.0018637074452222387
vigitel,Real_train,exfuma,dislipidemia,0.19888401225300972,19.88840122530097,19.88840122530097,3.955485032985532
vigitel,Real_train,exfuma,doces5,0.2572197674160762,25.721976741607623,25.721976741607623,6.616200874958035
vigitel,Real_train,exfuma,lanche_7,0.27512827042275484,27.512827042275482,27.512827042275482,7.569556518581652
vigitel,Real_train,exfuma,gordura,0.5357442415319469,53.57442415319469,53.57442415319469,28.702189233464104
vigitel,Real_train,exfuma,flvreg,-0.014707800738966789,-1.470780073896679,1.470780073896679,0.021631940257715202
vigitel,Real_train,exfuma,years_schooling,-0.06794744587131457,-6.794744587131457,6.794744587131457,0.46168554004352236
vigitel,Real_train,exfuma,obesity,0.0026424044477184523,0.2642404447718452,0.2642404447718452,0.0006982301265322259
vigitel,Real_train,inativo,ativo_livre,0.10204427510298261,10.204427510298261,10.204427510298261,1.0413034081293198
vigitel,Real_train,inativo,ati_livre,-0.3229387352594909,-32.29387352594909,32.29387352594909,10.428942673099955
vigitel,Real_train,inativo,diab,0.07800153381633976,7.800153381633976,7.800153381633976,0.6084239277701594
vigitel,Real_train,inativo,hart,0.1066935828133965,10.66935828133965,10.66935828133965,1.1383520613559097
vigitel,Real_train,inativo,dislipidemia,0.007502790228309226,0.7502790228309226,0.7502790228309226,0.005629186121001241
vigitel,Real_train,inativo,doces5,0.11561138488170479,11.56113848817048,11.56113848817048,1.336599231426568
vigitel,Real_train,inativo,lanche_7,0.13232556871676104,13.232556871676104,13.232556871676104,1.7510056136214247
vigitel,Real_train,inativo,gordura,-0.09455127765648622,-9.455127765648621,9.455127765648621,0.8939944106473949
vigitel,Real_train,inativo,flvreg,-0.03375359870432546,-3.375359870432546,3.375359870432546,0.11393054254926416
vigitel,Real_train,inativo,years_schooling,-0.040968635060940325,-4.096863506094032,4.096863506094032,0.1678429058756509
vigitel,Real_train,inativo,obesity,0.04952787135932558,4.9527871359325575,4.9527871359325575,0.24530100413859027
vigitel,Real_train,ativo_livre,ati_livre,0.5546160455966056,55.46160455966056,55.46160455966056,30.75989580332161
vigitel,Real_train,ativo_livre,diab,0.026185622693406324,2.6185622693406323,2.6185622693406323,0.06856868358414363
vigitel,Real_train,ativo_livre,hart,-0.01151797816609299,-1.151797816609299,1.151797816609299,0.013266382103459484
vigitel,Real_train,ativo_livre,dislipidemia,-0.0830097864398091,-8.30097864398091,8.30097864398091,0.6890624644782714
vigitel,Real_train,ativo_livre,doces5,0.26553330730978525,26.553330730978526,26.553330730978526,7.050793729087284
vigitel,Real_train,ativo_livre,lanche_7,0.2670503913047497,26.705039130474972,26.705039130474972,7.131591149601994
vigitel,Real_train,ativo_livre,gordura,-0.21937426401313767,-21.93742640131377,21.93742640131377,4.8125067711305825
vigitel,Real_train,ativo_livre,flvreg,0.10796789970478252,10.796789970478251,10.796789970478251,1.1657067366661977
vigitel,Real_train,ativo_livre,years_schooling,0.13533350205497224,13.533350205497225,13.533350205497225,1.8315156778463175
vigitel,Real_train,ativo_livre,obesity,0.006057319512434876,0.6057319512434876,0.6057319512434876,0.0036691119675724285
vigitel,Real_train,ati_livre,diab,-0.03957701712267638,-3.9577017122676383,3.9577017122676383,0.15663402843286195
vigitel,Real_train,ati_livre,hart,-0.08103193160498202,-8.103193160498202,8.103193160498202,0.6566173939634484
vigitel,Real_train,ati_livre,dislipidemia,-0.010428918051354378,-1.0428918051354379,1.0428918051354379,0.01087623317218652
vigitel,Real_train,ati_livre,doces5,0.024478811347530556,2.4478811347530556,2.4478811347530556,0.05992122049879907
vigitel,Real_train,ati_livre,lanche_7,0.018194350288490476,1.8194350288490475,1.8194350288490475,0.03310343824202935
vigitel,Real_train,ati_livre,gordura,-0.002082735399278969,-0.20827353992789688,0.20827353992789688,0.0004337786743409726
vigitel,Real_train,ati_livre,flvreg,0.1433297932185224,14.33297932185224,14.33297932185224,2.054342962406439
vigitel,Real_train,ati_livre,years_schooling,0.17588480151581004,17.588480151581003,17.588480151581003,3.0935463404255894
vigitel,Real_train,ati_livre,obesity,-0.06680114987377513,-6.680114987377513,6.680114987377513,0.44623936244585666
vigitel,Real_train,diab,hart,0.28716967646067204,28.716967646067204,28.716967646067204,8.246642307852706
vigitel,Real_train,diab,dislipidemia,0.12295708772935754,12.295708772935754,12.295708772935754,1.5118445422884925
vigitel,Real_train,diab,doces5,0.03211738464095753,3.211738464095753,3.211738464095753,0.10315263961752147
vigitel,Real_train,diab,lanche_7,0.04885679335099717,4.885679335099717,4.885679335099717,0.23869862565420413
vigitel,Real_train,diab,gordura,-0.07273229947015841,-7.2732299470158415,7.2732299470158415,0.5289987386216806
vigitel,Real_train,diab,flvreg,0.013335856365965616,1.3335856365965615,1.3335856365965615,0.017784506501366565
vigitel,Real_train,diab,years_schooling,-0.12369206881127907,-12.369206881127907,12.369206881127907,1.5299727886814198
vigitel,Real_train,diab,obesity,0.12309083253232804,12.309083253232805,12.309083253232805,1.5151353053501628
vigitel,Real_train,hart,dislipidemia,0.16111692235291458,16.111692235291457,16.111692235291457,2.5958662668475108
vigitel,Real_train,hart,doces5,0.027550441882868086,2.7550441882868086,2.7550441882868086,0.0759026847941292
vigitel,Real_train,hart,lanche_7,0.03179750271039443,3.1797502710394427,3.1797502710394427,0.10110811786175411
vigitel,Real_train,hart,gordura,-0.08408636218106363,-8.408636218106363,8.408636218106363,0.7070516304845008
vigitel,Real_train,hart,flvreg,0.027896584735312792,2.7896584735312793,2.7896584735312793,0.07782194398944867
vigitel,Real_train,hart,years_schooling,-0.1938370400468255,-19.38370400468255,19.38370400468255,3.7572798094114637
vigitel,Real_train,hart,obesity,0.19088975180445011,19.08897518044501,19.08897518044501,3.6438897343964562
vigitel,Real_train,dislipidemia,doces5,0.1951020755803959,19.510207558039593,19.510207558039593,3.806481989577852
vigitel,Real_train,dislipidemia,lanche_7,0.19408786766753167,19.408786766753167,19.408786766753167,3.7670100375729287
vigitel,Real_train,dislipidemia,gordura,0.16042558514175034,16.042558514175035,16.042558514175035,2.5736368368072986
vigitel,Real_train,dislipidemia,flvreg,0.03164805357692177,3.164805357692177,3.164805357692177,0.10015992952077109
vigitel,Real_train,dislipidemia,years_schooling,-0.026933359242003706,-2.6933359242003707,2.6933359242003707,0.07254058400588265
vigitel,Real_train,dislipidemia,obesity,0.042816916156249406,4.281691615624941,4.281691615624941,0.18332883091312913
vigitel,Real_train,doces5,lanche_7,0.7291514132600622,72.91514132600622,72.91514132600622,53.166178345914595
vigitel,Real_train,doces5,gordura,0.3386744117674769,33.86744117674769,33.86744117674769,11.47003571860465
vigitel,Real_train,doces5,flvreg,0.03208014823007306,3.2080148230073062,3.2080148230073062,0.10291359104634597
vigitel,Real_train,doces5,years_schooling,0.004842036934681401,0.4842036934681401,0.4842036934681401,0.002344532167681886
vigitel,Real_train,doces5,obesity,0.017852352982638327,1.7852352982638326,1.7852352982638326,0.031870650701671555
vigitel,Real_train,lanche_7,gordura,0.09658304970379032,9.658304970379032,9.658304970379032,0.9328285490084832
vigitel,Real_train,lanche_7,flvreg,0.04157951511732758,4.157951511732758,4.157951511732758,0.1728856077392073
vigitel,Real_train,lanche_7,years_schooling,0.012291167891080822,1.2291167891080823,1.2291167891080823,0.015107280812673618
vigitel,Real_train,lanche_7,obesity,0.023836208812486742,2.383620881248674,2.383620881248674,0.05681648505524706
vigitel,Real_train,gordura,flvreg,-0.07694557335674385,-7.694557335674385,7.694557335674385,0.5920621259198049
vigitel,Real_train,gordura,years_schooling,-0.03287690046474392,-3.287690046474392,3.287690046474392,0.10808905841686789
vigitel,Real_train,gordura,obesity,-0.023546011000056877,-2.354601100005688,2.354601100005688,0.05544146340147994
vigitel,Real_train,flvreg,years_schooling,0.16541349399121755,16.541349399121756,16.541349399121756,2.7361623994382565
vigitel,Real_train,flvreg,obesity,-0.017128678067203928,-1.7128678067203928,1.7128678067203928,0.02933916123299129
vigitel,Real_train,years_schooling,obesity,-0.055256824566464115,-5.525682456646411,5.525682456646411,0.3053316661168992
vigitel,Standard_CTGAN,age,sex,0.002660564234789608,0.2660564234789608,0.2660564234789608,0.0007078602047441613
vigitel,Standard_CTGAN,age,fumante,0.019521968477300533,1.9521968477300533,1.9521968477300533,0.038110725322871575
vigitel,Standard_CTGAN,age,exfuma,-0.0029537175513594098,-0.295371755135941,0.295371755135941,0.0008724447373208628
vigitel,Standard_CTGAN,age,inativo,0.0025222788755927977,0.2522278875592798,0.2522278875592798,0.0006361890726261668
vigitel,Standard_CTGAN,age,ativo_livre,-0.013049831282252228,-1.3049831282252229,1.3049831282252229,0.017029809649524885
vigitel,Standard_CTGAN,age,ati_livre,-0.004880779498448831,-0.48807794984488306,0.48807794984488306,0.0023822008512478423
vigitel,Standard_CTGAN,age,diab,0.007533528696526966,0.7533528696526965,0.7533528696526965,0.005675405462139529
vigitel,Standard_CTGAN,age,hart,0.004407294759193152,0.4407294759193152,0.4407294759193152,0.0019424247094411422
vigitel,Standard_CTGAN,age,dislipidemia,0.008197857677407508,0.8197857677407507,0.8197857677407507,0.006720487049902923
vigitel,Standard_CTGAN,age,doces5,-0.00584762901441252,-0.584762901441252,0.584762901441252,0.003419476509019914
vigitel,Standard_CTGAN,age,lanche_7,0.0023354969357662144,0.23354969357662145,0.23354969357662145,0.0005454545936973377
vigitel,Standard_CTGAN,age,gordura,-0.00836912976609271,-0.836912976609271,0.836912976609271,0.007004233304169901
vigitel,Standard_CTGAN,age,flvreg,-0.009764350731030873,-0.9764350731030873,0.9764350731030873,0.009534254519858313
vigitel,Standard_CTGAN,age,years_schooling,-0.0011713479517908292,-0.11713479517908292,0.11713479517908292,0.00013720560241645708
vigitel,Standard_CTGAN,age,obesity,-0.0076633827190983285,-0.7663382719098328,0.7663382719098328,0.00587274346993749
vigitel,Standard_CTGAN,sex,fumante,-0.010878124214847368,-1.087812421484737,1.087812421484737,0.011833358643364867
vigitel,Standard_CTGAN,sex,exfuma,-0.00023366782950608907,-0.023366782950608907,0.023366782950608907,5.460065454608671e-06
vigitel,Standard_CTGAN,sex,inativo,0.002140870228710921,0.21408702287109208,0.21408702287109208,0.000458332533618075
vigitel,Standard_CTGAN,sex,ativo_livre,-0.006652111766971487,-0.6652111766971487,0.6652111766971487,0.004425059096028052
vigitel,Standard_CTGAN,sex,ati_livre,0.001930302416667697,0.1930302416667697,0.1930302416667697,0.0003726067419793151
vigitel,Standard_CTGAN,sex,diab,-0.014412677548884775,-1.4412677548884776,1.4412677548884776,0.020772527412812724
vigitel,Standard_CTGAN,sex,hart,-0.04397644067014696,-4.397644067014696,4.397644067014696,0.19339273340149554
vigitel,Standard_CTGAN,sex,dislipidemia,-0.009349565575584206,-0.9349565575584206,0.9349565575584206,0.008741437645214923
vigitel,Standard_CTGAN,sex,doces5,0.009282780108322591,0.9282780108322591,0.9282780108322591,0.008617000653946957
vigitel,Standard_CTGAN,sex,lanche_7,0.009484734495433486,0.9484734495433486,0.9484734495433486,0.00899601884488659
vigitel,Standard_CTGAN,sex,gordura,-0.002646550997744053,-0.26465509977440527,0.26465509977440527,0.0007004232183660041
vigitel,Standard_CTGAN,sex,flvreg,0.024622885529230882,2.4622885529230882,2.4622885529230882,0.06062864917856076
vigitel,Standard_CTGAN,sex,years_schooling,0.007675937714122125,0.7675937714122125,0.7675937714122125,0.005892001979108239
vigitel,Standard_CTGAN,sex,obesity,-0.015307408788656399,-1.5307408788656398,1.5307408788656398,0.023431676382303517
vigitel,Standard_CTGAN,fumante,exfuma,-0.007524398674718054,-0.7524398674718054,0.7524398674718054,0.005661657541609881
vigitel,Standard_CTGAN,fumante,inativo,0.010710358340496488,1.0710358340496489,1.0710358340496489,0.011471177578184269
vigitel,Standard_CTGAN,fumante,ativo_livre,-0.005560334532747116,-0.5560334532747115,0.5560334532747115,0.0030917320116060085
vigitel,Standard_CTGAN,fumante,ati_livre,-0.011716447283772018,-1.1716447283772018,1.1716447283772018,0.01372751369534087
vigitel,Standard_CTGAN,fumante,diab,-0.0238663137617136,-2.38663137617136,2.38663137617136,0.056960093257256
vigitel,Standard_CTGAN,fumante,hart,0.0038016711485377407,0.3801671148537741,0.3801671148537741,0.0014452703521624264
vigitel,Standard_CTGAN,fumante,dislipidemia,-0.005217206770260078,-0.5217206770260078,0.5217206770260078,0.0027219246483647596
vigitel,Standard_CTGAN,fumante,doces5,-0.00462014343934051,-0.46201434393405105,0.46201434393405105,0.002134572540008116
vigitel,Standard_CTGAN,fumante,lanche_7,0.006577983097400294,0.6577983097400294,0.6577983097400294,0.004326986162968397
vigitel,Standard_CTGAN,fumante,gordura,0.00527822468474619,0.527822468474619,0.527822468474619,0.002785965582266402
vigitel,Standard_CTGAN,fumante,flvreg,-0.010728304581271133,-1.0728304581271133,1.0728304581271133,0.011509651918852318
vigitel,Standard_CTGAN,fumante,years_schooling,0.003511704806651643,0.3511704806651643,0.3511704806651643,0.0012332070649060255
vigitel,Standard_CTGAN,fumante,obesity,-0.018682402737579155,-1.8682402737579156,1.8682402737579156,0.03490321720491051
vigitel,Standard_CTGAN,exfuma,inativo,-0.0005989177059782761,-0.05989177059782761,0.05989177059782761,3.587024185342807e-05
vigitel,Standard_CTGAN,exfuma,ativo_livre,0.0016468158396022135,0.16468158396022137,0.16468158396022137,0.0002712002409564743
vigitel,Standard_CTGAN,exfuma,ati_livre,-0.0017307532613891937,-0.17307532613891938,0.17307532613891938,0.00029955068518093303
vigitel,Standard_CTGAN,exfuma,diab,0.005486037105052794,0.5486037105052793,0.5486037105052793,0.0030096603118016036
vigitel,Standard_CTGAN,exfuma,hart,-0.007153485671741214,-0.7153485671741214,0.7153485671741214,0.005117235725580685
vigitel,Standard_CTGAN,exfuma,dislipidemia,-0.012245749709458565,-1.2245749709458564,1.2245749709458564,0.014995838594670453
vigitel,Standard_CTGAN,exfuma,doces5,5.869403748141114e-05,0.005869403748141114,0.005869403748141114,3.4449900358692954e-07
vigitel,Standard_CTGAN,exfuma,lanche_7,0.016297485698392778,1.6297485698392777,1.6297485698392777,0.026560804008931713
vigitel,Standard_CTGAN,exfuma,gordura,0.009135414682423116,0.9135414682423116,0.9135414682423116,0.008345580141983184
vigitel,Standard_CTGAN,exfuma,flvreg,0.000539853818877644,0.0539853818877644,0.0539853818877644,2.914421457567761e-05
vigitel,Standard_CTGAN,exfuma,years_schooling,0.006702222548443724,0.6702222548443725,0.6702222548443725,0.004491978708886749
vigitel,Standard_CTGAN,exfuma,obesity,-0.002752228236927633,-0.2752228236927633,0.2752228236927633,0.0007574760268141788
vigitel,Standard_CTGAN,inativo,ativo_livre,0.002456203290078523,0.2456203290078523,0.2456203290078523,0.000603293460219256
vigitel,Standard_CTGAN,inativo,ati_livre,0.010810923817945699,1.08109238179457,1.08109238179457,0.011687607379742561
vigitel,Standard_CTGAN,inativo,diab,0.00803256227571965,0.803256227571965,0.803256227571965,0.006452205671331444
vigitel,Standard_CTGAN,inativo,hart,0.014635055400787859,1.463505540078786,1.463505540078786,0.021418484658412985
vigitel,Standard_CTGAN,inativo,dislipidemia,0.0002885036074138323,0.02885036074138323,0.02885036074138323,8.323433149079467e-06
vigitel,Standard_CTGAN,inativo,doces5,-0.01053181128932828,-1.0531811289328281,1.0531811289328281,0.01109190490340226
vigitel,Standard_CTGAN,inativo,lanche_7,-0.007137132579955711,-0.7137132579955711,0.7137132579955711,0.005093866146386526
vigitel,Standard_CTGAN,inativo,gordura,-0.0031309230502626615,-0.31309230502626617,0.31309230502626617,0.0009802679146666048
vigitel,Standard_CTGAN,inativo,flvreg,-0.005040125870121129,-0.5040125870121129,0.5040125870121129,0.0025402868786664266
vigitel,Standard_CTGAN,inativo,years_schooling,-0.002280754581759482,-0.2280754581759482,0.2280754581759482,0.000520184146221687
vigitel,Standard_CTGAN,inativo,obesity,-0.019375029021529915,-1.9375029021529915,1.9375029021529915,0.037539174958512646
vigitel,Standard_CTGAN,ativo_livre,ati_livre,0.0033987060879250935,0.33987060879250935,0.33987060879250935,0.0011551203072099094
vigitel,Standard_CTGAN,ativo_livre,diab,-0.0034976611007142416,-0.34976611007142416,0.34976611007142416,0.0012233633175449561
vigitel,Standard_CTGAN,ativo_livre,hart,0.00031532722019258315,0.031532722019258316,0.031532722019258316,9.943125579438181e-06
vigitel,Standard_CTGAN,ativo_livre,dislipidemia,0.00818535085424802,0.818535085424802,0.818535085424802,0.00669999686071388
vigitel,Standard_CTGAN,ativo_livre,doces5,0.009477258807366846,0.9477258807366846,0.9477258807366846,0.008981843450181244
vigitel,Standard_CTGAN,ativo_livre,lanche_7,-0.012838872914688104,-1.2838872914688104,1.2838872914688104,0.01648366577195118
vigitel,Standard_CTGAN,ativo_livre,gordura,-0.004547972998711567,-0.45479729987115675,0.45479729987115675,0.0020684058397009487
vigitel,Standard_CTGAN,ativo_livre,flvreg,0.01386147931669784,1.386147931669784,1.386147931669784,0.0192140608847242
vigitel,Standard_CTGAN,ativo_livre,years_schooling,0.004043396712286585,0.4043396712286585,0.4043396712286585,0.0016349056972929964
vigitel,Standard_CTGAN,ativo_livre,obesity,-0.015172642419659054,-1.5172642419659055,1.5172642419659055,0.023020907799483736
vigitel,Standard_CTGAN,ati_livre,diab,-0.014195769116842422,-1.419576911684242,1.419576911684242,0.02015198608186971
vigitel,Standard_CTGAN,ati_livre,hart,-0.005966506262655513,-0.5966506262655513,0.5966506262655513,0.0035599196982307457
vigitel,Standard_CTGAN,ati_livre,dislipidemia,-0.004819773680632314,-0.4819773680632314,0.4819773680632314,0.0023230218332515964
vigitel,Standard_CTGAN,ati_livre,doces5,-0.016696721135509393,-1.6696721135509394,1.6696721135509394,0.027878049667696605
vigitel,Standard_CTGAN,ati_livre,lanche_7,0.02129745764746823,2.129745764746823,2.129745764746823,0.0453581702245703
vigitel,Standard_CTGAN,ati_livre,gordura,0.002630362278135184,0.2630362278135184,0.2630362278135184,0.0006918805714236515
vigitel,Standard_CTGAN,ati_livre,flvreg,-0.011982895771027395,-1.1982895771027395,1.1982895771027395,0.014358979105930623
vigitel,Standard_CTGAN,ati_livre,years_schooling,0.004301033419468268,0.43010334194682687,0.43010334194682687,0.0018498888475382907
vigitel,Standard_CTGAN,ati_livre,obesity,-0.003571505805032305,-0.3571505805032305,0.3571505805032305,0.0012755653715379454
vigitel,Standard_CTGAN,diab,hart,0.05831628547877012,5.8316285478770125,5.8316285478770125,0.3400789152041415
vigitel,Standard_CTGAN,diab,dislipidemia,0.014852280639413077,1.4852280639413078,1.4852280639413078,0.022059024019188453
vigitel,Standard_CTGAN,diab,doces5,0.00942213220917231,0.9422132209172309,0.9422132209172309,0.008877657536712227
vigitel,Standard_CTGAN,diab,lanche_7,0.010640885590655094,1.0640885590655094,1.0640885590655094,0.011322844615341119
vigitel,Standard_CTGAN,diab,gordura,0.00453544082718874,0.45354408271887403,0.45354408271887403,0.0020570223496930483
vigitel,Standard_CTGAN,diab,flvreg,0.043798233024069884,4.379823302406988,4.379823302406988,0.19182852160307257
vigitel,Standard_CTGAN,diab,years_schooling,0.011467410299516211,1.1467410299516212,1.1467410299516212,0.013150149897745048
vigitel,Standard_CTGAN,diab,obesity,-0.00891068599928215,-0.891068599928215,0.891068599928215,0.007940032497780292
vigitel,Standard_CTGAN,hart,dislipidemia,0.06333668500207895,6.333668500207895,6.333668500207895,0.4011535667052573
vigitel,Standard_CTGAN,hart,doces5,0.00625640450250326,0.625640450250326,0.625640450250326,0.003914259729894306
vigitel,Standard_CTGAN,hart,lanche_7,0.003821130358219152,0.3821130358219152,0.3821130358219152,0.0014601037214504026
vigitel,Standard_CTGAN,hart,gordura,0.003344600490492794,0.3344600490492794,0.3344600490492794,0.0011186352441004638
vigitel,Standard_CTGAN,hart,flvreg,0.020009764701129903,2.0009764701129904,2.0009764701129904,0.04003906833945843
vigitel,Standard_CTGAN,hart,years_schooling,-0.00020316087785494236,-0.020316087785494236,0.020316087785494236,4.127434229079081e-06
vigitel,Standard_CTGAN,hart,obesity,0.026463226814653316,2.646322681465332,2.646322681465332,0.07003023734437863
vigitel,Standard_CTGAN,dislipidemia,doces5,0.012640136570347429,1.2640136570347429,1.2640136570347429,0.015977305251703447
vigitel,Standard_CTGAN,dislipidemia,lanche_7,0.021152549968294652,2.1152549968294654,2.1152549968294654,0.04474303701612021
vigitel,Standard_CTGAN,dislipidemia,gordura,0.001956008353418554,0.1956008353418554,0.1956008353418554,0.00038259686786431624
vigitel,Standard_CTGAN,dislipidemia,flvreg,0.026355224448471305,2.6355224448471306,2.6355224448471306,0.06945978557292996
vigitel,Standard_CTGAN,dislipidemia,years_schooling,-0.004171699665658847,-0.4171699665658847,0.4171699665658847,0.0017403078100458134
vigitel,Standard_CTGAN,dislipidemia,obesity,0.019792501439414027,1.9792501439414028,1.9792501439414028,0.03917431132292063
vigitel,Standard_CTGAN,doces5,lanche_7,0.007132131284582221,0.7132131284582222,0.7132131284582222,0.005086729666051645
vigitel,Standard_CTGAN,doces5,gordura,-0.00029203320394393246,-0.029203320394393245,0.029203320394393245,8.528339220575846e-06
vigitel,Standard_CTGAN,doces5,flvreg,0.011019256597699754,1.1019256597699754,1.1019256597699754,0.012142401596594956
vigitel,Standard_CTGAN,doces5,years_schooling,-0.009096696594352496,-0.9096696594352496,0.9096696594352496,0.008274988892970429
vigitel,Standard_CTGAN,doces5,obesity,0.01257528763976239,1.257528763976239,1.257528763976239,0.015813785922276075
vigitel,Standard_CTGAN,lanche_7,gordura,-0.001564810252449231,-0.1564810252449231,0.1564810252449231,0.00024486311261702264
vigitel,Standard_CTGAN,lanche_7,flvreg,-0.0026569129003133304,-0.265691290031333,0.265691290031333,0.0007059186159851393
vigitel,Standard_CTGAN,lanche_7,years_schooling,0.005699899144848691,0.5699899144848691,0.5699899144848691,0.003248885026144684
vigitel,Standard_CTGAN,lanche_7,obesity,0.008699645348016486,0.8699645348016486,0.8699645348016486,0.007568382918126488
vigitel,Standard_CTGAN,gordura,flvreg,0.01073866534271719,1.0738665342717189,1.0738665342717189,0.011531893334287528
vigitel,Standard_CTGAN,gordura,years_schooling,-0.00862262965629523,-0.862262965629523,0.862262965629523,0.0074349742189621995
vigitel,Standard_CTGAN,gordura,obesity,-0.007493929477632695,-0.7493929477632696,0.7493929477632696,0.005615897901573225
vigitel,Standard_CTGAN,flvreg,years_schooling,0.01802539784205314,1.8025397842053141,1.8025397842053141,0.0324914967364294
vigitel,Standard_CTGAN,flvreg,obesity,-0.013292176638573221,-1.329217663857322,1.329217663857322,0.01766819597910317
vigitel,Standard_CTGAN,years_schooling,obesity,-0.002539338739863438,-0.25393387398634376,0.25393387398634376,0.0006448241235771233
vigitel,S0_A0_realism_only,age,sex,0.05201829749387114,5.201829749387114,5.201829749387114,0.27059032741608813
vigitel,S0_A0_realism_only,age,fumante,-0.0036635031282251916,-0.3663503128225192,0.3663503128225192,0.0013421255170515765
vigitel,S0_A0_realism_only,age,exfuma,0.02702421621596282,2.702421621596282,2.702421621596282,0.07303082620871079
vigitel,S0_A0_realism_only,age,inativo,0.03352470773013195,3.352470773013195,3.352470773013195,0.1123906028390769
vigitel,S0_A0_realism_only,age,ativo_livre,-0.01817899201293789,-1.817899201293789,1.817899201293789,0.03304757506064595
vigitel,S0_A0_realism_only,age,ati_livre,-0.02718270745426915,-2.7182707454269153,2.7182707454269153,0.07388995845443797
vigitel,S0_A0_realism_only,age,diab,0.05368393086787804,5.368393086787804,5.368393086787804,0.28819644334271083
vigitel,S0_A0_realism_only,age,hart,0.11144974733438093,11.144974733438092,11.144974733438092,1.2421046180897348
vigitel,S0_A0_realism_only,age,dislipidemia,0.033926848665306056,3.3926848665306055,3.3926848665306055,0.11510310603585792
vigitel,S0_A0_realism_only,age,doces5,0.014980352579890716,1.4980352579890717,1.4980352579890717,0.02244109634178384
vigitel,S0_A0_realism_only,age,lanche_7,0.03672553904317212,3.672553904317212,3.672553904317212,0.13487652180115597
vigitel,S0_A0_realism_only,age,gordura,-0.0629544276185162,-6.29544276185162,6.29544276185162,0.39632599567749954
vigitel,S0_A0_realism_only,age,flvreg,0.06363634567629661,6.363634567629662,6.363634567629662,0.40495844910331147
vigitel,S0_A0_realism_only,age,years_schooling,-0.04425132633845158,-4.425132633845158,4.425132633845158,0.19581798827121386
vigitel,S0_A0_realism_only,age,obesity,0.002834589294847114,0.2834589294847114,0.2834589294847114,0.000803489647046186
vigitel,S0_A0_realism_only,sex,fumante,-0.019536604591961645,-1.9536604591961646,1.9536604591961646,0.038167891898265686
vigitel,S0_A0_realism_only,sex,exfuma,-0.03330635006927109,-3.3306350069271087,3.3306350069271087,0.11093129549368341
vigitel,S0_A0_realism_only,sex,inativo,0.006610522219103793,0.6610522219103793,0.6610522219103793,0.004369900400926494
vigitel,S0_A0_realism_only,sex,ativo_livre,0.0016413900839452593,0.16413900839452594,0.16413900839452594,0.00026941614076738253
vigitel,S0_A0_realism_only,sex,ati_livre,-0.00795024452396686,-0.795024452396686,0.795024452396686,0.006320638799086504
vigitel,S0_A0_realism_only,sex,diab,0.0076557708421006385,0.7655770842100639,0.7655770842100639,0.0058610827186758325
vigitel,S0_A0_realism_only,sex,hart,0.01711824636227121,1.711824636227121,1.711824636227121,0.02930343585194115
vigitel,S0_A0_realism_only,sex,dislipidemia,0.03607373356596252,3.6073733565962516,3.6073733565962516,0.1301314253388051
vigitel,S0_A0_realism_only,sex,doces5,0.03284398997877599,3.2843989978775987,3.2843989978775987,0.10787276777259375
vigitel,S0_A0_realism_only,sex,lanche_7,0.018904268889479194,1.8904268889479194,1.8904268889479194,0.03573713822457309
vigitel,S0_A0_realism_only,sex,gordura,-0.06929046108986354,-6.929046108986355,6.929046108986355,0.4801167998045894
vigitel,S0_A0_realism_only,sex,flvreg,0.05322640839629744,5.322640839629744,5.322640839629744,0.28330505507694426
vigitel,S0_A0_realism_only,sex,years_schooling,-0.004893630155590382,-0.4893630155590382,0.4893630155590382,0.0023947616099703546
vigitel,S0_A0_realism_only,sex,obesity,-0.010936093020370576,-1.0936093020370576,1.0936093020370576,0.011959813055019803
vigitel,S0_A0_realism_only,fumante,exfuma,-0.07910318276931909,-7.910318276931909,7.910318276931909,0.6257313524236301
vigitel,S0_A0_realism_only,fumante,inativo,-0.04885156271428735,-4.885156271428735,4.885156271428735,0.23864751796279504
vigitel,S0_A0_realism_only,fumante,ativo_livre,-0.022263899598876678,-2.2263899598876677,2.2263899598876677,0.04956812253488611
vigitel,S0_A0_realism_only,fumante,ati_livre,-0.012675445927741055,-1.2675445927741054,1.2675445927741054,0.01606669294670873
vigitel,S0_A0_realism_only,fumante,diab,-0.01927085346342605,-1.9270853463426048,1.9270853463426048,0.037136579320883975
vigitel,S0_A0_realism_only,fumante,hart,-0.03834611392572475,-3.8346113925724747,3.8346113925724747,0.14704244532046615
vigitel,S0_A0_realism_only,fumante,dislipidemia,-0.037354442166790056,-3.7354442166790056,3.7354442166790056,0.13953543495920628
vigitel,S0_A0_realism_only,fumante,doces5,-0.02805974909068299,-2.8059749090682993,2.8059749090682993,0.07873495190320849
vigitel,S0_A0_realism_only,fumante,lanche_7,-0.028469644425890384,-2.8469644425890386,2.8469644425890386,0.08105206537366315
vigitel,S0_A0_realism_only,fumante,gordura,0.02545271504286526,2.545271504286526,2.545271504286526,0.06478407030532995
vigitel,S0_A0_realism_only,fumante,flvreg,-0.023293432321515935,-2.3293432321515937,2.3293432321515937,0.054258398931704324
vigitel,S0_A0_realism_only,fumante,years_schooling,-0.005321163083485201,-0.5321163083485201,0.5321163083485201,0.002831477656104573
vigitel,S0_A0_realism_only,fumante,obesity,-0.00029796723277621535,-0.029796723277621534,0.029796723277621534,8.87844718083153e-06
vigitel,S0_A0_realism_only,exfuma,inativo,-0.022439886944023622,-2.243988694402362,2.243988694402362,0.05035485260605618
vigitel,S0_A0_realism_only,exfuma,ativo_livre,-0.06971520043928803,-6.971520043928803,6.971520043928803,0.4860209172290106
vigitel,S0_A0_realism_only,exfuma,ati_livre,-0.003242184880576607,-0.3242184880576607,0.3242184880576607,0.0010511762799839544
vigitel,S0_A0_realism_only,exfuma,diab,-0.030867959679536216,-3.0867959679536217,3.0867959679536217,0.09528309347774735
vigitel,S0_A0_realism_only,exfuma,hart,-0.0101279807856664,-1.01279807856664,1.01279807856664,0.010257599479482779
vigitel,S0_A0_realism_only,exfuma,dislipidemia,0.03148697749218699,3.1486977492186994,3.1486977492186994,0.09914297515934901
vigitel,S0_A0_realism_only,exfuma,doces5,0.012822081762233817,1.2822081762233817,1.2822081762233817,0.016440578071740906
vigitel,S0_A0_realism_only,exfuma,lanche_7,0.02074275110341765,2.074275110341765,2.074275110341765,0.043026172333833414
vigitel,S0_A0_realism_only,exfuma,gordura,0.193390915468107,19.3390915468107,19.3390915468107,3.740004618559251
vigitel,S0_A0_realism_only,exfuma,flvreg,-0.05823136883911836,-5.823136883911836,5.823136883911836,0.33908923168774446
vigitel,S0_A0_realism_only,exfuma,years_schooling,-0.02204091182238321,-2.204091182238321,2.204091182238321,0.04858017939620719
vigitel,S0_A0_realism_only,exfuma,obesity,-0.012268764079600373,-1.2268764079600374,1.2268764079600374,0.015052257204089238
vigitel,S0_A0_realism_only,inativo,ativo_livre,0.009005357085995305,0.9005357085995305,0.9005357085995305,0.008109645624628585
vigitel,S0_A0_realism_only,inativo,ati_livre,-0.06607628848128977,-6.607628848128977,6.607628848128977,0.43660758994626275
vigitel,S0_A0_realism_only,inativo,diab,-0.006531184027067724,-0.6531184027067723,0.6531184027067723,0.004265636479542457
vigitel,S0_A0_realism_only,inativo,hart,-0.006760721660490613,-0.6760721660490613,0.6760721660490613,0.004570735737062695
vigitel,S0_A0_realism_only,inativo,dislipidemia,-0.0063738324942505505,-0.6373832494250551,0.6373832494250551,0.004062574066476419
vigitel,S0_A0_realism_only,inativo,doces5,-0.0015744476409952606,-0.15744476409952607,0.15744476409952607,0.0002478885374235541
vigitel,S0_A0_realism_only,inativo,lanche_7,0.02956210317243781,2.956210317243781,2.956210317243781,0.08739179439778577
vigitel,S0_A0_realism_only,inativo,gordura,-0.01671845505573136,-1.671845505573136,1.671845505573136,0.02795067394505095
vigitel,S0_A0_realism_only,inativo,flvreg,-0.036726236609400074,-3.6726236609400074,3.6726236609400074,0.1348816455489638
vigitel,S0_A0_realism_only,inativo,years_schooling,0.00803570657864789,0.803570657864789,0.803570657864789,0.0064572580218124976
vigitel,S0_A0_realism_only,inativo,obesity,-0.0001238874830285716,-0.012388748302857161,0.012388748302857161,1.534810845115462e-06
vigitel,S0_A0_realism_only,ativo_livre,ati_livre,0.17556054643135102,17.556054643135102,17.556054643135102,3.0821505463274557
vigitel,S0_A0_realism_only,ativo_livre,diab,-0.0035176755715548174,-0.35176755715548175,0.35176755715548175,0.001237404142671351
vigitel,S0_A0_realism_only,ativo_livre,hart,-0.03437527073059385,-3.437527073059385,3.437527073059385,0.11816592378016222
vigitel,S0_A0_realism_only,ativo_livre,dislipidemia,-0.06986296376120038,-6.986296376120038,6.986296376120038,0.48808337054987977
vigitel,S0_A0_realism_only,ativo_livre,doces5,0.09741801732638877,9.741801732638876,9.741801732638876,0.9490270099804583
vigitel,S0_A0_realism_only,ativo_livre,lanche_7,0.07859133281747167,7.859133281747168,7.859133281747168,0.61765975940266
vigitel,S0_A0_realism_only,ativo_livre,gordura,-0.10687943394950636,-10.687943394950636,10.687943394950636,1.1423213401366892
vigitel,S0_A0_realism_only,ativo_livre,flvreg,0.013220222052739202,1.3220222052739201,1.3220222052739201,0.017477427112373194
vigitel,S0_A0_realism_only,ativo_livre,years_schooling,0.025801367171259408,2.580136717125941,2.580136717125941,0.06657105479061427
vigitel,S0_A0_realism_only,ativo_livre,obesity,0.00020161286668602917,0.020161286668602917,0.020161286668602917,4.064774801335857e-06
vigitel,S0_A0_realism_only,ati_livre,diab,-0.020091245851588824,-2.0091245851588826,2.0091245851588826,0.040365815986898514
vigitel,S0_A0_realism_only,ati_livre,hart,-0.024185748670742163,-2.4185748670742164,2.4185748670742164,0.05849504387643063
vigitel,S0_A0_realism_only,ati_livre,dislipidemia,-0.011890535093585574,-1.1890535093585575,1.1890535093585575,0.014138482481179009
vigitel,S0_A0_realism_only,ati_livre,doces5,-0.0010898305957002237,-0.10898305957002237,0.10898305957002237,0.00011877307273243044
vigitel,S0_A0_realism_only,ati_livre,lanche_7,2.438939070936383e-05,0.002438939070936383,0.002438939070936383,5.948423791740026e-08
vigitel,S0_A0_realism_only,ati_livre,gordura,-0.004207156640640203,-0.42071566406402033,0.42071566406402033,0.001770016699888296
vigitel,S0_A0_realism_only,ati_livre,flvreg,0.017845762402439243,1.7845762402439242,1.7845762402439242,0.031847123572431406
vigitel,S0_A0_realism_only,ati_livre,years_schooling,-0.0006223387762715478,-0.06223387762715477,0.06223387762715477,3.8730555245116754e-05
vigitel,S0_A0_realism_only,ati_livre,obesity,-0.022673228300264484,-2.2673228300264485,2.2673228300264485,0.05140752815559142
vigitel,S0_A0_realism_only,diab,hart,0.11970097195544256,11.970097195544255,11.970097195544255,1.4328322687077648
vigitel,S0_A0_realism_only,diab,dislipidemia,0.03453266239191351,3.453266239191351,3.453266239191351,0.11925047718738775
vigitel,S0_A0_realism_only,diab,doces5,0.002760312357680349,0.2760312357680349,0.2760312357680349,0.0007619324311962847
vigitel,S0_A0_realism_only,diab,lanche_7,-0.0061145077704061,-0.61145077704061,0.61145077704061,0.0037387205274356573
vigitel,S0_A0_realism_only,diab,gordura,-0.019480302502111267,-1.9480302502111266,1.9480302502111266,0.03794821855737625
vigitel,S0_A0_realism_only,diab,flvreg,0.013441073364893108,1.3441073364893108,1.3441073364893108,0.018066245320043896
vigitel,S0_A0_realism_only,diab,years_schooling,-0.015526027704601136,-1.5526027704601135,1.5526027704601135,0.0241057536284042
vigitel,S0_A0_realism_only,diab,obesity,0.012941168765630975,1.2941168765630975,1.2941168765630975,0.016747384902054272
vigitel,S0_A0_realism_only,hart,dislipidemia,0.060057408748217175,6.005740874821718,6.005740874821718,0.3606892345550433
vigitel,S0_A0_realism_only,hart,doces5,-0.021932603948906233,-2.1932603948906233,2.1932603948906233,0.04810391159795773
vigitel,S0_A0_realism_only,hart,lanche_7,-0.005239236494202414,-0.5239236494202414,0.5239236494202414,0.00274495990421824
vigitel,S0_A0_realism_only,hart,gordura,0.008165579236995466,0.8165579236995466,0.8165579236995466,0.0066676684275651455
vigitel,S0_A0_realism_only,hart,flvreg,0.022558537202472195,2.2558537202472193,2.2558537202472193,0.05088876007153221
vigitel,S0_A0_realism_only,hart,years_schooling,-0.03631790663952742,-3.631790663952742,3.631790663952742,0.131899034267743
vigitel,S0_A0_realism_only,hart,obesity,0.05186275094497604,5.186275094497604,5.186275094497604,0.26897449355806136
vigitel,S0_A0_realism_only,dislipidemia,doces5,-0.001546908077770497,-0.1546908077770497,0.1546908077770497,0.00023929246010716138
vigitel,S0_A0_realism_only,dislipidemia,lanche_7,0.008683994658016062,0.8683994658016062,0.8683994658016062,0.00754117632204515
vigitel,S0_A0_realism_only,dislipidemia,gordura,0.06214561178458914,6.214561178458914,6.214561178458914,0.38620770640808644
vigitel,S0_A0_realism_only,dislipidemia,flvreg,0.0076945421484964,0.7694542148496399,0.7694542148496399,0.005920597887498759
vigitel,S0_A0_realism_only,dislipidemia,years_schooling,0.02390382495717315,2.390382495717315,2.390382495717315,0.0571392847583174
vigitel,S0_A0_realism_only,dislipidemia,obesity,0.01926355581716161,1.926355581716161,1.926355581716161,0.03710845827209009
vigitel,S0_A0_realism_only,doces5,lanche_7,0.36821725159652774,36.82172515965277,36.82172515965277,13.55839443733006
vigitel,S0_A0_realism_only,doces5,gordura,0.14299778968466853,14.299778968466853,14.299778968466853,2.0448367854700695
vigitel,S0_A0_realism_only,doces5,flvreg,-0.008557578613614624,-0.8557578613614624,0.8557578613614624,0.0073232151728194386
vigitel,S0_A0_realism_only,doces5,years_schooling,-0.01475530646478083,-1.4755306464780829,1.4755306464780829,0.021771906886960294
vigitel,S0_A0_realism_only,doces5,obesity,0.013668582386298039,1.3668582386298038,1.3668582386298038,0.0186830144451017
vigitel,S0_A0_realism_only,lanche_7,gordura,-0.16179263429580093,-16.179263429580093,16.179263429580093,2.617685651237478
vigitel,S0_A0_realism_only,lanche_7,flvreg,-0.00624015741644263,-0.624015741644263,0.624015741644263,0.0038939564581983964
vigitel,S0_A0_realism_only,lanche_7,years_schooling,0.020014288634536054,2.0014288634536053,2.0014288634536053,0.04005717495465191
vigitel,S0_A0_realism_only,lanche_7,obesity,-0.005978138382453829,-0.5978138382453829,0.5978138382453829,0.0035738138519767686
vigitel,S0_A0_realism_only,gordura,flvreg,-0.028239359982951233,-2.823935998295123,2.823935998295123,0.07974614522467074
vigitel,S0_A0_realism_only,gordura,years_schooling,-0.017494523632452373,-1.7494523632452372,1.7494523632452372,0.03060583571264346
vigitel,S0_A0_realism_only,gordura,obesity,-0.008121392560293947,-0.8121392560293946,0.8121392560293946,0.006595701711839787
vigitel,S0_A0_realism_only,flvreg,years_schooling,0.0584396937324001,5.84396937324001,5.84396937324001,0.3415197803536723
vigitel,S0_A0_realism_only,flvreg,obesity,-0.006776274133180648,-0.6776274133180648,0.6776274133180648,0.004591789112801314
vigitel,S0_A0_realism_only,years_schooling,obesity,0.01800207447638066,1.800207447638066,1.800207447638066,0.0324074685453156
vigitel,S1_A0_sep_only,age,sex,0.026942536321533945,2.6942536321533943,2.6942536321533943,0.07259002634371758
vigitel,S1_A0_sep_only,age,fumante,0.04971564015526854,4.971564015526854,4.971564015526854,0.24716448760481496
vigitel,S1_A0_sep_only,age,exfuma,0.013716354132520796,1.3716354132520796,1.3716354132520796,0.018813837068872033
vigitel,S1_A0_sep_only,age,inativo,0.04197214110074377,4.197214110074377,4.197214110074377,0.17616606285807446
vigitel,S1_A0_sep_only,age,ativo_livre,-0.007352976906152095,-0.7352976906152096,0.7352976906152096,0.005406626938240604
vigitel,S1_A0_sep_only,age,ati_livre,-0.046896765338716506,-4.68967653387165,4.68967653387165,0.21993065992346417
vigitel,S1_A0_sep_only,age,diab,0.05288205491979884,5.288205491979884,5.288205491979884,0.279651173254062
vigitel,S1_A0_sep_only,age,hart,0.09097592510957345,9.097592510957345,9.097592510957345,0.8276618949542717
vigitel,S1_A0_sep_only,age,dislipidemia,0.03606262699377352,3.606262699377352,3.606262699377352,0.13005130656920427
vigitel,S1_A0_sep_only,age,doces5,0.005201212520706541,0.5201212520706541,0.5201212520706541,0.0027052611685554487
vigitel,S1_A0_sep_only,age,lanche_7,0.031049121276267265,3.1049121276267266,3.1049121276267266,0.09640479320283526
vigitel,S1_A0_sep_only,age,gordura,-0.08376292374805176,-8.376292374805177,8.376292374805177,0.7016227394821933
vigitel,S1_A0_sep_only,age,flvreg,0.047249705165484664,4.724970516548466,4.724970516548466,0.22325346382252284
vigitel,S1_A0_sep_only,age,years_schooling,-0.03333548651621075,-3.3335486516210753,3.3335486516210753,0.1111254661272469
vigitel,S1_A0_sep_only,age,obesity,0.029211337866157948,2.921133786615795,2.921133786615795,0.08533022599308332
vigitel,S1_A0_sep_only,sex,fumante,-0.03222032954253201,-3.2220329542532014,3.2220329542532014,0.10381496358293611
vigitel,S1_A0_sep_only,sex,exfuma,-0.012511812508100522,-1.2511812508100522,1.2511812508100522,0.01565454522378607
vigitel,S1_A0_sep_only,sex,inativo,-0.005896566461746284,-0.5896566461746284,0.5896566461746284,0.0034769496037791096
vigitel,S1_A0_sep_only,sex,ativo_livre,0.009041319454634813,0.9041319454634813,0.9041319454634813,0.008174545748075796
vigitel,S1_A0_sep_only,sex,ati_livre,0.0014905036732084152,0.14905036732084154,0.14905036732084154,0.0002221601199847778
vigitel,S1_A0_sep_only,sex,diab,-0.015271665380051258,-1.5271665380051258,1.5271665380051258,0.023322376348025614
vigitel,S1_A0_sep_only,sex,hart,-0.009270796110957364,-0.9270796110957364,0.9270796110957364,0.00859476605309422
vigitel,S1_A0_sep_only,sex,dislipidemia,0.04664663896144299,4.664663896144299,4.664663896144299,0.21759089263992115
vigitel,S1_A0_sep_only,sex,doces5,-0.0018797842302608627,-0.18797842302608628,0.18797842302608628,0.0003533588752337424
vigitel,S1_A0_sep_only,sex,lanche_7,0.019912891745427312,1.9912891745427312,1.9912891745427312,0.03965232576651072
vigitel,S1_A0_sep_only,sex,gordura,-0.06319406253681906,-6.319406253681906,6.319406253681906,0.3993489539907398
vigitel,S1_A0_sep_only,sex,flvreg,0.042858708694346076,4.285870869434608,4.285870869434608,0.1836868910946816
vigitel,S1_A0_sep_only,sex,years_schooling,0.010762269348844609,1.0762269348844609,1.0762269348844609,0.011582644153708016
vigitel,S1_A0_sep_only,sex,obesity,-0.05435591045048558,-5.435591045048558,5.435591045048558,0.29545650009012075
vigitel,S1_A0_sep_only,fumante,exfuma,-0.08253968216722068,-8.253968216722068,8.253968216722068,0.6812799132265808
vigitel,S1_A0_sep_only,fumante,inativo,-0.037633537698121666,-3.7633537698121664,3.7633537698121664,0.14162831596759445
vigitel,S1_A0_sep_only,fumante,ativo_livre,-0.032083402485831906,-3.2083402485831907,3.2083402485831907,0.10293447150678849
vigitel,S1_A0_sep_only,fumante,ati_livre,-0.013587375311137097,-1.3587375311137098,1.3587375311137098,0.018461676784569794
vigitel,S1_A0_sep_only,fumante,diab,-0.0209462397047987,-2.09462397047987,2.09462397047987,0.04387449577708856
vigitel,S1_A0_sep_only,fumante,hart,-0.028821900300776256,-2.8821900300776258,2.8821900300776258,0.08307019369478864
vigitel,S1_A0_sep_only,fumante,dislipidemia,-0.02290031528951548,-2.290031528951548,2.290031528951548,0.052442444035921645
vigitel,S1_A0_sep_only,fumante,doces5,-0.027053374697744055,-2.7053374697744057,2.7053374697744057,0.07318850825365382
vigitel,S1_A0_sep_only,fumante,lanche_7,-0.0025332544832686846,-0.2533254483268685,0.2533254483268685,0.000641737827700089
vigitel,S1_A0_sep_only,fumante,gordura,0.0058263862458284655,0.5826386245828465,0.5826386245828465,0.003394677668557912
vigitel,S1_A0_sep_only,fumante,flvreg,0.005822922645354775,0.5822922645354776,0.5822922645354776,0.003390642813378545
vigitel,S1_A0_sep_only,fumante,years_schooling,0.00041267967800088097,0.041267967800088096,0.041267967800088096,1.703045166349108e-05
vigitel,S1_A0_sep_only,fumante,obesity,-0.09640456404521937,-9.640456404521936,9.640456404521936,0.9293839968748804
vigitel,S1_A0_sep_only,exfuma,inativo,-0.003194134292444041,-0.31941342924440413,0.31941342924440413,0.0010202493878166995
vigitel,S1_A0_sep_only,exfuma,ativo_livre,-0.05578078454823985,-5.578078454823985,5.578078454823985,0.31114959248171536
vigitel,S1_A0_sep_only,exfuma,ati_livre,-0.01005916073400404,-1.005916073400404,1.005916073400404,0.010118671467252873
vigitel,S1_A0_sep_only,exfuma,diab,-0.017143195953127518,-1.7143195953127517,1.7143195953127517,0.02938891674873277
vigitel,S1_A0_sep_only,exfuma,hart,-0.026131773158982748,-2.613177315898275,2.613177315898275,0.06828695684325312
vigitel,S1_A0_sep_only,exfuma,dislipidemia,0.013811037537533178,1.3811037537533177,1.3811037537533177,0.01907447578631505
vigitel,S1_A0_sep_only,exfuma,doces5,0.007512350747410227,0.7512350747410227,0.7512350747410227,0.005643541375211499
vigitel,S1_A0_sep_only,exfuma,lanche_7,0.010958661453376442,1.0958661453376441,1.0958661453376441,0.012009226084971868
vigitel,S1_A0_sep_only,exfuma,gordura,0.12761128970549956,12.761128970549956,12.761128970549956,1.628464126030094
vigitel,S1_A0_sep_only,exfuma,flvreg,-0.0293365259297494,-2.93365259297494,2.93365259297494,0.0860631753626859
vigitel,S1_A0_sep_only,exfuma,years_schooling,-0.0394311463258506,-3.9431146325850595,3.9431146325850595,0.1554815300570641
vigitel,S1_A0_sep_only,exfuma,obesity,-0.026764483642277258,-2.676448364227726,2.676448364227726,0.07163375846377269
vigitel,S1_A0_sep_only,inativo,ativo_livre,0.013157140869591476,1.3157140869591477,1.3157140869591477,0.017311035586227437
vigitel,S1_A0_sep_only,inativo,ati_livre,-0.07147174623571098,-7.1471746235710985,7.1471746235710985,0.5108210509981866
vigitel,S1_A0_sep_only,inativo,diab,-0.0035761187063544837,-0.35761187063544836,0.35761187063544836,0.0012788625001938466
vigitel,S1_A0_sep_only,inativo,hart,-0.023470750649510902,-2.34707506495109,2.34707506495109,0.055087613605151645
vigitel,S1_A0_sep_only,inativo,dislipidemia,-0.02695229329539483,-2.6952293295394827,2.6952293295394827,0.0726426113880985
vigitel,S1_A0_sep_only,inativo,doces5,0.005087986542778505,0.5087986542778505,0.5087986542778505,0.002588760705949517
vigitel,S1_A0_sep_only,inativo,lanche_7,0.03876781455293461,3.8767814552934614,3.8767814552934614,0.15029434452107288
vigitel,S1_A0_sep_only,inativo,gordura,-0.02061046152535468,-2.061046152535468,2.061046152535468,0.042479112428812554
vigitel,S1_A0_sep_only,inativo,flvreg,-0.046239762603534955,-4.623976260353495,4.623976260353495,0.21381156456312697
vigitel,S1_A0_sep_only,inativo,years_schooling,0.0029402795574716436,0.29402795574716434,0.29402795574716434,0.0008645243876085645
vigitel,S1_A0_sep_only,inativo,obesity,-0.014418730889611871,-1.441873088961187,1.441873088961187,0.020789980046704754
vigitel,S1_A0_sep_only,ativo_livre,ati_livre,0.18965950670350223,18.965950670350225,18.965950670350225,3.597072848301581
vigitel,S1_A0_sep_only,ativo_livre,diab,0.011943918675566146,1.1943918675566145,1.1943918675566145,0.014265719332853775
vigitel,S1_A0_sep_only,ativo_livre,hart,-0.013759859972963561,-1.3759859972963562,1.3759859972963562,0.01893337464755648
vigitel,S1_A0_sep_only,ativo_livre,dislipidemia,-0.04370346838273784,-4.370346838273783,4.370346838273783,0.19099931486809657
vigitel,S1_A0_sep_only,ativo_livre,doces5,0.11201811224259524,11.201811224259524,11.201811224259524,1.2548057470394665
vigitel,S1_A0_sep_only,ativo_livre,lanche_7,0.08742712105287068,8.742712105287067,8.742712105287067,0.7643501495593303
vigitel,S1_A0_sep_only,ativo_livre,gordura,-0.07987511609371714,-7.9875116093717144,7.9875116093717144,0.6380034170984791
vigitel,S1_A0_sep_only,ativo_livre,flvreg,0.018792039313130615,1.8792039313130615,1.8792039313130615,0.035314074154624654
vigitel,S1_A0_sep_only,ativo_livre,years_schooling,0.04018114636617409,4.018114636617409,4.018114636617409,0.16145245232999053
vigitel,S1_A0_sep_only,ativo_livre,obesity,-0.0038974256676584016,-0.3897425667658402,0.3897425667658402,0.0015189926834922537
vigitel,S1_A0_sep_only,ati_livre,diab,-0.02090474097367894,-2.090474097367894,2.090474097367894,0.04370081951766112
vigitel,S1_A0_sep_only,ati_livre,hart,-0.026231310275604547,-2.6231310275604547,2.6231310275604547,0.06880816387750367
vigitel,S1_A0_sep_only,ati_livre,dislipidemia,-0.009099829773853934,-0.9099829773853935,0.9099829773853935,0.008280690191311856
vigitel,S1_A0_sep_only,ati_livre,doces5,0.010964848532591711,1.096484853259171,1.096484853259171,0.01202279033426786
vigitel,S1_A0_sep_only,ati_livre,lanche_7,0.01298464795379493,1.298464795379493,1.298464795379493,0.016860108248399088
vigitel,S1_A0_sep_only,ati_livre,gordura,-0.0009333557360010073,-0.09333557360010072,0.09333557360010072,8.71152929925982e-05
vigitel,S1_A0_sep_only,ati_livre,flvreg,0.023418209944419406,2.3418209944419406,2.3418209944419406,0.054841255700090394
vigitel,S1_A0_sep_only,ati_livre,years_schooling,0.013302548442862678,1.3302548442862678,1.3302548442862678,0.017695779507470828
vigitel,S1_A0_sep_only,ati_livre,obesity,-0.0559937417870343,-5.59937417870343,5.59937417870343,0.3135299119313071
vigitel,S1_A0_sep_only,diab,hart,0.13225281832568372,13.225281832568372,13.225281832568372,1.7490807955086305
vigitel,S1_A0_sep_only,diab,dislipidemia,0.03488384870734562,3.488384870734562,3.488384870734562,0.12168829006369787
vigitel,S1_A0_sep_only,diab,doces5,0.00744056855712647,0.744056855712647,0.744056855712647,0.0055362060453299075
vigitel,S1_A0_sep_only,diab,lanche_7,0.0027038462745763714,0.27038462745763714,0.27038462745763714,0.0007310784676540522
vigitel,S1_A0_sep_only,diab,gordura,-0.026387981703485747,-2.638798170348575,2.638798170348575,0.06963255783834986
vigitel,S1_A0_sep_only,diab,flvreg,-0.001076508594764747,-0.1076508594764747,0.1076508594764747,0.000115887075460237
vigitel,S1_A0_sep_only,diab,years_schooling,-0.017989634160840633,-1.7989634160840633,1.7989634160840633,0.032362693724088426
vigitel,S1_A0_sep_only,diab,obesity,0.158666756158856,15.866675615885601,15.866675615885601,2.517513950997387
vigitel,S1_A0_sep_only,hart,dislipidemia,0.04798743119262677,4.798743119262677,4.798743119262677,0.2302793552467089
vigitel,S1_A0_sep_only,hart,doces5,0.0009184795933386699,0.091847959333867,0.091847959333867,8.436047633795684e-05
vigitel,S1_A0_sep_only,hart,lanche_7,-0.003934689273461437,-0.39346892734614375,0.39346892734614375,0.0015481779678692496
vigitel,S1_A0_sep_only,hart,gordura,0.007083913014852375,0.7083913014852375,0.7083913014852375,0.005018182360199487
vigitel,S1_A0_sep_only,hart,flvreg,0.009924157857082241,0.9924157857082241,0.9924157857082241,0.009848890917228719
vigitel,S1_A0_sep_only,hart,years_schooling,-0.03859778598037593,-3.8597785980375927,3.8597785980375927,0.14897890825869045
vigitel,S1_A0_sep_only,hart,obesity,0.33767279756342194,33.76727975634219,33.76727975634219,11.402291821430774
vigitel,S1_A0_sep_only,dislipidemia,doces5,0.0001488835057496817,0.01488835057496817,0.01488835057496817,2.2166298284315505e-06
vigitel,S1_A0_sep_only,dislipidemia,lanche_7,-0.00326952942723948,-0.32695294272394804,0.32695294272394804,0.0010689822675584923
vigitel,S1_A0_sep_only,dislipidemia,gordura,0.0656374059470523,6.563740594705229,6.563740594705229,0.4308269059458135
vigitel,S1_A0_sep_only,dislipidemia,flvreg,0.0372416412119395,3.72416412119395,3.72416412119395,0.13869398401588307
vigitel,S1_A0_sep_only,dislipidemia,years_schooling,0.03900566754203142,3.900566754203142,3.900566754203142,0.15214421003994835
vigitel,S1_A0_sep_only,dislipidemia,obesity,0.025876932498685994,2.5876932498685994,2.5876932498685994,0.06696156355415514
vigitel,S1_A0_sep_only,doces5,lanche_7,0.30441471280076493,30.44147128007649,30.44147128007649,9.266831736957219
vigitel,S1_A0_sep_only,doces5,gordura,0.12411569222149528,12.411569222149527,12.411569222149527,1.5404705055620944
vigitel,S1_A0_sep_only,doces5,flvreg,-0.018812677028692514,-1.8812677028692513,1.8812677028692513,0.0353916816985895
vigitel,S1_A0_sep_only,doces5,years_schooling,0.004102471360760395,0.4102471360760395,0.4102471360760395,0.0016830271265859248
vigitel,S1_A0_sep_only,doces5,obesity,0.003597391898162776,0.3597391898162776,0.3597391898162776,0.001294122846896718
vigitel,S1_A0_sep_only,lanche_7,gordura,-0.14965833385815905,-14.965833385815905,14.965833385815905,2.23976168932002
vigitel,S1_A0_sep_only,lanche_7,flvreg,0.00483140922083186,0.483140922083186,0.483140922083186,0.0023342515059139118
vigitel,S1_A0_sep_only,lanche_7,years_schooling,0.008796329905897144,0.8796329905897144,0.8796329905897144,0.007737541981338045
vigitel,S1_A0_sep_only,lanche_7,obesity,-0.004230317357262686,-0.4230317357262686,0.4230317357262686,0.0017895584943157957
vigitel,S1_A0_sep_only,gordura,flvreg,-0.023349324885392854,-2.3349324885392853,2.3349324885392853,0.054519097260362595
vigitel,S1_A0_sep_only,gordura,years_schooling,-0.020561854645538592,-2.056185464553859,2.056185464553859,0.042278986646425695
vigitel,S1_A0_sep_only,gordura,obesity,-0.0010108069283222504,-0.10108069283222504,0.10108069283222504,0.00010217306463442631
vigitel,S1_A0_sep_only,flvreg,years_schooling,0.05175644191228514,5.175644191228514,5.175644191228514,0.26787292794197454
vigitel,S1_A0_sep_only,flvreg,obesity,-0.0670746518352088,-6.70746518352088,6.70746518352088,0.449900891881448
vigitel,S1_A0_sep_only,years_schooling,obesity,-0.030752041751100384,-3.0752041751100383,3.0752041751100383,0.09456880718614212
vigitel,S0_A1_anchor_only,age,sex,0.05621627117343007,5.621627117343007,5.621627117343007,0.3160269144644624
vigitel,S0_A1_anchor_only,age,fumante,-0.00033548531257211257,-0.03354853125721126,0.03354853125721126,1.1255039495160807e-05
vigitel,S0_A1_anchor_only,age,exfuma,0.018757964230329577,1.8757964230329578,1.8757964230329578,0.035186122206632385
vigitel,S0_A1_anchor_only,age,inativo,0.028396571610920775,2.8396571610920773,2.8396571610920773,0.08063652792541516
vigitel,S0_A1_anchor_only,age,ativo_livre,-0.011090791342048947,-1.1090791342048947,1.1090791342048947,0.012300565259286788
vigitel,S0_A1_anchor_only,age,ati_livre,-0.02750923435197586,-2.7509234351975858,2.7509234351975858,0.07567579746319286
vigitel,S0_A1_anchor_only,age,diab,0.05069351912112792,5.069351912112792,5.069351912112792,0.2569832880884162
vigitel,S0_A1_anchor_only,age,hart,0.09717924902613888,9.717924902613888,9.717924902613888,0.9443806441284314
vigitel,S0_A1_anchor_only,age,dislipidemia,0.024486042272622133,2.448604227262213,2.448604227262213,0.05995662661766381
vigitel,S0_A1_anchor_only,age,doces5,0.014849695115546005,1.4849695115546004,1.4849695115546004,0.02205134450246709
vigitel,S0_A1_anchor_only,age,lanche_7,0.030405821984247183,3.040582198424718,3.040582198424718,0.09245140105377293
vigitel,S0_A1_anchor_only,age,gordura,-0.06375451686843231,-6.375451686843231,6.375451686843231,0.40646384211272196
vigitel,S0_A1_anchor_only,age,flvreg,0.05130729798219141,5.130729798219141,5.130729798219141,0.2632438826233383
vigitel,S0_A1_anchor_only,age,years_schooling,-0.03670279217229848,-3.6702792172298477,3.6702792172298477,0.13470949532429347
vigitel,S0_A1_anchor_only,age,obesity,0.017255097008441567,1.7255097008441567,1.7255097008441567,0.029773837277072914
vigitel,S0_A1_anchor_only,sex,fumante,-0.02725965512153774,-2.725965512153774,2.725965512153774,0.07430887973451786
vigitel,S0_A1_anchor_only,sex,exfuma,-0.016114964463621862,-1.6114964463621861,1.6114964463621861,0.025969207966379543
vigitel,S0_A1_anchor_only,sex,inativo,0.008673541255733589,0.8673541255733589,0.8673541255733589,0.00752303179149126
vigitel,S0_A1_anchor_only,sex,ativo_livre,-0.0039059849244879375,-0.39059849244879374,0.39059849244879374,0.001525671823032704
vigitel,S0_A1_anchor_only,sex,ati_livre,-0.01342657103436658,-1.3426571034366581,1.3426571034366581,0.018027280974089167
vigitel,S0_A1_anchor_only,sex,diab,0.007904328145801104,0.7904328145801104,0.7904328145801104,0.006247840343650351
vigitel,S0_A1_anchor_only,sex,hart,0.003770675487206266,0.3770675487206266,0.3770675487206266,0.001421799362981821
vigitel,S0_A1_anchor_only,sex,dislipidemia,0.031252400017178335,3.1252400017178337,3.1252400017178337,0.09767125068337285
vigitel,S0_A1_anchor_only,sex,doces5,0.030900910458955416,3.0900910458955417,3.0900910458955417,0.09548662671923802
vigitel,S0_A1_anchor_only,sex,lanche_7,0.018916441490774673,1.8916441490774674,1.8916441490774674,0.03578317586739015
vigitel,S0_A1_anchor_only,sex,gordura,-0.06348868873030993,-6.348868873030993,6.348868873030993,0.4030813596694182
vigitel,S0_A1_anchor_only,sex,flvreg,0.051243249960266676,5.124324996026668,5.124324996026668,0.2625870666490371
vigitel,S0_A1_anchor_only,sex,years_schooling,-0.009280732438064621,-0.9280732438064621,0.9280732438064621,0.008613199458694489
vigitel,S0_A1_anchor_only,sex,obesity,-0.018332585070552417,-1.8332585070552416,1.8332585070552416,0.03360836753690413
vigitel,S0_A1_anchor_only,fumante,exfuma,-0.0704048115011516,-7.04048115011516,7.04048115011516,0.49568374825126893
vigitel,S0_A1_anchor_only,fumante,inativo,-0.04455700172785412,-4.455700172785412,4.455700172785412,0.19853264029759954
vigitel,S0_A1_anchor_only,fumante,ativo_livre,-0.01879538053050279,-1.8795380530502792,1.8795380530502792,0.03532663292864034
vigitel,S0_A1_anchor_only,fumante,ati_livre,-0.012303023196181716,-1.2303023196181717,1.2303023196181717,0.015136437976578538
vigitel,S0_A1_anchor_only,fumante,diab,-0.024084074067354612,-2.4084074067354613,2.4084074067354613,0.05800426236818229
vigitel,S0_A1_anchor_only,fumante,hart,-0.03579342057710912,-3.5793420577109116,3.5793420577109116,0.12811689566098183
vigitel,S0_A1_anchor_only,fumante,dislipidemia,-0.03791319493348207,-3.791319493348207,3.791319493348207,0.14374103500642105
vigitel,S0_A1_anchor_only,fumante,doces5,-0.02350959371754177,-2.3509593717541772,2.3509593717541772,0.05527009967638795
vigitel,S0_A1_anchor_only,fumante,lanche_7,-0.02570050196794746,-2.570050196794746,2.570050196794746,0.06605158014044712
vigitel,S0_A1_anchor_only,fumante,gordura,0.03385701964200259,3.3857019642002593,3.3857019642002593,0.11462977790389493
vigitel,S0_A1_anchor_only,fumante,flvreg,-0.021931906674342538,-2.1931906674342536,2.1931906674342536,0.04810085303720708
vigitel,S0_A1_anchor_only,fumante,years_schooling,-0.0025683657119394475,-0.25683657119394476,0.25683657119394476,0.0006596502430266225
vigitel,S0_A1_anchor_only,fumante,obesity,-0.01264468163317264,-1.264468163317264,1.264468163317264,0.015988797360429352
vigitel,S0_A1_anchor_only,exfuma,inativo,-0.010783007584854138,-1.0783007584854138,1.0783007584854138,0.011627325257502187
vigitel,S0_A1_anchor_only,exfuma,ativo_livre,-0.07343546246590928,-7.343546246590928,7.343546246590928,0.5392767147581969
vigitel,S0_A1_anchor_only,exfuma,ati_livre,-0.01163303153952155,-1.163303153952155,1.163303153952155,0.013532742279950312
vigitel,S0_A1_anchor_only,exfuma,diab,-0.028031542213095634,-2.8031542213095633,2.8031542213095633,0.07857673588445625
vigitel,S0_A1_anchor_only,exfuma,hart,-0.008214076202238508,-0.8214076202238508,0.8214076202238508,0.0067471047856180995
vigitel,S0_A1_anchor_only,exfuma,dislipidemia,0.01503025384920081,1.503025384920081,1.503025384920081,0.02259085307714158
vigitel,S0_A1_anchor_only,exfuma,doces5,0.008555540246494533,0.8555540246494533,0.8555540246494533,0.0073197268909387745
vigitel,S0_A1_anchor_only,exfuma,lanche_7,0.009294911245124438,0.9294911245124438,0.9294911245124438,0.008639537505474073
vigitel,S0_A1_anchor_only,exfuma,gordura,0.16462720219713703,16.462720219713702,16.462720219713702,2.7102115703257037
vigitel,S0_A1_anchor_only,exfuma,flvreg,-0.05217922500760695,-5.217922500760695,5.217922500760695,0.2722671522394475
vigitel,S0_A1_anchor_only,exfuma,years_schooling,-0.019781856953712106,-1.9781856953712107,1.9781856953712107,0.0391321864537128
vigitel,S0_A1_anchor_only,exfuma,obesity,-0.007341826069274084,-0.7341826069274084,0.7341826069274084,0.005390241003147255
vigitel,S0_A1_anchor_only,inativo,ativo_livre,5.872782048731151e-06,0.0005872782048731151,0.0005872782048731151,3.4489568991898857e-09
vigitel,S0_A1_anchor_only,inativo,ati_livre,-0.05259941250281358,-5.259941250281358,5.259941250281358,0.27666981956411413
vigitel,S0_A1_anchor_only,inativo,diab,-0.01430335742519589,-1.430335742519589,1.430335742519589,0.02045860336329064
vigitel,S0_A1_anchor_only,inativo,hart,-0.012421940768714598,-1.2421940768714599,1.2421940768714599,0.015430461246145383
vigitel,S0_A1_anchor_only,inativo,dislipidemia,-0.008511170422834594,-0.8511170422834594,0.8511170422834594,0.00724400219665344
vigitel,S0_A1_anchor_only,inativo,doces5,0.00019765641747824733,0.019765641747824733,0.019765641747824733,3.90680593703352e-06
vigitel,S0_A1_anchor_only,inativo,lanche_7,0.0217537808916801,2.17537808916801,2.17537808916801,0.04732269830832263
vigitel,S0_A1_anchor_only,inativo,gordura,-0.012272615253556956,-1.2272615253556955,1.2272615253556955,0.015061708516183887
vigitel,S0_A1_anchor_only,inativo,flvreg,-0.04186323058409166,-4.186323058409166,4.186323058409166,0.17525300749368272
vigitel,S0_A1_anchor_only,inativo,years_schooling,0.007883855445742393,0.7883855445742393,0.7883855445742393,0.006215517668936198
vigitel,S0_A1_anchor_only,inativo,obesity,0.0020178962437301883,0.20178962437301884,0.20178962437301884,0.0004071905250460403
vigitel,S0_A1_anchor_only,ativo_livre,ati_livre,0.17052205910018461,17.05220591001846,17.05220591001846,2.9077772639766857
vigitel,S0_A1_anchor_only,ativo_livre,diab,-0.001556847845933054,-0.1556847845933054,0.1556847845933054,0.00024237752153863902
vigitel,S0_A1_anchor_only,ativo_livre,hart,-0.026650845264604577,-2.6650845264604577,2.6650845264604577,0.07102675533178962
vigitel,S0_A1_anchor_only,ativo_livre,dislipidemia,-0.057005886753004366,-5.700588675300437,5.700588675300437,0.32496711244963583
vigitel,S0_A1_anchor_only,ativo_livre,doces5,0.0860932856463375,8.609328564633751,8.609328564633751,0.7412053833381863
vigitel,S0_A1_anchor_only,ativo_livre,lanche_7,0.054785802798220685,5.478580279822069,5.478580279822069,0.30014841882455257
vigitel,S0_A1_anchor_only,ativo_livre,gordura,-0.10439687144182723,-10.439687144182724,10.439687144182724,1.0898706766841402
vigitel,S0_A1_anchor_only,ativo_livre,flvreg,0.00688882618838736,0.688882618838736,0.688882618838736,0.004745592625381152
vigitel,S0_A1_anchor_only,ativo_livre,years_schooling,0.017424647589625353,1.7424647589625353,1.7424647589625353,0.030361834362263664
vigitel,S0_A1_anchor_only,ativo_livre,obesity,-0.0031684220082305245,-0.3168422008230525,0.3168422008230525,0.001003889802223955
vigitel,S0_A1_anchor_only,ati_livre,diab,-0.015259422731353237,-1.5259422731353236,1.5259422731353236,0.023284998209413987
vigitel,S0_A1_anchor_only,ati_livre,hart,-0.021696538091785268,-2.1696538091785267,2.1696538091785267,0.04707397651682891
vigitel,S0_A1_anchor_only,ati_livre,dislipidemia,-0.009283577135434254,-0.9283577135434253,0.9283577135434253,0.008618480442955765
vigitel,S0_A1_anchor_only,ati_livre,doces5,-0.0036977766964594893,-0.36977766964594894,0.36977766964594894,0.0013673552496878854
vigitel,S0_A1_anchor_only,ati_livre,lanche_7,-0.008181330145745886,-0.8181330145745886,0.8181330145745886,0.006693416295369041
vigitel,S0_A1_anchor_only,ati_livre,gordura,-0.005140990804877602,-0.5140990804877602,0.5140990804877602,0.0026429786455836055
vigitel,S0_A1_anchor_only,ati_livre,flvreg,0.019237581386101536,1.9237581386101537,1.9237581386101537,0.03700845375868803
vigitel,S0_A1_anchor_only,ati_livre,years_schooling,0.005054132356982762,0.5054132356982762,0.5054132356982762,0.002554425388190013
vigitel,S0_A1_anchor_only,ati_livre,obesity,-0.025026764247371547,-2.502676424737155,2.502676424737155,0.06263389286935148
vigitel,S0_A1_anchor_only,diab,hart,0.11967126722202452,11.967126722202453,11.967126722202453,1.4321212198525202
vigitel,S0_A1_anchor_only,diab,dislipidemia,0.03217066822423682,3.2170668224236825,3.2170668224236825,0.10349518939939209
vigitel,S0_A1_anchor_only,diab,doces5,0.0006245650285004095,0.06245650285004095,0.06245650285004095,3.900814748257173e-05
vigitel,S0_A1_anchor_only,diab,lanche_7,-0.01609694982176913,-1.609694982176913,1.609694982176913,0.02591117935645533
vigitel,S0_A1_anchor_only,diab,gordura,-0.019370129483315346,-1.9370129483315346,1.9370129483315346,0.03752019162004024
vigitel,S0_A1_anchor_only,diab,flvreg,0.024147068498032578,2.414706849803258,2.414706849803258,0.058308091704867726
vigitel,S0_A1_anchor_only,diab,years_schooling,-0.01447369073203579,-1.447369073203579,1.447369073203579,0.020948772340661875
vigitel,S0_A1_anchor_only,diab,obesity,0.028836775841903316,2.8836775841903317,2.8836775841903317,0.08315596409561787
vigitel,S0_A1_anchor_only,hart,dislipidemia,0.05999454320413854,5.999454320413854,5.999454320413854,0.3599345214273245
vigitel,S0_A1_anchor_only,hart,doces5,-0.026577707647619964,-2.657770764761996,2.657770764761996,0.07063745438023568
vigitel,S0_A1_anchor_only,hart,lanche_7,-0.00424771607241212,-0.424771607241212,0.424771607241212,0.0018043091831828246
vigitel,S0_A1_anchor_only,hart,gordura,0.005671608510913963,0.5671608510913962,0.5671608510913962,0.0032167143101071703
vigitel,S0_A1_anchor_only,hart,flvreg,0.0236202101429291,2.3620210142929103,2.3620210142929103,0.05579143271961308
vigitel,S0_A1_anchor_only,hart,years_schooling,-0.03249326361365707,-3.249326361365707,3.249326361365707,0.10558121802666107
vigitel,S0_A1_anchor_only,hart,obesity,0.07960872307514458,7.960872307514458,7.960872307514458,0.6337548789655056
vigitel,S0_A1_anchor_only,dislipidemia,doces5,-0.015692981149480097,-1.5692981149480096,1.5692981149480096,0.024626965735793763
vigitel,S0_A1_anchor_only,dislipidemia,lanche_7,-0.008092657211717738,-0.8092657211717739,0.8092657211717739,0.006549110074636713
vigitel,S0_A1_anchor_only,dislipidemia,gordura,0.05058189975060674,5.0581899750606745,5.0581899750606745,0.25585285823804305
vigitel,S0_A1_anchor_only,dislipidemia,flvreg,0.010360542767543002,1.0360542767543002,1.0360542767543002,0.01073408464380876
vigitel,S0_A1_anchor_only,dislipidemia,years_schooling,0.019130030985129342,1.9130030985129343,1.9130030985129343,0.03659580854920087
vigitel,S0_A1_anchor_only,dislipidemia,obesity,0.02908096814858039,2.908096814858039,2.908096814858039,0.0845702708458747
vigitel,S0_A1_anchor_only,doces5,lanche_7,0.3040503728268121,30.405037282681207,30.405037282681207,9.244662921612342
vigitel,S0_A1_anchor_only,doces5,gordura,0.12109871286632565,12.109871286632565,12.109871286632565,1.4664898257880785
vigitel,S0_A1_anchor_only,doces5,flvreg,-0.0063726726506648955,-0.6372672650664896,0.6372672650664896,0.004061095671253234
vigitel,S0_A1_anchor_only,doces5,years_schooling,-0.011153100380183127,-1.1153100380183127,1.1153100380183127,0.012439164809044102
vigitel,S0_A1_anchor_only,doces5,obesity,0.012670907378476426,1.2670907378476426,1.2670907378476426,0.016055189379392834
vigitel,S0_A1_anchor_only,lanche_7,gordura,-0.1460661986528869,-14.606619865288689,14.606619865288689,2.1335334388904617
vigitel,S0_A1_anchor_only,lanche_7,flvreg,-0.008187175835346287,-0.8187175835346286,0.8187175835346286,0.006702984815887817
vigitel,S0_A1_anchor_only,lanche_7,years_schooling,0.013044549015185944,1.3044549015185944,1.3044549015185944,0.017016025900958857
vigitel,S0_A1_anchor_only,lanche_7,obesity,-0.00018318534362856686,-0.018318534362856687,0.018318534362856687,3.355687012031612e-06
vigitel,S0_A1_anchor_only,gordura,flvreg,-0.022283154984744282,-2.2283154984744282,2.2283154984744282,0.04965389960741339
vigitel,S0_A1_anchor_only,gordura,years_schooling,-0.008840462961315184,-0.8840462961315184,0.8840462961315184,0.007815378537038564
vigitel,S0_A1_anchor_only,gordura,obesity,-0.00311352348385118,-0.311352348385118,0.311352348385118,0.0009694028484492789
vigitel,S0_A1_anchor_only,flvreg,years_schooling,0.0565425233822278,5.65425233822278,5.65425233822278,0.31970569504297774
vigitel,S0_A1_anchor_only,flvreg,obesity,-0.007945947313453817,-0.7945947313453817,0.7945947313453817,0.0063138078708183925
vigitel,S0_A1_anchor_only,years_schooling,obesity,0.008010050382696995,0.8010050382696995,0.8010050382696995,0.006416090713334428
vigitel,S1_A1_sep_anchor,age,sex,0.023105984784259546,2.3105984784259546,2.3105984784259546,0.05338865328504336
vigitel,S1_A1_sep_anchor,age,fumante,0.04721453438314556,4.721453438314556,4.721453438314556,0.22292122570172343
vigitel,S1_A1_sep_anchor,age,exfuma,0.003263875353195657,0.3263875353195657,0.3263875353195657,0.0010652882321198075
vigitel,S1_A1_sep_anchor,age,inativo,0.039771223159570705,3.9771223159570703,3.9771223159570703,0.15817501916083734
vigitel,S1_A1_sep_anchor,age,ativo_livre,-0.008767873531189746,-0.8767873531189746,0.8767873531189746,0.007687560625893775
vigitel,S1_A1_sep_anchor,age,ati_livre,-0.04727388211037845,-4.727388211037845,4.727388211037845,0.223481992978596
vigitel,S1_A1_sep_anchor,age,diab,0.051862234413004304,5.186223441300431,5.186223441300431,0.2689691358309408
vigitel,S1_A1_sep_anchor,age,hart,0.08708313083013867,8.708313083013868,8.708313083013868,0.7583471675179049
vigitel,S1_A1_sep_anchor,age,dislipidemia,0.03273396387755162,3.273396387755162,3.273396387755162,0.10715123911368542
vigitel,S1_A1_sep_anchor,age,doces5,0.0037361142547639647,0.3736114254763965,0.3736114254763965,0.0013958549724650497
vigitel,S1_A1_sep_anchor,age,lanche_7,0.023927956326747893,2.3927956326747895,2.3927956326747895,0.05725470939747545
vigitel,S1_A1_sep_anchor,age,gordura,-0.08129258881843471,-8.129258881843471,8.129258881843471,0.6608484996803096
vigitel,S1_A1_sep_anchor,age,flvreg,0.043711655867260515,4.371165586726051,4.371165586726051,0.19107088586578105
vigitel,S1_A1_sep_anchor,age,years_schooling,-0.03009192056868879,-3.009192056868879,3.009192056868879,0.09055236835122757
vigitel,S1_A1_sep_anchor,age,obesity,0.03462427983262824,3.462427983262824,3.462427983262824,0.11988407539281465
vigitel,S1_A1_sep_anchor,sex,fumante,-0.03251330566094755,-3.2513305660947553,3.2513305660947553,0.10571150450022042
vigitel,S1_A1_sep_anchor,sex,exfuma,-0.009513670499657248,-0.9513670499657247,0.9513670499657247,0.00905099263760486
vigitel,S1_A1_sep_anchor,sex,inativo,-0.0040038683956030025,-0.40038683956030025,0.40038683956030025,0.001603096212930856
vigitel,S1_A1_sep_anchor,sex,ativo_livre,0.0075980452795632245,0.7598045279563225,0.7598045279563225,0.0057730292070293
vigitel,S1_A1_sep_anchor,sex,ati_livre,0.0021250325003607604,0.21250325003607604,0.21250325003607604,0.0004515763127589505
vigitel,S1_A1_sep_anchor,sex,diab,-0.014548789096145483,-1.4548789096145482,1.4548789096145482,0.021166726416412172
vigitel,S1_A1_sep_anchor,sex,hart,-0.013910769176958668,-1.3910769176958668,1.3910769176958668,0.019350949909462335
vigitel,S1_A1_sep_anchor,sex,dislipidemia,0.046577722806707446,4.657772280670745,4.657772280670745,0.21694842618584748
vigitel,S1_A1_sep_anchor,sex,doces5,0.008329334939654796,0.8329334939654796,0.8329334939654796,0.006937782053695416
vigitel,S1_A1_sep_anchor,sex,lanche_7,0.027344086344442013,2.7344086344442013,2.7344086344442013,0.07476990580123001
vigitel,S1_A1_sep_anchor,sex,gordura,-0.05861956952449669,-5.8619569524496695,5.8619569524496695,0.34362539312373014
vigitel,S1_A1_sep_anchor,sex,flvreg,0.04133980750543388,4.1339807505433885,4.1339807505433885,0.17089796845863275
vigitel,S1_A1_sep_anchor,sex,years_schooling,0.010404072348287233,1.0404072348287232,1.0404072348287232,0.0108244721428395
vigitel,S1_A1_sep_anchor,sex,obesity,-0.061116676911344314,-6.111667691134431,6.111667691134431,0.3735248196685647
vigitel,S1_A1_sep_anchor,fumante,exfuma,-0.07898741184678756,-7.898741184678756,7.898741184678756,0.6239011230254037
vigitel,S1_A1_sep_anchor,fumante,inativo,-0.036591034882610424,-3.6591034882610423,3.6591034882610423,0.13389038337804127
vigitel,S1_A1_sep_anchor,fumante,ativo_livre,-0.032242409181243735,-3.2242409181243734,3.2242409181243734,0.10395729498107503
vigitel,S1_A1_sep_anchor,fumante,ati_livre,-0.01356870792606383,-1.356870792606383,1.356870792606383,0.018410983478282742
vigitel,S1_A1_sep_anchor,fumante,diab,-0.02119602527423352,-2.119602527423352,2.119602527423352,0.044927148742594625
vigitel,S1_A1_sep_anchor,fumante,hart,-0.02415074835641122,-2.415074835641122,2.415074835641122,0.05832586461746993
vigitel,S1_A1_sep_anchor,fumante,dislipidemia,-0.022598676657218875,-2.2598676657218872,2.2598676657218872,0.05107001866575293
vigitel,S1_A1_sep_anchor,fumante,doces5,-0.02198036768612244,-2.198036768612244,2.198036768612244,0.04831365636171356
vigitel,S1_A1_sep_anchor,fumante,lanche_7,-0.003178201577400443,-0.3178201577400443,0.3178201577400443,0.0010100965266590664
vigitel,S1_A1_sep_anchor,fumante,gordura,0.004265084769071111,0.42650847690711113,0.42650847690711113,0.0018190948087362375
vigitel,S1_A1_sep_anchor,fumante,flvreg,0.0005446199831643537,0.054461998316435375,0.054461998316435375,2.9661092606194095e-05
vigitel,S1_A1_sep_anchor,fumante,years_schooling,0.0007137111480578169,0.07137111480578169,0.07137111480578169,5.09383602862007e-05
vigitel,S1_A1_sep_anchor,fumante,obesity,-0.09494611490173685,-9.494611490173686,9.494611490173686,0.9014764734933817
vigitel,S1_A1_sep_anchor,exfuma,inativo,-0.004300237025019838,-0.4300237025019838,0.4300237025019838,0.0018492038471351465
vigitel,S1_A1_sep_anchor,exfuma,ativo_livre,-0.05348085797855645,-5.348085797855645,5.348085797855645,0.2860202170122525
vigitel,S1_A1_sep_anchor,exfuma,ati_livre,-0.010081666171056654,-1.0081666171056654,1.0081666171056654,0.010163999278462814
vigitel,S1_A1_sep_anchor,exfuma,diab,-0.015087082064673199,-1.5087082064673198,1.5087082064673198,0.02276200452261837
vigitel,S1_A1_sep_anchor,exfuma,hart,-0.0314215378637496,-3.14215378637496,3.14215378637496,0.09873130417230498
vigitel,S1_A1_sep_anchor,exfuma,dislipidemia,0.0008154804717029687,0.08154804717029687,0.08154804717029687,6.650083997288964e-05
vigitel,S1_A1_sep_anchor,exfuma,doces5,0.0007157232796184659,0.0715723279618466,0.0715723279618466,5.122598129878127e-05
vigitel,S1_A1_sep_anchor,exfuma,lanche_7,0.0006852858069030215,0.06852858069030215,0.06852858069030215,4.696166371427253e-05
vigitel,S1_A1_sep_anchor,exfuma,gordura,0.11624710812285928,11.624710812285928,11.624710812285928,1.3513390146927735
vigitel,S1_A1_sep_anchor,exfuma,flvreg,-0.0334025359750892,-3.3402535975089203,3.3402535975089203,0.11157294095671283
vigitel,S1_A1_sep_anchor,exfuma,years_schooling,-0.03496797027533053,-3.496797027533053,3.496797027533053,0.12227589451763995
vigitel,S1_A1_sep_anchor,exfuma,obesity,-0.025768918073019155,-2.5768918073019154,2.5768918073019154,0.06640371386539733
vigitel,S1_A1_sep_anchor,inativo,ativo_livre,0.005983130615324792,0.5983130615324792,0.5983130615324792,0.0035797851960036823
vigitel,S1_A1_sep_anchor,inativo,ati_livre,-0.05737680801098395,-5.737680801098395,5.737680801098395,0.32920980975293124
vigitel,S1_A1_sep_anchor,inativo,diab,-0.013205682378122951,-1.3205682378122952,1.3205682378122952,0.017439004707186703
vigitel,S1_A1_sep_anchor,inativo,hart,-0.02612407149384255,-2.612407149384255,2.612407149384255,0.06824671114153968
vigitel,S1_A1_sep_anchor,inativo,dislipidemia,-0.019402628459725957,-1.9402628459725957,1.9402628459725957,0.037646199114616766
vigitel,S1_A1_sep_anchor,inativo,doces5,0.003203992995696782,0.3203992995696782,0.3203992995696782,0.001026557111647404
vigitel,S1_A1_sep_anchor,inativo,lanche_7,0.029731785162595836,2.9731785162595834,2.9731785162595834,0.08839790489547539
vigitel,S1_A1_sep_anchor,inativo,gordura,-0.009729900715861963,-0.9729900715861963,0.9729900715861963,0.009467096794053114
vigitel,S1_A1_sep_anchor,inativo,flvreg,-0.03869252952721073,-3.869252952721073,3.869252952721073,0.14971118412140744
vigitel,S1_A1_sep_anchor,inativo,years_schooling,0.005369837175037892,0.5369837175037891,0.5369837175037891,0.002883515128641893
vigitel,S1_A1_sep_anchor,inativo,obesity,-0.015381761736565394,-1.5381761736565394,1.5381761736565394,0.023659859412046725
vigitel,S1_A1_sep_anchor,ativo_livre,ati_livre,0.17493961798172203,17.493961798172204,17.493961798172204,3.060386993959084
vigitel,S1_A1_sep_anchor,ativo_livre,diab,0.009980594147559897,0.9980594147559897,0.9980594147559897,0.009961225953830687
vigitel,S1_A1_sep_anchor,ativo_livre,hart,-0.014902206156214686,-1.4902206156214686,1.4902206156214686,0.02220757483223229
vigitel,S1_A1_sep_anchor,ativo_livre,dislipidemia,-0.041856118286576434,-4.185611828657644,4.185611828657644,0.1751934638019878
vigitel,S1_A1_sep_anchor,ativo_livre,doces5,0.10039428953934744,10.039428953934744,10.039428953934744,1.0079013372110326
vigitel,S1_A1_sep_anchor,ativo_livre,lanche_7,0.07871702259183798,7.871702259183798,7.871702259183798,0.6196369645723931
vigitel,S1_A1_sep_anchor,ativo_livre,gordura,-0.07463195214126409,-7.463195214126409,7.463195214126409,0.5569928280415932
vigitel,S1_A1_sep_anchor,ativo_livre,flvreg,0.014567857717252214,1.4567857717252215,1.4567857717252215,0.02122224784701049
vigitel,S1_A1_sep_anchor,ativo_livre,years_schooling,0.034638605079474985,3.4638605079474987,3.4638605079474987,0.11998329618518302
vigitel,S1_A1_sep_anchor,ativo_livre,obesity,-0.004332788917748161,-0.4332788917748161,0.4332788917748161,0.001877305980576128
vigitel,S1_A1_sep_anchor,ati_livre,diab,-0.021376415115759627,-2.137641511575963,2.137641511575963,0.045695112320127663
vigitel,S1_A1_sep_anchor,ati_livre,hart,-0.025090105607516573,-2.5090105607516575,2.5090105607516575,0.06295133993963346
vigitel,S1_A1_sep_anchor,ati_livre,dislipidemia,-0.009743186757848146,-0.9743186757848146,0.9743186757848146,0.009492968819830748
vigitel,S1_A1_sep_anchor,ati_livre,doces5,0.009881279717622326,0.9881279717622325,0.9881279717622325,0.009763968885789436
vigitel,S1_A1_sep_anchor,ati_livre,lanche_7,0.008193142076014515,0.8193142076014515,0.8193142076014515,0.0067127577077759435
vigitel,S1_A1_sep_anchor,ati_livre,gordura,0.0037861880875486643,0.3786188087548664,0.3786188087548664,0.0014335220234295413
vigitel,S1_A1_sep_anchor,ati_livre,flvreg,0.019482090824309024,1.9482090824309024,1.9482090824309024,0.03795518628866259
vigitel,S1_A1_sep_anchor,ati_livre,years_schooling,0.004534450792622657,0.45344507926226574,0.45344507926226574,0.0020561243990716246
vigitel,S1_A1_sep_anchor,ati_livre,obesity,-0.05495336740085616,-5.495336740085616,5.495336740085616,0.301987258869348
vigitel,S1_A1_sep_anchor,diab,hart,0.1423800702713006,14.23800702713006,14.23800702713006,2.0272084410460494
vigitel,S1_A1_sep_anchor,diab,dislipidemia,0.04767838045057801,4.767838045057801,4.767838045057801,0.22732279623900598
vigitel,S1_A1_sep_anchor,diab,doces5,0.016252190409406904,1.6252190409406904,1.6252190409406904,0.026413369310361774
vigitel,S1_A1_sep_anchor,diab,lanche_7,0.0082774869596491,0.8277486959649101,0.8277486959649101,0.006851679036716091
vigitel,S1_A1_sep_anchor,diab,gordura,-0.021493264417664935,-2.1493264417664935,2.1493264417664935,0.046196041532766165
vigitel,S1_A1_sep_anchor,diab,flvreg,0.00329775054878778,0.329775054878778,0.329775054878778,0.0010875158682030104
vigitel,S1_A1_sep_anchor,diab,years_schooling,-0.02087601463082148,-2.087601463082148,2.087601463082148,0.043580798686627245
vigitel,S1_A1_sep_anchor,diab,obesity,0.18190234060960586,18.190234060960584,18.190234060960584,3.3088461519253065
vigitel,S1_A1_sep_anchor,hart,dislipidemia,0.043164373359448005,4.3164373359448005,4.3164373359448005,0.18631631275138247
vigitel,S1_A1_sep_anchor,hart,doces5,0.0027742305602489518,0.2774230560248952,0.2774230560248952,0.0007696355201419212
vigitel,S1_A1_sep_anchor,hart,lanche_7,-0.010490580351124747,-1.0490580351124748,1.0490580351124748,0.011005227610340462
vigitel,S1_A1_sep_anchor,hart,gordura,0.004387970853364465,0.43879708533644646,0.43879708533644646,0.001925428820997607
vigitel,S1_A1_sep_anchor,hart,flvreg,0.011416604063563054,1.1416604063563054,1.1416604063563054,0.013033884834416445
vigitel,S1_A1_sep_anchor,hart,years_schooling,-0.03756934044527739,-3.756934044527739,3.756934044527739,0.14114553414931558
vigitel,S1_A1_sep_anchor,hart,obesity,0.3365061051226407,33.650610512264066,33.650610512264066,11.32363587848097
vigitel,S1_A1_sep_anchor,dislipidemia,doces5,-0.0024019904281725314,-0.24019904281725313,0.24019904281725313,0.0005769558017032461
vigitel,S1_A1_sep_anchor,dislipidemia,lanche_7,-0.0012729535424813511,-0.12729535424813512,0.12729535424813512,0.00016204107213158212
vigitel,S1_A1_sep_anchor,dislipidemia,gordura,0.05374723363144461,5.374723363144461,5.374723363144461,0.288876512303309
vigitel,S1_A1_sep_anchor,dislipidemia,flvreg,0.040116085307919734,4.011608530791974,4.011608530791974,0.16093003004322937
vigitel,S1_A1_sep_anchor,dislipidemia,years_schooling,0.029730503167033788,2.973050316703379,2.973050316703379,0.08839028185650061
vigitel,S1_A1_sep_anchor,dislipidemia,obesity,0.03673900935021236,3.673900935021236,3.673900935021236,0.13497548080349914
vigitel,S1_A1_sep_anchor,doces5,lanche_7,0.27469278033487876,27.469278033487875,27.469278033487875,7.5456123568105955
vigitel,S1_A1_sep_anchor,doces5,gordura,0.11378551815601687,11.378551815601687,11.378551815601687,1.2947144142033244
vigitel,S1_A1_sep_anchor,doces5,flvreg,-0.018073127674419966,-1.8073127674419966,1.8073127674419966,0.032663794393588484
vigitel,S1_A1_sep_anchor,doces5,years_schooling,0.004233797563445792,0.4233797563445792,0.4233797563445792,0.0017925041808239523
vigitel,S1_A1_sep_anchor,doces5,obesity,0.011734091454260024,1.1734091454260025,1.1734091454260025,0.013768890225693812
vigitel,S1_A1_sep_anchor,lanche_7,gordura,-0.1379089972150263,-13.790899721502631,13.790899721502631,1.9018891512854135
vigitel,S1_A1_sep_anchor,lanche_7,flvreg,0.009013307122488129,0.9013307122488129,0.9013307122488129,0.008123970528429524
vigitel,S1_A1_sep_anchor,lanche_7,years_schooling,0.007886099092373993,0.7886099092373993,0.7886099092373993,0.006219055889474192
vigitel,S1_A1_sep_anchor,lanche_7,obesity,0.004819610354158285,0.4819610354158285,0.4819610354158285,0.0023228643965909753
vigitel,S1_A1_sep_anchor,gordura,flvreg,-0.02161975504285906,-2.161975504285906,2.161975504285906,0.04674138081132298
vigitel,S1_A1_sep_anchor,gordura,years_schooling,-0.020181010621250942,-2.018101062125094,2.018101062125094,0.040727318969504336
vigitel,S1_A1_sep_anchor,gordura,obesity,0.003021075710823479,0.30210757108234787,0.30210757108234787,0.0009126898450527588
vigitel,S1_A1_sep_anchor,flvreg,years_schooling,0.048460825467611726,4.846082546761172,4.846082546761172,0.23484516050023252
vigitel,S1_A1_sep_anchor,flvreg,obesity,-0.05317336370469881,-5.317336370469881,5.317336370469881,0.28274066076721804
vigitel,S1_A1_sep_anchor,years_schooling,obesity,-0.03135796797881784,-3.135796797881784,3.135796797881784,0.09833221557605651
